time,joint_1,joint_2,joint_3,joint_4,joint_5,joint_6
0.0,-1.5706381967038248,-1.571273146076058,-1.5691367720844005,-1.5701040171740974,-1.5697061451590466,-1.5697243575771433
0.002,-1.5703145601873378,-1.5721927963351696,-1.5658772672031138,-1.5687380088603042,-1.5675430641170687,-1.5676119174325291
0.004,-1.5698289210711573,-1.5735338573660935,-1.5610851862084232,-1.5667255383655945,-1.5643349842743406,-1.5645001235851028
0.006,-1.5691809906448584,-1.575272644150109,-1.5548212493828528,-1.5640880602926353,-1.5601057233586544,-1.560425069448712
0.008,-1.5683703758506653,-1.5773867378353315,-1.5471434741119097,-1.5608451709198137,-1.5548786832660226,-1.555421546095682
0.01,-1.567396589931499,-1.5798548444599092,-1.5381074527567205,-1.5570148292903416,-1.548676845720971,-1.5495230887783598
0.012,-1.5662590594528185,-1.5826566569844829,-1.5277666246694794,-1.552613553927298,-1.54152276935235,-1.542762021776048
0.014,-1.5649571283187784,-1.5857727224597482,-1.5161725376868056,-1.5476565993897506,-1.5334385878328514,-1.5351695016313907
0.016,-1.5634900593213459,-1.589184315765617,-1.503375095450508,-1.5421581162309046,-1.5244460087830634,-1.5267755588374319
0.018000000000000002,-1.5618570336861035,-1.5928733210762036,-1.4894227876413502,-1.5361312973152694,-1.5145663131929352,-1.5176091380341143
0.02,-1.56005714901004,-1.5968221219978642,-1.4743629007521932,-1.529588512896708,-1.5038203551644074,-1.5076981367707927
0.022,-1.5580894159240772,-1.601013501169404,-1.4582417074410248,-1.5225414363499097,-1.4922285618284858,-1.4970694428893743
0.024,-1.5559527537558304,-1.6054305499828083,-1.4411046328478863,-1.5150011619812382,-1.4798109333379506,-1.4857489705808429
0.026000000000000002,-1.5536459854155802,-1.6100565889620377,-1.4229963965774501,-1.506978315919061,-1.4665870428829064,-1.473761695166157
0.028,-1.5511678316803394,-1.614875099213179,-1.4039611293753986,-1.4984831606981823,-1.4525760367200033,-1.4611316866507815
0.03,-1.548516905006973,-1.6198696652219207,-1.3840424638862063,-1.4895256938093142,-1.4377966342466821,-1.4478821421003627
0.032,-1.545691702965593,-1.625023929118073,-1.3632835992869048,-1.4801157401857845,-1.4222671281883101,-1.4340354168832865
0.034,-1.5426906013489894,-1.6303215563496034,-1.3417273400504974,-1.4702630383503026,-1.406005384997508,-1.4196130548240284
0.036000000000000004,-1.539511846982889,-1.635746212511999,-1.3194161095989103,-1.4599773197496309,-1.3890288455901563,-1.4046358173093065
0.038,-1.53615355023565,-1.6412815508678262,-1.2963919401447037,-1.4492683806692759,-1.37135452656043,-1.389123711387096
0.04,-1.5326136772047658,-1.6469112098742256,-1.2726964405715768,-1.438146146047521,-1.3529990220267762,-1.3730960168965534
0.042,-1.5288900415414937,-1.6526188198232326,-1.2483707447384824,-1.4266207244999682,-1.3339785062613672,-1.3565713126648615
0.044,-1.5249802958639627,-1.658388017503101,-1.223455443080166,-1.414702453921152,-1.3143087372470472,-1.3395675018049684
0.046,-1.5208819227031054,-1.6642024676202885,-1.1979905007871288,-1.4024019371443446,-1.2940050612883434,-1.3221018361461903
0.048,-1.5165922249242614,-1.6700458895926147,-1.172015166152255,-1.3897300673066364,-1.2730824187775873,-1.3041909398277332
0.05,-1.5121083155697426,-1.67590208824328,-1.145567872847426,-1.3766980427726907,-1.2515553511848787,-1.2858508320833721
0.052000000000000005,-1.5074271070732164,-1.6817549868988573,-1.1186861399274703,-1.3633173717038083,-1.229438009303269,-1.2670969492438826
0.054,-1.502545299804616,-1.6875886614242024,-1.0914064732468964,-1.349599866603895,-1.2067441627402224,-1.2479441659823407
0.056,-1.4974593699134702,-1.6933873738116274,-1.063764271723473,-1.3355576294152034,-1.1834872106053014,-1.2284068158261376
0.058,-1.4921655564481966,-1.699135604075063,-1.0357937415082037,-1.3212030279596365,-1.1596801933043182,-1.2084987109584844
0.06,-1.4866598477382584,-1.7048180793735068,-1.0075278206478948,-1.3065486647133948,-1.1353358053138352,-1.18823316133131
0.062,-1.4809379670345255,-1.7104197994907984,-0.9789981162843399,-1.291607339054089,-1.1104664087785046,-1.1676229931107747
0.064,-1.4749953574103436,-1.7159260580184217,-0.9502348558557518,-1.276392004223999,-1.085084047748477,-1.1466805664760804
0.066,-1.468827165931512,-1.7213224588123859,-0.92126685318386,-1.2609157203084183,-1.059200462855653,-1.1254177927918647
0.068,-1.4624282271076505,-1.7265949275129244,-0.8921214897735177,-1.2451916045350286,-1.032827106216076,-1.103846151174141
0.07,-1.4557930456405415,-1.7317297181172302,-0.8628247111452853,-1.2292327801630298,-1.0059751563410329,-1.0819767044694921
0.07200000000000001,-1.4489157784873268,-1.73671341477343,-0.8334010375835472,-1.2130523251556933,-0.9786555328408011,-1.0598201146669888
0.074,-1.44179021625844,-1.741532929113696,-0.803873588324834,-1.1966632217249114,-0.950878910711663,-1.0373866577620652
0.076,-1.4344097639723787,-1.7461754935635012,-0.7742641179381118,-1.180078307709746,-0.9226557340077359,-1.014686238091311
0.078,-1.426767421192491,-1.750628651152435,-0.7445930634600002,-1.1633102306113503,-0.8939962287133948,-0.9917284021568405
0.08,-1.4188557615753974,-1.7548802424114138,-0.7148796007375857,-1.1463714049617597,-0.8649104146485473,-0.9685223519585295
0.082,-1.4106669118670991,-1.7589183899746164,-0.68514170839067,-1.1292739735606399,-0.8354081162569473,-0.9450769578519981
0.084,-1.4021925303917244,-1.7627314815159238,-0.65539623782275,-1.1120297729774924,-0.8054989721463642,-0.921400770949739
0.08600000000000001,-1.3934237850897595,-1.7663081516433785,-0.625658987773606,-1.0946503035910577,-0.7751924432682413,-0.8975020350822622
0.088,-1.38435133117796,-1.7696372633555135,-0.5959447820039282,-1.0771467043252683,-0.7444978196431091,-0.8733886983355419
0.09,-1.3749652885223906,-1.7727078896344324,-0.5662675488225477,-1.0595297321434478,-0.7134242255562796,-0.8490684241804295
0.092,-1.3652552188396452,-1.775509295715831,-0.5366404012993728,-1.041809746279792,-0.6819806231661736,-0.824548602209026
0.094,-1.3552174873141138,-1.7779543253667685,-0.5073042224360735,-1.0239796138704342,-0.6501762219803223,-0.7998362575337118
0.096,-1.3448546483058375,-1.7799073007313448,-0.4786546100141096,-1.0060203986340321,-0.6182089781513112,-0.7749381126439993
0.098,-1.334167480335738,-1.7812838066699772,-0.4509474491303558,-0.9879236816903567,-0.5862804757618629,-0.749860742095686
0.1,-1.3231555238142922,-1.7820346103449913,-0.4243427150132788,-0.9696876405447314,-0.5545684384998348,-0.7246105529545288
0.10200000000000001,-1.3118174035425738,-1.7821346697145612,-0.39893442965628423,-0.9513145908978012,-0.5232285698995889,-0.6991937721514538
0.10400000000000001,-1.300151056588033,-1.7815755915514186,-0.3747711558655247,-0.9328094068040744,-0.4923962709490619,-0.673616439718394
0.106,-1.288153895546303,-1.7803604407119378,-0.3518700649066051,-0.9141785284879356,-0.4621882524917118,-0.6478844059477296
0.108,-1.275822926349894,-1.7785001504157478,-0.3302266424890443,-0.8954293543442691,-0.43270405429022185,-0.6220033311705858
0.11,-1.2631548333575147,-1.7760110252331187,-0.30982142724727546,-0.8765698789561898,-0.4040274786201088,-0.5959786872875688
0.112,-1.2501460404746751,-1.7729129932377032,-0.29062472135189066,-0.8576084850443235,-0.3762279436359308,-0.5698157604761158
0.114,-1.2367927544926303,-1.7692283748548556,-0.2725999074911667,-0.8385538288031847,-0.34936176014210707,-0.543519654689882
0.116,-1.223090995130736,-1.7649810105319896,-0.25570580187645797,-0.8194147793208509,-0.32347333448058224,-0.5170952956910215
0.11800000000000001,-1.2090366151074663,-1.760195639467014,-0.23989833577363684,-0.8002003869551918,-0.29859629977476443,-0.4905474354384889
0.12,-1.1946253127565032,-1.754897455385998,-0.22513176583804517,-0.7809198649502307,-0.27475457757325694,-0.46388065670956613
0.122,-1.1798526391278943,-1.7491117882013794,-0.2113595512341886,-0.7615825747925484,-0.251963371904115,-0.4370993778675887
0.124,-1.1647140010947223,-1.742863875922411,-0.19853499321215495,-0.742198009888353,-0.23023009780645598,-0.41020785771270485
0.126,-1.1492046616740366,-1.7361787018287709,-0.18661170390686266,-0.7227757747940088,-0.20955524650380952,-0.38321020036865816
0.128,-1.133319739488405,-1.7290808793540922,-0.175543950903299,-0.703325554644809,-0.1899331893798646,-0.356130620336526
0.13,-1.1170542179687184,-1.7215945728861348,-0.16528690817642122,-0.683857037408411,-0.1713529210224678,-0.32926315922777505
0.132,-1.1004029273721567,-1.713743441263981,-0.15579685041163294,-0.6643799566418654,-0.153798737379355,-0.3028550464497197
0.134,-1.0833605421396675,-1.705550603706989,-0.1470312880598872,-0.6449040439845769,-0.13725087559460714,-0.2771112300464502
0.136,-1.0659215789037102,-1.6970386202735896,-0.13894906494234704,-0.6254389798342127,-0.12168610191598006,-0.2521986598500219
0.138,-1.0480803955053801,-1.6882294834165554,-0.13151042707974092,-0.6059943432309209,-0.1070782503565324,-0.22825031597602008
0.14,-1.0298311913232174,-1.6791446180856158,-0.12467706910091492,-0.5865795619193872,-0.09339871479082418,-0.20536897940339194
0.14200000000000002,-1.0111680091706583,-1.6698048884645784,-0.11841216293058565,-0.5672038634613532,-0.08061689714161657,-0.18363074455569817
0.14400000000000002,-0.9920847389830382,-1.6602306098902413,-0.11268037227226735,-0.5478762281530178,-0.06870061427050622,-0.16308827649688795
0.146,-0.9725751234865174,-1.6504415648346147,-0.10744785555208969,-0.5286053443754661,-0.057616466128287636,-0.14377381761436703
0.148,-0.9526327660187793,-1.6404570220757113,-0.10268225937666409,-0.5093995668806064,-0.04733016765091147,-0.1257019505282284
0.15,-0.9322522729070343,-1.6302957392797917,-0.0983529559280083,-0.49026688349753633,-0.03780673180824734,-0.10887212637046573
0.152,-0.9115331332686789,-1.6199745758666304,-0.09445374729921396,-0.47121549920652606,-0.029000246229970106,-0.0932710444407916
0.154,-0.8905668407488604,-1.609512576412467,-0.09096758229741275,-0.45225521684292436,-0.020867024827457614,-0.07887462902001463
0.156,-0.8694372114464723,-1.5989299018004806,-0.08786952372533996,-0.4333965863287521,-0.013365562735266456,-0.06564991500720518
0.158,-0.8482207148375458,-1.588246972314211,-0.08512921525136008,-0.4146502127322762,-0.00645647889853751,-0.05355674012471878
0.16,-0.8269868194132582,-1.5774837932180912,-0.08271291456366603,-0.3960262076453489,-0.00010244952659199669,-0.04254925537916754
0.162,-0.8057983512177661,-1.5666594367782198,-0.080585149914421,-0.37753376835772223,0.005731864793810049,-0.03257726559159568
0.164,-0.7847118612213896,-1.5557916576324815,-0.07871004961257166,-0.3591808695582881,0.011079852576740379,-0.023587411793478452
0.166,-0.7637779973544062,-1.5448966210000357,-0.07705238829029648,-0.34097405277761594,0.015973038623073865,-0.015524207150447777
0.168,-0.7430122098649588,-1.5339884304204345,-0.07557248211219636,-0.3229179157864095,0.020438310199702547,-0.008330923282521496
0.17,-0.7224175190928401,-1.5230786929601772,-0.07423385656305337,-0.305014811731694,0.02450060605691129,-0.0019503841929051635
0.17200000000000001,-0.7019970626107884,-1.5121767369478942,-0.07300605811558114,-0.28726506973965127,0.0281842361229363,0.00367436408474231
0.17400000000000002,-0.6817541243013509,-1.5012899360381686,-0.07186378183818598,-0.26966731459601667,0.031512815749293654,0.008599466619681806
0.176,-0.6616921571495072,-1.4904239868968916,-0.07078612124758066,-0.25221874852396486,0.034509211265324025,0.012879788843453088
0.178,-0.6418149037407499,-1.4795814786315749,-0.06974838986086151,-0.23501055687603256,0.037195528583774395,0.016568541337616205
0.18,-0.622126439361002,-1.4687626764900303,-0.06872632590652694,-0.2181819176902302,0.03959306175793187,0.019716985039113233
0.182,-0.6026311392441127,-1.4579668816435851,-0.06770209084263601,-0.20184547837202937,0.04172222614149512,0.022374202279517252
0.184,-0.5833336683803996,-1.4471926760232072,-0.06666313411340652,-0.18609050670439609,0.04360252883322002,0.024586920491788122
0.186,-0.564238967928661,-1.4364381180040176,-0.06560121751253845,-0.17098577694606165,0.045252552225678366,0.02639938670849018
0.188,-0.5453522396756847,-1.4257008984196105,-0.06451157773152016,-0.15658220290895608,0.04668994860118225,0.02785328649809471
0.19,-0.5266789296903378,-1.4149784643428385,-0.06339220976770266,-0.14291523008736773,0.04793144391314175,0.0289877014836446
0.192,-0.5082247120666996,-1.4042681165383981,-0.06224325673119924,-0.13000699940205784,0.04899284908868218,0.02983910007108692
0.194,-0.4899954734380567,-1.3935670853390933,-0.06106649361448402,-0.11786829567718815,0.04988907738244497,0.030441356480356507
0.196,-0.47199729876655416,-1.3828725888210245,-0.059864894058856866,-0.10650029443319364,0.05063416649777541,0.030825793618688646
0.198,-0.4542364587675314,-1.3721818764783258,-0.0586422702687992,-0.09589612087011612,0.05124130436677388,0.031021245761009508
0.2,-0.43671939920895886,-1.3614922610703957,-0.057402977125803334,-0.08604223499826191,0.05172285764280726,0.03105413740538676
0.202,-0.4194527322310637,-1.350801140893818,-0.05615167232694085,-0.0769196567446786,0.05209040210672278,0.03094857505160875
0.20400000000000001,-0.4024432297556919,-1.340106014388634,-0.05489312507519872,-0.06850504454413775,0.052354754320569796,0.030726449007513867
0.20600000000000002,-0.3856978189960276,-1.3294044887039753,-0.05363206650933128,-0.060771640442795816,0.05252600398009122,0.03040754266055501
0.20800000000000002,-0.3692235800321946,-1.3186942836071167,-0.052373075695519855,-0.053690094136896516,0.052613546519991505,0.030009646961363545
0.21,-0.35302774538452497,-1.3079732319129127,-0.05112049561631915,-0.04722917767321144,0.05262611561478092,0.029548678152088614
0.212,-0.337117701491769,-1.2972392774306278,-0.04987837418329244,-0.04135640178503652,0.05257181529382149,0.02903879703557144
0.214,-0.32150099198435544,-1.2864904712676413,-0.04865042586474133,-0.036038544055713384,0.052458151453173674,0.028492528322638266
0.216,-0.3061853226314091,-1.2757249671911288,-0.04744001005450249,-0.031242098314085975,0.05229206260019681,0.027920878814780448
0.218,-0.29117856783318685,-1.2649410166271728,-0.046250122807760974,-0.026933653891272336,0.0520799497108011,0.027333453379144945
0.22,-0.2764887785267136,-1.254136963769961,-0.04508339903200831,-0.02308021261922555,0.051827705115001566,0.02673856785307005
0.222,-0.2621241913706529,-1.2433112411802572,-0.04394212264364494,-0.019649450738341345,0.051540740355117576,0.026143358177422638
0.224,-0.24809323907494285,-1.2324623661708598,-0.04282824258253681,-0.016609932210003286,0.05122401298367785,0.02555388520278279
0.226,-0.23440456174069246,-1.2215889382060334,-0.041743392918402344,-0.013931279303888155,0.050882052285786905,0.024975234741204222
0.228,-0.22106701907559012,-1.2106896374808118,-0.040688915585503915,-0.011584305750417467,0.050518983924258576,0.02441161254992208
0.23,-0.20808970334905852,-1.1997632247935215,-0.03966588454768938,-0.009541117215704054,0.05013855351600127,0.023866434033100292
0.232,-0.19548195294906678,-1.1888085427798054,-0.038675130426851556,-0.007775183368345484,0.04974414915560521,0.02334240853456504
0.234,-0.18325336639845813,-1.177824518537904,-0.03771726482711957,-0.006261385362358762,0.04933882290741276,0.022841618169509914
0.23600000000000002,-0.17141381668246458,-1.1668101676419724,-0.036792703757507095,-0.0049760421558555645,0.04892531129103417,0.022365591207381463
0.23800000000000002,-0.15997346573043347,-1.155764599511961,-0.03590168970030683,-0.003896918717926967,0.04850605478771852,0.021915370072548734
0.24,-0.14894277888339102,-1.1446870240841873,-0.03504431199415925,-0.0030032188437294494,0.04808321639652546,0.021491574074827158
0.242,-0.13833253916467925,-1.133576759705443,-0.03422052530225761,-0.0022755649971017977,0.04765869927016597,0.021094457019363855
0.244,-0.12815386115333172,-1.1224332421545826,-0.03343016602021254,-0.0016959673284482335,0.04723416346090059,0.020723959875619036
0.246,-0.11841820423897653,-1.1112560346783904,-0.032672966547163895,-0.0012477837705024974,0.04681104180719098,0.02037975870896669
0.248,-0.10913738501281167,-1.1000448389125066,-0.03194856740002949,-0.0009156728935850733,0.04639055499203626,0.02006130809652862
0.25,-0.10032358852159295,-1.0887995065428009,-0.031256527196392714,-0.0006855410028545617,0.045973725804206556,0.019767880261915005
0.252,-0.0919893780807437,-1.077520051547308,-0.030596330568282815,-0.0005444847808977471,0.045561392633995945,0.019498600172195957
0.254,-0.08414770330885668,-1.0662066628433102,-0.02996739409867155,-0.0004807306179790416,0.04515422223572485,0.019252476845264654
0.256,-0.07681190600939858,-1.0548597171479868,-0.029369070396352948,-0.00048357162781398344,0.04475272179007006,0.019028431117273703
0.258,-0.0699957234868962,-1.0434797918440524,-0.02880065044431923,-0.0005433032173962626,0.04435725030043214,0.018825320118554867
0.26,-0.06371328884503491,-1.032067677623733,-0.028261364372919484,-0.0006511579639369991,0.0439680293589686,0.01864195870276464
0.262,-0.057979127773933437,-1.0206243906653099,-0.02775038082298642,-0.0007992404492283001,0.043585153319634085,0.018477138068374366
0.264,-0.05280815129462635,-1.0091511840762766,-0.027266805076588074,-0.000980462610713717,0.04320859891757567,0.018329641804363916
0.266,-0.04821564389207711,-0.9976495583161662,-0.02680967614478469,-0.0011884800883272817,0.04283823437648282,0.018198259583434462
0.268,-0.044217246435743096,-0.986121270290646,-0.026377963013306305,-0.0014176299759158795,0.04247382804796551,0.018081798716496733
0.27,-0.04080091016519782,-0.9745642402641023,-0.02596920947804282,-0.001662622583164186,0.042113927334010315,0.01797907525872411
0.272,-0.03783689937582979,-0.9629589624213589,-0.025576119772550587,-0.001917643366014632,0.041752664768874403,0.017888862827998286
0.274,-0.035224347568824754,-0.9512897307796394,-0.025195107939371963,-0.002177283420637277,0.041386570492635055,0.017810006150684288
0.276,-0.032885367476203964,-0.9395440054915124,-0.024824992262475476,-0.0024367866364447544,0.04101392443643537,0.017741419727926644
0.278,-0.030760216728170198,-0.9277118662353829,-0.02446607005897894,-0.002692159915550274,0.04063425494289197,0.017682086291852972
0.28,-0.028803368199545876,-0.9157855440193772,-0.024119472335305092,-0.002940194978277244,0.04024795453019836,0.017631055100342907
0.28200000000000003,-0.026980344310671756,-0.9037590231511089,-0.023786723522276176,-0.003178435310899008,0.03985598868463258,0.01758744009478841
0.28400000000000003,-0.025265188592828114,-0.8916277055448959,-0.023469450366062183,-0.003405111289369156,0.039459677961972695,0.017550417933552165
0.28600000000000003,-0.023638463190290837,-0.8793881299521247,-0.0231691981017752,-0.0036190590931439726,0.0390605373840629,0.01751922590935262
0.28800000000000003,-0.022085676218421613,-0.8670377391337698,-0.022887322621085504,-0.003819633787594645,0.038660160218877415,0.01749315975825816
0.29,-0.02059605723263047,-0.8545746884639569,-0.022624935377233868,-0.004006623266741505,0.0382601358112884,0.017471571369348293
0.292,-0.019161612089078073,-0.8419976899642596,-0.022382883885576854,-0.004180167166657478,0.0378619932606421,0.01745386640618074
0.294,-0.017776400039314577,-0.8293058863134773,-0.022161755330875277,-0.00434068307089186,0.03746716448602694,0.017439501853334427
0.296,-0.01643598598513174,-0.8164987499435231,-0.021961894319929565,-0.004488801109316487,0.037076961639307404,0.017427983503090827
0.298,-0.01513702949446305,-0.8035760029025465,-0.02178342847405612,-0.004625307239877863,0.03669256497110718,0.017418863398623863
0.3,-0.013876979553738344,-0.7905375537254824,-0.021626297536312622,-0.004751094981880977,0.03631501817100946,0.017411737250828896
0.302,-0.012653850234809694,-0.7773834480857973,-0.021490283126629706,-0.004867125054193178,0.03594522892938534,0.017406241846150028
0.304,-0.011466057618409797,-0.7641138304992292,-0.021375037334919966,-0.00497439219965079,0.03558397303817418,0.017402052462515805
0.306,-0.010312302571223286,-0.7507289148029654,-0.021280109093344324,-0.005073898402361943,0.03523190079049088,0.01739888030982928
0.308,-0.009191487443073854,-0.7372289615373397,-0.021204967789629103,-0.005166631694440538,0.03488954477865924,0.017396470010452525
0.31,-0.008102657548255676,-0.7236142607099606,-0.021149023932906408,-0.005253549779238087,0.0345573284478673,0.017394597133861156
0.312,-0.007044960524324351,-0.7098851187247488,-0.021111646908171577,-0.005335567752573933,0.034235574955379544,0.017393065798182006
0.314,-0.006017618415874448,-0.696041848513082,-0.02109217999074353,-0.005413549270192997,0.03392451602743174,0.01739170634974041
0.316,-0.005019908692779351,-0.6820847621148471,-0.021089952865155137,-0.005488300580915206,0.033624300609245594,0.017390373130089287
0.318,-0.004051151454711466,-0.6680141651282911,-0.021104291923974783,-0.005560566915626897,0.03333500317745819,0.017388942338324664
0.32,-0.003110700859478621,-0.6538303525841918,-0.021134528626034044,-0.005631030789366109,0.03305663163616335,0.01738730999484761
0.322,-0.002197939395542692,-0.6395336059071762,-0.021180006181053646,-0.005700311835558969,0.032789134753551163,0.017385390011161794
0.324,-0.0013122740442201852,-0.6251241907099776,-0.021240084806131376,-0.005768967847239903,0.032532409120343386,0.017383112368808185
0.326,-0.0004531336817730214,-0.6106023552296143,-0.02131414577394164,-0.005837496749655946,0.032286305627221124,0.017380421409172175
0.328,0.0003800327139114046,-0.5959683292619967,-0.021401594445982663,-0.00590633927223716,0.03205063546877285,0.017377274234656515
0.33,0.001187755494146181,-0.5812223238787989,-0.0215018623399732,-0.005975882121311615,0.031825175681479134,0.017373639222497905
0.332,0.0019705440821509157,-0.5663645313193162,-0.021614408523201956,-0.006046461488829591,0.031609674226213746,0.017369494646882977
0.334,0.002728889361055087,-0.5513951245113826,-0.021738720626870878,-0.00611836677572164,0.03140385465927609,0.017364827404706684
0.336,0.0034632651869250797,-0.5363142569455621,-0.021874315343228146,-0.0061918444267321515,0.031207420414082643,0.017359631845981882
0.338,0.00414364934456235,-0.5211703368094427,-0.021981969368482845,-0.0062612282737091185,0.031019757007426207,0.017353941298856812
0.34,0.004739778621397628,-0.5060310239165942,-0.022009815080361594,-0.006315787848051091,0.030840083888606484,0.017347790316831535
0.342,0.005244231428265467,-0.49094727172558295,-0.02192386593313822,-0.006343713441671506,0.03066778620432631,0.01734118891431402
0.34400000000000003,0.00565982883014815,-0.4759588990099781,-0.021702868651033214,-0.006333248811827286,0.030502393138285955,0.01733413911629622
0.34600000000000003,0.0059935434333293625,-0.46109786412644804,-0.02133486252556893,-0.006273443927625966,0.030343544339335837,0.017326642514888135
0.34800000000000003,0.0062536446210503804,-0.4463902903935997,-0.020814774169110706,-0.006154639637468096,0.030190959637258485,0.017318703372352084
0.35000000000000003,0.006448422459492953,-0.43185779470317187,-0.020142668383243523,-0.005968758732934232,0.03004441551756032,0.01731032958580747
0.352,0.006585664431713267,-0.417518410922453,-0.01932243600498018,-0.005709455413599018,0.029903727842249594,0.017301532672417075
0.354,0.006672480754655652,-0.40338726418283777,-0.01836078761573723,-0.005372160940377402,0.02976873937279434,0.01729232734295305
0.356,0.006715284048798287,-0.389477082066344,-0.017266470883936957,-0.004954053773206457,0.029639310747404668,0.017282730934982338
0.358,0.00671983198535675,-0.3757985923221845,-0.016049657090791536,-0.004453975814181943,0.029515313897963136,0.017272762830590427
0.36,0.006691291083422701,-0.36236083756053294,-0.014721458775651897,-0.0038723114677901016,0.029396627201360603,0.017262443912702263
0.362,0.006634303301779276,-0.3491714269203552,-0.013293550610359972,-0.003210842490626753,0.029283131887571923,0.017251796080423487
0.364,0.006553047984492633,-0.3362367387177967,-0.011777872312438875,-0.0024725886846601597,0.029174709379882646,0.017240841828280562
0.366,0.006451296671835749,-0.32356208441141066,-0.010186397086598964,-0.001661642175015965,0.029071239342364663,0.017229603887350065
0.368,0.006332460449488098,-0.31115184180208555,-0.00853095252104863,-0.000783001164106345,0.02897259827456966,0.017218104923458766
0.37,0.006199630383907362,-0.29900956368119735,-0.006823083487635495,0.00015759242967083864,0.028878658536416024,0.017206367286723312
0.372,0.00605561188611925,-0.2871380668735777,-0.005073948648995685,0.0011538082308015785,0.02878928771557998,0.017194412806631254
0.374,0.005902953887516826,-0.2755395056440779,-0.0032942438117091744,0.0021988732977682446,0.028704348270321756,0.01718226262716893
0.376,0.0057439736497655325,-0.2642154326634174,-0.0014941466798075176,0.0032857071395797632,0.028623697395549597,0.017169937076938036
0.378,0.005580777934237613,-0.25316685010884066,0.0003167213739148078,0.00440704495063704,0.028547187070871782,0.01715745556968251
0.38,0.005415281154074858,-0.24239425297350103,0.0021293200402190404,0.0055555486266358756,0.028474664257541082,0.01714483653111043
0.382,0.005249221036116136,-0.23189766625097707,0.003935204133080239,0.006723905487706849,0.028405971217315917,0.01713209734833465
0.384,0.00508417223474078,-0.22167667732956664,0.005726529235572597,0.007904914911752492,0.028340945930878547,0.01711925433866135
0.386,0.004921558265945647,-0.21173046466071033,0.0074960507344441485,0.009091563287152438,0.028279422596933168,0.017106322734819157
0.388,0.004762662067028023,-0.20205782354574064,0.009237117677895146,0.010277087843066024,0.028221232195750234,0.01709331668405678
0.39,0.004608635433915875,-0.19265718970596435,0.01094366259533186,0.01145503001859427,0.02816620310294149,0.017080249258835112
0.392,0.004460507543199155,-0.1835266611554638,0.012610188180978366,0.012619279098254887,0.028114161740813604,0.017067132477110336
0.394,0.004319192728061694,-0.17466401877787519,0.014231751554232064,0.013764106878195514,0.02806493325588466,0.01705397733044811
0.396,0.004185497645520453,-0.16606674591284154,0.0158039466595421,0.014884194141611795,0.02801834221216093,0.01704079381842516
0.398,0.004060127945725744,-0.15773204718079992,0.017322885249966058,0.015974649718114797,0.027974213290636207,0.01702759098796891
0.4,0.003943694531767017,-0.1496568667129332,0.01878517680535019,0.017031022884574254,0.02793237198624543,0.01701437697646413
0.402,0.003836719479807904,-0.1418379059037962,0.020187907663296478,0.018049309837726346,0.027892645294227192,0.017001159057605575
0.404,0.0037396416738857408,-0.13427164076508302,0.021528619584634034,0.01902595493440362,0.02785486237854884,0.016987943689119822
0.406,0.00365282219688412,-0.12695433892842067,0.022805287931673135,0.019957847355927205,0.02781885521573857,0.01697473656160109
0.40800000000000003,0.0035765495086319543,-0.11988207632143544,0.02401629960434226,0.02084231381082624,0.02778445920817152,0.016961542647814687
0.41000000000000003,0.0035110444334720547,-0.11305075352342064,0.02516043085417996,0.02167710784608401,0.02775151376156737,0.016948366251922975
0.41200000000000003,0.003456464972694473,-0.10645611179369219,0.026236825077262216,0.022460396292702356,0.027719862822174646,0.01693521105817175
0.41400000000000003,0.0034129109516995992,-0.10009374875631338,0.027244970673021784,0.023190743327415664,0.027689355369845625,0.016922080178654042
0.41600000000000004,0.003380428507453015,-0.09395913371858033,0.028184679045404115,0.023867092589536343,0.027659845863932553,0.016908976199834447
0.418,0.003359014418517825,-0.08804762259689891,0.02905606281493034,0.024488747750676554,0.027631194639653023,0.01689590122757756
0.42,0.0033486202775694363,-0.08235447242194316,0.029859514304285684,0.025055351895809208,0.027603268253278523,0.01688285693047642
0.422,0.0033491565046548377,-0.07687485539485728,0.030595684355408492,0.02556686603702829,0.02757593977518069,0.016869844581322235
0.424,0.0033604961984443626,-0.0716038724673842,0.03126546153228049,0.026023547046593043,0.027549089030419083,0.01685686509659856
0.426,0.003382478822230972,-0.06653656642087458,0.031869951760357784,0.026425925263434458,0.027522602787163564,0.016843919073914027
0.428,0.0034149137213532743,-0.06166793442190732,0.03241045845057666,0.026774781997275232,0.02749637489381307,0.016831006827323858
0.43,0.003457583468989167,-0.056992940035515804,0.0328884631529347,0.027071127126824024,0.027470306366187414,0.016818128420511336
0.432,0.0035102470377907924,-0.05250652468058825,0.033305606781651065,0.027316176963065875,0.02744430542662979,0.01680528369782741
0.434,0.003572642795552916,-0.048203618515745505,0.0336636714507772,0.027511332525386623,0.027418287497265048,0.016792472313201134
0.436,0.0036444913239728205,-0.04407915074778046,0.03396456295580763,0.027658158357026785,0.02739217515000303,0.016779693756955316
0.438,0.0037254980605021526,-0.04012805935845609,0.03421029393331865,0.027758361987026747,0.027365898016166845,0.01676694738057094
0.44,0.0038153557642817137,-0.036345300249042145,0.03440296772694995,0.027813774128281787,0.027339392658852546,0.01675423241945806
0.442,0.00391374680814871,-0.03272585580534626,0.03454476298415088,0.02782632968542753,0.027312602411302844,0.016741548013799568
0.444,0.004020345299672101,-0.02926474288912484,0.0346379190040953,0.027798049631915456,0.027285477184690876,0.01672889322754134
0.446,0.004134819035095161,-0.025957020264611774,0.034684721853043055,0.02773102380267667,0.02725797324878254,0.016716267065607138
0.448,0.00425683129091059,-0.022797795471446447,0.0346874912592563,0.027627394637106617,0.027230052988960196,0.01670366848942506
0.45,0.004386042458558226,-0.019782231157519314,0.03464856829541296,0.027489341896620667,0.027201684643068047,0.016691096430849317
0.452,0.0045221115284039826,-0.016905550887170273,0.034570303852331064,0.027319068371632893,0.02717284202147563,0.01667854980456962
0.454,0.004664697429721976,-0.014163044441777073,0.03445504790378551,0.027118786584408028,0.027143504213656078,0.016666027519095516
0.456,0.0048134602338598675,-0.01155007263108021,0.03430513955830761,0.026890706486748073,0.027113655284447535,0.01665352848640822
0.458,0.004968062228120962,-0.009062071634599489,0.03412289789012979,0.02663702414481839,0.02708328396301396,0.016641051630367887
0.46,0.005128168868141936,-0.006694556893250603,0.03391061353792324,0.026359911397539237,0.027052383327341056,0.016628595893966036
0.462,0.005293449616693424,-0.004443126571764822,0.03367054105669731,0.026061506469790885,0.02702095048691966,0.016616160245509493
0.464,0.005463578676884628,-0.002303464612791739,0.0334048920052088,0.02574390551715844,0.02698898626605928,0.01660374368381934
0.466,0.0056382356277173695,-0.00027134340363632603,0.033115828748480736,0.025409155075031276,0.026956494890063576,0.0165913452425277
0.468,0.005817105969824876,0.001657373923521721,0.032805458952581024,0.025059245381505946,0.02692348367628772,0.016578963993550744
0.47000000000000003,0.0059998804726337784,0.003486728779301229,0.03247583302177559,0.024696104882624192,0.026889962654491173,0.016566599051225372
0.47200000000000003,0.006186255994359513,0.005220665829853033,0.03212893929945859,0.02432159530773914,0.026855944312087487,0.01655424957357643
0.47400000000000003,0.006375936265797799,0.006863032362402155,0.031766699663270836,0.023937507405256797,0.02682144334717118,0.01654191476304856
0.47600000000000003,0.006568632424817533,0.008417577762869222,0.03139096595025315,0.02354555735795194,0.02678647641504761,0.01652959386704511
0.47800000000000004,0.006764063375140905,0.009887953135786276,0.031003517112047296,0.023147383857592407,0.026751061875660564,0.016517286178199253
0.48,0.006961956019668758,0.01127771108278286,0.030606057019517463,0.022744545811867578,0.02671521954691647,0.016504991034347105
0.482,0.007162045402995032,0.012590305646626998,0.030200212849679442,0.02233852065188846,0.026678970467259866,0.016492707818202224
0.484,0.007364074787268748,0.013829092421642653,0.029787533997397864,0.021930703205283564,0.026642336669714606,0.01648043595674409
0.486,0.007567795678466771,0.014997328827300427,0.029369491461253006,0.021522405097795794,0.02660534096880318,0.016468174920347023
0.488,0.00777296781531156,0.016098174539184384,0.028947477658136656,0.021114854645047032,0.02656800676119353,0.016455924221676632
0.49,0.007979359129746566,0.017134692069932456,0.028522806625103536,0.02070919719555664,0.02653035784050961,0.0164436834143884
0.492,0.00818674568557487,0.018109847491805997,0.028096714570174486,0.02030649588607325,0.026492418226449876,0.016431452091657972
0.494,0.008394911600230204,0.01902651129205668,0.027670360736425037,0.019907732770659825,0.02645421200813769,0.01641922988457578
0.496,0.008603648953488419,0.019887459352071035,0.02724482854596566,0.01951381028571042,0.026415763201465214,0.016407016460434853
0.498,0.008812757686061934,0.020695374041295622,0.026821126992466526,0.019125553014076813,0.026377095620070623,0.016394811520939356
0.5,0.009022045490384212,0.021452845417097244,0.026400192252752586,0.018743709712714995,0.026338232759498315,0.01638261480035874
0.502,0.00923132769539814,0.02216237252195108,0.025982889489767347,0.01836895556965845,0.02629919769402078,0.016370426063649024
0.504,0.009440427146782282,0.022826364769640062,0.025570014820894382,0.018001894657666995,0.02626001298555458,0.01635824510456252
0.506,0.009649174083741885,0.02344714341247056,0.025162297427254288,0.01764306255354353,0.02622070060406423,0.01634607174376379
0.508,0.009857406013247694,0.024026943081841612,0.024760401781181773,0.017292929093829734,0.026181281858823402,0.0163339058269647
0.51,0.010064967582404716,0.024567913394843766,0.024364929970629,0.016951901239369294,0.026141777339891092,0.016321747223095207
0.512,0.010271710449468507,0.025072120619898275,0.023976424100739635,0.016620326023028653,0.026102206869152544,0.01630959582251812
0.514,0.010477493153891793,0.025541549394772378,0.02359536875430046,0.016298493556681004,0.0260625894602744,0.016297451535299157
0.516,0.01068218098567253,0.02597810449062332,0.023222193494191634,0.01598664007537809,0.02602294328692989,0.016285314289538944
0.518,0.010885645854186388,0.02638361261602662,0.022857275392330845,0.015684950998421376,0.02598328565866259,0.016273184029773624
0.52,0.01108776615661533,0.026759824255238485,0.02250094157092719,0.015393563988813419,0.025943633003769895,0.016261060715447195
0.522,0.011288426646024696,0.027108415535220587,0.022153471743136866,0.015112571994289725,0.025904000858606224,0.016248944319462
0.524,0.011487518299104549,0.027430990116222187,0.02181510074142934,0.014842026254801466,0.025864403862727592,0.016236834826806268
0.526,0.011684938183554427,0.02772908110097516,0.021486021023140234,0.01458193926293716,0.025824855759320586,0.016224732233262706
0.528,0.01188058932507663,0.02800415295780101,0.021166385143796207,0.014332287665311583,0.02578536940038556,0.016212636544196357
0.53,0.012074380573926069,0.028257603453169633,0.020856308189847628,0.014093015094434724,0.025745956756167532,0.0162005477734235
0.532,0.012266226470965869,0.028490765589475497,0.02055587016343785,0.013864034921972967,0.025706628928357178,0.01618846594215806
0.534,0.012456047113176494,0.02870490954402305,0.02026511831277511,0.01364523292564468,0.025667396166608736,0.016176391078037033
0.536,0.012643768018575141,0.028901244605423537,0.01998406940254882,0.013436469863236322,0.02562826788795247,0.016164323214219234
0.538,0.012829319990512733,0.02908092110381566,0.019712711919651627,0.013237583948397136,0.025589252698703824,0.01615226238855816
0.54,0.013012638981331426,0.029245032331528975,0.019451008210232157,0.013048393223954458,0.025550358418499286,0.016140208642844378
0.542,0.013193665955379297,0.029394616450999944,0.01919889654481355,0.012868697829501619,0.025511592106117087,0.016128162022114534
0.544,0.013372346751399755,0.029530658386951014,0.01895629310886293,0.012698282160935603,0.02547296008676314,0.01611612257402384
0.546,0.013548631944329648,0.029654091700027196,0.018723093916805045,0.012536916920476537,0.02543446798053295,0.016104090348280087
0.548,0.01372247670655935,0.02976580043927335,0.01849917664801981,0.012384361056469562,0.025396120731777883,0.016092065396132504
0.55,0.013893840668727009,0.029866620971011226,0.01828440240387441,0.012240363592977976,0.0253579226391345,0.016080047769916117
0.552,0.014062687780135974,0.029957343781858548,0.018078617385291373,0.012104665349803145,0.025319877385991507,0.016068037522644518
0.554,0.01422898616890178,0.03003871525380042,0.017881654490777388,0.01197700055413109,0.02528198807119586,0.016056034707649047
0.556,0.01439270800194814,0.03011143940939598,0.01769333483520419,0.011857098345502859,0.02524425723981283,0.016044039378262376
0.558,0.014553829344989166,0.03017617962536634,0.017513469189970543,0.011744684176247189,0.025206686913781695,0.016032051587540508
0.56,0.014712330022641273,0.030233560312974195,0.01734185934547061,0.01163948110988855,0.025169278622318103,0.016020071388021417
0.562,0.014868193478823732,0.030284168563757374,0.017178299397060393,0.011541211020371867,0.025132033431938705,0.01600809883151766
0.5640000000000001,0.015021406637610868,0.030328555759340015,0.017022576955937563,0.01144959569521875,0.025094951975992874,0.015996133968939175
0.5660000000000001,0.015171959764706866,0.03036723914418471,0.01687447428655986,0.011364357845958128,0.02505803448360444,0.015984176850144083
0.5680000000000001,0.015319846329720166,0.030400703360299097,0.016733769372390794,0.01128522202935689,0.02502128080793864,0.015972227523813665
0.5700000000000001,0.015465062869412627,0.03042940194304755,0.016600236911917143,0.011211915483118728,0.024984690453721425,0.015960286037351112
0.5720000000000001,0.015607608852104882,0.030453758777352347,0.01647364924699679,0.011144168879827276,0.02494826260395122,0.015948352436798707
0.5740000000000001,0.015747486543414402,0.030474169513700744,0.016353777225704524,0.01108171700298155,0.02491199614575157,0.01593642676677476
0.5760000000000001,0.015884700873502133,0.03049100294349505,0.01624039100191843,0.011024299349011946,0.024875889695324283,0.01592450907042564
0.578,0.01601925930599979,0.03050460233340524,0.01613326077395416,0.010971660659183424,0.024839941621971562,0.01591259938939138
0.58,0.016151171708785217,0.030515286718495238,0.01603215746460096,0.010923551385279229,0.024804150071162212,0.015900697763784333
0.582,0.01628045022676705,0.030523352154003813,0.015936853344940882,0.010879728092926255,0.024768512986625524,0.015888804232178533
0.584,0.016407109156830746,0.030529072925761902,0.015847122604351283,0.010839953806376146,0.02473302813146261,0.01587691883160769
0.586,0.016531164825093425,0.030532702719327842,0.015762741869095098,0.010803998298481998,0.024697693108269636,0.015865041597571627
0.588,0.01665263546660367,0.030534475748010603,0.015683490671893452,0.01077163832953465,0.02466250537827519,0.015853172564048945
0.59,0.01677154110761392,0.030534607840042582,0.015609151874862448,0.010742657838519909,0.024627462279496193,0.015841311763516552
0.592,0.016887903450543584,0.030533297485235922,0.015539512048166948,0.01071684809026019,0.02459256104392149,0.01582945922697232
0.594,0.01700174576173885,0.030530726841541567,0.015474361806711023,0.010694007781783865,0.024557798813737763,0.01581761498396239
0.596,0.017113092762127913,0.030527062701989793,0.015413496107147928,0.010673943111147777,0.02452317265661219,0.015805779062612046
0.598,0.017221970520856056,0.030522457422563765,0.01535671450744025,0.010656467811808401,0.024488679580052297,0.01579395148965812
0.6,0.017328406351977188,0.030517049811611408,0.015303821391155381,0.01064140315551243,0.024454316544863408,0.01578213229048342
0.602,0.0174324287142662,0.030510965981457083,0.015254626158621276,0.010628577926535376,0.0244200804777277,0.015770321489152916
0.604,0.0175340671142048,0.030504320162922705,0.015208943387012841,0.010617828369969384,0.024385968282929937,0.01575851910845083
0.606,0.017633352012187187,0.030497215483511697,0.015166592961371128,0.010608998116621082,0.024351976853256074,0.015746725169917708
0.608,0.017730314731975172,0.030489744710050726,0.015127400178499117,0.010601938086946205,0.024318103080091857,0.01573493969388795
0.61,0.017824987373429968,0.030481990956613414,0.015091195825605697,0.010596506376310932,0.02428434386275069,0.01572316269952756
0.612,0.017917402728530263,0.030474028358586702,0.01505781623550595,0.010592568123741763,0.024250696117060322,0.01571139420487122
0.614,0.018007594200685872,0.030465922713762694,0.015027103320112811,0.010589995366188099,0.024217156783234994,0.01569963422685894
0.616,0.018095595727337432,0.03045773209135949,0.014998904583890083,0.010588666880201325,0.0241837228330668,0.015687882781372675
0.618,0.01818144170583391,0.03044950740989827,0.014973073118861091,0.010588468012802776,0.024150391276463345,0.015676139883271656
0.62,0.018265166922564857,0.030441292984869195,0.014949467582704434,0.010589290503197901,0.024117159167362123,0.01566440554642634
0.622,0.01834680648531961,0.030433127047138298,0.014927952161392977,0.010591032296873415,0.024084023609052263,0.01565267978375351
0.624,0.01842639575883953,0.03042504223304876,0.014908396517765654,0.010593597353501405,0.02405098175893139,0.01564096260724801
0.626,0.0185039703035208,0.03041706604717631,0.014890675727355696,0.010596895449969335,0.02401803083272802,0.015629254028015183
0.628,0.018579565817220978,0.030409221298700162,0.014874670202728923,0.010600841979746756,0.02398516810821749,0.015617554056302163
0.63,0.01865321808011622,0.0304015265123474,0.014860265607520295,0.01060535774970317,0.023952390928459133,0.01560586270152764
0.632,0.018724962902551656,0.03039399631486872,0.014847352761296007,0.010610368775394674,0.02391969670458205,0.01559417997231094
0.634,0.018794836075821664,0.030386641797990555,0.014835827536301416,0.010615806075750411,0.023887082918147007,0.015582505876500896
0.636,0.01886287332581582,0.030379470858786117,0.01482559074709533,0.010621605467999062,0.02385454712310975,0.015570840421202714
0.638,0.018929110269458427,0.030372488518393803,0.014816548034013222,0.010627707363600969,0.023822086947410614,0.015559183612804839
0.64,0.01899358237386961,0.030365697219999488,0.01480860974134135,0.010634056565870464,0.023789700094215105,0.015547535457004269
0.642,0.019056324918172995,0.03035909710698559,0.01480169079103022,0.010640602069903471,0.0237573843428307,0.015535895958832091
0.644,0.019117372957871526,0.03035268628213239,0.014795710552719887,0.010647296865357259,0.023725137549319708,0.01552426512267746
0.646,0.019176761291710864,0.0303464610487425,0.0147905927107983,0.010654097742567759,0.023692957646832546,0.01551264295231114
0.648,0.019234524430951083,0.030340416134539527,0.014786265129164144,0.010660965102426978,0.02366084264568169,0.015501029450908144
0.65,0.01929069657096205,0.03033454489917098,0.014782659714315471,0.010667862770392444,0.023628790633176466,0.01548942462107017
0.652,0.01934531156506103,0.030328839526128748,0.014779712277341206,0.01067475781494509,0.02359679977323781,0.015477828464847132
0.654,0.01939840290050876,0.030323291199876534,0.014777362395346438,0.010681620370768918,0.02356486830581339,0.01546624098375804
0.656,0.0194500036765779,0.030317890268952707,0.01477555327280089,0.01068842346687604,0.0235329945461078,0.01545466217881164
0.658,0.019500146584614075,0.030312626395794906,0.014774231603259302,0.01069514285986628,0.023501176883647057,0.015443092050525964
0.66,0.019548863890001877,0.030307488694009344,0.014773347431862982,0.010701756872466772,0.02346941378119327,0.015431530598948084
0.662,0.019596187415956257,0.030302465853784488,0.014772854018996417,0.010708246237467911,0.023437703773523166,0.01541997782367277
0.664,0.01964214852905477,0.03029754625612724,0.014772707705436261,0.010714593947136475,0.023406045466086267,0.015408433723861137
0.666,0.019686778126431825,0.0302927180765733,0.014772867779297982,0.010720785108160102,0.023374437533556724,0.015396898298258632
0.668,0.019730106624552768,0.03028796937900169,0.01477329634505331,0.010726806802149547,0.02334287871829055,0.015385371545212134
0.67,0.019772163949491217,0.03028328820015913,0.014773958194863823,0.010732647951703811,0.02331136782870069,0.015373853462687936
0.672,0.019812979528630814,0.030278662625477848,0.014774820682443623,0.010738299192017742,0.02327990373756217,0.015362344048287513
0.674,0.019852582283717446,0.030274080856744323,0.01477585359964384,0.010743752747996993,0.02324848538025792,0.015350843299264616
0.676,0.01989100062518645,0.03026953127215526,0.01477702905592193,0.010749002316823075,0.023217111752973807,0.01533935121254082
0.678,0.019928262447693967,0.030265002479274772,0.01477832136083701,0.010754042955900989,0.02318578191085474,0.015327867784720839
0.68,0.019964395126782497,0.03026048336138132,0.014779706909692658,0.010758870976103063,0.02315449496612909,0.015316393012108076
0.682,0.019999425516610936,0.03025596311767509,0.01478116407242469,0.010763483840214416,0.023123250086209746,0.015304926890719273
0.684,0.020033379948685148,0.030251431297789955,0.014782673085815157,0.010767880066473445,0.02309204649177965,0.015293469416298944
0.686,0.020066284231522902,0.030246877831036523,0.014784215949096735,0.010772059137091228,0.02306088345486934,0.0152820205843327
0.6880000000000001,0.02009816365119277,0.03024229305078019,0.01478577632299194,0.010776021411627701,0.023029760296932267,0.015270580390061905
0.6900000000000001,0.020129042972667044,0.030237667714337668,0.014787339432219548,0.010779768045093396,0.022998676386923433,0.015259148828496327
0.6920000000000001,0.020158946441929837,0.03023299301875637,0.014788891971486695,0.010783300910642613,0.022967631139389377,0.0152477258944268
0.6940000000000001,0.020187897788785936,0.030228260612822133,0.014790422014969495,0.010786622526717693,0.022936624012570572,0.015236311582438322
0.6960000000000001,0.020215920230317375,0.030223462605619034,0.014791918929276227,0.01078973598850208,0.02290565450652471,0.015224905886921603
0.6980000000000001,0.02024303647493575,0.030218591571951725,0.014793373289875511,0.010792644903535598,0.0228747221612724,0.015213508802085274
0.7000000000000001,0.02026926872698187,0.030213640554918264,0.014794776800960863,0.010795353331345847,0.022843826554970414,0.015202120321966772
0.7020000000000001,0.02029463869182524,0.030208603065909,0.014796122218715846,0.01079786572694541,0.022812967302114684,0.015190740440443662
0.704,0.020319167581419828,0.030203473082285548,0.01479740327793544,0.010800186888048069,0.022782144051777697,0.015179369151244071
0.706,0.020342876120271747,0.030198245042984073,0.014798614621951645,0.010802321905853507,0.02275135648588167,0.015168006447957127
0.708,0.02036578455178062,0.030192913842265412,0.014799751735805833,0.010804276119253942,0.022720604317509885,0.01515665232404273
0.71,0.020387912644913353,0.030187474821826488,0.014800810882602988,0.010806055072315468,0.02268988728925847,0.015145306772841316
0.712,0.020409279701175898,0.030181923761467777,0.014801789042981017,0.010807664474888012,0.022659205171631225,0.015133969787582302
0.714,0.020429904561846346,0.030176256868502227,0.014802683857620735,0.010809110166202673,0.02262855776147732,0.015122641361393852
0.716,0.020449805615438965,0.030170470766076596,0.014803493572719928,0.010810398081314343,0.022597944880474286,0.015111321487310425
0.718,0.0204690008053654,0.03016456248056243,0.014804216988353547,0.010811534220251717,0.022567366373657194,0.015100010158281219
0.72,0.02048750763776619,0.03015852942816566,0.014804853409634777,0.010812524619739472,0.022536822107994015,0.015088707367178378
0.722,0.02050534318948305,0.030152369400890278,0.014805402600594153,0.010813375327360708,0.02250631197100872,0.015077413106803439
0.724,0.020522524116148633,0.03014608055198087,0.014805864740691232,0.01081409237803066,0.022475835869451455,0.0150661273698951
0.726,0.0205390666603662,0.030139661380959692,0.014806240383868907,0.010814681772656876,0.02244539372801735,0.015054850149135435
0.728,0.02055498665996014,0.030133110718364664,0.014806530420065078,0.01081514945886286,0.022414985488112604,0.015043581437156783
0.73,0.020570299556272875,0.030126427710283954,0.014806736039091106,0.010815501313658382,0.022384611106668784,0.015032321226547518
0.732,0.020585020402491105,0.03011961180277578,0.014806858696788217,0.010815743127941868,0.02235427055500394,0.015021069509857599
0.734,0.020599163871981796,0.03011266272625468,0.01480690008337393,0.010815880592724314,0.02232396381773194,0.015009826279604566
0.736,0.020612744266620187,0.03010558047991463,0.014806862093889928,0.010815919286967457,0.02229369089171751,0.014998591528278205
0.738,0.020625775525096257,0.030098365316256315,0.014806746800664072,0.010815864666936292,0.022263451785077715,0.01498736524834543
0.74,0.020638271231183003,0.030091017725776048,0.014806556427699347,0.010815722056963128,0.02223324651622871,0.01497614743225495
0.742,0.020650244621955194,0.030083538421869394,0.014806293326904418,0.010815496641531919,0.02220307511297759,0.014964938072441925
0.744,0.02066170859594396,0.03007592832599504,0.014805959956083248,0.010815193458590722,0.022172937611657284,0.014953737161331304
0.746,0.02067267572121878,0.030068188553141306,0.0148055588585978,0.010814817394004583,0.022142834056305016,0.01494254469134182
0.748,0.020683158243384625,0.030060320397628404,0.01480509264462615,0.010814373177066683,0.02211276449788202,0.01493136065488998
0.75,0.020693168093486314,0.03005232531928015,0.014804563973935148,0.010813865376987808,0.022082728993534362,0.014920185044392742
0.752,0.020702716895811824,0.030044204929989826,0.014803975540090164,0.01081329840028844,0.02205272760589372,0.014909017852270834
0.754,0.020711815975585912,0.030035960980703047,0.01480333005602752,0.010812676489021511,0.022022760402417463,0.014897859070951203
0.756,0.020720476366549168,0.030027595348835368,0.014802630240914993,0.010812003719756769,0.02199282745476472,0.014886708692870343
0.758,0.020728708818415376,0.03001911002614044,0.014801878808229585,0.010811284003262145,0.021962928838210383,0.014875566710476074
0.76,0.020736523804202767,0.030010507107040008,0.01480107845498524,0.010810521084820834,0.021933064631094012,0.014864433116229758
0.762,0.02074393152743559,0.03000178877742332,0.01480023185204038,0.010809718545123914,0.02190323491430246,0.01485330790260897
0.764,0.02075094192920912,0.029992957303923262,0.014799341635423291,0.0108088798016861,0.02187343977078604,0.014842191062108157
0.766,0.020757564695119912,0.02998401502367165,0.014798410398612516,0.010808008110729572,0.021843679285105555,0.014831082587241529
0.768,0.020763809262053234,0.029974964334534615,0.01479744068571165,0.010807106569489466,0.021813953543010633,0.014819982470543724
0.77,0.020769684824830215,0.02996580768582713,0.014796434985461016,0.010806178118892618,0.021784262631047158,0.014808890704571365
0.772,0.02077520034271063,0.029956547569504277,0.014795395726031169,0.010805225546568265,0.021754606636192886,0.014797807281904385
0.774,0.020780364545750496,0.029947186511823265,0.014794325270544695,0.010804251490148742,0.021724985645519945,0.014786732195147367
0.776,0.020785185941014195,0.029937727065471487,0.01479322591327481,0.010803258440822416,0.021695399745882638,0.014775665436929541
0.778,0.02078967281864119,0.029928171802152237,0.014792099876473896,0.01080224874710356,0.021665849023631445,0.014764606999906338
0.78,0.02079383325776618,0.02991852330561917,0.014790949307782908,0.010801224618786964,0.02163633356434902,0.014753556876760054
0.782,0.020797675132294025,0.02990878416515086,0.014789776278179234,0.010800188131054211,0.02160685345260882,0.0147425150602003
0.784,0.020801206116530135,0.02989895696945366,0.014788582780419723,0.010799141228705622,0.02157740877175618,0.01473148154296422
0.786,0.020804433690666757,0.029889044300981604,0.014787370727939786,0.010798085730490126,0.021547999603708456,0.014720456317817376
0.788,0.020807365146126244,0.02987904873066216,0.014786141954168386,0.010797023333508848,0.021518626028774968,0.014709439377553535
0.79,0.02081000759076379,0.029868972813013928,0.014784898212225617,0.010795955617669106,0.02148928812549533,0.014698430714995103
0.792,0.02081236795393049,0.029858819081643784,0.014783641174966222,0.010794884050170817,0.021459985970494477,0.014687430322993356
0.794,0.02081445299139828,0.029848590045110424,0.01478237243533731,0.0107938099900029,0.021430719638354523,0.014676438194428432
0.796,0.02081626929014968,0.02983828818313916,0.014781093507020948,0.010792734692435024,0.02140148920150131,0.014665454322209115
0.798,0.020817823273033165,0.029827915943176242,0.014779805825331227,0.010791659313487578,0.02137229473010649,0.014654478699273277
0.8,0.02081912120328777,0.029817475737266452,0.014778510748338913,0.010790584914366574,0.02134313629200202,0.014643511318587432
0.802,0.020820169188939586,0.029806969939241368,0.014777209558200166,0.010789512465849693,0.021314013952608013,0.014632552173146296
0.804,0.020820973187069658,0.029796400882203367,0.014775903462662887,0.010788442852613045,0.021284927774872342,0.014621601255973005
0.806,0.020821539007960466,0.029785770856291638,0.014774593596730057,0.010787376877487764,0.021255877819221558,0.014610658560118894
0.808,0.02082187231911936,0.029775082106716866,0.01477328102445874,0.01078631526563667,0.02122686414352226,0.014599724078662835
0.81,0.020821978649184336,0.029764336832049487,0.014771966740875442,0.010785258668644548,0.02119788680305157,0.014588797804711007
0.812,0.02082186339171388,0.029753537182749756,0.014770651673989166,0.010784207668513845,0.021168945850477128,0.014577879731396903
0.8140000000000001,0.020821531808863813,0.029742685259924073,0.014769336686886625,0.010783162781560662,0.021140041335845128,0.014566969851880662
0.8160000000000001,0.02082098903495333,0.02973178311429714,0.01476802257989318,0.01078212446220439,0.02111117330657608,0.014556068159348401
0.8180000000000001,0.020820240079924668,0.029720832745384618,0.014766710092784852,0.010781093106648543,0.021082341807468374,0.014545174647012438
0.8200000000000001,0.020819289832697763,0.02970983610085609,0.014765399907039178,0.010780069056448127,0.021053546880706486,0.014534289308110404
0.8220000000000001,0.020818143064422534,0.02969879507607409,0.014764092648112292,0.010779052601961325,0.021024788565876973,0.0145234121359048
0.8240000000000001,0.02081680443163303,0.02968771151379923,0.014762788887730638,0.010778043985682384,0.02099606689998934,0.014512543123682553
0.8260000000000001,0.020815278479304977,0.02967658720404942,0.0147614891461878,0.010777043405455933,0.020967381917501138,0.014501682264754567
0.8280000000000001,0.020813569643820085,0.029665423884101427,0.014760193894636675,0.010776051017569621,0.020938733650348595,0.014490829552455509
0.8300000000000001,0.020811682255839736,0.029654223238624988,0.01475890355736964,0.010775066939726186,0.020910122127980157,0.014479984980142913
0.8320000000000001,0.020809620543090324,0.029642986899939938,0.014757618514077198,0.010774091253894946,0.02088154737739467,0.014469148541196741
0.834,0.020807388633063528,0.029631716448383694,0.014756339102080407,0.010773124009041624,0.02085300942318158,0.014458320229019161
0.836,0.020804990555634895,0.02962041341278354,0.01475506561852935,0.01077216522373936,0.020824508287565546,0.014447500037033656
0.838,0.020802430245600245,0.02960907927102152,0.014753798322563627,0.010771214888661396,0.02079604399045132,0.014436687958685024
0.84,0.020799711545136823,0.02959771545068479,0.014752537437429103,0.010770272968955164,0.020767616549473233,0.014425883987438493
0.842,0.02079683820618805,0.02958632332979305,0.01475128315254648,0.010769339406503375,0.020739225980044518,0.014415088116779273
0.844,0.020793813892776125,0.029574904237595012,0.0147500356255299,0.010768414122069858,0.0207108722954088,0.01440430034021234
0.846,0.020790642183244,0.029563459455426155,0.014748794984150049,0.010767497017336147,0.0206825555066934,0.014393520651261538
0.848,0.020787326572430764,0.029551990217621782,0.014747561328241066,0.01076658797682839,0.020654275622962848,0.01438274904346959
0.85,0.020783870473779498,0.029540497712477132,0.014746334731548405,0.010765686869739222,0.020626032651273496,0.014371985510396978
0.852,0.020780277221383425,0.02952898308324947,0.014745115243515405,0.010764793551646612,0.02059782659672904,0.014361230045622175
0.854,0.020776550071970323,0.02951744742919593,0.01474390289100791,0.010763907866132127,0.020569657462535806,0.01435048264274097
0.856,0.020772692206827204,0.029505891806641094,0.01474269767997649,0.01076302964630238,0.020541525250058257,0.014339743295365581
0.858,0.020768706733668596,0.029494317230069456,0.014741499597053842,0.010762158716216108,0.02051342995887495,0.014329011997125107
0.86,0.020764596688449988,0.029482724673237426,0.014740308611088215,0.010761294892221107,0.020485371586833834,0.014318288741664187
0.862,0.020760365037126638,0.02947111507030087,0.014739124674613135,0.010760437984203008,0.020457350130107743,0.014307573522643224
0.864,0.0207560146773631,0.029459489316953746,0.014737947725252498,0.010759587796749237,0.020429365583249037,0.014296866333737723
0.866,0.020751548440191447,0.029447848271572763,0.014736777687062386,0.01075874413023259,0.020401417939244215,0.014286167168637842
0.868,0.020746969091622658,0.029436192756366664,0.014735614471809155,0.010757906781815763,0.020373507189566764,0.014275476021048172
0.87,0.020742279334211577,0.029424523558523985,0.014734457980185356,0.010757075546382389,0.020345633324230672,0.014264792884687516
0.872,0.020737481808577263,0.02941284143135814,0.014733308102964582,0.01075625021739568,0.020317796331842164,0.014254117753287998
0.874,0.02073257909488091,0.029401147095446056,0.01473216472209593,0.010755430587688686,0.020289996199650995,0.014243450620595066
0.876,0.020727573714261815,0.029389441239758618,0.014731027711738287,0.010754616450190158,0.02026223291360063,0.01423279148036749
0.878,0.02072246813023404,0.029377724522778426,0.01472989693923843,0.010753807598587128,0.0202345064583771,0.014222140326376254
0.88,0.020717264750043318,0.029365997573605362,0.014728772266051404,0.010753003827929764,0.020206816817456952,0.014211497152404995
0.882,0.02071196592598845,0.029354260993046388,0.014727653548606279,0.010752204935179588,0.02017916397315478,0.014200861952249122
0.884,0.02070657395670561,0.02934251535468735,0.014726540639118824,0.01075141071970398,0.020151547906668288,0.01419023471971581
0.886,0.020701091088418,0.029330761205946798,0.014725433386352904,0.010750620983721593,0.020123968598123154,0.014179615448624006
0.888,0.020695519516153116,0.029318999069109397,0.0147243316363308,0.010749835532699814,0.02009642602661632,0.014169004132803309
0.89,0.020689861384926678,0.029307229442337768,0.014723235232995346,0.010749054175707151,0.020068920170258187,0.01415840076609487
0.892,0.020684118790895933,0.029295452800661703,0.014722144018826766,0.010748276725724093,0.020041451006213684,0.01414780534235005
0.894,0.02067829378248276,0.029283669596944506,0.014721057835412887,0.010747502999914449,0.02001401851074114,0.01413721785543065
0.896,0.020672388361467897,0.029271880262824235,0.014719976523978051,0.010746732819858495,0.01998662265923179,0.014126638299208905
0.898,0.020666404484056322,0.029260085209630526,0.014718899925869167,0.01074596601175326,0.019959263426245988,0.014116066667566818
0.9,0.020660344061916858,0.02924828482927655,0.014717827883003132,0.010745202406578835,0.019931940785549607,0.014105502954396165
0.902,0.020654208963194254,0.02923647949512409,0.014716760238276949,0.010744441840235153,0.01990465471014846,0.014094947153598492
0.904,0.020648001013497064,0.02922466956282399,0.014715696835940095,0.010743684153651234,0.019877405172321616,0.014084399259084446
0.906,0.020641721996859763,0.02921285537112861,0.014714637521934915,0.010742929192866901,0.019850192143654244,0.01407385926477378
0.908,0.020635373656682443,0.02920103724267964,0.014713582144202375,0.010742176809092285,0.019823015595067828,0.014063327164595574
0.91,0.020628957696646077,0.029189215484768383,0.014712530552958292,0.010741426858743575,0.0197958754968508,0.014052802952487342
0.912,0.020622475781607363,0.02917739039007028,0.01471148260093913,0.010740679203459669,0.019768771818686526,0.014042286622395705
0.914,0.020615929538470468,0.029165562237353004,0.014710438143621385,0.01073993371009907,0.019741704529681492,0.014031778168275277
0.916,0.02060932055703857,0.029153731292158813,0.01470939703941343,0.010739190250719899,0.019714673598391297,0.014021277584089331
0.918,0.02060265039084541,0.029141897807461126,0.014708359149823824,0.010738448702545034,0.019687678992846624,0.014010784863809134
0.92,0.020595920557967107,0.0291300620242958,0.014707324339606087,0.01073770894791215,0.019660720680577004,0.014000300001414168
0.922,0.02058913254181416,0.02911822417236709,0.01470629247688171,0.010736970874211771,0.019633798628634347,0.01398982299089191
0.924,0.02058228779190685,0.02910638447062941,0.014705263433242521,0.010736234373813769,0.01960691280361515,0.013979353826237384
0.926,0.020575387724630412,0.029094543127844874,0.014704237083835059,0.010735499343983212,0.01958006317168204,0.013968892501453167
0.928,0.0205684337239751,0.029082700343116663,0.014703213307426077,0.010734765686787995,0.019553249698583963,0.013958439010549828
0.93,0.020561427142257838,0.029070856306400383,0.014702191986452284,0.010734033308997581,0.019526472349675972,0.013947993347545262
0.932,0.020554369300828323,0.029059011198991458,0.014701173007054757,0.010733302121975763,0.01949973108993741,0.013937555506464472
0.934,0.02054726149075803,0.02904716519399142,0.014700156259098707,0.010732572041566746,0.019473025883989692,0.013927125481340008
0.936,0.020540104973515882,0.029035318456752446,0.014699141636181245,0.010731842987976359,0.01944635669611383,0.013916703266211305
0.9380000000000001,0.02053290098162619,0.029023471145300794,0.014698129035626284,0.010731114885649706,0.019419723490265994,0.013906288855124904
0.9400000000000001,0.020525650719314337,0.029011623410740484,0.014697118358468542,0.010730387663144159,0.019393126230092594,0.01389588224213445
0.9420000000000001,0.020518355363136065,0.028999775397636762,0.014696109509428013,0.010729661253000788,0.019366564878945836,0.013885483421300249
0.9440000000000001,0.020511016062594534,0.02898792724438115,0.014695102396875326,0.010728935591612698,0.019340039399896813,0.013875092386689714
0.9460000000000001,0.02050363394074317,0.028976079083537165,0.014694096932788225,0.010728210619092904,0.019313549755749282,0.013864709132376696
0.9480000000000001,0.02049621009477498,0.02896423104216983,0.014693093032701166,0.010727486279141107,0.019287095909051866,0.01385433365244193
0.9500000000000001,0.02048874559659919,0.028952383242156543,0.014692090615648246,0.010726762518909139,0.019260677822110273,0.013843965940972591
0.9520000000000001,0.02048124149340569,0.028940535800481948,0.01469108960410015,0.010726039288868394,0.019234295456998618,0.013833605992062292
0.9540000000000001,0.020473698808217033,0.028928688829516824,0.014690089923895755,0.010725316542675944,0.019207948775570305,0.01382325379981153
0.9560000000000001,0.020466118540428013,0.028916842437282764,0.014689091504169083,0.010724594237042862,0.019181637739467794,0.013812909358326575
0.9580000000000001,0.020458501666334117,0.028904996727700194,0.014688094277273134,0.010723872331603657,0.01915536231013326,0.01380257266172058
0.96,0.020450849139648453,0.02889315180082397,0.014687098178699065,0.010723150788787272,0.019129122448817037,0.013792243704112694
0.962,0.020443161892007344,0.02888130775306519,0.014686103146993368,0.010722429573689629,0.01910291811658693,0.013781922479628284
0.964,0.020435440833465268,0.028869464677399703,0.014685109123672824,0.010721708653949058,0.019076749274336224,0.01377160898239893
0.966,0.020427686852978688,0.028857622663564175,0.014684116053136353,0.010720987999623954,0.019050615882791444,0.013761303206562214
0.968,0.020419900818880565,0.028845781798241488,0.014683123882577531,0.010720267583073095,0.019024517902520355,0.013751005146262152
0.97,0.0204120835793431,0.028833942165233717,0.014682132561893768,0.010719547378838179,0.018998455293938843,0.013740714795648534
0.972,0.02040423596283225,0.028822103845625113,0.014681142043596607,0.01071882736353058,0.018972428017317355,0.013730432148877147
0.974,0.020396358778550727,0.028810266917934646,0.01468015228272046,0.010718107515719888,0.018946436032788005,0.013720157200109773
0.976,0.02038845281687318,0.02879843145825922,0.014679163236732684,0.010717387815826651,0.018920479300350124,0.013709889943514186
0.978,0.020380518849771212,0.028786597540407133,0.014678174865442095,0.010716668246017802,0.01889455777987603,0.013699630373263716
0.98,0.020372557631228805,0.028774765236023514,0.014677187130909708,0.010715948790105845,0.018868671431116812,0.013689378483537684
0.982,0.020364569897649565,0.02876293461470758,0.014676199997359474,0.010715229433450935,0.0188428202137072,0.013679134268521409
0.984,0.02035655636825573,0.028751105744120986,0.014675213431089906,0.010714510162866953,0.01881700408717113,0.01366889772240576
0.986,0.020348517745476746,0.028739278690090186,0.014674227400387707,0.01071379096653069,0.018791223010925506,0.013658668839387378
0.988,0.020340454715331635,0.02872745351670125,0.01467324187544139,0.010713071833894583,0.018765476944285764,0.013648447613668457
0.99,0.020332367947801355,0.028715630286388016,0.01467225682825779,0.010712352755603005,0.018739765846469192,0.013638234039456965
0.992,0.020324258097194514,0.02870380906001402,0.01467127223257969,0.010711633723411662,0.0187140896765996,0.013628028110966639
0.994,0.02031612580250397,0.02869198989694932,0.01467028806380477,0.010710914730110987,0.018688448393710866,0.01361782982241655
0.996,0.02030797168775722,0.028680172855140906,0.014669304298907004,0.010710195769452202,0.018662841956750942,0.013607639168031316
0.998,0.020299796362357236,0.028668357991178395,0.0146683209163605,0.010709476836077148,0.018637270324584954,0.013597456142041331
1.0,0.020291600421417755,0.02865654536035578,0.014667337896064225,0.010708757925451451,0.018611733455998758,0.013587280738682317
1.002,0.020283384446090347,0.02864473501672693,0.0146663552192694,0.010708039033800576,0.018586231309702494,0.013577112952195547
1.004,0.020275149003884163,0.02863292701315845,0.01466537286850933,0.010707320158049427,0.01856076384433325,0.013566952776827623
1.006,0.020266894648979905,0.028621121401377625,0.014664390827531015,0.010706601295764173,0.018535331018458168,0.0135568002068307
1.008,0.02025862192253558,0.028609318232017955,0.014663409081229428,0.010705882445098736,0.01850993279057711,0.01354665523646248
1.01,0.02025033135298604,0.028597517554659335,0.014662427615583562,0.01070516360474194,0.01848456911912577,0.013536517859985553
1.012,0.0202420234563363,0.02858571941786714,0.014661446417595148,0.010704444773869781,0.01845923996247789,0.013526388071668283
1.014,0.020233698736448202,0.028573923869226858,0.014660465475229367,0.010703725952098564,0.018433945278947927,0.01351626586578436
1.016,0.020225357685320633,0.028562130955377185,0.014659484777357568,0.010703007139442056,0.018408685026793492,0.013506151236612585
1.018,0.020217000783363526,0.028550340722039547,0.014658504313703302,0.010702288336270405,0.018383459164217797,0.013496044178437083
1.02,0.020208628499666315,0.02853855321404608,0.014657524074789263,0.010701569543272171,0.018358267649371873,0.013485944685547313
1.022,0.020200241292259946,0.02852676847536495,0.0146565440518871,0.010700850761418357,0.01833311044035635,0.013475852752237838
1.024,0.020191839608372897,0.028514986549123877,0.014655564236969454,0.010700131991928208,0.01830798749522433,0.013465768372808551
1.026,0.020183423884682528,0.028503207477632575,0.014654584622664224,0.01069941323623902,0.018282898771982747,0.01345569154156423
1.028,0.020174994547559333,0.02849143130240206,0.01465360520220993,0.010698694495975714,0.018257844228594555,0.013445622252815426
1.03,0.020166552013307193,0.02847965806416375,0.014652625969414856,0.01069797577292464,0.018232823822981192,0.013435560500877353
1.032,0.02015809668839741,0.028467887802886338,0.014651646918616423,0.010697257069007815,0.01820783751302346,0.013425506280070332
1.034,0.02014962896969741,0.028456120557792453,0.0146506680446441,0.010696538386259835,0.01818288525656442,0.013415459584720235
1.036,0.02014114924469501,0.028444356367372636,0.014649689342782768,0.010695819726805889,0.01815796701141026,0.013405420409157598
1.038,0.020132657891717143,0.028432595269399563,0.014648710808739196,0.01069510109284244,0.01813308273533276,0.013395388747718062
1.04,0.020124155280143663,0.02842083730094136,0.014647732438609395,0.010694382486618581,0.0181082323860704,0.013385364594742377
1.042,0.02011564177061631,0.028409082498372706,0.014646754228848646,0.010693663910419593,0.01808341592133056,0.013375347944576399
1.044,0.020107117715243206,0.028397330897386608,0.014645776176242187,0.010692945366551632,0.01805863329879087,0.01336533879157109
1.046,0.02009858345779847,0.028385582533005493,0.014644798277878124,0.010692226857327514,0.018033884476100992,0.013355337130082079
1.048,0.020090039333917398,0.0283738374395901,0.014643820531122342,0.010691508385054282,0.018009169410883707,0.013345342954470318
1.05,0.02008148567128698,0.028362095650850128,0.014642842933593636,0.010690789952022328,0.017984488060736936,0.013335356259101427
1.052,0.020072922789832415,0.028350357199852683,0.014641865483141725,0.01069007156049473,0.01795984038323506,0.01332537703834591
1.054,0.020064351001899405,0.02833862211903071,0.014640888177826161,0.010689353212697705,0.017935226335930476,0.013315405286579596
1.056,0.020055770612432022,0.028326890440191654,0.014639911015896123,0.010688634910813732,0.017910645876355158,0.01330544099818276
1.058,0.020047181919145896,0.028315162194525234,0.014638933995771986,0.010687916656973107,0.01788609896202198,0.013295484167540783
1.06,0.020038585212698967,0.028303437412610988,0.014637957116028,0.010687198453248614,0.017861585550425607,0.013285534789044151
1.062,0.020029980776857137,0.028291716124426047,0.014636980375376751,0.010686480301649537,0.017837105599045167,0.01327559285708757
1.064,0.02002136888865591,0.028279998359352243,0.014636003772653616,0.010685762204117655,0.017812659065344016,0.013265658366071298
1.066,0.020012749818559605,0.02826828414618321,0.014635027306802995,0.010685044162522583,0.017788245906772415,0.01325573131039981
1.068,0.02000412383061545,0.028256573513131045,0.014634050976865431,0.01068432617865911,0.01776386608076841,0.013245811684482689
1.07,0.019995491182604797,0.028244866487834086,0.014633074781965849,0.010683608254244525,0.017739519544758497,0.013235899482734181
1.072,0.019986852126191224,0.02823316309736268,0.014632098721302889,0.01068289039091641,0.017715206256160076,0.01322599469957364
1.074,0.019978206907063978,0.028221463368226507,0.014631122794138252,0.010682172590231298,0.017690926172381882,0.013216097329424636
1.076,0.01996955576507964,0.028209767326381252,0.014630146999787819,0.010681454853663563,0.017666679250825323,0.013206207366715628
1.078,0.019960898934398896,0.028198074997235034,0.014629171337613212,0.010680737182604538,0.017642465448886258,0.013196324805880177
1.08,0.019952236643621557,0.028186386405655295,0.014628195807014244,0.010680019578363176,0.017618284723955435,0.013186449641356068
1.082,0.019943569115917326,0.028174701575975236,0.01462722040742137,0.010679302042165606,0.017594137033420276,0.01317658186758619
1.084,0.01993489656915437,0.028163020532000926,0.014626245138289695,0.010678584575155803,0.017570022334665758,0.013166721479017651
1.086,0.01992621921602411,0.028151343297017295,0.014625269999093637,0.01067786717839625,0.01754594058507597,0.013156868470102667
1.088,0.019917537264163565,0.02813966989379546,0.01462429498932094,0.010677149852869716,0.017521891742034557,0.013147022835297673
1.09,0.019908850916274812,0.028128000344598947,0.014623320108468452,0.010676432599479702,0.017497875762926718,0.013137184569064209
1.092,0.01990016037024156,0.028116334671191012,0.014622345356038569,0.010675715419052878,0.01747389260513943,0.013127353665868036
1.094,0.01989146581924306,0.028104672894840865,0.0146213707315348,0.0106749983123402,0.017449942226063442,0.013117530120179799
1.096,0.01988276745186468,0.02809301503633055,0.014620396234458877,0.010674281280019127,0.017426024583093502,0.013107713926474363
1.098,0.019874065452207157,0.028081361115962267,0.014619421864308313,0.010673564322695617,0.017402139633630354,0.013097905079231698
1.1,0.01986535999999206,0.028069711153564825,0.014618447620573294,0.01067284744090613,0.017378287335080733,0.013088103572935994
1.102,0.019856651270665715,0.028058065168500512,0.014617473502735345,0.010672130635120514,0.017354467644859373,0.013078309402076105
1.104,0.019847939435500006,0.02804642317967243,0.014616499510265113,0.010671413905743554,0.017330680520389663,0.013068522561145324
1.106,0.01983922466169097,0.028034785205531154,0.014615525642621474,0.010670697253117867,0.0173069259191041,0.013058743044641385
1.108,0.019830507112455376,0.028023151264081614,0.01461455189924954,0.010669980677526336,0.01728320379844628,0.01304897084706691
1.11,0.01982178694712422,0.028011521372890202,0.014613578279580874,0.01066926417919456,0.017259514115871122,0.013039205962928735
1.112,0.019813064321235085,0.027999895549092102,0.014612604783031946,0.010668547758293512,0.017235856828846208,0.01302944838673814
1.114,0.019804339386621628,0.027988273809397946,0.0146116314090039,0.010667831414941986,0.01721223189485266,0.013019698113011069
1.116,0.019795612291501286,0.027976656170101144,0.014610658156882561,0.01066711514920926,0.017188639271385586,0.013009955136267903
1.118,0.019786883180560322,0.027965042647084326,0.01460968502603821,0.010666398961117096,0.01716507891595609,0.013000219451033468
1.12,0.019778152195037757,0.027953433255827553,0.014608712015825365,0.010665682850643288,0.01714155078609081,0.012990491051837028
1.122,0.019769419472806415,0.027941828011413872,0.014607739125583441,0.01066496681772322,0.01711805483933393,0.012980769933212066
1.124,0.019760685148452417,0.02793022692853775,0.014606766354636536,0.010664250862252755,0.017094591033247397,0.012971056089696953
1.1260000000000001,0.019751949353353337,0.027918630021511293,0.014605793702294534,0.01066353498409045,0.017071159325412255,0.012961349515834053
1.1280000000000001,0.01974321221575348,0.02790703730427113,0.014604821167852888,0.010662819183060224,0.017047759673428642,0.012951650206170173
1.1300000000000001,0.019734473860838264,0.027895448790385968,0.01460384875059395,0.010662103458953354,0.017024392034917568,0.012941958155256783
1.1320000000000001,0.01972573441080616,0.027883864493063015,0.014602876449786972,0.01066138781153092,0.01700105636752136,0.012932273357649349
1.1340000000000001,0.019716993984939313,0.027872284425155325,0.014601904264689436,0.010660672240526026,0.016977752628904108,0.012922595807908
1.1360000000000001,0.019708252699672357,0.027860708599168227,0.0146009321945475,0.010659956745645793,0.016954480776752767,0.012912925500597305
1.1380000000000001,0.019699510668659936,0.027849137027266435,0.014599960238596887,0.010659241326573365,0.016931240768778055,0.012903262430285833
1.1400000000000001,0.019690768002841974,0.02783756972128093,0.014598988396063772,0.010658525982970346,0.016908032562714892,0.012893606591546813
1.1420000000000001,0.01968202481050807,0.0278260066927154,0.014598016666165448,0.010657810714478355,0.016884856116323066,0.012883957978957472
1.1440000000000001,0.01967328119735967,0.027814447952752896,0.0145970450481121,0.010657095520720805,0.016861711387388345,0.012874316587099699
1.1460000000000001,0.019664537266571358,0.02780289351226295,0.014596073541106369,0.010656380401305121,0.01683859833372292,0.012864682410559602
1.1480000000000001,0.01965579311885035,0.027791343381807332,0.014595102144345562,0.010655665355823851,0.016815516913166073,0.012855055443927288
1.1500000000000001,0.01964704885249491,0.02777979757164717,0.014594130857021659,0.010654950383856887,0.01679246708358506,0.012845435681797523
1.1520000000000001,0.01963830456345117,0.027768256091749155,0.014593159678322865,0.010654235484972574,0.01676944880287512,0.012835823118769296
1.154,0.019629560345368224,0.027756718951791992,0.014592188607434053,0.01065352065872971,0.016746462028961018,0.012826217749445812
1.156,0.01962081628965273,0.027745186161172386,0.014591217643537657,0.010652805904678653,0.016723506719796832,0.012816619568434495
1.158,0.019612072485521548,0.027733657729011263,0.01459024678581522,0.010652091222362436,0.016700582833367505,0.01280702857034699
1.16,0.01960332902005324,0.02772213366416043,0.014589276033447618,0.010651376611318542,0.0166776903276884,0.01279744474979938
1.162,0.01959458597823871,0.02771061397520813,0.014588305385616174,0.010650662071079786,0.016654829160806406,0.01278786810141197
1.164,0.019585843443030493,0.02769909867048459,0.014587334841503097,0.010649947601175658,0.016631999290800836,0.012778298619809059
1.166,0.01957710149539027,0.0276875877580689,0.014586364400292595,0.01064923320113298,0.016609200675783198,0.012768736299619388
1.168,0.019568360214336167,0.027676081245794126,0.014585394061171986,0.010648518870477686,0.016586433273898304,0.012759181135475695
1.17,0.019559619676988715,0.027664579141252865,0.014584423823331694,0.010647804608735045,0.01656369704332472,0.012749633122015158
1.172,0.01955087995861482,0.02765308145180323,0.014583453685966585,0.010647090415430771,0.016540991942275207,0.012740092253879176
1.174,0.019542141132672164,0.027641588184573962,0.014582483648275968,0.01064637629009213,0.01651831792899716,0.012730558525713143
1.176,0.019533403270851624,0.027630099346470205,0.014581513709465144,0.010645662232248165,0.016495674961773066,0.012721031932166671
1.178,0.019524666443118566,0.027618614944178832,0.014580543868744966,0.01064494824143103,0.016473062998921373,0.012711512467893593
1.18,0.019515930717753482,0.02760713498417311,0.014579574125333394,0.010644234317176204,0.016450481998796285,0.01270200012755196
1.182,0.01950719616139196,0.02759565947271847,0.01457860447845527,0.010643520459022948,0.016427931919788863,0.012692494905804041
1.184,0.01949846283906309,0.027584188415876953,0.014577634927343208,0.010642806666515625,0.01640541272032703,0.012682996797316104
1.186,0.019489730814227668,0.027572721819512758,0.01457666547123826,0.010642092939203263,0.016382924358876227,0.012673505796758855
1.188,0.019481000148814598,0.02756125968929668,0.01457569610938969,0.010641379276640661,0.016360466793939654,0.012664021898806554
1.19,0.019472270903257316,0.02754980203071078,0.014574726841056096,0.010640665678388839,0.016338039984058916,0.012654545098138126
1.192,0.019463543136528427,0.027538348849053262,0.014573757665505171,0.010639952144014586,0.01631564388781448,0.012645075389436489
1.194,0.019454816906174788,0.027526900149442923,0.014572788582014606,0.010639238673092022,0.016293278463825445,0.012635612767388782
1.196,0.019446092268350368,0.027515455936823585,0.014571819589872304,0.010638525265201704,0.016270943670750437,0.012626157226685919
1.198,0.01943736927784956,0.02750401621596832,0.014570850688375936,0.010637811919931739,0.01624863946728805,0.012616708762023254
1.2,0.01942864798813848,0.027492580991484106,0.0145698818768345,0.010637098636877784,0.016226365812176846,0.012607267368100139
1.202,0.01941992845138718,0.027481150267815613,0.014568913154567209,0.010636385415643046,0.01620412266419602,0.012597833039620143
1.204,0.01941121071849894,0.02746972404924941,0.014567944520904597,0.010635672255838724,0.01618190998216562,0.012588405771290612
1.206,0.019402494839140916,0.027458302339918195,0.014566975975188301,0.010634959157083568,0.016159727724946782,0.012578985557823108
1.208,0.01939378086177279,0.02744688514380389,0.014566007516771284,0.010634246119004986,0.016137575851441932,0.012569572393933415
1.21,0.01938506883367519,0.02743547246474254,0.014565039145018055,0.010633533141237939,0.016115454320595468,0.012560166274341311
1.212,0.019376358800977433,0.02742406430642741,0.014564070859304445,0.010632820223426043,0.01609336309139353,0.012550767193770795
1.214,0.019367650808684633,0.027412660672412548,0.014563102659018501,0.01063210736522091,0.016071302122865117,0.012541375146949418
1.216,0.019358944900704333,0.027401261566116553,0.014562134543559369,0.010631394566282593,0.01604927137408141,0.012531990128609394
1.218,0.019350241119871603,0.02738986699082613,0.014561166512338186,0.010630681826279353,0.01602727080415689,0.01252261213348671
1.22,0.01934153950797457,0.02737847694969897,0.01456019856477786,0.010629969144887896,0.016005300372248676,0.012513241156321353
1.222,0.019332840105779514,0.027367091445767766,0.014559230700313064,0.010629256521792696,0.015983360037557626,0.012503877191857304
1.224,0.019324142953054402,0.027355710481942852,0.01455826291839002,0.010628543956686665,0.01596144975932834,0.012494520234842765
1.226,0.01931544808859198,0.02734433406101555,0.014557295218466937,0.010627831449270708,0.01593956949684916,0.012485170280029934
1.228,0.019306755550233312,0.02733296218566106,0.014556327600013352,0.010627118999253726,0.015917719209452397,0.012475827322174782
1.23,0.019298065374889983,0.02732159485844199,0.01455536006251057,0.010626406606352612,0.01589589885651499,0.012466491356037723
1.232,0.019289377598565638,0.02731023208181038,0.014554392605451216,0.010625694270292252,0.015874108397458286,0.012457162376382724
1.234,0.01928069225637774,0.027298873858111472,0.01455342522833969,0.01062498199080486,0.015852347791748267,0.012447840377978192
1.236,0.01927200938257778,0.027287520189585468,0.014552457930691265,0.010624269767630423,0.015830616998896208,0.012438525355596086
1.238,0.019263329010572372,0.027276171078371325,0.014551490712032766,0.010623557600516476,0.01580891597845846,0.012429217304012807
1.24,0.01925465117294256,0.027264826526508523,0.014550523571901897,0.010622845489217658,0.01578724469003645,0.012419916218008309
1.242,0.019245975901463153,0.02725348653593973,0.014549556509847239,0.010622133433496161,0.015765603093277347,0.012410622092366985
1.244,0.019237303227122027,0.027242151108513912,0.01454858952542848,0.010621421433120837,0.01574399114787406,0.012401334921877005
1.246,0.019228633180138344,0.027230820245987886,0.014547622618215517,0.010620709487867641,0.01572240881356546,0.012392054701330313
1.248,0.019219965789980753,0.027219493950029205,0.014546655787789131,0.010619997597519193,0.015700856050136158,0.01238278142552307
1.25,0.019211301085384935,0.027208172222218385,0.014545689033740317,0.010619285761864994,0.01567933281741718,0.012373515089255438
1.252,0.01920263909437092,0.027196855064051118,0.014544722355670281,0.010618573980700763,0.01565783907528595,0.01236425568733135
1.254,0.019193979844259523,0.027185542476940272,0.014543755753190002,0.010617862253828436,0.015636374783666085,0.012355003214558957
1.256,0.01918532336168921,0.027174234462218116,0.01454278922592045,0.010617150581056167,0.015614939902528269,0.012345757665749968
1.258,0.019176669672631874,0.02716293102113876,0.014541822773492363,0.010616438962197883,0.015593534391889596,0.012336519035720528
1.26,0.019168018802408593,0.02715163215487948,0.01454085639554581,0.010615727397073726,0.015572158211814235,0.012327287319290336
1.262,0.019159370775704954,0.02714033786454295,0.014539890091730179,0.010615015885509393,0.015550811322413427,0.01231806251128309
1.264,0.01915072561658593,0.027129048151159463,0.014538923861703967,0.010614304427335908,0.015529493683845264,0.012308844606526481
1.266,0.019142083348510308,0.027117763015688467,0.014537957705134552,0.010613593022389622,0.015508205256315577,0.0122996335998522
1.268,0.019133443994345134,0.027106482459020365,0.01453699162169797,0.01061288167051222,0.015486946000077273,0.012290429486095933
1.27,0.019124807576379244,0.027095206481978273,0.014536025611078918,0.010612170371550267,0.015465715875430552,0.01228123226009692
1.272,0.019116174116337703,0.027083935085319588,0.014535059672970307,0.010611459125355216,0.015444514842723578,0.01227204191669884
1.274,0.01910754363539402,0.027072668269738198,0.01453409380707349,0.010610747931783404,0.015423342862352252,0.012262858450748704
1.276,0.019098916154183687,0.0270614060358656,0.014533128013097585,0.01061003679069561,0.015402199894759772,0.012253681857097964
1.278,0.01909029169281684,0.027050148384272443,0.014532162290759265,0.01060932570195705,0.015381085900437519,0.012244512130601626
1.28,0.01908167027089025,0.0270388953154701,0.014531196639783417,0.010608614665437388,0.015360000839925059,0.012235349266118911
1.282,0.01907305190749975,0.027027646829912655,0.014530231059901588,0.010607903681010056,0.015338944673809474,0.012226193258512597
1.284,0.01906443662125179,0.027016402927997785,0.01452926555085332,0.01060719274855293,0.015317917362726252,0.012217044102649455
1.286,0.01905582443027498,0.027005163610068328,0.014528300112384596,0.010606481867947437,0.015296918867359066,0.012207901793400255
1.288,0.019047215352231195,0.02699392887641361,0.014527334744248499,0.010605771039078782,0.015275949148439771,0.012198766325639765
1.29,0.01903860940432689,0.02698269872727077,0.014526369446205,0.010605060261835941,0.015255008166748407,0.01218963769424608
1.292,0.019030006603323546,0.02697147316282633,0.014525404218020288,0.010604349536111446,0.015234095883113863,0.012180515894101962
1.294,0.019021406965548104,0.026960252183217293,0.014524439059466987,0.010603638861800713,0.01521321225841299,0.012171400920093278
1.296,0.0190128105069034,0.02694903578853225,0.014523473970323941,0.010602928238802933,0.015192357253571487,0.012162292767110339
1.298,0.019004217242877708,0.026937823978812503,0.01452250895037599,0.010602217667020186,0.015171530829563462,0.012153191430047006
1.3,0.018995627188555186,0.026926616754053834,0.014521543999413744,0.010601507146357436,0.01515073294741165,0.012144096903801138
1.302,0.01898704035862453,0.026915414114206726,0.01452057911723359,0.010600796676722979,0.015129963568187632,0.01213500918327437
1.304,0.018978456767388963,0.026904216059178143,0.014519614303637463,0.010600086258027552,0.0151092226530114,0.012125928263372332
1.306,0.0189698764287749,0.026893022588832638,0.014518649558432628,0.01059937589018456,0.015088510163051794,0.012116854139004207
1.308,0.018961299356340833,0.02688183370299302,0.01451768488143168,0.010598665573110289,0.015067826059526501,0.012107786805083398
1.31,0.01895272556328642,0.02687064940144146,0.0145167202724521,0.01059795530672325,0.015047170303702062,0.01209872625652686
1.312,0.0189441550624605,0.026859469683920834,0.014515755731316249,0.010597245090944618,0.015026542856893865,0.012089672488255543
1.314,0.018935587866369286,0.026848294550135154,0.0145147912578516,0.010596534925697565,0.015005943680465927,0.012080625495194175
1.316,0.0189270239871846,0.02683712399975091,0.014513826851890066,0.010595824810907928,0.014985372735831781,0.012071585272271479
1.318,0.018918463436751853,0.026825958032397956,0.014512862513267999,0.01059511474650332,0.014964829984453365,0.012062551814419509
1.32,0.018909906226597606,0.02681479664767017,0.014511898241826415,0.010594404732413576,0.014944315387841911,0.01205352511657476
1.322,0.018901352367936886,0.02680363984512657,0.014510934037410328,0.010593694768570527,0.014923828907557724,0.012044505173677278
1.324,0.018892801871680964,0.026792487624291983,0.014509969899868969,0.010592984854908005,0.014903370505209734,0.012035491980670665
1.326,0.018884254748443796,0.026781339984658148,0.014509005829055566,0.010592274991361617,0.014882940142456391,0.012026485532502962
1.328,0.01887571100854979,0.026770196925684386,0.014508041824827123,0.010591565177868745,0.01486253778100477,0.012017485824125318
1.33,0.018867170662040245,0.026759058446798045,0.014507077887044861,0.01059085541436855,0.014842163382611462,0.012008492850493102
1.332,0.018858633718680018,0.02674792454739605,0.014506114015573113,0.010590145700801745,0.014821816909081686,0.011999506606565458
1.334,0.01885010018796396,0.02673679522684469,0.014505150210280204,0.0105894360371106,0.014801498322270179,0.011990527087305303
1.336,0.01884157007912357,0.026725670484481157,0.014504186471037572,0.010588726423239159,0.014781207584080525,0.01198155428767933
1.338,0.01883304340113301,0.026714550319613783,0.014503222797720206,0.010588016859132576,0.01476094465646538,0.011972588202658008
1.34,0.018824520162715075,0.026703434731522924,0.014502259190206201,0.010587307344737784,0.014740709501426918,0.011963628827215356
1.342,0.018816000372347208,0.02669232371946184,0.01450129564837721,0.010586597880003046,0.01472050208101594,0.011954676156329835
1.344,0.018807484038267264,0.02668121728265671,0.014500332172117325,0.010585888464877735,0.014700322357332762,0.011945730184983017
1.346,0.01879897116847906,0.02667011542030795,0.014499368761313969,0.010585179099312558,0.014680170292526551,0.011936790908160466
1.348,0.01879046177075816,0.02665901813159066,0.014498405415857674,0.010584469783259554,0.014660045848795766,0.011927858320851747
1.35,0.018781955852657184,0.026647925415655083,0.014497442135641192,0.01058376051667187,0.014639948988388163,0.011918932418049755
1.352,0.01877345342151071,0.026636837271627245,0.014496478920560385,0.010583051299503765,0.014619879673600122,0.0119100131947516
1.354,0.01876495448444082,0.026625753698609422,0.014495515770513778,0.010582342131710831,0.014599837866777543,0.011901100645957952
1.356,0.018756459048361762,0.02661467469568124,0.014494552685402118,0.010581633013249325,0.014579823530315394,0.011892194766673247
1.358,0.018747967119985276,0.026603600261899674,0.014493589665129036,0.010580923944077059,0.014559836626657718,0.011883295551905704
1.36,0.01873947870582504,0.02659253039629972,0.014492626709600387,0.010580214924152287,0.014539877118297406,0.01187440299666731
1.362,0.018730993812201557,0.02658146509789483,0.014491663818724243,0.010579505953434598,0.014519944967776865,0.011865517095973832
1.364,0.018722512445246364,0.026570404365678035,0.01449070099241112,0.010578797031884468,0.014500040137687131,0.011856637844844586
1.366,0.018714034610906705,0.02655934819862149,0.014489738230573757,0.010578088159463261,0.014480162590668533,0.011847765238302888
1.368,0.018705560314949965,0.02654829659567781,0.014488775533126885,0.010577379336133008,0.014460312289410249,0.011838899271375602
1.37,0.018697089562967895,0.026537249555780296,0.014487812899987462,0.010576670561856849,0.014440489196650752,0.011830039939093595
1.372,0.018688622360380824,0.026526207077842923,0.014486850331074441,0.010575961836598813,0.014420693275177365,0.01182118723649106
1.374,0.01868015871244122,0.026515169160761465,0.014485887826308774,0.010575253160323372,0.014400924487826483,0.011812341158606188
1.3760000000000001,0.01867169862423812,0.026504135803413487,0.014484925385612968,0.010574544532995889,0.01438118279748335,0.011803501700480945
1.3780000000000001,0.018663242100700916,0.026493107004659233,0.01448396300891197,0.010573835954582611,0.01436146816708228,0.011794668857161072
1.3800000000000001,0.0186547891466029,0.026482082763341408,0.014483000696132065,0.010573127425050455,0.014341780559606221,0.011785842623695642
1.3820000000000001,0.01864633976656549,0.026471063078286505,0.014482038447201528,0.010572418944367001,0.014322119938087408,0.011777022995137942
1.3840000000000001,0.018637893965061103,0.026460047948304144,0.014481076262050419,0.010571710512500498,0.014302486265606706,0.011768209966544596
1.3860000000000001,0.01862945174641739,0.0264490373721884,0.014480114140610123,0.01057100212941986,0.014282879505293833,0.01175940353297622
1.3880000000000001,0.018621013114819895,0.026438031348717583,0.014479152082813807,0.010570293795094665,0.014263299620327352,0.011750603689496986
1.3900000000000001,0.018612578074315822,0.026427029876654684,0.014478190088596188,0.010569585509495383,0.01424374657393468,0.011741810431174615
1.3920000000000001,0.018604146628817375,0.02641603295474826,0.014477228157893762,0.01056887727259248,0.014224220329392079,0.011733023753080829
1.3940000000000001,0.018595718782105086,0.02640504058173221,0.014476266290644135,0.010568169084357537,0.014204720850024444,0.0117242436502909
1.3960000000000001,0.018587294537830257,0.026394052756326447,0.014475304486786467,0.010567460944762574,0.014185248099205516,0.011715470117884097
1.3980000000000001,0.018578873899518733,0.02638306947723712,0.01447434274626147,0.01056675285378006,0.014165802040357445,0.011706703150942799
1.4000000000000001,0.01857045687057335,0.02637209074315683,0.014473381069011193,0.010566044811383124,0.014146382636951227,0.011697942744553602
1.4020000000000001,0.018562043454277477,0.026361116552765296,0.014472419454978791,0.010565336817545568,0.014126989852506266,0.011689188893806435
1.4040000000000001,0.01855363365379703,0.026350146904729144,0.014471457904108975,0.01056462887224141,0.014107623650591039,0.011680441593795221
1.4060000000000001,0.01854522747218379,0.026339181797703004,0.014470496416347789,0.01056392097544534,0.014088283994821982,0.011671700839617216
1.408,0.01853682491237807,0.026328221230329074,0.014469534991642163,0.010563213127132487,0.014068970848864382,0.011662966626373672
1.41,0.01852842597721094,0.026317265201238005,0.014468573629940362,0.010562505327278426,0.014049684176432153,0.011654238949169393
1.412,0.01852003066940755,0.026306313709048457,0.014467612331191981,0.0105617975758594,0.014030423941287395,0.01164551780311296
1.414,0.01851163899158892,0.02629536675236821,0.014466651095347727,0.01056108987285187,0.014011190107240612,0.011636803183316502
1.416,0.018503250946274807,0.02628442432979372,0.014465689922359193,0.010560382218232967,0.013991982638150713,0.011628095084895707
1.418,0.018494866535885945,0.02627348643991123,0.014464728812179084,0.010559674611980041,0.013972801497925014,0.011619393502970254
1.42,0.018486485762746252,0.026262553081296103,0.014463767764761437,0.010558967054071111,0.013953646650519014,0.011610698432663158
1.422,0.01847810862908572,0.026251624252513706,0.014462806780061177,0.010558259544484416,0.01393451805993684,0.011602009869101204
1.424,0.018469735137041754,0.026240699952119417,0.014461845858034339,0.010557552083198862,0.01391541569023036,0.011593327807414955
1.426,0.018461365288662046,0.026229780178659068,0.014460884998637624,0.010556844670193355,0.013896339505499844,0.011584652242738303
1.428,0.018452999085906585,0.02621886493066894,0.014459924201829066,0.010556137305447466,0.01387728946989375,0.011575983170209136
1.43,0.018444636530649428,0.026207954206675987,0.014458963467567143,0.010555429988941212,0.013858265547608495,0.01156732058496912
1.432,0.01843627762468092,0.02619704800519851,0.014458002795811886,0.01055472272065483,0.013839267702888902,0.011558664482163028
1.434,0.018427922369709915,0.026186146324745918,0.014457042186523772,0.01055401550056878,0.013820295900027313,0.011550014856939628
1.436,0.018419570767365556,0.026175249163819192,0.014456081639664164,0.010553308328664412,0.013801350103364252,0.011541371704451242
1.438,0.018411222819198603,0.02616435652091087,0.014455121155195316,0.010552601204922851,0.013782430277288427,0.011532735019853968
1.44,0.01840287852668432,0.026153468394505497,0.01445416073308059,0.01055189412932589,0.013763536386236064,0.011524104798307233
1.442,0.018394537891223584,0.026142584783079625,0.014453200373283792,0.010551187101855541,0.01374466839469135,0.01151548103497424
1.444,0.018386200914144668,0.026131705685102258,0.014452240075769618,0.010550480122494266,0.013725826267186436,0.011506863725021965
1.446,0.018377867596705233,0.026120831099034847,0.01445127984050365,0.010549773191224743,0.013707009968300987,0.011498252863620939
1.448,0.01836953794009366,0.026109961023331518,0.014450319667451916,0.010549066308030097,0.013688219462662632,0.011489648445945244
1.45,0.018361211945431277,0.026099095456439292,0.014449359556581554,0.010548359472893454,0.013669454714946516,0.011481050467172516
1.452,0.018352889613773238,0.026088234396798526,0.014448399507860366,0.010547652685798603,0.013650715689875303,0.011472458922484163
1.454,0.01834457094611075,0.026077377842842475,0.0144474395212566,0.010546945946729558,0.013632002352219397,0.01146387380706515
1.456,0.01833625594337196,0.026066525792997952,0.014446479596739392,0.010546239255670331,0.013613314666796716,0.011455295116103992
1.458,0.01832794460642395,0.026055678245685554,0.014445519734278545,0.010545532612605601,0.0135946525984727,0.011446722844792978
1.46,0.01831963693607408,0.026044835199319438,0.014444559933844525,0.010544826017520048,0.013576016112159861,0.01143815698832773
1.462,0.01831133293307108,0.026033996652307767,0.014443600195408246,0.010544119470398794,0.01355740517281867,0.011429597541907865
1.464,0.01830303259810706,0.02602316260305293,0.014442640518941285,0.010543412971227406,0.013538819745456454,0.01142104450073611
1.466,0.018294735931818185,0.02601233304995132,0.01444168090441611,0.01054270651999123,0.013520259795128053,0.011412497860018966
1.468,0.01828644293478643,0.026001507991394,0.01444072135180563,0.010542000116676276,0.013501725286935606,0.011403957614966709
1.47,0.018278153607540926,0.025990687425766268,0.0144397618610832,0.010541293761268555,0.013483216186028324,0.011395423760793166
1.472,0.01826986795055885,0.025979871351448525,0.014438802432222841,0.010540587453754524,0.01346473245760249,0.01138689629271572
1.474,0.01826158596426697,0.025969059766815628,0.01443784306519924,0.01053988119412086,0.013446274066901465,0.011378375205955082
1.476,0.018253307649042982,0.02595825267023777,0.014436883759987307,0.010539174982354238,0.0134278409792159,0.011369860495735962
1.478,0.01824503300521596,0.025947450060079813,0.014435924516562837,0.010538468818442004,0.0134094331598833,0.011361352157286175
1.48,0.018236762033068343,0.025936651934702404,0.014434965334902072,0.010537762702371278,0.013391050574288021,0.011352850185837537
1.482,0.01822849473283661,0.02592585829246108,0.014434006214981698,0.010537056634129627,0.013372693187861495,0.011344354576625415
1.484,0.01822023110471238,0.025915069131707158,0.014433047156778844,0.010536350613704837,0.01335436096608178,0.011335865324888283
1.486,0.018211971148843764,0.025904284450787518,0.014432088160271306,0.010535644641084918,0.013336053874473786,0.011327382425868837
1.488,0.01820371486533623,0.02589350424804482,0.0144311292254371,0.010534938716258102,0.013317771878609275,0.011318905874812879
1.49,0.018195462254253503,0.0258827285218175,0.014430170352254912,0.01053423283921262,0.013299514944106416,0.011310435666969765
1.492,0.018187213315618678,0.025871957270440227,0.014429211540703646,0.01053352700993715,0.013281283036630454,0.011301971797592625
1.494,0.0181789680494151,0.025861190492243447,0.014428252790762874,0.010532821228420586,0.013263076121892814,0.011293514261938142
1.496,0.018170726455587705,0.02585042818555383,0.014427294102412613,0.010532115494651828,0.013244894165651555,0.011285063055266553
1.498,0.018162488534043453,0.0258396703486945,0.014426335475633323,0.010531409808619996,0.013226737133711364,0.011276618172841424
1.5,0.018154254284652227,0.025828916979985017,0.014425376910405685,0.010530704170314653,0.013208604991923334,0.011268179609930096
1.502,0.01814602370724816,0.0258181680777414,0.014424418406710826,0.010529998579725142,0.013190497706184523,0.01125974736180324
1.504,0.0181377968016303,0.025807423640276328,0.014423459964530316,0.010529293036841247,0.01317241524243884,0.011251321423735305
1.506,0.018129573567563284,0.025796683665899156,0.01442250158384617,0.010528587541652756,0.013154357566676156,0.011242901791004067
1.508,0.018121354004778212,0.025785948152915905,0.014421543264640846,0.010527882094149899,0.013136324644932751,0.011234488458891079
1.51,0.01811313811297377,0.02577521709962971,0.014420585006896802,0.010527176694322904,0.013118316443290867,0.011226081422681222
1.512,0.018104925891816448,0.025764490504340598,0.014419626810597386,0.010526471342162225,0.01310033292787871,0.011217680677663155
1.514,0.01809671734094187,0.02575376836534571,0.014418668675725721,0.010525766037658313,0.013082374064871116,0.011209286219128645
1.516,0.01808851245995502,0.025743050680939294,0.01441771060226582,0.010525060780801843,0.013064439820488216,0.011200898042373453
1.518,0.01808031124843157,0.025732337449412945,0.014416752590201698,0.01052435557158371,0.01304653016099655,0.011192516142696451
1.52,0.018072113705918103,0.025721628669055585,0.01441579463951781,0.010523650409994811,0.013028645052708399,0.011184140515400509
1.522,0.018063919831932784,0.025710924338153474,0.014414836750199056,0.010522945296026487,0.013010784461981784,0.01117577115579138
1.524,0.018055729625966688,0.025700224454990428,0.014413878922230339,0.010522240229670077,0.012992948355220468,0.01116740805917904
1.526,0.018047543087483797,0.0256895290178476,0.014412921155597003,0.010521535210916921,0.012975136698874179,0.011159051220876348
1.528,0.018039360215921674,0.025678838025004147,0.014411963450284837,0.010520830239758583,0.012957349459438383,0.011150700636200161
1.53,0.018031181010692565,0.025668151474737,0.014411005806279853,0.010520125316186846,0.012939586603453623,0.011142356300470446
1.532,0.018023005471183406,0.02565746936532043,0.014410048223568284,0.010519420440193272,0.012921848097506627,0.011134018209010943
1.534,0.01801483359675715,0.025646791695026705,0.014409090702136584,0.01051871561177009,0.012904133908229198,0.011125686357148723
1.536,0.018006665386752774,0.025636118462126323,0.014408133241971655,0.01051801083090953,0.012886444002298658,0.011117360740214632
1.538,0.017998500840486154,0.025625449664887556,0.014407175843060394,0.010517306097603596,0.012868778346437848,0.011109041353542626
1.54,0.01799033995725008,0.02561478530157668,0.014406218505390367,0.010516601411844517,0.012851136907414906,0.011100728192470655
1.542,0.0179821827363158,0.025604125370458197,0.01440526122894914,0.010515896773624966,0.012833519652043268,0.011092421252339557
1.544,0.017974029176932804,0.025593469869794605,0.0144043040137245,0.010515192182937394,0.012815926547181444,0.011084120528494168
1.546,0.01796587927832971,0.025582818797847073,0.01440334685970468,0.010514487639774472,0.012798357559733242,0.01107582601628243
1.548,0.01795773303971404,0.02557217215287455,0.01440238976687791,0.010513783144129096,0.012780812656647544,0.011067537711056064
1.55,0.017949590460274,0.025561529933134874,0.014401432735232644,0.010513078695993938,0.01276329180491853,0.011059255608169893
1.552,0.01794145153917781,0.025550892136883885,0.01440047576475778,0.010512374295362115,0.012745794971585012,0.011050979702982744
1.554,0.017933316275574818,0.02554025876237609,0.01439951885544244,0.010511669942226742,0.012728322123730651,0.011042709990856547
1.556,0.017925184668595495,0.02552962980786444,0.01439856200727574,0.010510965636580938,0.012710873228484632,0.01103444646715701
1.558,0.017917056717352553,0.025519005271600337,0.014397605220247245,0.01051026137841804,0.012693448253020323,0.01102618912725295
1.56,0.017908932420940937,0.025508385151834068,0.01439664849434652,0.010509557167731387,0.01267604716455617,0.011017937966516733
1.562,0.017900811778438053,0.02549776944681459,0.01439569182956335,0.01050885300451454,0.012658669930355249,0.011009692980324282
1.564,0.017892694788904873,0.025487158154789524,0.014394735225887967,0.01050814888876106,0.012641316517725487,0.011001454164055069
1.566,0.017884581451385495,0.025476551274005166,0.014393778683310376,0.010507444820464507,0.012623986894019223,0.0109932215130919
1.568,0.017876471764908253,0.025465948802706695,0.014392822201821254,0.010506740799618663,0.012606681026633426,0.01098499502282091
1.57,0.017868365728485935,0.025455350739138405,0.01439186578141105,0.010506036826217313,0.012589398883009473,0.010976774688632007
1.572,0.01786026334111579,0.025444757081543035,0.014390909422070663,0.01050533290025446,0.012572140430633372,0.010968560505918212
1.574,0.017852164601780407,0.025434167828162657,0.014389953123790988,0.01050462902172411,0.012554905637035318,0.010960352470076318
1.576,0.017844069509447946,0.025423582977238013,0.014388996886563143,0.010503925190620045,0.012537694469789917,0.010952150576506448
1.578,0.017835978063072133,0.025413002527009176,0.014388040710378469,0.010503221406936714,0.01252050689651596,0.010943954820612056
1.58,0.017827890261592927,0.025402426475715334,0.014387084595228528,0.010502517670668121,0.012503342884876645,0.010935765197800151
1.582,0.017819806103937186,0.02539185482159456,0.014386128541104881,0.010501813981808716,0.012486202402579138,0.01092758170348107
1.584,0.017811725589018224,0.025381287562884047,0.014385172547999314,0.010501110340352726,0.012469085417375014,0.010919404333068705
1.586,0.01780364871573692,0.025370724697820313,0.014384216615903833,0.0105004067462946,0.012451991897059367,0.010911233081980276
1.588,0.017795575482981496,0.025360166224639213,0.014383260744810444,0.010499703199628785,0.0124349218094717,0.010903067945636558
1.59,0.01778750588962774,0.02534961214157594,0.014382304934711376,0.010498999700349732,0.012417875122495259,0.010894908919461654
1.592,0.01777943993454012,0.02533906244686457,0.01438134918559908,0.010498296248452332,0.012400851804057256,0.010886755998883224
1.594,0.017771377616571105,0.025328517138738738,0.014380393497466004,0.010497592843931036,0.012383851822128644,0.010878609179332033
1.596,0.017763318934562067,0.025317976215431637,0.014379437870304823,0.010496889486780736,0.012366875144724343,0.010870468456242621
1.598,0.017755263887343498,0.02530743967517557,0.014378482304108209,0.010496186176996103,0.012349921739902792,0.010862333825052861
1.6,0.017747212473734786,0.025296907516202394,0.014377526798869278,0.01049548291457203,0.01233299157576595,0.010854205281203955
1.602,0.017739164692545106,0.025286379736743525,0.014376571354580925,0.010494779699503631,0.012316084620459522,0.010846082820140435
1.604,0.01773112054257342,0.02527585633502971,0.014375615971236266,0.010494076531785579,0.012299200842172953,0.010837966437310609
1.606,0.017723080022608917,0.025265337309291258,0.014374660648828641,0.010493373411412987,0.012282340209138765,0.010829856128165671
1.608,0.017715043131430797,0.025254822657758025,0.014373705387351388,0.010492670338380972,0.012265502689633223,0.010821751888160813
1.61,0.01770700986780893,0.025244312378659428,0.014372750186798067,0.010491967312684647,0.012248688251975892,0.010813653712754112
1.612,0.01769898023050409,0.025233806470224662,0.014371795047162239,0.01049126433431935,0.012231896864529412,0.010805561597407198
1.614,0.017690954218268162,0.025223304930682255,0.014370839968437688,0.010490561403280196,0.012215128495699945,0.010797475537585255
1.616,0.01768293182984393,0.025212807758260736,0.014369884950618195,0.0104898585195623,0.01219838311393695,0.010789395528756573
1.618,0.017674913063965958,0.025202314951188187,0.014368929993697765,0.010489155683161222,0.01218166068773252,0.01078132156639322
1.62,0.01766689791936038,0.02519182650769225,0.014367975097670405,0.010488452894072076,0.012164961185622492,0.010773253645970371
1.622,0.017658886394745332,0.02518134242600034,0.014367020262530339,0.01048775015229042,0.012148284576185109,0.01076519176296653
1.624,0.017650878488830957,0.02517086270433988,0.014366065488271573,0.010487047457811816,0.012131630828041917,0.01075713591286398
1.6260000000000001,0.017642874200319847,0.02516038734093784,0.014365110774888556,0.010486344810631598,0.012114999909857316,0.010749086091147886
1.6280000000000001,0.017634873527906825,0.025149916334020972,0.014364156122375737,0.010485642210745327,0.01209839179033878,0.01074104229330719
1.6300000000000001,0.01762687647027983,0.02513944968181603,0.014363201530727565,0.010484939658148562,0.012081806438236198,0.010733004514833944
1.6320000000000001,0.01761888302611969,0.025128987382549317,0.01436224699993871,0.010484237152836862,0.012065243822342309,0.01072497275122375
1.6340000000000001,0.01761089319409992,0.025118529434447368,0.014361292530003622,0.010483534694806007,0.012048703911492709,0.01071694699797554
1.6360000000000001,0.017602906972887578,0.025108075835736487,0.014360338120917193,0.01048283228405178,0.012032186674565626,0.01070892725059136
1.6380000000000001,0.01759492436114307,0.025097626584642763,0.014359383772674317,0.010482129920569738,0.012015692080481477,0.010700913504577025
1.6400000000000001,0.01758694535752059,0.02508718167939228,0.014358429485269886,0.010481427604355664,0.011999220098203756,0.010692905755441462
1.6420000000000001,0.01757896996066788,0.02507674111821112,0.014357475258699015,0.01048072533540556,0.011982770696738143,0.010684903998697148
1.6440000000000001,0.017570998169226693,0.025066304899325154,0.014356521092956598,0.010480023113714987,0.01196634384513251,0.010676908229859894
1.6460000000000001,0.01756302998183301,0.025055873020960684,0.014355566988037749,0.010479320939279946,0.011949939512477581,0.010668918444448616
1.6480000000000001,0.01755506539711682,0.025045445481343354,0.014354612943937806,0.010478618812096219,0.011933557667905825,0.010660934637985786
1.6500000000000001,0.017547104413702774,0.025035022278699248,0.014353658960651883,0.010477916732159809,0.011917198280592567,0.010652956805996983
1.6520000000000001,0.01753914703020998,0.025024603411254454,0.01435270503817554,0.01047721469946672,0.011900861319754652,0.01064498494401156
1.6540000000000001,0.017531193245251986,0.025014188877235277,0.014351751176504113,0.010476512714012953,0.01188454675465156,0.01063701904756198
1.6560000000000001,0.017523243057437687,0.025003778674867583,0.01435079737563294,0.010475810775794514,0.011868254554584512,0.010629059112184036
1.6580000000000001,0.017515296465370644,0.024993372802377678,0.014349843635557802,0.010475108884807405,0.011851984688896922,0.010621105133417075
1.6600000000000001,0.017507353467649533,0.02498297125799187,0.014348889956274258,0.010474407041047629,0.011835737126974166,0.010613157106803328
1.6620000000000001,0.017499414062868368,0.02497257403993669,0.014347936337777867,0.010473705244511411,0.011819511838243368,0.010605215027888804
1.6640000000000001,0.0174914782496165,0.02496218114643889,0.01434698278006441,0.010473003495194977,0.011803308792173617,0.010597278892222617
1.666,0.017483546026478836,0.024951792575724996,0.014346029283129669,0.01047230179309433,0.011787127958275967,0.010589348695357215
1.668,0.017475617392035847,0.024941408326021763,0.014345075846969424,0.010471600138205694,0.011770969306102774,0.010581424432848374
1.67,0.01746769234486356,0.024931028395556387,0.014344122471579679,0.010470898530525297,0.011754832805248583,0.010573506100255425
1.672,0.017459770883534453,0.024920652782556285,0.014343169156956215,0.01047019697004914,0.011738718425349237,0.010565593693140807
1.674,0.017451853006616336,0.024910281485248653,0.014342215903095257,0.01046949545677367,0.011722626136082104,0.010557687207070288
1.676,0.017443938712673246,0.02489991450186113,0.014341262709992808,0.010468793990695335,0.011706555907166072,0.010549786637612968
1.678,0.01743602800026567,0.024889551830621803,0.014340309577644872,0.01046809257181014,0.011690507708361775,0.010541891980341278
1.68,0.017428120867950314,0.02487919346975853,0.014339356506047674,0.010467391200114529,0.011674481509470924,0.01053400323083098
1.682,0.017420217314280118,0.024868839417499622,0.014338403495197216,0.010466689875604729,0.011658477280336754,0.010526120384661164
1.684,0.017412317337804684,0.024858489672073825,0.014337450545089947,0.010465988598277187,0.011642494990843799,0.010518243437414254
1.686,0.017404420937070286,0.02484814423170989,0.014336497655722091,0.010465287368128351,0.011626534610917894,0.010510372384675781
1.688,0.017396528110619647,0.024837803094637234,0.014335544827090096,0.010464586185154667,0.011610596110525728,0.01050250722203483
1.69,0.0173886388569926,0.02482746625908505,0.014334592059190188,0.010463885049352362,0.011594679459675294,0.010494647945083813
1.692,0.01738075317472565,0.02481713372328298,0.014333639352018812,0.010463183960717881,0.011578784628415661,0.010486794549418033
1.694,0.01737287106235219,0.024806805485461103,0.014332686705572417,0.010462482919247895,0.011562911586837199,0.010478947030636565
1.696,0.017364992518402955,0.024796481543849946,0.01433173411984745,0.010461781924938629,0.011547060305070689,0.010471105384341595
1.698,0.017357117541405787,0.024786161896680037,0.01433078159484058,0.010461080977786752,0.011531230753288213,0.010463269606138415
1.7,0.01734924612988542,0.024775846542182567,0.014329829130548255,0.010460380077788711,0.011515422901702488,0.01045543969163587
1.702,0.017341378282364373,0.02476553547858873,0.014328876726967144,0.010459679224940954,0.011499636720567086,0.010447615636445917
1.704,0.01733351399736227,0.02475522870413016,0.014327924384093915,0.01045897841924015,0.011483872180176435,0.010439797436184062
1.706,0.017325653273396302,0.024744926217039165,0.014326972101925017,0.010458277660682747,0.0114681292508656,0.010431985086468698
1.708,0.01731779610898121,0.024734628015548266,0.014326019880457341,0.010457576949265412,0.011452407903010275,0.010424178582921995
1.71,0.017309942502629516,0.02472433409788999,0.014325067719687778,0.010456876284984817,0.011436708107026572,0.010416377921168785
1.712,0.01730209245285108,0.024714044462297746,0.014324115619612998,0.010456175667837408,0.011421029833371232,0.010408583096837676
1.714,0.017294245958153986,0.024703759107005174,0.01432316358022967,0.010455475097819855,0.011405373052541412,0.010400794105560385
1.716,0.01728640301704365,0.024693478030246352,0.014322211601534685,0.010454774574928605,0.011389737735074679,0.010393010942971959
1.718,0.017278563628023713,0.024683201230255802,0.014321259683524934,0.010454074099160549,0.011374123851549234,0.010385233604710553
1.72,0.01727072778959582,0.02467292870526827,0.01432030782619731,0.010453373670512356,0.011358531372583025,0.010377462086417655
1.722,0.017262895500259612,0.024662660453518948,0.014319356029548924,0.010452673288980474,0.011342960268834856,0.010369696383737859
1.724,0.017255066758512738,0.02465239647324391,0.014318404293576448,0.010451972954561795,0.011327410511003277,0.010361936492319535
1.726,0.017247241562851068,0.024642136762679012,0.014317452618276993,0.010451272667252764,0.01131188206982725,0.010354182407813717
1.728,0.017239419911768694,0.024631881320061,0.014316501003647675,0.010450572427050275,0.011296374916085705,0.010346434125874993
1.73,0.017231601803757934,0.024621630143626838,0.014315549449685383,0.010449872233950996,0.01128088902059754,0.01033869164216128
1.732,0.01722378723730955,0.02461138323161416,0.014314597956387232,0.010449172087951819,0.01126542435422162,0.010330954952333382
1.734,0.01721597621091253,0.02460114058226104,0.014313646523750334,0.010448471989049413,0.01124998088785678,0.01032322405205588
1.736,0.01720816872305453,0.024590902193805997,0.014312695151771582,0.010447771937240447,0.011234558592441823,0.010315498936996015
1.738,0.017200364772221644,0.024580668064487776,0.01431174384044831,0.01044707193252159,0.011219157438955296,0.010307779602824807
1.74,0.0171925643568982,0.024570438192546007,0.014310792589777632,0.010446371974889734,0.011203777398415493,0.01030006604521616
1.742,0.01718476747556763,0.02456021257622054,0.014309841399756884,0.010445672064341771,0.011188418441880454,0.010292358259847312
1.744,0.01717697412671182,0.024549991213751676,0.014308890270382957,0.01044497220087437,0.011173080540447744,0.010284656242398604
1.746,0.017169184308811314,0.024539774103380374,0.014307939201653186,0.010444272384484421,0.01115776366525445,0.010276959988553935
1.748,0.01716139802034533,0.024529561243348263,0.014306988193564907,0.010443572615168595,0.011142467787477628,0.01026926949400031
1.75,0.017153615259791977,0.024519352631897195,0.014306037246115455,0.010442872892923782,0.011127192878333414,0.010261584754427844
1.752,0.017145836025628247,0.024509148267269687,0.014305086359301944,0.010442173217746875,0.011111938909077468,0.01025390576552998
1.754,0.017138060316330028,0.024498948147708477,0.014304135533121709,0.010441473589634542,0.011096705851004973,0.010246232523003274
1.756,0.017130288130372096,0.024488752271457415,0.014303184767571864,0.010440774008583675,0.011081493675450194,0.010238565022547386
1.758,0.017122519466228114,0.02447856063676035,0.014302234062649966,0.010440074474591388,0.011066302353786917,0.010230903259865753
1.76,0.017114754322370862,0.024468373241861796,0.01430128341835335,0.010439374987654348,0.01105113185742801,0.010223247230664478
1.762,0.017106992697272005,0.024458190085006937,0.014300332834679352,0.010438675547769227,0.011035982157825641,0.010215596930652993
1.764,0.017099234589402545,0.024448011164441397,0.01429938231162553,0.010437976154933137,0.011020853226471061,0.010207952355544059
1.766,0.017091479997232373,0.024437836478411468,0.014298431849188997,0.01043727680914297,0.011005745034894376,0.010200313501053548
1.768,0.017083728919230712,0.024427666025163886,0.01429748144736731,0.010436577510395617,0.010990657554664995,0.010192680362900663
1.77,0.0170759813538659,0.02441749980294583,0.014296531106157806,0.01043587825868797,0.010975590757391185,0.010185052936807715
1.772,0.017068237299605604,0.02440733781000537,0.01429558082555804,0.010435179054016919,0.010960544614719847,0.010177431218500121
1.774,0.017060496754916832,0.024397180044590794,0.014294630605565573,0.010434479896379356,0.010945519098337186,0.010169815203706634
1.776,0.017052759718265476,0.02438702650495106,0.014293680446177737,0.010433780785772173,0.01093051417996782,0.010162204888159332
1.778,0.017045026188117207,0.02437687718933579,0.01429273034739209,0.010433081722192483,0.010915529831375448,0.010154600267593183
1.78,0.017037296162937032,0.02436673209599527,0.01429178030920597,0.010432382705636956,0.01090056602436218,0.010147001337746486
1.782,0.01702956964118907,0.024356591223180013,0.014290830331617155,0.010431683736102704,0.010885622730768985,0.010139408094360869
1.784,0.01702184662133699,0.024346454569141418,0.01428988041462298,0.010430984813586619,0.010870699922475024,0.010131820533180846
1.786,0.017014127101844023,0.024336322132131327,0.014288930558221002,0.010430285938085815,0.01085579757139854,0.010124238649954265
1.788,0.017006411081172956,0.02432619391040225,0.01428798076240878,0.01042958710959696,0.010840915649495964,0.0101166624404323
1.79,0.016998698557785907,0.024316069902207138,0.014287031027183872,0.01042888832811717,0.010826054128762141,0.010109091900369238
1.792,0.016990989530144773,0.024305950105799612,0.014286081352544056,0.010428189593643555,0.010811212981230334,0.01010152702552225
1.794,0.016983283996710563,0.02429583451943418,0.014285131738486667,0.010427490906172787,0.010796392178971992,0.01009396781165206
1.796,0.016975581955944508,0.024285723141365345,0.014284182185009486,0.010426792265701978,0.010781591694097203,0.010086414254522502
1.798,0.01696788340630695,0.02427561596984873,0.01428323269211007,0.010426093672228243,0.010766811498754025,0.010078866349900295
1.8,0.01696018834625801,0.024265513003140393,0.014282283259785977,0.010425395125748471,0.010752051565128484,0.010071324093555711
1.802,0.016952496774257808,0.024255414239497064,0.014281333888034764,0.010424696626259555,0.010737311865445243,0.01006378748126191
1.804,0.0169448086887658,0.024245319677175914,0.01428038457685421,0.010423998173758608,0.010722592371966488,0.010056256508795158
1.806,0.016937124088241218,0.02423522931443478,0.014279435326242096,0.010423299768242744,0.010707893056992823,0.010048731171935277
1.808,0.01692944297114307,0.02422514314953217,0.014278486136195756,0.010422601409708854,0.010693213892862596,0.010041211466464972
1.81,0.016921765335930372,0.02421506118072725,0.014277537006713192,0.010421903098153829,0.010678554851952127,0.01003369738817006
1.812,0.016914091181061686,0.024204983406279634,0.01427658793779174,0.010421204833574782,0.01066391590667548,0.010026188932839464
1.814,0.016906420504995356,0.024194909824449606,0.014275638929429402,0.010420506615968828,0.010649297029484917,0.010018686096265661
1.816,0.01689875330618973,0.024184840433498334,0.014274689981623734,0.010419808445332857,0.010634698192869996,0.010011188874243793
1.818,0.016891089583102703,0.024174775231687207,0.014273741094372294,0.010419110321663982,0.010620119369358028,0.010003697262572553
1.82,0.0168834293341924,0.024164714217278505,0.014272792267673085,0.010418412244959319,0.010605560531514291,0.0099962112570533
1.822,0.016875772557916724,0.024154657388535172,0.014271843501523662,0.010417714215215756,0.010591021651941368,0.009988730853490946
1.824,0.01686811925273357,0.0241446047437206,0.014270894795921807,0.010417016232430187,0.010576502703279589,0.00998125604769351
1.826,0.0168604694171004,0.02413455628109884,0.014269946150865076,0.010416318296599947,0.010562003658206587,0.009973786835471898
1.828,0.016852823049475107,0.024124511998934617,0.014268997566351471,0.010415620407721926,0.01054752448943752,0.009966323212640349
1.83,0.016845180148315375,0.02411447189549354,0.01426804904237855,0.010414922565793239,0.010533065169725075,0.009958865175016207
1.832,0.016837540712078658,0.024104435969041438,0.014267100578944092,0.010414224770810998,0.010518625671859017,0.009951412718419927
1.834,0.016829904739222634,0.02409440421784481,0.014266152176045876,0.010413527022772096,0.010504205968666636,0.009943965838675295
1.836,0.016822272228204982,0.024084376640171268,0.014265203833681683,0.010412829321673645,0.010489806033012306,0.00993652453160876
1.838,0.01681464317748338,0.024074353234288415,0.014264255551849292,0.010412131667512758,0.010475425837797703,0.0099290887930501
1.84,0.016807017585515505,0.02406433399846497,0.014263307330546482,0.01041143406028655,0.010461065355961807,0.00992165861883243
1.842,0.016799395450759036,0.02405431893097032,0.014262359169771033,0.010410736499991913,0.010446724560480236,0.009914234004791744
1.844,0.016791776771672096,0.02404430803007407,0.014261411069520724,0.010410038986625958,0.01043240342436591,0.00990681494676715
1.846,0.016784161546712584,0.024034301294046934,0.014260463029793335,0.0104093415201858,0.010418101920668832,0.009899401440601086
1.848,0.0167765497743384,0.024024298721160076,0.014259515050586646,0.010408644100668552,0.010403820022475863,0.009891993482138872
1.85,0.01676894145300789,0.0240143003096851,0.014258567131898436,0.010407946728071327,0.010389557702910723,0.009884591067229165
1.852,0.016761336581179398,0.02400430605789472,0.014257619273726485,0.010407249402391239,0.010375314935133773,0.009877194191723504
1.854,0.016753735157311267,0.023994315964061874,0.014256671476068794,0.010406552123625179,0.01036109169234245,0.009869802851476539
1.856,0.016746137179862286,0.023984330026460388,0.014255723738923143,0.010405854891770261,0.010346887947771055,0.009862417042346028
1.858,0.016738542647291244,0.02397434824336475,0.014254776062287311,0.01040515770682382,0.01033270367469008,0.009855036760193059
1.86,0.01673095155805715,0.023964370613050123,0.014253828446159078,0.010404460568782747,0.0103185388464071,0.009847662000881607
1.862,0.016723363910619016,0.023954397133792105,0.014252880890536224,0.010403763477644157,0.010304393436266102,0.00984029276027898
1.864,0.016715779703436517,0.023944427803867185,0.01425193339541675,0.010403066433405161,0.010290267417647492,0.009832929034255145
1.866,0.01670819893496911,0.02393446262155252,0.014250985960798213,0.010402369436062653,0.010276160763968312,0.009825570818683627
1.868,0.01670062160367669,0.023924501585125713,0.014250038586678837,0.010401672485613966,0.010262073448682019,0.009818218109440613
1.87,0.016693047708019382,0.023914544692865247,0.01424909127305618,0.010400975582056216,0.010248005445278485,0.009810870902405622
1.872,0.016685477246457525,0.023904591943050058,0.014248144019928244,0.010400278725386514,0.010233956727283777,0.00980352919346128
1.874,0.016677910217451908,0.023894643333959964,0.014247196827292807,0.010399581915601752,0.010219927268260376,0.009796192978493101
1.8760000000000001,0.016670346619463094,0.023884698863875453,0.01424624969514765,0.010398885152699266,0.010205917041807178,0.00978886225338993
1.8780000000000001,0.016662786450952538,0.023874758531077456,0.014245302623490774,0.010398188436675948,0.010191926021558828,0.009781537014043717
1.8800000000000001,0.01665522971038169,0.02386482233384757,0.014244355612319959,0.010397491767529132,0.010177954181186388,0.009774217256349083
1.8820000000000001,0.01664767639621223,0.023854890270468276,0.014243408661633206,0.01039679514525571,0.010164001494397112,0.009766902976204195
1.8840000000000001,0.016640126506906272,0.02384496233922273,0.014242461771428294,0.010396098569853018,0.010150067934934004,0.009759594169509889
1.8860000000000001,0.01663258004092616,0.023835038538394526,0.014241514941703004,0.010395402041317947,0.01013615347657626,0.00975229083217033
1.8880000000000001,0.016625036996734677,0.023825118866268147,0.014240568172455337,0.010394705559647832,0.010122258093138825,0.009744992960092569
1.8900000000000001,0.016617497372795054,0.02381520332112874,0.014239621463683072,0.010394009124839565,0.01010838175847284,0.00973770054918699
1.8920000000000001,0.01660996116757052,0.023805291901261905,0.014238674815384211,0.010393312736890481,0.01009452444646497,0.009730413595366638
1.8940000000000001,0.01660242837952497,0.023795384604954117,0.014237728227556534,0.010392616395797472,0.010080686131037853,0.009723132094548115
1.8960000000000001,0.01659489900712252,0.023785481430492528,0.014236781700198042,0.010391920101557872,0.010066866786150097,0.009715856042650683
1.8980000000000001,0.016587373048827514,0.023775582376164728,0.014235835233306515,0.010391223854168796,0.010053066385795395,0.009708585435596717
1.9000000000000001,0.016579850503105176,0.023765687440259198,0.014234888826879732,0.010390527653627135,0.010039284904003631,0.009701320269311697
1.9020000000000001,0.016572331368420512,0.023755796621065084,0.014233942480915918,0.010389831499930224,0.010025522314839996,0.009694060539724214
1.9040000000000001,0.016564815643239195,0.0237459099168722,0.014232996195412628,0.010389135393075177,0.01001177859240543,0.009686806242765966
1.9060000000000001,0.01655730332602734,0.02373602732597102,0.014232049970367866,0.010388439333059107,0.009998053710836174,0.009679557374371317
1.9080000000000001,0.016549794415251506,0.023726148846652695,0.014231103805779632,0.010387743319879128,0.009984347644304004,0.009672313930478182
1.9100000000000001,0.016542288909378478,0.02371627447720903,0.014230157701645707,0.010387047353532353,0.009970660367016215,0.009665075907027143
1.9120000000000001,0.0165347868068757,0.023706404215932286,0.014229211657964091,0.010386351434015895,0.009956991853215413,0.00965784329996211
1.9140000000000001,0.016527288106210625,0.023696538061115824,0.014228265674732565,0.010385655561326868,0.009943342077179285,0.009650616105229659
1.9160000000000001,0.016519792805851585,0.023686676011053454,0.01422731975194913,0.010384959735462385,0.009929711013221043,0.009643394318779919
1.9180000000000001,0.01651230090426714,0.023676818064039873,0.014226373889611565,0.01038426395641956,0.009916098635688986,0.00963617793656546
1.92,0.016504812399926516,0.02366696421837,0.014225428087717873,0.010383568224195505,0.009902504918966493,0.009628966954542184
1.922,0.016497327291298935,0.02365711447233987,0.014224482346265832,0.010382872538787558,0.009888929837472471,0.009621761368669102
1.924,0.01648984557685451,0.02364726882424595,0.014223536665253445,0.010382176900192608,0.009875373365660245,0.00961456117490811
1.926,0.01648236725506358,0.023637427272385603,0.014222591044678712,0.010381481308407992,0.009861835478018666,0.009607366369224213
1.928,0.016474892324396917,0.023627589815056638,0.014221645484539414,0.010380785763430822,0.009848316149071445,0.009600176947585304
1.93,0.01646742078332597,0.023617756450557748,0.014220699984833551,0.010380090265258213,0.009834815353376936,0.009592992905962383
1.932,0.016459952630322627,0.023607927177188293,0.014219754545559127,0.010379394813887277,0.009821333065528792,0.00958581424032956
1.934,0.016452487863859,0.023598101993248077,0.01421880916671392,0.010378699409315129,0.00980786926015531,0.00957864094666383
1.936,0.016445026482407865,0.023588280897037794,0.014217863848295709,0.01037800405153888,0.009794423911919425,0.009571473020945076
1.938,0.016437568484442666,0.023578463886858803,0.014216918590302496,0.010377308740555646,0.009780996995518931,0.009564310459156511
1.94,0.01643011386843707,0.023568650961013127,0.014215973392732284,0.010376613476362762,0.009767588485686485,0.009557153257284012
1.942,0.016422662632865404,0.023558842117803458,0.014215028255583073,0.010375918258957118,0.009754198357188937,0.009550001411316567
1.944,0.016415214776202225,0.023549037355533153,0.014214083178852643,0.01037522308833605,0.009740826584828,0.00954285491724649
1.946,0.016407770296922974,0.023539236672506236,0.014213138162538774,0.010374527964496671,0.009727473143440024,0.009535713771068544
1.948,0.016400329193503316,0.023529440067027618,0.01421219320663969,0.010373832887436096,0.009714138007895778,0.009528577968781038
1.95,0.0163928914644198,0.023519647537402655,0.014211248311153168,0.010373137857151438,0.009700821153100447,0.00952144750638495
1.952,0.016385457108148982,0.023509859081937368,0.01421030347607699,0.010372442873639809,0.00968752255399341,0.009514322379884144
1.954,0.0163780261231683,0.023500074698938445,0.014209358701409158,0.010371747936898323,0.009674242185548687,0.009507202585285812
1.956,0.016370598507955636,0.023490294386713684,0.014208413987147672,0.010371053046924317,0.00966098002277449,0.009500088118599814
1.958,0.01636317426098932,0.023480518143571105,0.014207469333290312,0.01037035820371468,0.00964773604071345,0.009492978975839339
1.96,0.01635575338074835,0.023470745967819395,0.014206524739835302,0.01036966340726675,0.009634510214442171,0.00948587515302024
1.962,0.01634833586571216,0.02346097785776835,0.0142055802067802,0.010368968657577637,0.00962130251907145,0.00947877664616148
1.964,0.016340921714360634,0.02345121381172799,0.014204635734123228,0.010368273954644458,0.009608112929746504,0.009471683451284907
1.966,0.016333510925174544,0.02344145382800944,0.014203691321862166,0.010367579298464324,0.009594941421646075,0.009464595564415479
1.968,0.01632610349663488,0.023431697904924054,0.014202746969994795,0.010366884689034572,0.009581787969983546,0.009457512981581262
1.97,0.016318699427223304,0.02342194604078429,0.014201802678519115,0.010366190126352093,0.00956865255000583,0.009450435698812987
1.972,0.016311298715421918,0.02341219823390306,0.014200858447433129,0.010365495610414222,0.009555535136993809,0.009443363712144492
1.974,0.01630390135971349,0.023402454482593926,0.014199914276734837,0.010364801141218072,0.009542435706262564,0.009436297017612505
1.976,0.016296507358581458,0.023392714785171353,0.01419897016642202,0.010364106718760757,0.009529354233160703,0.009429235611256859
1.978,0.0162891167105097,0.023382979139950244,0.014198026116492679,0.010363412343039391,0.009516290693070806,0.009422179489120497
1.98,0.016281729413982537,0.023373247545246167,0.014197082126944593,0.010362718014051087,0.009503245061408983,0.009415128647248805
1.982,0.016274345467485185,0.023363519999375804,0.014196138197775765,0.01036202373179318,0.009490217313625315,0.0094080830816905
1.984,0.016266964869503076,0.023353796500656054,0.014195194328984195,0.010361329496262561,0.009477207425203416,0.009401042788497405
1.986,0.01625958761852231,0.02334407704740471,0.014194250520567664,0.010360635307456567,0.009464215371660423,0.009394007763723788
1.988,0.01625221371302965,0.023334361637940226,0.014193306772524172,0.01035994116537231,0.009451241128547005,0.009386978003427249
1.99,0.01624484315151231,0.023324650270581726,0.014192363084851722,0.010359247070006905,0.009438284671447583,0.009379953503668492
1.992,0.01623747593245839,0.023314942943648997,0.014191419457548093,0.010358553021357464,0.009425345975979882,0.009372934260510668
1.994,0.016230112054356205,0.023305239655462717,0.014190475890611287,0.010357859019421323,0.009412425017795156,0.009365920270020256
1.996,0.016222751515694966,0.023295540404343784,0.014189532384039083,0.010357165064195373,0.009399521772577968,0.0093589115282664
1.998,0.016215394314964104,0.023285845188614207,0.014188588937829483,0.01035647115567695,0.009386636216046185,0.009351908031321354
2.0,0.016208040450653938,0.02327615400659666,0.014187645551980488,0.010355777293863166,0.009373768323950982,0.00934490977526048
2.0020000000000002,0.01620068992125523,0.023266466856614265,0.014186702226489878,0.010355083478751137,0.009360918072076618,0.009337916756161802
2.004,0.016193342725259408,0.023256783736990805,0.014185758961355655,0.010354389710338197,0.009348085436240883,0.009330928970106456
2.0060000000000002,0.016185998861158346,0.023247104646051175,0.01418481575657582,0.010353695988621237,0.009335270392294426,0.009323946413178241
2.008,0.016178658327444806,0.023237429582120495,0.014183872612148152,0.010353002313597592,0.009322472916121205,0.009316969081464288
2.0100000000000002,0.01617132112261177,0.023227758543524768,0.014182929528070654,0.010352308685264155,0.00930969298363804,0.00930999697105439
2.012,0.016163987245153333,0.023218091528590667,0.014181986504341104,0.010351615103618261,0.009296930570795059,0.00930303007804123
2.0140000000000002,0.016156656693563587,0.02320842853564553,0.014181043540957505,0.010350921568657245,0.009284185653575028,0.009296068398520596
2.016,0.016149329466337736,0.023198769563017585,0.014180100637917858,0.010350228080377999,0.009271458207993799,0.009289111928591165
2.0180000000000002,0.016142005561971207,0.023189114609035277,0.014179157795219943,0.010349534638777635,0.009258748210100087,0.009282160664354278
2.02,0.016134684978960312,0.023179463672028167,0.014178215012861761,0.01034884124385349,0.00924605563597547,0.009275214601914605
2.0220000000000002,0.01612736771580181,0.023169816750326477,0.014177272290841314,0.010348147895602677,0.009233380461734386,0.009268273737379262
2.024,0.016120053770993126,0.02316017384226088,0.014176329629156381,0.01034745459402231,0.009220722663523695,0.009261338066858693
2.0260000000000002,0.01611274314303235,0.023150534946162704,0.014175387027804964,0.0103467613391095,0.009208082217523117,0.009254407586466007
2.028,0.016105435830418013,0.023140900060364178,0.014174444486784843,0.010346068130861363,0.009195459099945236,0.009247482292317422
2.0300000000000002,0.016098131831649543,0.02313126918319819,0.014173502006094019,0.010345374969275234,0.009182853287035053,0.009240562180532041
2.032,0.01609083114522658,0.023121642312998292,0.014172559585730271,0.010344681854348226,0.009170264755070212,0.009233647247231636
2.0340000000000003,0.01608353376964966,0.02311201944809871,0.014171617225691602,0.010343988786077452,0.009157693480360773,0.00922673748854086
2.036,0.01607623970341998,0.023102400586834326,0.014170674925976012,0.010343295764460025,0.009145139439249439,0.009219832900587699
2.0380000000000003,0.016068948945039185,0.023092785727540477,0.014169732686581282,0.01034260278949306,0.009132602608111107,0.009212933479502583
2.04,0.016061661493009582,0.023083174868553602,0.014168790507505413,0.01034190986117367,0.009120082963353315,0.009206039221419049
2.0420000000000003,0.016054377345834148,0.02307356800821081,0.014167848388746185,0.01034121697949919,0.009107580481415578,0.00919915012247352
2.044,0.016047096502016522,0.02306396514484943,0.014166906330301599,0.010340524144466512,0.009095095138770048,0.009192266178805308
2.0460000000000003,0.016039818960060792,0.023054366276807903,0.014165964332169656,0.01033983135607297,0.009082626911921077,0.00918538738655661
2.048,0.01603254471847171,0.023044771402425335,0.014165022394348137,0.01033913861431568,0.00907017577740521,0.009178513741872507
2.05,0.01602527377575491,0.023035180520041276,0.01416408051683482,0.010338445919191974,0.00905774171179119,0.009171645240900972
2.052,0.016018006130416262,0.023025593627995944,0.014163138699627709,0.010337753270698746,0.009045324691679513,0.00916478187979286
2.054,0.016010741780962734,0.023016010724630664,0.014162196942724803,0.010337060668833331,0.009032924693703315,0.009157923654701916
2.056,0.01600348072590152,0.023006431808286987,0.014161255246123883,0.01033636811359262,0.009020541694527484,0.009151070561784547
2.058,0.01599622296374048,0.022996856877307348,0.01416031360982295,0.010335675604973948,0.009008175670848884,0.009144222597200269
2.06,0.015988968492988365,0.02298728593003485,0.014159372033819784,0.01033498314297443,0.008995826599396128,0.009137379757111486
2.062,0.015981717312154142,0.022977718964813265,0.014158430518112386,0.0103342907275914,0.008983494456930252,0.009130542037683487
2.064,0.015974469419747894,0.022968155979987248,0.014157489062698758,0.01033359835882175,0.008971179220243597,0.009123709435084226
2.066,0.015967224814279923,0.02295859697390168,0.01415654766757668,0.010332906036662814,0.008958880866160701,0.009116881945484767
2.068,0.01595998349426142,0.02294904194490255,0.01415560633274393,0.010332213761111486,0.008946599371537856,0.009110059565058837
2.07,0.015952745458204243,0.02293949089133629,0.014154665058198512,0.0103315215321651,0.008934334713262881,0.009103242289983271
2.072,0.01594551070462047,0.022929943811550002,0.014153723843938204,0.01033082934982077,0.008922086868255352,0.00909643011643757
2.074,0.01593827923202329,0.022920400703891675,0.014152782689961008,0.01033013721407583,0.008909855813466594,0.009089623040604122
2.076,0.015931051038926336,0.02291086156670974,0.014151841596264925,0.010329445124927172,0.00889764152587924,0.009082821058667978
2.078,0.01592382612384391,0.022901326398353516,0.014150900562847735,0.010328753082372133,0.00888544398250768,0.00907602416681752
2.08,0.015916604485290975,0.022891795197172993,0.014149959589707217,0.010328061086407825,0.008873263160398048,0.009069232361243573
2.082,0.015909386121782942,0.0228822679615186,0.014149018676841374,0.01032736913703114,0.008861099036627351,0.009062445638140071
2.084,0.01590217103183611,0.022872744689741653,0.014148077824248206,0.010326677234239634,0.008848951588304566,0.009055663993703389
2.086,0.01589495921396722,0.02286322538019414,0.014147137031925494,0.0103259853780302,0.008836820792569977,0.009048887424133456
2.088,0.01588775066669368,0.022853710031228713,0.014146196299871017,0.010325293568399951,0.008824706626594958,0.009042115925632421
2.09,0.015880545388533784,0.022844198641198687,0.014145255628082776,0.010324601805346223,0.008812609067582189,0.00903534949440532
2.092,0.015873343378006055,0.022834691208458047,0.01414431501655855,0.010323910088865906,0.00880052809276588,0.00902858812666052
2.094,0.01586614463363012,0.02282518773136144,0.014143374465296343,0.010323218418956337,0.008788463679411107,0.009021831818608606
2.096,0.015858949153925828,0.022815688208264184,0.014142433974294155,0.010322526795614628,0.008776415804814475,0.009015080566463496
2.098,0.01585175693741392,0.022806192637522482,0.014141493543549544,0.010321835218837894,0.008764384446303453,0.00900833436644155
2.1,0.015844567982615576,0.022796701017492982,0.01414055317306051,0.010321143688623469,0.008752369581236596,0.009001593214762238
2.102,0.01583738228805287,0.022787213346532997,0.014139612862825057,0.010320452204968245,0.008740371187003548,0.008994857107647691
2.104,0.015830199852248317,0.02277772962300073,0.014138672612840963,0.010319760767869557,0.008728389241025036,0.008988126041323152
2.106,0.015823020673725097,0.02276824984525483,0.01413773242310623,0.010319069377324519,0.008716423720752653,0.008981400012016305
2.108,0.01581584475100728,0.022758774011654603,0.014136792293618639,0.010318378033330244,0.008704474603668855,0.008974679015957943
2.11,0.015808672082619157,0.022749302120560255,0.014135852224375967,0.010317686735883846,0.008692541867287185,0.008967963049381522
2.112,0.01580150266708613,0.02273983417033265,0.014134912215376216,0.010316995484982439,0.008680625489151828,0.008961252108523166
2.114,0.015794336502933826,0.022730370159333324,0.014133972266617167,0.010316304280623356,0.00866872544683761,0.008954546189622326
2.116,0.015787173588688752,0.02272091008592425,0.014133032378096821,0.01031561312280349,0.008656841717950448,0.008947845288920675
2.118,0.01578001392287809,0.022711453948468296,0.014132092549812958,0.010314922011520178,0.008644974280126672,0.008941149402663218
2.12,0.01577285750402946,0.022702001745328992,0.014131152781763356,0.01031423094677053,0.008633123111033258,0.0089344585270974
2.122,0.01576570433067115,0.022692553474870536,0.014130213073946019,0.010313539928551663,0.008621288188368048,0.008927772658473554
2.124,0.015758554401332336,0.02268310913545779,0.014129273426358724,0.010312848956860687,0.008609469489859523,0.0089210917930449
2.126,0.015751407714542642,0.022673668725456064,0.014128333838999474,0.010312158031694718,0.00859766699326614,0.00891441592706732
2.128,0.015744264268832353,0.022664232243231774,0.014127394311866048,0.01031146715305109,0.008585880676377444,0.00890774505679981
2.13,0.015737124062732644,0.022654799687151783,0.014126454844956227,0.010310776320926696,0.008574110517012956,0.008901079178503801
2.132,0.01572998709477491,0.02264537105558362,0.01412551543826801,0.01031008553531887,0.00856235649302306,0.00889441828844384
2.134,0.01572285336349144,0.022635946346895475,0.01412457609179918,0.010309394796224725,0.008550618582288116,0.008887762382887132
2.136,0.015715722867415183,0.022626525559456212,0.014123636805547735,0.010308704103641375,0.008538896762719128,0.008881111458103552
2.138,0.015708595605079534,0.02261710869163558,0.014122697579511234,0.010308013457565934,0.008527191012257074,0.008874465510365859
2.14,0.015701471575019,0.02260769574180377,0.014121758413687902,0.010307322857995738,0.008515501308873352,0.008867824535949476
2.142,0.015694350775768084,0.02259828670833164,0.014120819308075294,0.010306632304927676,0.00850382763056956,0.008861188531132935
2.144,0.015687233205862627,0.022588881589590715,0.014119880262671414,0.010305941798359086,0.008492169955377493,0.008854557492197435
2.146,0.015680118863838466,0.02257948038395341,0.01411894127747404,0.010305251338286858,0.008480528261358922,0.008847931415426613
2.148,0.015673007748232548,0.02257008308979258,0.014118002352481174,0.010304560924708328,0.008468902526605593,0.008841310297107441
2.15,0.015665899857582266,0.022560689705481973,0.014117063487690373,0.010303870557620609,0.008457292729239674,0.00883469413352933
2.152,0.01565879519042568,0.022551300229396,0.014116124683099862,0.010303180237020815,0.008445698847412864,0.00882808292098436
2.154,0.01565169374530151,0.022541914659909512,0.014115185938707198,0.01030248996290628,0.008434120859307281,0.008821476655767713
2.156,0.01564459552074915,0.022532532995398036,0.014114247254510381,0.010301799735273898,0.008422558743134578,0.008814875334177241
2.158,0.015637500515308655,0.02252315523423798,0.014113308630507193,0.01030110955412078,0.008411012477136381,0.008808278952513238
2.16,0.01563040872752053,0.02251378137480642,0.014112370066695412,0.010300419419444262,0.008399482039584294,0.008801687507079325
2.162,0.015623320155926157,0.022504411415480874,0.01411143156307304,0.010299729331241458,0.008387967408779451,0.00879510099418157
2.164,0.015616234799067596,0.022495045354639753,0.014110493119637857,0.010299039289509482,0.008376468563052963,0.008788519410128703
2.166,0.015609152655487568,0.02248568319066213,0.014109554736387642,0.010298349294245446,0.008364985480765696,0.008781942751232341
2.168,0.015602073723729015,0.022476324921927526,0.014108616413320396,0.010297659345446464,0.008353518140307825,0.008775371013806987
2.17,0.015594998002336213,0.022466970546816345,0.0141076781504339,0.01029696944310965,0.0083420665200995,0.00876880419416981
2.172,0.015587925489853438,0.02245762006370966,0.014106739947725933,0.010296279587232338,0.008330630598590183,0.008762242288640643
2.174,0.015580856184825853,0.02244827347098921,0.014105801805194274,0.01029558977781142,0.008319210354259088,0.008755685293541982
2.176,0.01557379008579951,0.0224389307670374,0.014104863722836924,0.010294900014844233,0.008307805765614962,0.008749133205199433
2.178,0.015566727191320906,0.022429591950237082,0.014103925700651665,0.010294210298327888,0.00829641681119564,0.008742586019941045
2.18,0.01555966749993698,0.02242025701897199,0.014102987738636275,0.0102935206282595,0.008285043469568931,0.008736043734097754
2.182,0.015552611010195783,0.022410925971626527,0.014102049836788533,0.010292831004636183,0.008273685719331514,0.00872950634400338
2.184,0.015545557720645586,0.022401598806585987,0.014101111995106441,0.010292141427455048,0.008262343539109818,0.008722973845994186
2.186,0.015538507629835552,0.022392275522235883,0.01410017421358778,0.01029145189671321,0.008251016907559361,0.008716446236409325
2.188,0.015531460736315283,0.022382956116962394,0.014099236492230327,0.010290762412407783,0.00823970580336475,0.008709923511590612
2.19,0.015524417038635274,0.02237364058915281,0.014098298831031864,0.010290072974536102,0.008228410205240122,0.008703405667882746
2.192,0.015517376535346683,0.022364328937194866,0.014097361229990168,0.01028938358309528,0.008217130091928704,0.008696892701632875
2.194,0.015510339225001113,0.022355021159476962,0.014096423689103244,0.010288694238082208,0.00820586544220303,0.008690384609191248
2.196,0.015503305106150833,0.022345717254387942,0.014095486208368868,0.010288004939494222,0.008194616234864283,0.008683881386910786
2.198,0.015496274177348779,0.02233641722031776,0.014094548787784822,0.010287315687328435,0.008183382448742949,0.008677383031146846
2.2,0.015489246437148552,0.022327121055656818,0.014093611427348884,0.010286626481581962,0.008172164062698828,0.008670889538257676
2.202,0.015482221884104641,0.022317828758795955,0.014092674127059057,0.010285937322251915,0.008160961055620142,0.008664400904604408
2.204,0.015475200516771759,0.022308540328127124,0.014091736886912898,0.010285248209335407,0.008149773406424421,0.00865791712655084
2.206,0.015468182333705505,0.022299255762042725,0.014090799706908408,0.010284559142829774,0.008138601094058062,0.008651438200463213
2.208,0.015461167333462145,0.022289975058935596,0.014089862587043367,0.010283870122731908,0.008127444097496328,0.008644964122710652
2.21,0.015454155514598389,0.02228069821719969,0.014088925527315554,0.010283181149039144,0.008116302395743125,0.008638494889665171
2.212,0.015447146875671836,0.022271425235229403,0.01408798852772275,0.010282492221748596,0.008105175967831446,0.008632030497701226
2.214,0.015440141415240749,0.022262156111419573,0.014087051588262955,0.010281803340857154,0.008094064792822708,0.008625570943196381
2.216,0.015433139131863838,0.02225289084416615,0.014086114708933728,0.010281114506362155,0.008082968849807193,0.00861911622253042
2.218,0.015426140024100476,0.02224362943186553,0.01408517788973307,0.01028042571826071,0.008071888117903825,0.008612666332086016
2.22,0.015419144090510928,0.02223437187291455,0.014084241130658759,0.010279736976549936,0.008060822576260174,0.008606221268248726
2.222,0.015412151329655677,0.022225118165711155,0.014083304431708576,0.010279048281227166,0.008049772204052452,0.008599781027406772
2.224,0.015405161740096318,0.02221586830865352,0.014082367792880301,0.010278359632289291,0.008038736980485295,0.00859334560595082
2.226,0.015398175320394891,0.02220662230014092,0.014081431214171714,0.010277671029733426,0.00802771688479198,0.00858691500027442
2.228,0.01539119206911388,0.022197380138573086,0.014080494695580814,0.010276982473556906,0.008016711896233986,0.008580489206774011
2.23,0.015384211984816654,0.022188141822350183,0.01407955823710516,0.010276293963756622,0.008005721994101433,0.008574068221848252
2.232,0.015377235066067252,0.022178907349873267,0.014078621838742755,0.01027560550032991,0.007994747157712867,0.00856765204189891
2.234,0.015370261311430378,0.022169676719544285,0.014077685500491155,0.010274917083273882,0.007983787366415251,0.008561240663330416
2.236,0.015363290719470957,0.022160449929765402,0.014076749222348361,0.010274228712585431,0.00797284259958353,0.008554834082549645
2.238,0.015356323288755247,0.022151226978939675,0.014075813004312154,0.010273540388261893,0.007961912836621066,0.008548432295966357
2.24,0.015349359017849507,0.022142007865470825,0.014074876846380313,0.010272852110300379,0.007950998056959646,0.008542035299992756
2.242,0.015342397905321103,0.02213279258776324,0.014073940748550617,0.010272163878698004,0.007940098240059257,0.008535643091044154
2.244,0.01533543994973785,0.02212358114422197,0.014073004710820847,0.010271475693452103,0.007929213365407639,0.008529255665538082
2.246,0.015328485149668225,0.02211437353325274,0.01407206873318878,0.010270787554559568,0.007918343412521178,0.008522873019895183
2.248,0.015321533503681373,0.02210516975326171,0.014071132815652199,0.010270099462017512,0.007907488360943793,0.008516495150538539
2.25,0.015314585010346882,0.022095969802655935,0.01407019695820888,0.01026941141582327,0.007896648190248046,0.008510122053893898
2.2520000000000002,0.015307639668235451,0.02208677367984313,0.014069261160856827,0.010268723415973735,0.007885822880034032,0.008503753726389673
2.254,0.015300697475918001,0.02207758138323168,0.014068325423593597,0.01026803546246624,0.007875012409929827,0.008497390164456942
2.2560000000000002,0.01529375843196612,0.022068392911230417,0.01406738974641697,0.010267347555297679,0.007864216759591702,0.008491031364529666
2.258,0.015286822534952282,0.022059208262249053,0.014066454129324946,0.010266659694465385,0.007853435908703688,0.008484677323044254
2.2600000000000002,0.015279889783449407,0.022050027434697972,0.014065518572315083,0.010265971879966473,0.00784266983697779,0.008478328036439997
2.262,0.01527296017603108,0.022040850426988223,0.014064583075385384,0.010265284111798056,0.007831918524153547,0.008471983501158409
2.2640000000000002,0.015266033711271554,0.0220316772375313,0.014063647638533405,0.010264596389957248,0.00782118194999848,0.008465643713644111
2.266,0.015259110387745967,0.02202250786473936,0.014062712261756927,0.010263908714441161,0.007810460094307858,0.00845930867034439
2.2680000000000002,0.01525219020402968,0.022013342307025452,0.01406177694505395,0.01026322108524691,0.0077997529369044916,0.008452978367708752
2.27,0.015245273158698947,0.02200418056280329,0.014060841688422032,0.010262533502371607,0.007789060457638941,0.008446652802189814
2.2720000000000002,0.015238359250330458,0.021995022630487027,0.014059906491859175,0.010261845965812366,0.007778382636389525,0.008440331970242632
2.274,0.015231448477502019,0.02198586850849149,0.014058971355362937,0.010261158475566523,0.007767719453061872,0.008434015868325151
2.2760000000000002,0.015224540838791434,0.021976718195232392,0.014058036278931318,0.010260471031630969,0.007757070887589368,0.008427704492897536
2.278,0.015217636332777618,0.02196757168912611,0.014057101262561877,0.010259783634003039,0.007746436919932931,0.00842139784042284
2.2800000000000002,0.015210734958039929,0.02195842898858924,0.014056166306252393,0.010259096282679625,0.007735817530080791,0.008415095907366998
2.282,0.015203836713158392,0.021949290092039497,0.014055231410000868,0.010258408977658062,0.007725212698048711,0.008408798690198171
2.2840000000000003,0.015196941596713698,0.021940154997895034,0.014054296573804859,0.010257721718935464,0.007714622403879545,0.008402506185387404
2.286,0.015190049607287204,0.021931023704574892,0.014053361797662145,0.010257034506508722,0.007704046627644123,0.008396218389408183
2.2880000000000003,0.015183160743460933,0.021921896210498337,0.014052427081570507,0.010256347340375171,0.007693485349440143,0.008389935298736884
2.29,0.015176275003817352,0.021912772514085743,0.014051492425527945,0.010255660220531926,0.007682938549392615,0.008383656909852544
2.2920000000000003,0.015169392386939817,0.021903652613757707,0.014050557829532018,0.010254973146976099,0.007672406207654081,0.008377383219236423
2.294,0.015162512891412128,0.021894536507935936,0.014049623293580504,0.010254286119704803,0.00766188830440373,0.008371114223372889
2.2960000000000003,0.015155636515818971,0.02188542419504258,0.014048688817671184,0.010253599138715153,0.007651384819848506,0.008364849918748751
2.298,0.015148763258745257,0.021876315673500235,0.014047754401801615,0.01025291220400426,0.0076408957342222195,0.008358590301853486
2.3000000000000003,0.015141893118777006,0.021867210941732385,0.014046820045969799,0.010252225315569241,0.007630421027785994,0.00835233536917901
2.302,0.015135026094500459,0.0218581099981634,0.014045885750173515,0.010251538473407207,0.007619960680827598,0.008346085117220126
2.3040000000000003,0.015128162184502969,0.021849012841217874,0.014044951514410542,0.010250851677515271,0.00760951467366211,0.008339839542474081
2.306,0.01512130138737211,0.021839919469321067,0.014044017338678438,0.01025016492789077,0.0075990829866317,0.008333598641440787
2.308,0.015114443701696123,0.02183082988089935,0.014043083222974984,0.010249478224530595,0.007588665600105182,0.008327362410622818
2.31,0.015107589126064136,0.02182174407437909,0.014042149167298179,0.010248791567431859,0.0075782624944784605,0.008321130846525193
2.312,0.015100737659065722,0.021812662048187992,0.014041215171645582,0.010248104956591897,0.007567873650174306,0.008314903945656038
2.314,0.015093889299291119,0.02180358380075398,0.014040281236014973,0.010247418392007601,0.0075574990476421355,0.008308681704525478
2.316,0.015087044045331455,0.02179450933050564,0.01403934736040413,0.010246731873676307,0.007547138667358455,0.008302464119646524
2.318,0.015080201895778078,0.021785438635872456,0.014038413544810613,0.010246045401595127,0.007536792489826638,0.008296251187534853
2.32,0.015073362849223226,0.02177637171528435,0.014037479789232421,0.010245358975760954,0.007526460495576259,0.008290042904708805
2.322,0.01506652690425958,0.021767308567171906,0.014036546093667113,0.010244672596171123,0.007516142665163983,0.008283839267688942
2.324,0.01505969405948071,0.021758249189966383,0.01403561245811269,0.010243986262822746,0.007505838979173118,0.008277640272998932
2.326,0.01505286431348063,0.021749193582099702,0.014034678882566709,0.010243299975712716,0.007495549418213399,0.008271445917164666
2.328,0.01504603766485424,0.02174014174200467,0.01403374536702695,0.010242613734838368,0.007485273962921202,0.00826525619671492
2.33,0.015039214112196886,0.02173109366811432,0.014032811911491194,0.010241927540196816,0.007475012593959551,0.008259071108180915
2.332,0.015032393654104359,0.021722049358862572,0.014031878515956997,0.010241241391785172,0.007464765292017894,0.008252890648096312
2.334,0.015025576289173337,0.02171300881268401,0.01403094518042236,0.01024055528960055,0.0074545320378123225,0.008246714812997658
2.336,0.015018762016001164,0.021703972028013885,0.014030011904884843,0.010239869233640064,0.00744431281208513,0.008240543599423944
2.338,0.01501195083318585,0.021694939003288116,0.014029078689342223,0.010239183223900827,0.007434107595605033,0.008234377003916604
2.34,0.015005142739325628,0.021685909736943065,0.01402814553379228,0.010238497260379953,0.007423916369167394,0.008228215023019958
2.342,0.01499833773301984,0.02167688422741576,0.014027212438232795,0.010237811343074554,0.007413739113593554,0.00822205765328099
2.344,0.014991535812868273,0.021667862473144117,0.014026279402661324,0.010237125471981745,0.0074035758097310556,0.008215904891248904
2.346,0.01498473697747138,0.021658844472566496,0.014025346427075869,0.010236439647098639,0.007393426438454309,0.00820975673347557
2.348,0.01497794122543028,0.021649830224122146,0.014024413511473988,0.010235753868422348,0.00738329098066326,0.008203613176515523
2.35,0.014971148555346536,0.02164081972625076,0.01402348065585346,0.01023506813595021,0.0073731694172844975,0.00819747421692596
2.352,0.0149643589658226,0.021631812977392695,0.014022547860211843,0.010234382449679114,0.0073630617292705924,0.008191339851266521
2.354,0.014957572455461365,0.021622809975988977,0.014021615124547138,0.010233696809606174,0.007352967897600093,0.008185210076099292
2.356,0.014950789022866395,0.021613810720481075,0.014020682448856903,0.010233011215728505,0.0073428879032777505,0.00817908488798924
2.358,0.014944008666641917,0.021604815209311568,0.014019749833138917,0.01023232566804344,0.007332821727334515,0.00817296428350378
2.36,0.014937231385392824,0.02159582344092348,0.014018817277390738,0.010231640166547873,0.007322769350827096,0.008166848259212989
2.362,0.014930457177724676,0.021586835413760275,0.014017884781610368,0.010230954711238915,0.0073127307548384035,0.008160736811689162
2.364,0.0149236860422437,0.021577851126266312,0.014016952345795364,0.010230269302113904,0.007302705920476882,0.008154629937507485
2.366,0.014916917977556343,0.02156887057688639,0.014016019969943505,0.010229583939169729,0.0072926948288774,0.008148527633245584
2.368,0.014910152982270164,0.021559893764066196,0.014015087654052572,0.010228898622403726,0.00728269746120036,0.00814242989548375
2.37,0.014903391054993165,0.021550920686251862,0.01401415539812012,0.010228213351812787,0.007272713798631925,0.008136336720804715
2.372,0.014896632194334014,0.021541951341890186,0.014013223202143932,0.010227528127394026,0.007262743822384232,0.00813024810579388
2.374,0.014889876398902047,0.021532985729428633,0.014012291066121785,0.010226842949144777,0.00725278751369518,0.008124164047039084
2.376,0.014883123667307041,0.021524023847315554,0.014011358990051237,0.010226157817061932,0.007242844853828201,0.008118084541130832
2.378,0.014876373998159442,0.021515065693999524,0.014010426973930068,0.010225472731142826,0.007232915824072705,0.008112009584662072
2.38,0.014869627390070583,0.021506111267930006,0.014009495017756057,0.010224787691384352,0.007223000405743418,0.008105939174228416
2.382,0.014862883841652241,0.021497160567557128,0.014008563121526985,0.010224102697783843,0.007213098580180821,0.008099873306427918
2.384,0.01485614335151686,0.021488213591331462,0.014007631285240407,0.010223417750338193,0.007203210328751153,0.008093811977861076
2.386,0.014849405918277325,0.021479270337704692,0.014006699508894105,0.010222732849044736,0.007193335632845965,0.008087755185131273
2.388,0.014842671540547414,0.0214703308051285,0.014005767792485857,0.010222047993900585,0.007183474473882567,0.008081702924844114
2.39,0.014835940216941568,0.021461394992055682,0.014004836136013221,0.010221363184902632,0.007173626833303359,0.008075655193607867
2.392,0.01482921194607445,0.021452462896939473,0.014003904539473977,0.010220678422048213,0.007163792692576498,0.008069611988033465
2.394,0.014822486726561834,0.021443534518233776,0.014002973002865904,0.010219993705334218,0.007153972033195455,0.008063573304734062
2.396,0.01481576455701994,0.02143460985439316,0.01400204152618656,0.010219309034757984,0.007144164836679012,0.008057539140325698
2.398,0.014809045436065427,0.021425688903872864,0.014001110109433723,0.010218624410316623,0.007134371084571267,0.008051509491426634
2.4,0.014802329362315847,0.021416771665128786,0.014000178752604953,0.010217939832007028,0.007124590758441629,0.008045484354657795
2.402,0.014795616334389194,0.021407858136617497,0.01399924745569825,0.010217255299826533,0.007114823839885043,0.00803946372664277
2.404,0.01478890635090413,0.021398948316796007,0.013998316218710949,0.01021657081377203,0.007105070310521322,0.008033447604007371
2.406,0.01478219941047998,0.021390042204121995,0.013997385041641053,0.010215886373840855,0.007095330151995816,0.008027435983380293
2.408,0.014775495511736736,0.021381139797054027,0.013996453924486119,0.01021520198003012,0.0070856033459787415,0.008021428861392677
2.41,0.014768794653295059,0.021372241094051114,0.013995522867243926,0.010214517632336717,0.007075889874165409,0.00801542623467788
2.412,0.01476209683377605,0.021363346093572932,0.013994591869912032,0.010213833330757982,0.007066189718276439,0.00800942809987193
2.414,0.01475540205180148,0.021354454794079825,0.013993660932488217,0.010213149075290806,0.007056502860057545,0.008003434453613512
2.416,0.014748710305993784,0.0213455671940328,0.013992730054970037,0.010212464865932525,0.00704682928127931,0.007997445292543759
2.418,0.014742021594976062,0.021336683291893532,0.013991799237355496,0.010211780702680251,0.007037168963737406,0.007991460613306467
2.42,0.014735335917372083,0.021327803086124142,0.013990868479641927,0.010211096585530877,0.007027521889252153,0.00798548041254743
2.422,0.014728653271806058,0.021318926575187636,0.013989937781827333,0.010210412514481737,0.0070178880396691845,0.00797950468691555
2.424,0.014721973656902865,0.021310053757547465,0.013989007143909049,0.010209728489529724,0.007008267396859003,0.007973533433061952
2.426,0.01471529707128827,0.021301184631667747,0.013988076565885077,0.010209044510672172,0.006998659942716756,0.0079675666476402
2.428,0.01470862351358826,0.021292319196013487,0.013987146047752974,0.010208360577906195,0.006989065659162463,0.007961604327306526
2.43,0.014701952982429933,0.021283457449049914,0.01398621558951052,0.010207676691228684,0.006979484528141011,0.007955646468719602
2.432,0.01469528547644039,0.021274599389243143,0.013985285191155272,0.010206992850636976,0.006969916531621934,0.007949693068540542
2.434,0.014688620994247836,0.021265745015060178,0.013984354852684788,0.01020630905612796,0.0069603616515994116,0.007943744123433127
2.436,0.014681959534480926,0.021256894324968023,0.01398342457409707,0.010205625307698973,0.006950819870092717,0.007937799630063358
2.438,0.014675301095768978,0.021248047317434793,0.013982494355389452,0.010204941605346907,0.006941291169145325,0.007931859585099899
2.44,0.014668645676741754,0.021239203990929267,0.013981564196559937,0.010204257949069095,0.006931775530825579,0.007925923985214078
2.442,0.014661993276029905,0.02123036434392045,0.013980634097606082,0.010203574338862431,0.006922272937226248,0.007919992827079447
2.444,0.01465534389226475,0.02122152837487845,0.013979704058525444,0.01020289077472425,0.006912783370464748,0.007914066107371998
2.446,0.014648697524077825,0.021212696082273608,0.013978774079315803,0.010202207256651441,0.006903306812682919,0.007908143822770608
2.448,0.01464205417010156,0.021203867464577364,0.013977844159974717,0.010201523784641342,0.006893843246047027,0.007902225969956156
2.45,0.014635413828969046,0.021195042520261165,0.013976914300499965,0.010200840358690844,0.006884392652748206,0.007896312545612405
2.452,0.014628776499313823,0.021186221247797787,0.013975984500889327,0.01020015697879706,0.0068749550150015715,0.00789040354642534
2.454,0.014622142179770314,0.02117740364566023,0.01397505476114036,0.010199473644957324,0.006865530315046664,0.007884498969083387
2.456,0.01461551086897317,0.02116858971232194,0.013974125081250621,0.01019879035716853,0.0068561185351474485,0.007878598810277637
2.458,0.014608882565558146,0.021159779446257465,0.013973195461217891,0.01019810711542779,0.006846719657592315,0.007872703066701847
2.46,0.014602257268161223,0.021150972845941807,0.013972265901039949,0.01019742391973244,0.0068373336646936345,0.00786681173505177
2.462,0.014595634975419047,0.021142169909850628,0.013971336400714351,0.010196740770079371,0.006827960538788425,0.007860924812025827
2.464,0.014589015685968931,0.021133370636460036,0.013970406960238657,0.010196057666465697,0.006818600262237684,0.007855042294325099
2.466,0.014582399398449075,0.021124575024247028,0.013969477579610645,0.010195374608888752,0.006809252817426614,0.00784916417865289
2.468,0.014575786111497901,0.021115783071689043,0.013968548258827873,0.010194691597345429,0.00679991818676462,0.007843290461714947
2.47,0.01456917582375472,0.021106994777264187,0.01396761899788812,0.01019400863183284,0.0067905963526850854,0.00783742114021968
2.472,0.014562568533859288,0.021098210139451457,0.013966689796788945,0.0101933257123481,0.0067812872976453775,0.007831556210877944
2.474,0.014555964240451802,0.021089429156730066,0.013965760655528126,0.010192642838888322,0.006771991004127287,0.00782569567040281
2.476,0.014549362942173572,0.0210806518275799,0.01396483157410322,0.010191960011450618,0.006762707454636585,0.00781983951551024
2.478,0.01454276463766635,0.02107187815048195,0.013963902552512009,0.010191277230032103,0.006753436631702581,0.007813987742918194
2.48,0.014536169325572112,0.021063108123917207,0.013962973590752048,0.01019059449462989,0.006744178517879007,0.007808140349347292
2.482,0.014529577004533945,0.021054341746367777,0.013962044688820896,0.010189911805241092,0.006734933095743134,0.007802297331520602
2.484,0.014522987673195376,0.021045579016316207,0.013961115846716332,0.010189229161862823,0.006725700347896435,0.007796458686163854
2.486,0.014516401330200601,0.02103681993224571,0.013960187064435914,0.010188546564492196,0.006716480256964141,0.007790624410004776
2.488,0.014509817974194261,0.021028064492640164,0.01395925834197742,0.010187864013126324,0.0067072728055952435,0.007784794499773984
2.49,0.014503237603821661,0.021019312695983894,0.01395832967933841,0.010187181507762322,0.006698077976462491,0.007778968952204313
2.492,0.014496660217728774,0.02101056454076211,0.013957401076516662,0.010186499048397302,0.006688895752262614,0.007773147764031041
2.494,0.014490085814562237,0.02100182002546047,0.013956472533509734,0.010185816635028377,0.006679726115715656,0.007767330931991889
2.496,0.014483514392969132,0.020993079148565297,0.013955544050315183,0.01018513426765244,0.0066705690495656444,0.007761518452827021
2.498,0.01447694595159743,0.020984341908563353,0.013954615626930789,0.010184451946266826,0.006661424536580363,0.0077557103232792635
2.5,0.014470380489095547,0.020975608303942517,0.013953687263354109,0.010183769670868648,0.00665229255955091,0.007749906540093443
2.5020000000000002,0.01446381800411256,0.020966878333190886,0.0139527589595827,0.010183087441454797,0.0066431731012921436,0.007744107100017272
2.504,0.014457258495297998,0.020958151994797447,0.013951830715614344,0.010182405258022609,0.006634066144642459,0.007738311999800684
2.5060000000000002,0.014450701961302048,0.02094942928725141,0.013950902531446596,0.010181723120569197,0.006624971672463786,0.007732521236196055
2.508,0.014444148400775791,0.02094071020904309,0.013949974407077237,0.010181041029091453,0.0066158896676413725,0.007726734805958202
2.5100000000000002,0.014437597812370528,0.020931994758663253,0.013949046342503824,0.010180358983586713,0.006606820113084222,0.007720952705844164
2.512,0.014431050194738448,0.020923282934603105,0.013948118337723914,0.010179676984051866,0.006597762991724654,0.007715174932613866
2.5140000000000002,0.014424505546532185,0.02091457473535474,0.013947190392735287,0.010178995030484028,0.0065887182865185245,0.007709401483029232
2.516,0.014417963866405259,0.0209058701594107,0.0139462625075355,0.010178313122880533,0.006579685980444783,0.00770363235385485
2.5180000000000002,0.014411425153011415,0.02089716920526441,0.013945334682122112,0.010177631261238274,0.006570666056505692,0.007697867541857528
2.52,0.014404889405005061,0.02088847187140952,0.01394440691649268,0.010176949445554362,0.006561658497727052,0.00769210704380674
2.5220000000000002,0.014398356621041719,0.020879778156340567,0.013943479210644982,0.010176267675825912,0.006552663287157756,0.0076863508564744
2.524,0.014391826799776908,0.020871088058552756,0.0139425515645768,0.010175585952050037,0.006543680407870234,0.007680598976634423
2.5260000000000002,0.014385299939867036,0.020862401576541734,0.013941623978285467,0.01017490427422385,0.006534709842959785,0.007674851401063609
2.528,0.014378776039968955,0.020853718708804037,0.013940696451768764,0.010174222642344466,0.0065257515755448026,0.007669108126540758
2.5300000000000002,0.014372255098740405,0.020845039453836423,0.01393976898502447,0.010173541056408997,0.006516805588767216,0.007663369149847554
2.532,0.014365737114839572,0.02083636381013676,0.01393884157804992,0.010172859516414556,0.0065078718657918255,0.007657634467767682
2.5340000000000003,0.014359222086925305,0.02082769177620314,0.013937914230842896,0.010172178022358258,0.006498950389806746,0.007651904077087268
2.536,0.0143527100136569,0.020819023350534316,0.013936986943400953,0.010171496574237215,0.00649004114402274,0.007646177974595103
2.5380000000000003,0.014346200893694316,0.020810358531629936,0.013936059715721871,0.01017081517204832,0.0064811441116736646,0.007640456157082198
2.54,0.014339694725698404,0.020801697317990087,0.013935132547802986,0.010170133815788907,0.00647225927601669,0.007634738621342008
2.5420000000000003,0.014333191508330234,0.020793039708115524,0.013934205439642078,0.01016945250545609,0.006463386620331635,0.0076290253641704275
2.544,0.014326691240251543,0.020784385700507446,0.013933278391236703,0.010168771241046759,0.006454526127921412,0.007623316382365575
2.5460000000000003,0.014320193920124957,0.02077573529366794,0.013932351402584642,0.010168090022558252,0.006445677782111803,0.007617611672728231
2.548,0.014313699546613545,0.02076708848609976,0.013931424473683451,0.010167408849987458,0.006436841566251239,0.007611911232061397
2.5500000000000003,0.014307208118381043,0.02075844527630588,0.01393049760453069,0.010166727723331492,0.006428017463711244,0.007606215057170296
2.552,0.014300719634091408,0.020749805662790166,0.013929570795123913,0.01016604664258769,0.00641920545788599,0.007600523144863036
2.5540000000000003,0.014294234092409708,0.020741169644057367,0.013928644045460903,0.01016536560775294,0.00641040553219252,0.007594835491949725
2.556,0.014287751492001455,0.020732537218612235,0.013927717355539215,0.01016468461882436,0.006401617670070525,0.0075891520952429126
2.5580000000000003,0.014281271831532827,0.020723908384960632,0.013926790725356408,0.01016400367579906,0.006392841854982345,0.0075834729515575905
2.56,0.014274795109670224,0.020715283141608865,0.01392586415491004,0.010163322778674155,0.0063840780704131905,0.007577798057711194
2.562,0.014268321325081157,0.020706661487063904,0.013924937644197666,0.010162641927446758,0.006375326299870698,0.007572127410523377
2.564,0.014261850476433358,0.02069804341983339,0.013924011193217067,0.010161961122113983,0.006366586526885154,0.0075664610068162386
2.566,0.014255382562395447,0.020689428938425403,0.013923084801965802,0.010161280362672942,0.006357858735009492,0.007560798843414318
2.568,0.014248917581636489,0.020680818041348692,0.013922158470441426,0.01016059964912075,0.006349142907819072,0.007555140917144598
2.57,0.014242455532826215,0.020672210727112894,0.013921232198641498,0.010159918981454297,0.006340439028911904,0.007549487224836282
2.572,0.014235996414635022,0.020663606994227868,0.013920305986563797,0.010159238359670919,0.006331747081908645,0.007543837763321015
2.574,0.01422954022573375,0.02065500684120436,0.01391937983420588,0.010158557783767508,0.006323067050451936,0.0075381925294326635
2.576,0.014223086964793907,0.02064641026655356,0.013918453741565306,0.010157877253741399,0.006314398918207287,0.0075325515200077575
2.578,0.014216636630487445,0.02063781726878755,0.013917527708639632,0.010157196769589483,0.006305742668862413,0.007526914731884826
2.58,0.014210189221487202,0.02062922784641885,0.013916601735426415,0.010156516331309096,0.006297098286127456,0.007521282161905063
2.582,0.014203744736466684,0.02062064199796043,0.013915675821923434,0.010155835938897129,0.00628846575373454,0.007515653806912104
2.584,0.014197303174099618,0.020612059721926146,0.013914749968128026,0.010155155592350695,0.00627984505543866,0.007510029663751583
2.586,0.014190864533060621,0.020603481016830294,0.01391382417403797,0.010154475291666909,0.006271236175016792,0.007504409729271577
2.588,0.014184428812024752,0.02059490588118784,0.013912898439650823,0.010153795036842883,0.006262639096268119,0.007498794000322828
2.59,0.014177996009667737,0.020586334313514643,0.013911972764964142,0.010153114827875731,0.006254053803014026,0.0074931824737582975
2.592,0.014171566124665969,0.020577766312326773,0.013911047149975708,0.010152434664762566,0.0062454802790981034,0.0074875751464331675
2.594,0.014165139155696282,0.020569201876140975,0.013910121594682856,0.010151754547500502,0.006236918508386147,0.007481972015204841
2.596,0.014158715101436181,0.020560641003474878,0.013909196099083365,0.010151074476086652,0.006228368474766155,0.007476373076933607
2.598,0.014152293960564055,0.020552083692846335,0.013908270663174793,0.010150394450517908,0.00621983016214811,0.007470778328481531
2.6,0.014145875731758295,0.020543529942774308,0.013907345286954698,0.010149714470791604,0.006211303554463754,0.007465187766713344
2.602,0.014139460413698401,0.020534979751777982,0.013906419970420636,0.010149034536904633,0.006202788635667478,0.0074596013884959955
2.604,0.01413304800506432,0.020526433118377208,0.013905494713570166,0.01014835464885433,0.00619428538973521,0.0074540191906988795
2.606,0.01412663850453666,0.0205178900410925,0.013904569516400844,0.010147674806637585,0.006185793800664863,0.007448441170193831
2.608,0.014120231910796255,0.02050935051844527,0.01390364437891023,0.010146995010251514,0.006177313852476551,0.007442867323854685
2.61,0.014113828222525049,0.020500814548956914,0.0139027193010961,0.010146315259693228,0.00616884552921193,0.007437297648557939
2.612,0.014107427438405429,0.020492282131150175,0.013901794282955793,0.010145635554959842,0.0061603888149348585,0.007431732141182312
2.614,0.014101029557120004,0.020483753263547788,0.013900869324487086,0.010144955896048469,0.006151943693730955,0.007426170798608744
2.616,0.014094634577352494,0.02047522794467338,0.013899944425687538,0.010144276282956222,0.006143510149707598,0.007420613617720617
2.618,0.014088242497787062,0.02046670617305124,0.013899019586554706,0.010143596715680214,0.0061350881669941515,0.007415060595403755
2.62,0.014081853317108317,0.020458187947206108,0.013898094807086148,0.01014291719421756,0.006126677729741292,0.007409511728545981
2.622,0.014075467034001532,0.020449673265663604,0.01389717008727942,0.01014223771856515,0.006118278822121903,0.007403967014038004
2.624,0.014069083647152647,0.020441162126949797,0.013896245427132081,0.01014155828872032,0.006109891428330183,0.007398426448772311
2.626,0.014062703155248268,0.0204326545295912,0.013895320826641688,0.010140878904679962,0.006101515532582091,0.007392890029643828
2.628,0.014056325556975446,0.020424150472114988,0.013894396285806021,0.01014019956644141,0.00609315111911557,0.00738735775355015
2.63,0.014049950851021675,0.02041564995304923,0.013893471804622415,0.010139520274001557,0.006084798172189654,0.007381829617390645
2.632,0.01404357903607556,0.020407152970922438,0.013892547383088427,0.010138841027357515,0.006076456676085362,0.007376305618067569
2.634,0.014037210110825704,0.020398659524263785,0.013891623021201838,0.010138161826506398,0.0060681266151050295,0.007370785752485176
2.636,0.014030844073961601,0.020390169611602893,0.013890698718960204,0.01013748267144532,0.0060598079735725285,0.007365270017549941
2.638,0.01402448092417341,0.02038168323147005,0.013889774476360861,0.010136803562171393,0.006051500735833493,0.007359758410171002
2.64,0.014018120660151734,0.020373200382396206,0.013888850293401589,0.010136124498681731,0.0060432048862546495,0.007354250927259498
2.642,0.014011763280587841,0.020364721062912983,0.013887926170079723,0.010135445480973226,0.006034920409224265,0.007348747565729008
2.644,0.014005408784173667,0.020356245271552664,0.013887002106393043,0.010134766509043214,0.006026647289152143,0.007343248322495333
2.646,0.013999057169601592,0.02034777300684798,0.013886078102339106,0.010134087582888585,0.006018385510469404,0.007337753194476715
2.648,0.01399270843556466,0.020339304267332103,0.013885154157915247,0.010133408702506674,0.006010135057628485,0.007332262178593618
2.65,0.013986362580756584,0.020330839051539318,0.013884230273119247,0.010132729867894374,0.006001895915102917,0.007326775271768948
2.652,0.013980019603871296,0.020322377358003907,0.013883306447948662,0.010132051079048798,0.005993668067387992,0.0073212924709276095
2.654,0.013973679503603842,0.020313919185261264,0.013882382682401051,0.01013137233596706,0.00598545149899965,0.007315813772997171
2.656,0.013967342278649708,0.020305464531847228,0.013881458976473748,0.010130693638646271,0.005977246194475594,0.007310339174907199
2.658,0.013961007927704605,0.020297013396298302,0.013880535330164534,0.010130014987083547,0.00596905213837462,0.007304868673589704
2.66,0.013954676449465353,0.020288565777151435,0.013879611743470965,0.010129336381276,0.005960869315276618,0.007299402265979138
2.662,0.013948347842628994,0.02028012167294424,0.0138786882163906,0.010128657821220743,0.005952697709782351,0.007293939949011952
2.664,0.013942022105893459,0.020271681082215,0.013877764748920773,0.01012797930691467,0.005944537306514119,0.007288481719627038
2.666,0.0139356992379569,0.020263244003502656,0.013876841341059265,0.010127300838355113,0.005936388090115097,0.0072830275747655104
2.668,0.013929379237518358,0.020254810435346604,0.013875917992803632,0.010126622415538966,0.00592825004524955,0.007277577511370703
2.67,0.013923062103277317,0.0202463803762869,0.013874994704151211,0.010125944038463341,0.005920123156602841,0.007272131526388614
2.672,0.013916747833933929,0.020237953824864263,0.01387407147509978,0.010125265707125575,0.0059120074088809815,0.007266689616767241
2.674,0.01391043642818901,0.020229530779619864,0.013873148305646676,0.010124587421522557,0.005903902786811521,0.007261251779456801
2.676,0.013904127884743822,0.020221111239095757,0.013872225195789678,0.010123909181651403,0.0058958092751424385,0.0072558180114097315
2.678,0.013897822202300292,0.02021269520183444,0.013871302145526121,0.010123230987509002,0.0058877268586428055,0.007250388309581135
2.68,0.01389151937956079,0.02020428266637886,0.013870379154853785,0.010122552839092691,0.005879655522102567,0.007244962670928112
2.682,0.013885219415228356,0.020195873631272843,0.013869456223770005,0.010121874736399583,0.00587159525033254,0.007239541092410207
2.684,0.013878922308006914,0.02018746809506089,0.01386853335227256,0.01012119667942657,0.0058635460281644125,0.0072341235709889595
2.686,0.013872628056600389,0.02017906605628772,0.013867610540358788,0.010120518668170764,0.005855507840450747,0.007228710103628355
2.688,0.013866336659713818,0.02017066751349872,0.013866687788026244,0.010119840702629501,0.005847480672064531,0.007223300687294598
2.69,0.013860048116052681,0.02016227246524016,0.013865765095272486,0.010119162782799673,0.00583946450789985,0.0072178953189563355
2.692,0.013853762424322902,0.020153880910058763,0.013864842462095073,0.010118484908678393,0.005831459332871214,0.007212493995584213
2.694,0.01384747958323107,0.02014549284650191,0.01386391988849156,0.010117807080262775,0.005823465131914007,0.00720709671415154
2.696,0.013841199591484221,0.020137108273117432,0.013862997374459507,0.010117129297549932,0.005815481889984264,0.007201703471633403
2.698,0.013834922447790277,0.020128727188454043,0.013862074919996248,0.010116451560536754,0.005807509592058446,0.007196314265007553
2.7,0.013828648150857603,0.020120349591060904,0.013861152525099563,0.010115773869220579,0.005799548223133888,0.007190929091253739
2.702,0.013822376699395234,0.02011197547948762,0.013860230189766787,0.010115096223598297,0.0057915977682281294,0.007185547947353932
2.704,0.013816108092112644,0.020103604852284462,0.0138593079139957,0.010114418623667243,0.005783658212379583,0.007180170830292765
2.706,0.013809842327719979,0.02009523770800259,0.013858385697783637,0.010113741069424309,0.00577572954064709,0.0071747977370566485
2.708,0.013803579404927824,0.02008687404519338,0.013857463541128157,0.010113063560866609,0.005767811738109918,0.007169428664634436
2.71,0.013797319322447432,0.02007851386240911,0.013856541444026815,0.010112386097991255,0.005759904789867765,0.007164063610017424
2.712,0.013791062078990723,0.020070157158202484,0.013855619406477171,0.010111708680795362,0.0057520086810409765,0.007158702570198905
2.714,0.013784807673270283,0.020061803931126887,0.013854697428476781,0.010111031309276042,0.005744123396769885,0.007153345542174616
2.716,0.013778556103998918,0.020053454179736363,0.013853775510023203,0.010110353983430187,0.005736248922215692,0.0071479925229422925
2.718,0.013772307369890324,0.020045107902585402,0.013852853651113772,0.010109676703255133,0.005728385242559364,0.007142643509502111
2.72,0.013766061469658863,0.02003676509822916,0.013851931851746269,0.01010899946874777,0.005720532343002738,0.00713729849885647
2.722,0.01375981840201912,0.020028425765223234,0.013851010111918027,0.010108322279905213,0.0057126902087676346,0.007131957488009988
2.724,0.013753578165686564,0.020020089902124116,0.013850088431626606,0.010107645136724575,0.005704858825096082,0.007126620473969503
2.726,0.013747340759377114,0.02001175750748896,0.013849166810869562,0.01010696803920319,0.005697038177250535,0.007121287453744074
2.728,0.01374110618180735,0.020003428579875138,0.013848245249644231,0.01010629098733773,0.005689228250513434,0.007115958424344981
2.73,0.0137348744316943,0.019995103117840696,0.013847323747948392,0.010105613981125527,0.005681429030187868,0.007110633382785947
2.732,0.013728645507755877,0.019986781119944563,0.013846402305779382,0.010104937020563698,0.005673640501596466,0.007105312326082691
2.734,0.013722419408710218,0.019978462584746115,0.013845480923134978,0.010104260105649132,0.005665862650082287,0.007099995251253377
2.736,0.013716196133276126,0.01997014751080517,0.013844559600012518,0.010103583236379166,0.005658095461008372,0.007094682155318166
2.738,0.01370997568017307,0.019961835896682434,0.013843638336409336,0.01010290641275069,0.005650338919757969,0.00708937303529944
2.74,0.013703758048121184,0.01995352774093906,0.013842717132323212,0.010102229634760818,0.005642593011734309,0.007084067888222023
2.742,0.013697543235840826,0.01994522304213664,0.013841795987751704,0.010101552902406663,0.005634857722360609,0.00707876671111296
2.744,0.013691331242053462,0.01993692179883766,0.013840874902692146,0.01010087621568534,0.005627133037080068,0.007073469501001295
2.746,0.01368512206548056,0.019928624009605045,0.013839953877142097,0.01010019957459396,0.005619418941355869,0.007068176254918512
2.748,0.013678915704844696,0.01992032967300239,0.013839032911099114,0.010099522979129416,0.005611715420671182,0.007062886969898097
2.75,0.013672712158868672,0.019912038787593733,0.013838112004560532,0.010098846429289043,0.005604022460528935,0.007057601642975975
2.7520000000000002,0.013666511426276173,0.019903751351943777,0.013837191157524131,0.010098169925069733,0.005596340046452042,0.007052320271190293
2.754,0.01366031350579111,0.01989546736461789,0.013836270369987247,0.010097493466468599,0.005588668163982957,0.007047042851581198
2.7560000000000002,0.013654118396138282,0.019887186824182113,0.013835349641947436,0.010096817053482754,0.005581006798684562,0.007041769381191276
2.758,0.013647926096042706,0.01987890972920292,0.013834428973402035,0.010096140686109312,0.005573355936138835,0.007036499857065115
2.7600000000000002,0.013641736604230292,0.01987063607824746,0.013833508364348823,0.010095464364345386,0.005565715561948181,0.007031234276249743
2.762,0.013635549919427614,0.019862365869883325,0.013832587814785136,0.01009478808818809,0.005558085661734324,0.0070259726357944086
2.7640000000000002,0.013629366040361468,0.01985409910267877,0.01383166732470853,0.010094111857634314,0.00555046622113875,0.007020714932750138
2.766,0.013623184965759538,0.019845835775202936,0.013830746894116563,0.010093435672681395,0.005542857225822706,0.007015461164170844
2.7680000000000002,0.013617006694349731,0.019837575886025194,0.013829826523006572,0.010092759533326223,0.00553525866146698,0.007010211327111993
2.77,0.013610831224860842,0.019829319433715575,0.013828906211376335,0.010092083439565913,0.0055276705137721205,0.0070049654186314925
2.7720000000000002,0.013604658556022109,0.01982106641684478,0.013827985959223188,0.010091407391397578,0.005520092768458218,0.006999723435789695
2.774,0.013598488686563659,0.01981281683398417,0.013827065766544466,0.01009073138881833,0.005512525411265123,0.006994485375648951
2.7760000000000002,0.013592321615215619,0.01980457068370578,0.01382614563333795,0.010090055431825284,0.005504968427951784,0.006989251235273608
2.778,0.013586157340709004,0.01979632796458186,0.013825225559600973,0.010089379520415331,0.005497421804297131,0.006984021011730457
2.7800000000000002,0.013579995861775496,0.019788088675185334,0.013824305545331095,0.010088703654585585,0.005489885526099414,0.006978794702088509
2.782,0.013573837177147441,0.019779852814090226,0.01382338559052565,0.01008802783433338,0.005482359579176421,0.006973572303418996
2.7840000000000003,0.013567681285557187,0.01977162037987057,0.013822465695182418,0.010087352059655608,0.005474843949365038,0.006968353812795147
2.786,0.013561528185738414,0.019763391371101058,0.013821545859298734,0.010086676330549382,0.005467338622522133,0.006963139227292414
2.7880000000000003,0.013555377876424801,0.019755165786357276,0.013820626082871934,0.010086000647011817,0.0054598435845236715,0.0069579285439884675
2.79,0.013549230356350694,0.019746943624215252,0.013819706365899798,0.010085325009039803,0.005452358821264713,0.006952721759963421
2.7920000000000003,0.013543085624251328,0.01973872488325168,0.01381878670837966,0.010084649416630675,0.0054448843186600815,0.006947518872299163
2.794,0.013536943678862379,0.019730509562043697,0.013817867110309079,0.010083973869781326,0.005437420062643916,0.006942319878080028
2.7960000000000003,0.013530804518919748,0.019722297659169108,0.01381694757168539,0.010083298368489091,0.005429966039169232,0.006937124774392345
2.798,0.013524668143160445,0.019714089173206162,0.01381602809250615,0.01008262291275086,0.005422522234208582,0.0069319335583248876
2.8000000000000003,0.013518534550321482,0.019705884102733995,0.013815108672768917,0.010081947502563748,0.0054150886337538395,0.006926746226968428
2.802,0.013512403739140977,0.019697682446332188,0.013814189312471026,0.010081272137924868,0.00540766522381575,0.006921562777415957
2.8040000000000003,0.013506275708357496,0.019689484202580765,0.013813270011610257,0.010080596818831111,0.005400251990424598,0.0069163832067626885
2.806,0.013500150456709825,0.01968128937006064,0.013812350770183723,0.010079921545279813,0.005392848919629545,0.0069112075121058325
2.8080000000000003,0.013494027982937862,0.019673097947352947,0.013811431588189205,0.010079246317267865,0.005385455997499067,0.006906035690544821
2.81,0.013487908285781502,0.01966490993303993,0.013810512465624036,0.010078571134792602,0.005378073210120515,0.0069008677391813045
2.8120000000000003,0.013481791363981754,0.01965672532570384,0.013809593402485776,0.010077895997850916,0.0053707005436005595,0.0068957036551193784
2.814,0.013475677216279847,0.019648544123927802,0.013808674398771759,0.010077220906439921,0.005363337984064964,0.006890543435464913
2.816,0.013469565841417674,0.019640366326295622,0.013807755454479542,0.010076545860556507,0.005355985517658146,0.0068853870773259995
2.818,0.013463457238137577,0.01963219193139154,0.013806836569606684,0.01007587086019801,0.00534864313054384,0.006880234577812949
2.82,0.013457351405182782,0.019624020937800246,0.01380591774415052,0.010075195905361323,0.0053413108089046535,0.006875085934038516
2.822,0.01345124834129674,0.019615853344107537,0.013804998978108607,0.010074520996043779,0.005333988538942069,0.006869941143117009
2.824,0.013445148045223787,0.01960768914889921,0.013804080271478503,0.01007384613224227,0.005326676306876443,0.006864800202165622
2.826,0.013439050515708706,0.019599528350761952,0.013803161624257543,0.01007317131395391,0.005319374098947227,0.0068596631083031046
2.828,0.013432955751496722,0.019591370948283116,0.013802243036443285,0.010072496541175813,0.005312081901412746,0.006854529858650649
2.83,0.013426863751333729,0.019583216940050274,0.013801324508033064,0.01007182181390509,0.005304799700549756,0.006849400450331444
2.832,0.01342077451396606,0.01957506632465189,0.013800406039024438,0.010071147132138636,0.0052975274826543295,0.006844274880470902
2.834,0.013414688038140943,0.019566919100677094,0.013799487629414964,0.010070472495873783,0.0052902652340411915,0.006839153146196653
2.836,0.013408604322605822,0.019558775266715234,0.013798569279201978,0.010069797905107425,0.005283012941043497,0.006834035244638548
2.838,0.01340252336610881,0.01955063482135677,0.013797650988383037,0.010069123359836674,0.0052757705900134955,0.006828921172928437
2.84,0.013396445167398907,0.019542497763192168,0.013796732756955477,0.010068448860058643,0.00526853816732209,0.006823810928200391
2.842,0.013390369725225115,0.019534364090812772,0.013795814584916855,0.010067774405770447,0.005261315659358834,0.006818704507590478
2.844,0.013384297038337545,0.0195262338028106,0.013794896472264728,0.010067099996968976,0.005254103052531711,0.006813601908236988
2.846,0.013378227105486529,0.01951810689777811,0.013793978418996433,0.010066425633651566,0.005246900333267801,0.006808503127280652
2.848,0.013372159925422844,0.019509983374308426,0.013793060425109527,0.010065751315815108,0.005239707488012391,0.006803408161863755
2.85,0.013366095496898378,0.01950186323099512,0.013792142490601345,0.010065077043456716,0.005232524503229419,0.0067983170091312495
2.852,0.013360033818665018,0.019493746466432427,0.013791224615469444,0.010064402816573503,0.005225351365401698,0.006793229666229861
2.854,0.013353974889475762,0.019485633079215248,0.01379030679971116,0.010063728635162583,0.005218188061030249,0.006788146130308759
2.856,0.013347918708083606,0.01947752306793915,0.013789389043324052,0.010063054499221069,0.005211034576634521,0.006783066398518889
2.858,0.013341865273242437,0.019469416431199926,0.013788471346305675,0.010062380408745852,0.005203890898752617,0.006777990468013639
2.86,0.013335814583706584,0.019461313167594252,0.013787553708653366,0.010061706363734269,0.005196757013941289,0.006772918335948397
2.862,0.013329766638231044,0.019453213275719028,0.01378663613036446,0.010061032364183209,0.005189632908775277,0.006767849999480768
2.864,0.013323721435571478,0.019445116754172265,0.013785718611436737,0.010060358410089787,0.0051825185698481935,0.006762785455770359
2.866,0.013317678974483993,0.019437023601552417,0.01378480115186731,0.010059684501451116,0.005175413983771637,0.0067577247019789954
2.868,0.013311639253724916,0.01942893381645816,0.013783883751653736,0.01005901063826431,0.0051683191371756365,0.006752667735270501
2.87,0.013305602272051686,0.01942084739748906,0.013782966410793573,0.010058336820526259,0.005161234016708649,0.006747614552811143
2.872,0.013299568028222186,0.019412764343245126,0.013782049129284157,0.010057663048234078,0.005154158609037562,0.006742565151768742
2.874,0.01329353652099452,0.01940468465232703,0.013781131907123045,0.010056989321385101,0.00514709290084725,0.006737519529313785
2.876,0.01328750774912768,0.019396608323336118,0.013780214744307573,0.010056315639976221,0.0051400368788410145,0.006732477682618754
2.878,0.013281481711381327,0.01938853535487417,0.013779297640835297,0.01005564200400455,0.005132990529740367,0.00672743960885791
2.88,0.01327545840651534,0.01938046574554364,0.013778380596703776,0.01005496841346698,0.005125953840285025,0.006722405305207957
2.882,0.013269437833290265,0.019372399493947423,0.013777463611910123,0.010054294868360847,0.0051189267972329144,0.006717374768847817
2.884,0.013263419990467096,0.01936433659868908,0.013776546686452118,0.010053621368683041,0.0051119093873599475,0.00671234799695819
2.886,0.013257404876807932,0.01935627705837284,0.013775629820326873,0.010052947914430677,0.005104901597460243,0.006707324986721996
2.888,0.013251392491074654,0.019348220871603372,0.01377471301353217,0.010052274505600867,0.005097903414346128,0.0067023057353243765
2.89,0.013245382832030472,0.019340168036985794,0.01377379626606512,0.010051601142190725,0.005090914824848136,0.006697290239952247
2.892,0.013239375898438599,0.019332118553126332,0.013772879577923502,0.010050927824197364,0.005083935815814344,0.00669227849779519
2.894,0.013233371689062912,0.01932407241863121,0.013771962949104433,0.010050254551617899,0.005076966374111258,0.0066872705060445625
2.896,0.013227370202668176,0.019316029632107545,0.013771046379605467,0.01004958132444922,0.0050700064866233685,0.006682266261893721
2.898,0.013221371438019158,0.019307990192162894,0.013770129869424164,0.01004890814268844,0.005063056140253153,0.0066772657625382426
2.9,0.013215375393881734,0.019299954097405703,0.013769213418557857,0.010048235006332673,0.005056115321920851,0.006672269005175924
2.902,0.013209382069022002,0.01929192134644442,0.013768297027004106,0.010047561915379033,0.005049184018564912,0.00666727598700656
2.904,0.013203391462206726,0.019283891937888598,0.013767380694760245,0.010046888869824633,0.0050422622171413245,0.006662286705231724
2.906,0.013197403572203337,0.01927586587034802,0.01376646442182361,0.010046215869666364,0.005035349904624287,0.006657301157055651
2.908,0.013191418397779708,0.01926784314243335,0.013765548208191758,0.01004554291490134,0.005028447068005759,0.006652319339684354
2.91,0.01318543593770416,0.0192598237527557,0.013764632053862025,0.010044870005526896,0.005021553694295466,0.0066473412503260665
2.912,0.013179456190745675,0.019251807699926626,0.013763715958831968,0.010044197141539923,0.0050146697705208965,0.00664236688619102
2.914,0.013173479155673906,0.01924379498255835,0.013762799923098923,0.010043524322937314,0.005007795283727523,0.006637396244491445
2.916,0.013167504831258947,0.019235785599263755,0.013761883946660447,0.010042851549716403,0.005000930220978583,0.006632429322441569
2.918,0.01316153321627156,0.019227779548656176,0.013760968029513876,0.010042178821874304,0.004994074569354634,0.006627466117258285
2.92,0.013155564309482726,0.01921977682934961,0.013760052171656545,0.010041506139407907,0.0049872283159544395,0.006622506626159819
2.922,0.01314959810966454,0.0192117774399585,0.013759136373086012,0.010040833502314328,0.004980391447894306,0.00661755084636706
2.924,0.013143634615589095,0.019203781379098173,0.013758220633799612,0.010040160910590679,0.00497356395230808,0.006612598775102674
2.926,0.013137673826029372,0.019195788645384182,0.013757304953794902,0.010039488364234073,0.004966745816347151,0.006607650409591548
2.928,0.013131715739758798,0.019187799237432968,0.013756389333069219,0.010038815863241402,0.004959937027180894,0.0066027057470605666
2.93,0.013125760355551463,0.01917981315386119,0.01375547377162012,0.010038143407609779,0.0049531375719960025,0.006597764784738613
2.932,0.013119807672181905,0.019171830393286404,0.013754558269444939,0.01003747099733654,0.004946347437996712,0.006592827519856792
2.934,0.013113857688425323,0.019163850954326378,0.013753642826541013,0.010036798632418575,0.004939566612405022,0.006587893949648205
2.936,0.013107910403057366,0.019155874835599995,0.013752727442905899,0.010036126312853,0.004932795082460251,0.006582964071347952
2.938,0.013101965814854122,0.01914790203572614,0.013751812118536932,0.010035454038636704,0.004926032835419258,0.006578037882193355
2.94,0.01309602392259257,0.01913993255332458,0.013750896853431449,0.010034781809767024,0.004919279858556225,0.006573115379423733
2.942,0.01309008472504991,0.019131966387015753,0.013749981647587006,0.01003410962624085,0.004912536139163093,0.006568196560280626
2.944,0.01308414822100401,0.01912400353542032,0.01374906650100094,0.010033437488055297,0.004905801664549125,0.00656328142200735
2.946,0.013078214409233402,0.019116043997159826,0.013748151413670806,0.010032765395207477,0.004899076422040904,0.006558369961849442
2.948,0.013072283288517061,0.019108087770856264,0.013747236385593942,0.010032093347694504,0.004892360398982332,0.0065534621770544366
2.95,0.013066354857634632,0.01910013485513229,0.013746321416767682,0.01003142134551327,0.00488565358273485,0.006548558064871868
2.952,0.013060429115366201,0.019092185248611004,0.013745406507189584,0.010030749388661109,0.0048789559606770005,0.006543657622553711
2.954,0.013054506060492521,0.019084238949916177,0.013744491656856983,0.010030077477134913,0.004872267520204865,0.0065387608473534975
2.956,0.013048585691794568,0.019076295957672018,0.013743576865767215,0.010029405610931796,0.004865588248731401,0.006533867736527199
2.958,0.013042668008054425,0.019068356270503406,0.013742662133917838,0.010028733790048872,0.004858918133687329,0.006528978287332565
2.96,0.01303675300805418,0.019060419887035884,0.013741747461306186,0.010028062014483252,0.004852257162520246,0.0065240924970295655
2.962,0.013030840690576806,0.01905248680589544,0.013740832847929596,0.01002739028423183,0.00484560532269529,0.006519210362880168
2.964,0.01302493105440572,0.01904455702570851,0.013739918293785625,0.010026718599291717,0.004838962601694474,0.006514331882148339
2.966,0.013019024098324783,0.019036630545102406,0.013739003798871607,0.01002604695966025,0.0048323289870169095,0.006509457052100043
2.968,0.013013119821118746,0.0190287073627049,0.01373808936318488,0.010025375365334321,0.004825704466179248,0.006504585870003465
2.97,0.01300721822157258,0.019020787477143974,0.013737174986723,0.01002470381631082,0.004819089026714796,0.00649971833312879
2.972,0.013001319298471925,0.019012870887048727,0.013736260669483302,0.010024032312587083,0.004812482656174177,0.006494854438748199
2.974,0.012995423050603083,0.0190049575910487,0.013735346411463123,0.010023360854160002,0.004805885342125116,0.006489994184136094
2.976,0.012989529476752582,0.018997047587773652,0.013734432212659797,0.010022689441026689,0.004799297072152431,0.006485137566568433
2.978,0.012983638575707834,0.018989140875854238,0.013733518073070883,0.010022018073184258,0.004792717833857818,0.0064802845833238365
2.98,0.0129777503462567,0.018981237453921773,0.013732603992693937,0.010021346750629823,0.00478614761486007,0.00647543523168248
2.982,0.012971864787187481,0.018973337320607797,0.013731689971526073,0.010020675473360496,0.004779586402794633,0.006470589508926761
2.984,0.012965981897289147,0.018965440474544515,0.013730776009564849,0.01002000424137317,0.004773034185314495,0.006465747412341072
2.986,0.012960101675351332,0.01895754691436502,0.0137298621068076,0.01001933305466518,0.004766490950089075,0.006460908939212029
2.988,0.012954224120163893,0.018949656638702406,0.013728948263251661,0.010018661913233418,0.004759956684804889,0.006456074086828023
2.99,0.012948349230517353,0.018941769646190876,0.01372803447889459,0.010017990817074773,0.004753431377165329,0.006451242852479444
2.992,0.012942477005203123,0.018933885935465078,0.013727120753733724,0.010017319766186583,0.00474691501489044,0.006446415233458902
2.994,0.012936607443012615,0.018926005505159882,0.013726207087766396,0.01001664876056596,0.004740407585717588,0.006441591227061005
2.996,0.012930740542738128,0.018918128353911046,0.013725293480989942,0.010015977800209797,0.0047339090774005665,0.006436770830582361
2.998,0.012924876303172406,0.018910254480354993,0.01372437993340192,0.010015306885115205,0.004727419477709827,0.006431954041321353
3.0,0.012919014723108857,0.01890238388312837,0.013723466444999666,0.010014636015279299,0.0047209387744329145,0.006427140856578806
3.0020000000000002,0.012913155801341336,0.01889451656086849,0.013722553015780514,0.010013965190699192,0.00471446695537403,0.006422331273657322
3.004,0.012907299536664363,0.018886652512213553,0.013721639645742023,0.010013294411371776,0.0047080040083540275,0.006417525289861725
3.0060000000000002,0.012901445927872679,0.01887879173580176,0.013720726334881306,0.010012623677294163,0.004701549921210635,0.006412722902498613
3.008,0.012895594973761915,0.018870934230272418,0.01371981308319592,0.010011952988463468,0.0046951046817980124,0.006407924108876584
3.0100000000000002,0.012889746673128144,0.018863079994265064,0.0137188998906832,0.010011282344876804,0.004688668277986974,0.0064031289063064545
3.012,0.012883901024768107,0.018855229026420117,0.013717986757340705,0.010010611746531284,0.0046822406976649855,0.006398337292101042
3.0140000000000002,0.012878058027478767,0.01884738132537822,0.01371707368316577,0.010009941193424021,0.00467582192873639,0.006393549263574938
3.016,0.012872217680057751,0.018839536889780684,0.01371616066815573,0.010009270685551908,0.004669411959121739,0.006388764818044956
3.0180000000000002,0.012866379981303577,0.01883169571826948,0.01371524771230792,0.010008600222912056,0.004663010776758458,0.006383983952829686
3.02,0.012860544930014761,0.018823857809487032,0.013714334815619678,0.01000792980550158,0.004656618369600407,0.006379206665250159
3.0220000000000002,0.012854712524990708,0.0188160231620762,0.013713421978088558,0.010007259433317595,0.004650234725617652,0.006374432952628961
3.024,0.012848882765031266,0.01880819177468096,0.013712509199711675,0.010006589106357211,0.004643859832797137,0.006369662812290899
3.0260000000000002,0.012843055648936952,0.018800363645945284,0.013711596480486588,0.010005918824617321,0.004637493679142235,0.0063648962415627786
3.028,0.012837231175508723,0.01879253877451381,0.01371068382041063,0.01000524858809504,0.00463113625267253,0.006360133237773402
3.0300000000000002,0.012831409343547984,0.01878471715903185,0.01370977121948136,0.010004578396787478,0.004624787541424258,0.006355373798253572
3.032,0.012825590151857025,0.01877689879814537,0.01370885867769589,0.010003908250691751,0.004618447533450087,0.006350617920335866
3.0340000000000003,0.012819773599238138,0.018769083690500787,0.013707946195051779,0.01000323814980475,0.004612116216818896,0.006345865601355305
3.036,0.012813959684494725,0.018761271834744964,0.013707033771546362,0.01000256809412381,0.004605793579615991,0.006341116838648464
3.0380000000000003,0.012808148406430186,0.018753463229525424,0.013706121407176974,0.010001898083645822,0.004599479609942891,0.006336371629554138
3.04,0.012802339763849035,0.018745657873490362,0.013705209101941174,0.0100012281183679,0.004593174295917546,0.006331629971413122
3.0420000000000003,0.012796533755555783,0.018737855765288414,0.013704296855836073,0.010000558198287157,0.004586877625674113,0.006326891861568207
3.044,0.01279073038035583,0.01873005690356888,0.013703384668859231,0.009999888323400485,0.004580589587363182,0.006322157297363962
3.0460000000000003,0.01278492963705502,0.018722261286981512,0.013702472541007982,0.00999921849370522,0.004574310169151552,0.0063174262761471756
3.048,0.012779131524459864,0.018714468914176496,0.013701560472279661,0.009998548709198252,0.004568039359222231,0.006312698795266636
3.0500000000000003,0.012773336041377092,0.018706679783804914,0.013700648462671605,0.009997878969876695,0.004561777145774215,0.006307974852072906
3.052,0.012767543186614327,0.018698893894518287,0.013699736512181149,0.009997209275737662,0.00455552351702293,0.006303254443918771
3.0540000000000003,0.012761752958979633,0.018691111244968583,0.01369882462080585,0.009996539626778045,0.0045492784611997905,0.006298537568158791
3.056,0.012755965357281296,0.018683331833808214,0.013697912788542821,0.009995870022995179,0.004543041966552419,0.006293824222149524
3.0580000000000003,0.012750180380328713,0.01867555565969048,0.01369700101538962,0.009995200464385956,0.004536814021344648,0.0062891144032497515
3.06,0.01274439802693128,0.01866778272126912,0.013696089301343584,0.009994530950947489,0.004530594613856298,0.006284408108820028
3.0620000000000003,0.012738618295899284,0.01866001301719833,0.013695177646402046,0.00999386148267667,0.004524383732383175,0.006279705336222685
3.064,0.012732841186043453,0.018652246546132956,0.013694266050562343,0.009993192059570832,0.004518181365237073,0.0062750060828224985
3.0660000000000003,0.01272706669617496,0.0186444833067283,0.01369335451382181,0.00999252268162687,0.004511987500746217,0.006270310345985797
3.068,0.012721294825105645,0.018636723297640545,0.013692443036178004,0.009991853348842117,0.004505802127254377,0.006265618123081129
3.0700000000000003,0.012715525571648012,0.01862896651752588,0.013691531617628039,0.009991184061213243,0.004499625233121751,0.006260929411478822
3.072,0.01270975893461479,0.0186212129650416,0.013690620258169472,0.009990514818737584,0.004493456806723861,0.00625624420855142
3.074,0.012703994912819372,0.018613462638845224,0.01368970895779964,0.009989845621412252,0.004487296836452881,0.006251562511673248
3.076,0.012698233505075596,0.018605715537594936,0.013688797716515877,0.00998917646923414,0.004481145310716306,0.006246884318220625
3.078,0.012692474710198187,0.018597971659949586,0.013687886534315519,0.00998850736220036,0.00447500221793784,0.006242209625572093
3.08,0.012686718527001872,0.018590231004568247,0.0136869754111959,0.009987838300308027,0.004468867546557176,0.0062375384311075255
3.082,0.012680964954302487,0.018582493570111103,0.013686064347154359,0.009987169283554254,0.004462741285029326,0.006232870732209461
3.084,0.01267521399091609,0.018574759355238335,0.01368515334218845,0.00998650031193593,0.004456623421825734,0.006228206526261992
3.086,0.012669465635659183,0.018567028358610793,0.013684242396295287,0.009985831385450394,0.0044505139454333875,0.00622354581065121
3.088,0.012663719887348934,0.018559300578890214,0.01368333150947243,0.009985162504094536,0.004444412844354817,0.006218888582765203
3.09,0.012657976744803179,0.018551576014738558,0.013682420681716989,0.009984493667865468,0.004438320107108762,0.0062142348399940595
3.092,0.012652236206840195,0.01854385466481845,0.013681509913026524,0.009983824876760083,0.004432235722229505,0.006209584579729643
3.094,0.012646498272278484,0.01853613652779318,0.01368059920339837,0.009983156130775717,0.004426159678266872,0.006204937799366039
3.096,0.012640762939937655,0.01852842160232626,0.013679688552829639,0.00998248742990926,0.0044200919637866765,0.00620029449629933
3.098,0.012635030208637321,0.0185207098870821,0.01367877796131789,0.009981818774157825,0.004414032567370052,0.006195654667927153
3.1,0.012629300077198202,0.018513001380725758,0.013677867428860457,0.009981150163518526,0.004407981477614342,0.0061910183116493656
3.102,0.012623572544440798,0.018505296081922307,0.013676956955454678,0.009980481597988478,0.0044019386831319895,0.006186385424867602
3.104,0.012617847609186938,0.018497593989337924,0.013676046541097886,0.00997981307756457,0.004395904172551202,0.006181756004985717
3.106,0.012612125270258456,0.01848989510163901,0.01367513618578764,0.009979144602243917,0.004389877934515951,0.006177130049409341
3.108,0.012606405526477849,0.01848219941749285,0.013674225889521052,0.009978476172023631,0.004383859957685532,0.006172507555545881
3.11,0.012600688376668279,0.018474506935566737,0.013673315652295459,0.009977807786900827,0.004377850230735003,0.006167888520804965
3.112,0.012594973819653132,0.018466817654529066,0.013672405474108196,0.009977139446872618,0.004371848742354745,0.006163272942598219
3.114,0.012589261854256684,0.01845913157304868,0.01367149535495682,0.009976471151935895,0.00436585548125068,0.006158660818338824
3.116,0.01258355247930365,0.018451448689794647,0.013670585294838444,0.009975802902087771,0.004359870436144497,0.006154052145442179
3.118,0.012577845693618972,0.018443769003436916,0.013669675293750405,0.00997513469732536,0.004353893595772984,0.006149446921325463
3.12,0.0125721414960287,0.018436092512645663,0.01366876535169026,0.009974466537645776,0.004347924948888471,0.006144845143408073
3.122,0.012566439885358882,0.01842841921609195,0.013667855468655121,0.009973798423046132,0.004341964484258831,0.006140246809110961
3.124,0.012560740860436459,0.018420749112447288,0.013666945644642547,0.009973130353523318,0.00433601219066726,0.006135651915857077
3.126,0.01255504442008859,0.018413082200383846,0.013666035879649652,0.00997246232907445,0.004330068056912273,0.006131060461071591
3.128,0.012549350563143102,0.01840541847857402,0.013665126173673992,0.009971794349696639,0.004324132071807707,0.006126472442181452
3.13,0.012543659288428488,0.018397757945691096,0.01366421652671268,0.009971126415387,0.004318204224182942,0.006121887856615382
3.132,0.012537970594773684,0.0183901006004088,0.013663306938763276,0.009970458526142423,0.0043122845028824575,0.006117306701804104
3.134,0.012532284481008071,0.0183824464414013,0.013662397409823113,0.009969790681960022,0.004306372896766275,0.006112728975180559
3.136,0.012526600945961697,0.01837479546734344,0.013661487939889305,0.009969122882836912,0.004300469394709294,0.006108154674179023
3.138,0.012520919988465051,0.0183671476769105,0.01366057852895941,0.009968455128770204,0.004294573985602179,0.006103583796236212
3.14,0.012515241607349292,0.018359503068778427,0.013659669177030542,0.009967787419757013,0.004288686658350249,0.006099016338790619
3.142,0.012509565801445799,0.018351861641623612,0.013658759884100258,0.00996711975579423,0.004282807401874589,0.006094452299282516
3.144,0.012503892569586839,0.018344223394123116,0.01365785065016567,0.009966452136878967,0.004276936205110937,0.006089891675154169
3.146,0.0124982219106049,0.01833658832495466,0.013656941475224338,0.00996578456300834,0.004271073057010577,0.006085334463849623
3.148,0.012492553823333141,0.018328956432796195,0.013656032359273373,0.00996511703417946,0.00426521794653989,0.006080780662815144
3.15,0.012486888306605382,0.01832132771632633,0.013655123302310335,0.009964449550389443,0.004259370862680356,0.006076230269498772
3.152,0.012481225359255665,0.018313702174224344,0.013654214304332335,0.009963782111635178,0.0042535317944283335,0.006071683281350548
3.154,0.012475564980118703,0.01830607980516996,0.01365330536533671,0.009963114717913779,0.004247700730795723,0.006067139695822066
3.156,0.012469907168030092,0.018298460607843348,0.013652396485321017,0.00996244736922236,0.004241877660809079,0.006062599510367139
3.158,0.012464251921825431,0.018290844580925558,0.013651487664282369,0.009961780065558035,0.004236062573510058,0.00605806272244136
3.16,0.012458599240340984,0.01828323172309787,0.013650578902218102,0.009961112806917694,0.004230255457955412,0.006053529329502316
3.162,0.012452949122413681,0.018275622033042227,0.013649670199125552,0.00996044559329845,0.004224456303217217,0.006048999329009597
3.164,0.012447301566880897,0.018268015509441016,0.013648761555002276,0.009959778424697419,0.0042186650983819796,0.006044472718424343
3.166,0.01244165657258045,0.018260412150977512,0.013647852969845387,0.009959111301111712,0.004212881832551307,0.0060399494952099175
3.168,0.012436014138351048,0.018252811956335213,0.01364694444365222,0.009958444222538443,0.004207106494842128,0.006035429656831459
3.17,0.012430374263031396,0.01824521492419806,0.013646035976420112,0.009957777188974504,0.0042013390743858015,0.006030913200756105
3.172,0.01242473694546109,0.018237621053250885,0.013645127568146398,0.009957110200417008,0.004195579560328788,0.006026400124452547
3.174,0.012419102184480169,0.01823003034217896,0.01364421921882819,0.009956443256863068,0.004189827941832647,0.006021890425391918
3.176,0.012413469978929115,0.018222442789668003,0.013643310928463048,0.009955776358309798,0.004184084208073369,0.0060173841010466855
3.178,0.012407840327649078,0.0182148583944044,0.013642402697048306,0.00995510950475409,0.004178348348242045,0.006012881148891536
3.18,0.012402213229481651,0.018207277155074975,0.013641494524581077,0.009954442696193277,0.0041726203515446425,0.006008381566403154
3.182,0.012396588683268872,0.018199699070367004,0.01364058641105892,0.009953775932624254,0.004166900207201785,0.006003885351059779
3.184,0.012390966687853444,0.018192124138968646,0.013639678356478946,0.009953109214044131,0.004161187904448749,0.005999392500341649
3.186,0.012385347242078515,0.018184552359568285,0.013638770360838715,0.009952442540449802,0.004155483432535911,0.005994903011731001
3.188,0.012379730344787898,0.018176983730854968,0.013637862424135339,0.009951775911838379,0.004149786780728082,0.0059904168827118465
3.19,0.01237411599482563,0.01816941825151841,0.013636954546366153,0.009951109328207197,0.004144097938304947,0.005985934110770197
3.192,0.012368504191036633,0.01816185592024855,0.013636046727528495,0.009950442789553149,0.004138416894560848,0.0059814546933938395
3.194,0.012362894932266055,0.01815429673573621,0.013635138967619698,0.009949776295873125,0.004132743638804781,0.00597697862807256
3.196,0.012357288217359708,0.018146740696672436,0.013634231266637098,0.009949109847164461,0.004127078160360398,0.005972505912297921
3.198,0.012351684045163847,0.018139187801749168,0.013633323624578031,0.009948443443424049,0.0041214204485662265,0.00596803654356326
3.2,0.012346082414525394,0.018131638049658783,0.013632416041439832,0.009947777084649001,0.004115770492775006,0.005963570519363914
3.202,0.012340483324291718,0.01812409143909388,0.013631508517219615,0.009947110770836431,0.004110128282354131,0.0059591078371972195
3.204,0.01233488677331085,0.018116547968747954,0.013630601051914715,0.009946444501983454,0.004104493806685872,0.005954648494562065
3.206,0.012329292760431043,0.018109007637315155,0.01362969364552269,0.009945778278086959,0.004098867055166933,0.00595019248895956
3.208,0.01232370128450122,0.018101470443489642,0.013628786298040652,0.00994511209914406,0.004093248017208451,0.005945739817892592
3.21,0.012318112344370746,0.01809393638596668,0.013627879009465937,0.009944445965151871,0.0040876366822359955,0.005941290478865602
3.212,0.012312525938889873,0.018086405463441757,0.013626971779795882,0.009943779876107506,0.004082033039690014,0.00593684446938525
3.214,0.012306942066908855,0.018078877674611027,0.0136260646090276,0.009943113832007855,0.004076437079024942,0.005932401786959973
3.216,0.012301360727278832,0.018071353018170866,0.013625157497158646,0.009942447832850254,0.004070848789710091,0.005927962429099987
3.218,0.012295781918851167,0.01806383149281876,0.013624250444186137,0.009941781878631595,0.004065268161228763,0.005923526393317724
3.22,0.012290205640478113,0.01805631309725242,0.013623343450107628,0.009941115969348768,0.004059695183079137,0.005919093677126952
3.222,0.012284631891012143,0.018048797830169994,0.013622436514920233,0.00994045010499911,0.004054129844773602,0.0059146642780434355
3.224,0.012279060669306396,0.018041285690270303,0.013621529638621288,0.009939784285579512,0.004048572135838979,0.00591023819358516
3.226,0.012273491974214457,0.018033776676252833,0.013620622821208128,0.009939118511087308,0.004043022045816302,0.005905815421271443
3.228,0.012267925804590574,0.01802627078681751,0.013619716062677867,0.00993845278151917,0.004037479564261037,0.005901395958624045
3.23,0.012262362159289442,0.01801876802066449,0.013618809363028062,0.00993778709687243,0.0040319446807428605,0.005896979803166058
3.232,0.012256801037165976,0.018011268376495027,0.013617902722255826,0.009937121457144205,0.004026417384846104,0.005892566952422573
3.234,0.012251242437076204,0.01800377185301061,0.013616996140358495,0.009936455862331384,0.004020897666168866,0.00588815740392068
3.236,0.012245686357876151,0.01799627844891316,0.013616089617333405,0.009935790312431081,0.004015385514323899,0.005883751155189243
3.238,0.01224013279842251,0.017988788162905278,0.01361518315317789,0.00993512480744041,0.004009880918937947,0.005879348203758905
3.24,0.012234581757572638,0.01798130099369022,0.013614276747889065,0.009934459347356261,0.004004383869652184,0.005874948547162306
3.242,0.012229033234184339,0.017973816939971465,0.013613370401464486,0.009933793932175972,0.003998894356121774,0.005870552182933864
3.244,0.012223487227115859,0.017966336000453387,0.013612464113901268,0.009933128561896432,0.0039934123680160916,0.00586615910860977
3.246,0.012217943735225889,0.017958858173840797,0.013611557885196746,0.009932463236514755,0.003987937895018945,0.005861769321727994
3.248,0.012212402757374008,0.017951383458838732,0.013610651715348254,0.009931797956027832,0.003982470926827908,0.005857382819828727
3.25,0.012206864292419795,0.017943911854153338,0.013609745604352907,0.009931132720433,0.003977011453154988,0.00585299960045349
3.2520000000000002,0.012201328339223716,0.01793644335849076,0.013608839552208263,0.00993046752972715,0.003971559463726182,0.005848619661146026
3.254,0.012195794896646683,0.017928977970558035,0.013607933558911434,0.009929802383907393,0.003966114948281474,0.005844242999451854
3.2560000000000002,0.012190263963550052,0.017921515689062417,0.013607027624459755,0.009929137282970846,0.00396067789657506,0.005839869612918047
3.258,0.012184735538795843,0.01791405651271205,0.013606121748850564,0.009928472226914398,0.003955248298375125,0.005835499499093899
3.2600000000000002,0.0121792096212463,0.017906600440215303,0.013605215932080972,0.009927807215735385,0.0039498261434638415,0.005831132655530258
3.262,0.012173686209764556,0.017899147470281207,0.013604310174148315,0.009927142249430698,0.003944411421637373,0.00582676907977997
3.2640000000000002,0.012168165303213963,0.01789169760161946,0.01360340447504993,0.00992647732799723,0.003939004122706091,0.005822408769397658
3.266,0.01216264690045854,0.017884250832940207,0.01360249883478315,0.009925812451432314,0.003933604236493915,0.005818051721939721
3.2680000000000002,0.012157131000362753,0.017876807162954034,0.013601593253345312,0.009925147619733066,0.003928211752839195,0.005813697934964335
3.27,0.012151617601791731,0.017869366590372193,0.01360068773073353,0.009924482832896375,0.003922826661593826,0.005809347406031673
3.2720000000000002,0.012146106703610826,0.017861929113906383,0.013599782266945137,0.009923818090919356,0.003917448952623692,0.005805000132703908
3.274,0.012140598304686057,0.017854494732268966,0.013598876861977471,0.0099231533937989,0.003912078615808889,0.005800656112544544
3.2760000000000002,0.012135092403884107,0.01784706344417253,0.013597971515827867,0.009922488741532343,0.003906715641043057,0.005796315343119085
3.278,0.012129589000071883,0.017839635248330543,0.013597066228493437,0.009921824134116575,0.0039013600182336017,0.005791977821995031
3.2800000000000002,0.012124088092116958,0.017832210143456928,0.01359616099997174,0.00992115957154871,0.003896011737302141,0.005787643546741661
3.282,0.01211858967888757,0.017824788128266045,0.013595255830259667,0.009920495053825862,0.0038906707881838365,0.005783312514930028
3.2840000000000003,0.012113093759252402,0.0178173692014727,0.013594350719354775,0.009919830580944922,0.0038853371608276177,0.005778984724132963
3.286,0.01210760033208036,0.017809953361792585,0.013593445667254178,0.009919166152903225,0.003880010845196402,0.005774660171925072
3.2880000000000003,0.012102109396241012,0.01780254060794162,0.013592540673955211,0.009918501769697663,0.0038746918312668743,0.005770338855882962
3.29,0.01209662095060482,0.01779513093863616,0.01359163573945521,0.00991783743132535,0.0038693801090292634,0.00576602077358479
3.2920000000000003,0.01209113499404224,0.01778772435259346,0.01359073086375151,0.009917173137783175,0.0038640756684875655,0.005761705922610716
3.294,0.012085651525424401,0.017780320848531206,0.013589826046841225,0.009916508889068476,0.003858778499659321,0.005757394300542673
3.2960000000000003,0.012080170543623092,0.017772920425167316,0.01358892128872169,0.009915844685178143,0.003853488592576282,0.005753085904964372
3.298,0.012074692047510327,0.01776552308122059,0.01358801658939024,0.00991518052610929,0.0038482059372833,0.005748780733461301
3.3000000000000003,0.012069216035959007,0.01775812881541028,0.013587111948843988,0.009914516411859031,0.0038429305238392164,0.005744478783620943
3.302,0.012063742507842257,0.01775073762645607,0.013586207367080272,0.009913852342424256,0.003837662342316417,0.00574018005303234
3.3040000000000003,0.012058271462033643,0.0177433495130781,0.013585302844096425,0.00991318831780208,0.003832401382800832,0.005735884539286529
3.306,0.012052802897407622,0.01773596447399739,0.013584398379889784,0.009912524337989614,0.0038271476353919365,0.005731592239976324
3.3080000000000003,0.012047336812838871,0.017728582507935187,0.013583493974457461,0.009911860402983974,0.0038219010902029726,0.005727303152696095
3.31,0.012041873207202736,0.01772120361361318,0.013582589627796793,0.009911196512782272,0.003816661737360505,0.00572301727504243
3.3120000000000003,0.01203641207937478,0.017713827789753944,0.013581685339904892,0.0099105326673814,0.003811429567004865,0.0057187346046132514
3.314,0.012030953428231461,0.017706455035080504,0.013580781110779316,0.00990986886677847,0.003806204569289706,0.005714455139008701
3.3160000000000003,0.012025497252649453,0.0176990853483161,0.01357987694041718,0.009909205110970598,0.003800986734382228,0.005710178875830474
3.318,0.012020043551506099,0.01769171872818487,0.013578972828815594,0.009908541399954895,0.0037957760524633954,0.005705905812682044
3.3200000000000003,0.012014592323679407,0.01768435517341116,0.013578068775972119,0.009907877733728254,0.003790572513727053,0.0057016359471688816
3.322,0.012009143568047387,0.017676994682720215,0.013577164781883866,0.009907214112287788,0.0037853761083810333,0.005697369276898012
3.3240000000000003,0.012003697283488934,0.0176696372548375,0.01357626084654795,0.00990655053563061,0.00378018682664627,0.0056931057994784595
3.326,0.01199825346888339,0.017662282888489145,0.013575356969961927,0.009905887003753833,0.0037750046587572417,0.0056888455125208015
3.3280000000000003,0.011992812123110763,0.017654931582401723,0.013574453152122912,0.009905223516654349,0.003769829594961971,0.005684588413637615
3.33,0.01198737324505128,0.017647583335302475,0.013573549393028017,0.009904560074329272,0.0037646616255213594,0.0056803345004432515
3.332,0.011981936833585616,0.017640238145919085,0.013572645692674579,0.009903896676775714,0.0037595007407100756,0.005676083770553619
3.334,0.01197650288759533,0.017632896012979682,0.013571742051059932,0.00990323332399079,0.0037543469308161104,0.005671836221586624
3.336,0.011971071405962208,0.01762555693521306,0.013570838468181412,0.009902570015971612,0.0037492001861405555,0.005667591851162168
3.338,0.011965642387568698,0.01761822091134846,0.013569934944036133,0.009901906752715073,0.0037440604969980473,0.005663350656901267
3.34,0.011960215831297694,0.017610887940115783,0.01356903147862143,0.009901243534218285,0.003738927853716101,0.005659112636427377
3.342,0.011954791736032533,0.01760355802024538,0.013568128071934638,0.009900580360478362,0.0037338022466359977,0.005654877787365509
3.344,0.011949370100656997,0.017596231150468045,0.01356722472397287,0.009899917231492195,0.0037286836661118983,0.005650646107342228
3.346,0.011943950924055757,0.017588907329515235,0.013566321434733464,0.00989925414725712,0.0037235721025112856,0.005646417593986319
3.348,0.011938534205113482,0.017581586556118634,0.01356541820421353,0.009898591107770027,0.0037184675462149652,0.005642192244927902
3.35,0.01193311994271573,0.01757426882901103,0.013564515032410629,0.009897928113028032,0.0037133699876166215,0.005637970057799091
3.352,0.011927708135748283,0.017566954146925218,0.01356361191932165,0.009897265163028024,0.0037082794171234834,0.00563375103023378
3.354,0.011922298783097807,0.017559642508594653,0.01356270886494415,0.00989660225776734,0.0037031958251556585,0.005629535159867416
3.356,0.01191689188365097,0.01755233391275346,0.013561805869275245,0.00989593939724287,0.003698119202146577,0.005625322444337444
3.358,0.011911487436295332,0.017545028358135983,0.013560902932312047,0.009895276581451729,0.0036930495385425477,0.005621112881283308
3.36,0.01190608543991889,0.01753772584347746,0.01356000005405189,0.009894613810391029,0.003687986824803202,0.005616906468345562
3.362,0.01190068589341009,0.017530426367513563,0.013559097234492112,0.009893951084057662,0.0036829310514012725,0.005612703203167202
3.364,0.011895288795657821,0.01752312992898042,0.013558194473630047,0.009893288402448741,0.0036778822088223695,0.0056085030833925575
3.366,0.011889894145551416,0.017515836526614592,0.01355729177146281,0.00989262576556138,0.0036728402875652044,0.0056043061066677335
3.368,0.011884501941980874,0.017508546159153093,0.013556389127987512,0.009891963173392693,0.0036678052781415893,0.0056001122706408335
3.37,0.01187911218383686,0.01750125882533382,0.01355548654320149,0.009891300625939792,0.0036627771710762147,0.005595921572961737
3.372,0.011873724870010038,0.017493974523895117,0.013554584017102078,0.009890638123199569,0.003657755956906872,0.005591734011281657
3.374,0.011868339999392186,0.017486693253575547,0.013553681549686614,0.009889975665169137,0.0036527416261844525,0.005587549583254026
3.376,0.011862957570875077,0.01747941501311434,0.013552779140951987,0.00988931325184561,0.003647734169472505,0.00558336828653383
3.378,0.011857577583351153,0.017472139801251396,0.013551876790895756,0.009888650883226102,0.0036427335773476788,0.0055791901187778326
3.38,0.011852200035713523,0.017464867616727053,0.013550974499515034,0.009887988559307503,0.003637739840399279,0.005575015077644574
3.382,0.011846824926855515,0.017457598458282098,0.013550072266807156,0.009887326280086928,0.0036327529492299337,0.005570843160794148
3.384,0.011841452255671125,0.017450332324657758,0.013549170092769236,0.009886664045561488,0.003627772894454928,0.0055666743658888684
3.386,0.011836082021055017,0.017443069214596152,0.01354826797739861,0.0098860018557283,0.0036227996667026474,0.005562508690592383
3.388,0.011830714221902072,0.01743580912683962,0.013547365920692389,0.009885339710584251,0.0036178332566139115,0.005558346132570113
3.39,0.01182534885710762,0.017428552060131164,0.013546463922647911,0.009884677610126458,0.003612873654842641,0.005554186689489482
3.392,0.011819985925567877,0.017421298013214237,0.01354556198326251,0.009884015554352032,0.003607920852055413,0.005550030359019464
3.394,0.01181462542617906,0.01741404698483273,0.013544660102533301,0.009883353543258089,0.003602974838931683,0.005545877138830813
3.396,0.011809267357838493,0.017406798973731208,0.013543758280457618,0.009882691576841518,0.0035980356061637853,0.005541727026596055
3.398,0.011803911719443283,0.017399553978654447,0.013542856517032575,0.009882029655099434,0.0035931031444567108,0.005537580019989274
3.4,0.011798558509891643,0.017392311998348342,0.013541954812255508,0.009881367778028949,0.0035881774445283288,0.005533436116686552
3.402,0.011793207728082011,0.017385073031558784,0.013541053166123529,0.009880705945627177,0.003583258497108943,0.005529295314365745
3.404,0.01178785937291349,0.017377837077032332,0.013540151578633974,0.009880044157891232,0.0035783462929417365,0.005525157610706044
3.406,0.011782513443285403,0.01737060413351621,0.013539250049783957,0.009879382414818005,0.0035734408227827696,0.0055210230033888585
3.408,0.011777169938097742,0.017363374199758086,0.013538348579570814,0.00987872071640461,0.0035685420774003163,0.005516891490097153
3.41,0.011771828856251165,0.017356147274506073,0.013537447167991878,0.009878059062648159,0.0035636500475757504,0.005512763068515447
3.412,0.011766490196646329,0.017348923356508728,0.013536545815044265,0.009877397453545544,0.003558764724102881,0.0055086377363302574
3.414,0.011761153958185,0.017341702444515272,0.013535644520725088,0.009876735889094101,0.0035538860977881725,0.005504515491229656
3.416,0.011755820139768947,0.017334484537275374,0.01353474328503168,0.009876074369290722,0.0035490141594507474,0.00550039633090349
3.418,0.011750488740300824,0.017327269633539366,0.01353384210796138,0.009875412894132296,0.0035441488999221615,0.005496280253043384
3.42,0.01174515975868351,0.017320057732058025,0.0135329409895113,0.00987475146361616,0.0035392903100466278,0.005492167255342517
3.422,0.011739833193820548,0.017312848831582572,0.013532039929678552,0.009874090077739206,0.0035344383806807933,0.005488057335496066
3.424,0.011734509044615704,0.017305642930864673,0.013531138928460473,0.009873428736498768,0.003529593102694184,0.005483950491200762
3.426,0.011729187309973632,0.01729844002865688,0.013530237985854399,0.009872767439891517,0.003524754466968316,0.005479846720155113
3.428,0.011723867988799208,0.01729124012371197,0.013529337101857442,0.009872106187914786,0.0035199224643978066,0.005475746020059402
3.43,0.011718551079997974,0.017284043214783162,0.013528436276466937,0.009871444980565691,0.0035150970858892627,0.005471648388615469
3.432,0.011713236582475695,0.017276849300624342,0.01352753550968,0.009870783817841122,0.0035102783223621703,0.005467553823527149
3.434,0.011707924495139022,0.01726965837998984,0.013526634801493742,0.009870122699738193,0.0035054661647480057,0.005463462322499613
3.436,0.01170261481689483,0.01726247045163465,0.0135257341519055,0.009869461626253795,0.0035006606039909016,0.005459373883240026
3.438,0.011697307546650437,0.01725528551431399,0.013524833560912608,0.009868800597385263,0.0034958616310476476,0.005455288503457112
3.44,0.011692002683314051,0.017248103566783968,0.01352393302851218,0.00986813961312949,0.0034910692368870233,0.005451206180861368
3.442,0.011686700225793878,0.017240924607801134,0.01352303255470133,0.009867478673483587,0.003486283412490465,0.00544712691316529
3.444,0.011681400172999012,0.01723374863612226,0.013522132139477394,0.00986681777844467,0.003481504148851622,0.0054430506980824855
3.446,0.011676102523838772,0.017226575650505005,0.013521231782837706,0.009866156928009628,0.0034767314369763547,0.0054389775333287815
3.448,0.011670807277223139,0.017219405649707253,0.01352033148477938,0.009865496122175577,0.0034719652678834034,0.005434907416621559
3.45,0.011665514432062318,0.017212238632487553,0.013519431245299529,0.009864835360939628,0.0034672056326032763,0.005430840345679977
3.452,0.011660223987267404,0.017205074597604897,0.01351853106439549,0.009864174644298895,0.003462452522178916,0.005426776318224746
3.454,0.011654935941749711,0.01719791354381872,0.013517630942064374,0.009863513972250493,0.0034577059276654776,0.005422715331978134
3.456,0.011649650294421221,0.01719075546988913,0.013516730878303518,0.009862853344791311,0.003452965840130773,0.005418657384664627
3.458,0.01164436704419436,0.01718360037457689,0.013515830873110035,0.009862192761918465,0.0034482322506543817,0.005414602474010044
3.46,0.011639086189981773,0.017176448256642995,0.013514930926481261,0.009861532223629066,0.0034435051503283187,0.005410550597741759
3.462,0.011633807730696999,0.01716929911484888,0.01351403103841431,0.009860871729920229,0.003438784530256811,0.005406501753589366
3.464,0.011628531665254016,0.017162152947956866,0.013513131208906515,0.009860211280788844,0.003434070381556298,0.00540245593928379
3.466,0.011623257992567027,0.0171550097547295,0.013512231437954991,0.009859550876232026,0.0034293626953554313,0.005398413152557513
3.468,0.011617986711550898,0.017147869533929994,0.013511331725557074,0.009858890516246888,0.0034246614627948535,0.005394373391145235
3.47,0.011612717821120944,0.017140732284322002,0.013510432071709655,0.009858230200830542,0.0034199666750274194,0.005390336652782768
3.472,0.011607451320192919,0.017133598004669626,0.013509532476410291,0.009857569929979881,0.003415278323218196,0.005386302935208143
3.474,0.011602187207683246,0.01712646669373763,0.013508632939656096,0.009856909703692018,0.003410596398544241,0.005382272236160723
3.476,0.01159692548250879,0.017119338350291224,0.013507733461444182,0.009856249521964067,0.0034059208921948247,0.00537824455338165
3.478,0.011591666143586865,0.017112212973096064,0.013506834041771887,0.00985558938479314,0.0034012517953714294,0.00537421988461384
3.48,0.011586409189835223,0.017105090560918468,0.013505934680636322,0.009854929292176129,0.003396589099287084,0.0053701982276017635
3.482,0.011581154620172285,0.01709797111252498,0.013505035378034602,0.009854269244110148,0.003391932795167474,0.005366179580091668
3.484,0.011575902433516694,0.017090854626683027,0.013504136133964062,0.00985360924059231,0.0033872828742498307,0.005362163939831355
3.486,0.011570652628787759,0.017083741102160488,0.013503236948421815,0.009852949281619727,0.0033826393277838207,0.005358151304570624
3.488,0.011565405204905232,0.017076630537725457,0.013502337821405197,0.009852289367189293,0.0033780021470308785,0.005354141672060608
3.49,0.011560160160789312,0.017069522932146697,0.013501438752911321,0.009851629497298342,0.003373371323264207,0.005350135040054438
3.492,0.01155491749536064,0.017062418284193637,0.013500539742937523,0.009850969671943766,0.0033687468477694438,0.005346131406306576
3.494,0.011549677207540743,0.017055316592635927,0.013499640791480916,0.009850309891122455,0.0033641287118437724,0.005342130768573483
3.496,0.011544439296251152,0.017048217856244108,0.013498741898538613,0.009849650154831746,0.003359516906796367,0.005338133124613176
3.498,0.011539203760414063,0.01704112207378894,0.01349784306410795,0.00984899046306853,0.0033549114239486144,0.005334138472185224
3.5,0.011533970598952337,0.017034029244041626,0.013496944288186041,0.00984833081582992,0.0033503122546334474,0.005330146809051195
3.5020000000000002,0.011528739810789057,0.017026939365774263,0.013496045570769999,0.00984767121311303,0.0033457193901960114,0.00532615813297399
3.504,0.011523511394847752,0.017019852437758942,0.013495146911857159,0.009847011654914972,0.003341132821992998,0.005322172441718287
3.5060000000000002,0.011518285350052837,0.017012768458768646,0.013494248311444856,0.00984635214123264,0.0033365525413930897,0.005318189733050538
3.508,0.011513061675328728,0.01700568742757702,0.013493349769529983,0.009845692672063144,0.0033319785397767365,0.005314210004738751
3.5100000000000002,0.01150784036960073,0.016998609342957716,0.013492451286109874,0.0098450332474036,0.0033274108085363796,0.00531023325455271
3.512,0.011502621431794369,0.016991534203685044,0.013491552861181866,0.0098443738672509,0.003322849339076006,0.005306259480263753
3.5140000000000002,0.011497404860835836,0.016984462008534207,0.013490654494742849,0.009843714531602377,0.0033182941228115936,0.005302288679644995
3.516,0.011492190655651768,0.016977392756280407,0.01348975618679038,0.009843055240454923,0.003313745151170888,0.0052983208504713275
3.5180000000000002,0.011486978815169024,0.016970326445699513,0.013488857937321352,0.009842395993805653,0.003309202415593182,0.005294355990518973
3.52,0.01148176933831535,0.01696326307556828,0.0134879597463331,0.009841736791651456,0.003304665907529758,0.005290394097565931
3.5220000000000002,0.011476562224018938,0.016956202644663465,0.013487061613822737,0.00984107763398967,0.003300135618443445,0.005286435169391979
3.524,0.011471357471208199,0.01694914515176249,0.013486163539787599,0.009840418520817185,0.0032956115398088404,0.005282479203778667
3.5260000000000002,0.01146615507881199,0.016942090595643444,0.013485265524224799,0.009839759452131114,0.003291093663112088,0.005278526198508882
3.528,0.011460955045760057,0.016935038975084638,0.01348436756713145,0.009839100427928349,0.003286581979851322,0.005274576151367283
3.5300000000000002,0.011455757370982367,0.01692799028886527,0.013483469668504888,0.009838441448206225,0.0032820764815360004,0.005270629060140308
3.532,0.01145056205340933,0.016920944535764537,0.013482571828342227,0.009837782512961635,0.0032775771596873504,0.0052666849226159496
3.5340000000000003,0.011445369091972024,0.01691390171456275,0.01348167404664058,0.00983712362219169,0.003273084005838367,0.005262743736583753
3.536,0.01144017848560197,0.01690686182404022,0.013480776323397281,0.009836464775893283,0.0032685970115333696,0.005258805499835262
3.5380000000000003,0.011434990233230913,0.01689982486297792,0.013479878658609445,0.00983580597406375,0.003264116168328668,0.005254870210163354
3.54,0.01142980433379126,0.01689279083015749,0.013478981052274186,0.00983514721669998,0.003259641467791674,0.0052509378653626815
3.5420000000000003,0.011424620786216089,0.016885759724361016,0.013478083504388838,0.009834488503799088,0.0032551729015015685,0.005247008463229674
3.544,0.011419439589438696,0.01687873154437103,0.013477186014950515,0.009833829835358188,0.003250710461049078,0.005243082001562094
3.5460000000000003,0.011414260742393045,0.01687170628897028,0.01347628858395633,0.00983317121137417,0.003246254138036475,0.005239158478159478
3.548,0.011409084244013545,0.016864683956942628,0.01347539121140362,0.00983251263184437,0.0032418039240775798,0.005235237890823141
3.5500000000000003,0.011403910093234826,0.016857664547071938,0.013474493897289497,0.00983185409676568,0.0032373598107977575,0.005231320237355952
3.552,0.011398738288992405,0.01685064805814296,0.013473596641611074,0.00983119560613499,0.003232921789833698,0.005227405515562333
3.5540000000000003,0.011393568830222023,0.01684363448894044,0.013472699444365688,0.009830537159949637,0.003228489852833638,0.005223493723248485
3.556,0.011388401715860086,0.016836623838250242,0.013471802305550451,0.009829878758206512,0.003224063991457138,0.005219584858222381
3.5580000000000003,0.011383236944843222,0.016829616104858225,0.013470905225162477,0.009829220400902727,0.0032196441973753043,0.005215678918293332
3.56,0.011378074516108727,0.016822611287551137,0.01347000820319888,0.009828562088035397,0.0032152304622707906,0.005211775901272198
3.5620000000000003,0.011372914428594338,0.01681560938511595,0.013469111239656995,0.009827903819601636,0.003210822777837352,0.005207875804972062
3.564,0.011367756681238239,0.016808610396340296,0.013468214334533934,0.009827245595598333,0.003206421135780513,0.005203978627207118
3.5660000000000003,0.011362601272979278,0.01680161432001226,0.013467317487827035,0.009826587416022603,0.0032020255278166765,0.005200084365793334
3.568,0.011357448202756526,0.016794621154920364,0.013466420699533188,0.00982592928087156,0.0031976359456740155,0.005196193018548234
3.5700000000000003,0.01135229746950972,0.0167876308998538,0.013465523969649729,0.009825271190142315,0.0031932523810920266,0.005192304583291341
3.572,0.01134714907217882,0.01678064355360198,0.01346462729817377,0.009824613143831762,0.0031888748258213084,0.005188419057843285
3.5740000000000003,0.011342003009704671,0.01677365911495521,0.013463730685102648,0.009823955141937013,0.003184503271623784,0.005184536440026699
3.576,0.011336859281028344,0.016766677582704004,0.013462834130433476,0.009823297184455182,0.0031801377102729234,0.005180656727665767
3.5780000000000003,0.011331717885091352,0.016759698955639557,0.013461937634163368,0.009822639271383382,0.0031757781335530755,0.005176779918586227
3.58,0.011326578820835875,0.01675272323255328,0.013461041196289436,0.009821981402718505,0.0031714245332603586,0.005172906010615597
3.5820000000000003,0.011321442087204314,0.01674575041223747,0.013460144816809017,0.009821323578457664,0.0031670769012015487,0.0051690350015827224
3.584,0.011316307683139737,0.01673878049348465,0.013459248495719223,0.009820665798597972,0.0031627352291951905,0.005165166889318451
3.586,0.011311175607585655,0.016731813475087787,0.013458352233017168,0.009820008063136543,0.0031583995090707084,0.005161301671654961
3.588,0.011306045859486025,0.016724849355840732,0.013457456028699966,0.009819350372070268,0.0031540697326690736,0.005157439346426207
3.59,0.011300918437785468,0.016717888134537562,0.013456559882764951,0.009818692725396483,0.0031497458918419152,0.005153579911467698
3.592,0.011295793341428828,0.016710929809972797,0.013455663795209238,0.009818035123112079,0.0031454279784524086,0.005149723364616499
3.594,0.011290670569361616,0.016703974380941622,0.01345476776602994,0.009817377565213947,0.0031411159843748315,0.005145869703711448
3.596,0.011285550120529564,0.016697021846239668,0.013453871795224392,0.009816720051699424,0.003136809901494564,0.005142018926592717
3.598,0.01128043199387907,0.01669007220466301,0.013452975882789708,0.009816062582565399,0.0031325097217080877,0.005138171031102479
3.6,0.011275316188357198,0.016683125455008163,0.01345208002872278,0.009815405157808987,0.0031282154369229875,0.005134326015084456
3.602,0.011270202702911014,0.016676181596072315,0.013451184233021163,0.009814747777427302,0.003123927039058172,0.005130483876383707
3.604,0.01126509153648847,0.016669240626653314,0.01345028849568175,0.009814090441417234,0.0031196445200432077,0.005126644612847064
3.606,0.011259982688037962,0.016662302545549013,0.013449392816701877,0.009813433149776118,0.003115367871818986,0.0051228082223229165
3.608,0.011254876156508109,0.016655367351558148,0.013448497196078657,0.009812775902500848,0.0031110970863375,0.005118974702661427
3.61,0.011249771940848197,0.01664843504347968,0.013447601633809203,0.009812118699588313,0.003106832155561623,0.005115144051714315
3.612,0.011244670040007954,0.01664150562011346,0.013446706129890629,0.009811461541035849,0.003102573071465331,0.005111316267334853
3.614,0.011239570452937553,0.01663457908025956,0.01344581068432027,0.009810804426840347,0.00309831982603348,0.005107491347377868
3.616,0.011234473178587612,0.01662765542271849,0.013444915297095239,0.009810147356998922,0.0030940724112620277,0.0051036692896997415
3.618,0.011229378215909414,0.016620734646291213,0.01344401996821265,0.009809490331508686,0.003089830819158035,0.005099850092158631
3.62,0.011224285563854464,0.016613816749779575,0.013443124697669617,0.009808833350366752,0.0030855950417392197,0.0050960337526142485
3.622,0.011219195221374934,0.016606901731985646,0.013442229485463253,0.009808176413570013,0.003081365071034625,0.005092220268927861
3.624,0.011214107187423439,0.01659998959171194,0.013441334331590893,0.009807519521115582,0.00307714089908373,0.005088409638962288
3.626,0.01120902146095304,0.016593080327761633,0.01344043923604965,0.009806862673000571,0.0030729225179373376,0.0050846018605821275
3.628,0.011203938040917016,0.016586173938938353,0.01343954419883664,0.009806205869222095,0.003068709919656909,0.005080796931653531
3.63,0.01119885692626954,0.016579270424046166,0.013438649219948973,0.009805549109777045,0.0030645030963150077,0.005076994850044203
3.632,0.011193778115965225,0.016572369781889806,0.013437754299383986,0.009804892394662534,0.0030603020399948555,0.005073195613623183
3.634,0.011188701608958906,0.01656547201127423,0.01343685943713857,0.009804235723875676,0.003056106742790554,0.005069399220261506
3.636,0.011183627404205865,0.016558577111005057,0.013435964633210062,0.009803579097413584,0.0030519171968070857,0.005065605667831763
3.638,0.011178555500662046,0.016551685079888356,0.013435069887595574,0.00980292251527315,0.0030477333941603124,0.005061814954207877
3.64,0.011173485897284063,0.016544795916730637,0.013434175200292442,0.009802265977451707,0.0030435553269767546,0.005058027077265548
3.642,0.011168418593028528,0.016537909620339075,0.013433280571297557,0.00980160948394615,0.003039382987394035,0.005054242034882028
3.644,0.01116335358685272,0.01653102618952107,0.013432386000608254,0.009800953034753368,0.0030352163675602117,0.0050504598249361266
3.646,0.011158290877714583,0.016524145623084907,0.013431491488221425,0.009800296629870697,0.0030310554596344463,0.005046680445308205
3.648,0.011153230464572284,0.016517267919839096,0.013430597034134406,0.009799640269295029,0.0030269002557861135,0.00504290389388018
3.65,0.011148172346384655,0.01651039307859259,0.013429702638344532,0.009798983953023477,0.0030227507481959126,0.005039130168535744
3.652,0.011143116522110752,0.016503521098155005,0.013428808300848694,0.009798327681053154,0.003018606929054979,0.005035359267160144
3.654,0.011138062990710296,0.016496651977336407,0.013427914021644005,0.009797671453380952,0.0030144687905651057,0.005031591187640183
3.656,0.011133011751143451,0.016489785714947525,0.013427019800727802,0.009797015270004206,0.003010336324938745,0.005027825927863994
3.658,0.011127962802370828,0.016482922309799086,0.013426125638097197,0.009796359130919807,0.003006209524399228,0.005024063485721708
3.66,0.0111229161433537,0.01647606176070271,0.013425231533749304,0.009795703036124648,0.0030020883811805454,0.005020303859104791
3.662,0.011117871773053345,0.016469204066470455,0.013424337487681237,0.009795046985616063,0.0029979728875271228,0.005016547045906261
3.664,0.011112829690431925,0.01646234922591505,0.013423443499890109,0.009794390979390943,0.0029938630356942664,0.005012793044020691
3.666,0.011107789894452047,0.016455497237849226,0.013422549570373254,0.009793735017446403,0.0029897588179477186,0.005009041851344431
3.668,0.011102752384076542,0.016448648101086594,0.013421655699127566,0.009793079099779556,0.002985660226563658,0.005005293465775162
3.67,0.011097717158268905,0.016441801814440993,0.013420761886150379,0.009792423226387514,0.0029815672538293647,0.005001547885212343
3.672,0.011092684215993076,0.01643495837672715,0.013419868131438806,0.00979176739726717,0.002977479892042112,0.004997805107556763
3.674,0.01108765355621344,0.01642811778676001,0.013418974434989961,0.009791111612415637,0.0029733981335102744,0.004994065130711212
3.676,0.011082625177894823,0.01642128004335497,0.013418080796800957,0.009790455871830028,0.002969321970552441,0.004990327952579587
3.678,0.011077599080002498,0.016414445145328083,0.01341718721686913,0.009789800175507457,0.0029652513954976367,0.004986593571067566
3.68,0.011072575261502404,0.016407613091495632,0.013416293695191372,0.009789144523445037,0.002961186400685767,0.004982861984082376
3.682,0.011067553721360701,0.016400783880674785,0.013415400231765018,0.00978848891563966,0.0029571269784669507,0.004979133189533025
3.684,0.011062534458543993,0.01639395751168271,0.013414506826586958,0.009787833352088438,0.0029530731212019656,0.004975407185329628
3.686,0.011057517472019773,0.016387133983337687,0.01341361347965453,0.009787177832788263,0.002949024821261803,0.0049716839693840775
3.688,0.011052502760755534,0.016380313294457993,0.013412720190964844,0.009786522357736471,0.0029449820710281127,0.004967963539610043
3.69,0.011047490323719433,0.01637349544386235,0.013411826960515016,0.009785866926929954,0.00294094486289298,0.004964245893922303
3.692,0.011042480159880075,0.016366680430370373,0.01341093378830216,0.009785211540365824,0.0029369131892589273,0.004960531030237636
3.694,0.011037472268206505,0.016359868252802112,0.013410040674323609,0.009784556198041194,0.002932887042538912,0.004956818946474151
3.696,0.011032466647668437,0.016353058909977625,0.013409147618576256,0.009783900899952958,0.002928866415156328,0.004953109640551734
3.698,0.011027463297235585,0.016346252400718075,0.013408254621057436,0.009783245646098448,0.002924851299544562,0.004949403110391382
3.7,0.011022462215878548,0.01633944872384463,0.01340736168176404,0.009782590436474559,0.0029208416881478794,0.004945699353916089
3.702,0.011017463402568373,0.01633264787817934,0.013406468800693405,0.00978193527107818,0.0029168375734207608,0.004941998369050182
3.704,0.011012466856276548,0.016325849862544484,0.013405575977842643,0.009781280149906646,0.0029128389478279004,0.004938300153719766
3.706,0.011007472575974786,0.01631905467576278,0.013404683213208868,0.00978062507295685,0.0029088458038444287,0.004934604705852053
3.708,0.011002480560635464,0.01631226231665761,0.013403790506789193,0.009779970040225905,0.00290485813395569,0.004930912023376255
3.71,0.01099749080923118,0.01630547278405281,0.013402897858580731,0.009779315051710924,0.002900875930657465,0.004927222104222917
3.712,0.010992503320735425,0.016298686076772873,0.013402005268580597,0.00977866010740902,0.00289689918645597,0.004923534946324137
3.714,0.010987518094121906,0.016291902193642294,0.013401112736785903,0.009778005207317086,0.002892927893867192,0.004919850547613791
3.716,0.010982535128365,0.016285121133486458,0.013400220263193985,0.009777350351432457,0.0028889620454177756,0.004916168906026863
3.718,0.010977554422439084,0.016278342895131193,0.013399327847801734,0.0097766955397518,0.0028850016336443574,0.004912490019500337
3.72,0.01097257597531942,0.01627156747740277,0.013398435490606264,0.009776040772272454,0.0028810466510942323,0.0049088138859725294
3.722,0.010967599785981719,0.01626479487912791,0.01339754319160491,0.00977538604899153,0.0028770970903244653,0.0049051405033830875
3.724,0.010962625853401908,0.016258025099133988,0.013396650950794786,0.00977473136990592,0.002873152943902557,0.004901469869673658
3.726,0.010957654176556586,0.016251258136248614,0.013395758768173005,0.009774076735012738,0.002869214204406001,0.004897801982786998
3.728,0.01095268475442257,0.016244493989299835,0.013394866643736458,0.009773422144308874,0.0028652808644227257,0.004894136840667862
3.73,0.010947717585977568,0.016237732657116588,0.013393974577482481,0.009772767597791665,0.0028613529165506524,0.004890474441261894
3.732,0.010942752670199285,0.01623097413852781,0.013393082569408188,0.009772113095458002,0.002857430353397916,0.004886814782516957
3.734,0.010937790006066317,0.016224218432363324,0.013392190619510691,0.009771458637304997,0.002853513167582644,0.004883157862382026
3.736,0.010932829592557258,0.0162174655374534,0.013391298727787104,0.009770804223329765,0.0028496013517331775,0.0048795036788078505
3.738,0.010927871428651592,0.016210715452628532,0.013390406894234541,0.00977014985352942,0.0028456948984880714,0.0048758522297465134
3.74,0.010922915513329023,0.016203968176719874,0.013389515118850337,0.009769495527900851,0.002841793800495873,0.004872203513151652
3.742,0.010917961845569923,0.016197223708559028,0.013388623401631383,0.009768841246441173,0.002837898050415344,0.0048685575269784565
3.744,0.010913010424354885,0.01619048204697826,0.013387731742574793,0.0097681870091475,0.002834007640915015,0.004864914269183895
3.746,0.010908061248665168,0.01618374319080984,0.01338684014167768,0.009767532816016722,0.0028301225646738537,0.004861273737726046
3.748,0.010903114317482254,0.016177007138887145,0.01338594859893738,0.009766878667046175,0.0028262428143803753,0.004857635930564763
3.75,0.01089816962978829,0.01617027389004355,0.013385057114350785,0.00976622456223275,0.002822368382733531,0.004854000845661455
3.7520000000000002,0.010893227184565868,0.016163543443113104,0.013384165687915228,0.009765570501573562,0.0028184992624420424,0.004850368480979084
3.754,0.010888286980797801,0.01615681579693029,0.013383274319627603,0.0097649164850655,0.0028146354462248446,0.004846738834481945
3.7560000000000002,0.010883349017467792,0.016150090950330265,0.013382383009485244,0.009764262512705901,0.002810776926810643,0.004843111904135888
3.758,0.010878413293559763,0.016143368902148403,0.013381491757485042,0.009763608584491656,0.002806923696938357,0.004839487687908539
3.7600000000000002,0.010873479808057862,0.016136649651220747,0.013380600563624334,0.009762954700419879,0.002803075749356454,0.004835866183768633
3.762,0.010868548559947122,0.016129933196383783,0.01337970942790001,0.009762300860487683,0.002799233076823837,0.004832247389686906
3.7640000000000002,0.0108636195482128,0.016123219536474442,0.013378818350309407,0.009761647064691958,0.002795395672108958,0.0048286313036352
3.766,0.010858692771840817,0.0161165086703301,0.013377927330849637,0.00976099331302982,0.0027915635279902595,0.004825017923586916
3.7680000000000002,0.010853768229817318,0.016109800596788793,0.013377036369517592,0.00976033960549838,0.0027877366372561774,0.004821407247517229
3.77,0.010848845921128891,0.016103095314688787,0.013376145466310607,0.009759685942094753,0.0027839149927051388,0.004817799273402645
3.7720000000000002,0.010843925844762792,0.01609639282286901,0.013375254621225574,0.009759032322816052,0.002780098587145119,0.004814193999221228
3.774,0.010839007999706496,0.016089693120168835,0.013374363834259828,0.009758378747659169,0.002776287413394307,0.0048105914229525926
3.7760000000000002,0.010834092384948368,0.01608299620542808,0.013373473105410483,0.009757725216621216,0.0027724814642804407,0.00480699154257791
3.778,0.010829178999476774,0.016076302077487226,0.01337258243467443,0.009757071729699307,0.002768680732641249,0.004803394356079682
3.7800000000000002,0.010824267842280522,0.016069610735186757,0.013371691822049003,0.009756418286890556,0.0027648852113242306,0.004799799861441967
3.782,0.010819358912349308,0.016062922177368266,0.013370801267531318,0.009755764888191854,0.0027610948931866552,0.004796208056650375
3.7840000000000003,0.010814452208672831,0.016056236402873347,0.013369910771118265,0.009755111533600314,0.002757309771095784,0.004792618939692073
3.786,0.010809547730241675,0.01604955341054426,0.01336902033280718,0.00975445822311305,0.0027535298379284256,0.0047890325085557794
3.7880000000000003,0.010804645476046426,0.016042873199223706,0.013368129952595176,0.009753804956727175,0.0027497550865711595,0.004785448761231548
3.79,0.010799745445078557,0.016036195767755057,0.013367239630479144,0.00975315173443958,0.0027459855099203345,0.004781867695710984
3.7920000000000003,0.010794847636329763,0.016029521114981904,0.01336634936645642,0.009752498556247602,0.0027422211008822917,0.004778289309987249
3.794,0.010789952048792184,0.016022849239748505,0.013365459160524118,0.009751845422148131,0.00273846185237292,0.004774713602054836
3.7960000000000003,0.010785058681458626,0.01601618014089934,0.013364569012679128,0.009751192332138059,0.002734707757317656,0.004771140569910237
3.798,0.010780167533321894,0.016009513817279775,0.013363678922918787,0.009750539286214721,0.0027309588086517067,0.004767570211550831
3.8000000000000003,0.010775278603375904,0.01600285026773518,0.013362788891239985,0.009749886284375009,0.002727214999320049,0.0047640025249757745
3.802,0.01077039189061435,0.015996189491111812,0.013361898917640058,0.009749233326616036,0.0027234763222774294,0.0047604375081857775
3.8040000000000003,0.010765507394031815,0.01598953148625637,0.013361009002115898,0.009748580412934915,0.0027197427704881427,0.004756875159183105
3.806,0.010760625112623323,0.015982876252015554,0.01336011914466484,0.00974792754332876,0.0027160143369260314,0.004753315475971132
3.8080000000000003,0.010755745045384346,0.015976223787237176,0.013359229345283774,0.009747274717794463,0.002712291014574708,0.004749758456555231
3.81,0.010750867191310576,0.015969574090769267,0.013358339603969815,0.009746621936329136,0.0027085727964275552,0.004746204098941886
3.8120000000000003,0.01074599154939837,0.015962927161460083,0.013357449920720299,0.009745969198929894,0.002704859675487059,0.004742652401139136
3.814,0.01074111811864431,0.015956282998158766,0.013356560295532116,0.009745316505593848,0.002701151644765698,0.004739103361156793
3.8160000000000003,0.010736246898045865,0.01594964159971468,0.01335567072840238,0.009744663856317892,0.0026974486972854983,0.004735556977005784
3.818,0.010731377886600502,0.01594300296497786,0.013354781219328205,0.009744011251099138,0.002693750826078034,0.004732013246698585
3.8200000000000003,0.010726511083306356,0.015936367092798776,0.013353891768306925,0.0097433586899347,0.0026900580241842054,0.0047284721682494535
3.822,0.010721646487162007,0.015929733982028127,0.013353002375335432,0.009742706172821691,0.002686370284654682,0.0047249337396739755
3.8240000000000003,0.010716784097166698,0.015923103631517277,0.01335211304041084,0.009742053699757225,0.0026826876005496825,0.004721397958989071
3.826,0.010711923912319676,0.015916476040118033,0.013351223763530262,0.009741401270738193,0.002679009964938972,0.004717864824213214
3.8280000000000003,0.010707065931620852,0.015909851206682868,0.013350334544690812,0.009740748885761707,0.0026753373709014205,0.004714334333366432
3.83,0.010702210154070801,0.015903229130064478,0.01334944538388938,0.009740096544824883,0.0026716698115258897,0.004710806484470309
3.8320000000000003,0.010697356578670325,0.015896609809116224,0.013348556281123303,0.009739444247924611,0.002668007279910567,0.004707281275547759
3.834,0.010692505204420666,0.01588999324269169,0.013347667236389693,0.009738791995058227,0.002664349769162744,0.004703758704623251
3.8360000000000003,0.010687656030323511,0.01588337942964535,0.013346778249685443,0.009738139786222622,0.0026606972723997036,0.004700238769722587
3.838,0.010682809055381215,0.015876768368831673,0.013345889321007887,0.009737487621414909,0.0026570497827478334,0.004696721468873344
3.84,0.01067796427859613,0.015870160059105798,0.013345000450354139,0.00973683550063198,0.0026534072933430686,0.00469320680010421
3.842,0.010673121698971721,0.01586355449932353,0.01334411163772109,0.00973618342387117,0.00264976979733067,0.004689694761445651
3.844,0.010668281315511452,0.015856951688340892,0.013343222883105854,0.00973553139112937,0.0026461372878654466,0.004686185350929684
3.846,0.01066344312721923,0.01585035162501458,0.013342334186505544,0.009734879402403696,0.002642509758111311,0.004682678566589216
3.848,0.010658607133099407,0.01584375430820173,0.013341445547917496,0.009734227457691258,0.002638887201241724,0.004679174406459374
3.85,0.010653773332157224,0.0158371597367597,0.013340556967338602,0.00973357555698895,0.0026352696104396944,0.004675672868576175
3.852,0.010648941723397698,0.015830567909546733,0.013339668444765973,0.009732923700294105,0.0026316569788973343,0.00467217395097741
3.854,0.010644112305826958,0.01582397882542108,0.013338779980196724,0.009732271887603616,0.002628049299816082,0.004668677651702202
3.856,0.010639285078451133,0.015817392483241877,0.013337891573627747,0.009731620118914597,0.002624446566406702,0.004665183968791231
3.858,0.010634460040277016,0.015810808881868477,0.013337003225056376,0.009730968394223938,0.0026208487718892837,0.004661692900286729
3.86,0.010629637190311625,0.015804228020160904,0.013336114934479726,0.009730316713528975,0.0026172559094932435,0.004658204444232039
3.862,0.010624816527562642,0.015797649896979626,0.013335226701894687,0.009729665076826599,0.002613667972457323,0.0046547185986722805
3.864,0.010619998051038193,0.015791074511185332,0.013334338527298373,0.009729013484113924,0.00261008495402959,0.004651235361654127
3.866,0.010615181759746628,0.015784501861639377,0.013333450410688119,0.009728361935387841,0.002606506847466994,0.004647754731225362
3.868,0.010610367652696961,0.01577793194720356,0.013332562352060817,0.009727710430645686,0.002602933646036254,0.004644276705435324
3.87,0.010605555728898874,0.015771364766740348,0.01333167435141358,0.00972705896988435,0.0025993653430129715,0.0046408012823351275
3.872,0.010600745987362048,0.015764800319112426,0.013330786408743522,0.009726407553100946,0.0025958019316820735,0.004637328459976997
3.874,0.010595938427096607,0.015758238603182928,0.013329898524047756,0.009725756180292588,0.002592243405337591,0.004633858236414712
3.876,0.010591133047113566,0.01575167961781565,0.013329010697323174,0.00972510485145639,0.0025886897572831025,0.004630390609703605
3.878,0.010586329846424158,0.015745123361874835,0.01332812292856711,0.009724453566589242,0.0025851409808308468,0.004626925577900343
3.88,0.010581528824039843,0.015738569834224947,0.013327235217776456,0.009723802325688258,0.002581597069302388,0.004623463139063144
3.882,0.010576729978972965,0.015732019033731337,0.013326347564948549,0.009723151128750551,0.002578058016028839,0.004620003291251784
3.884,0.01057193331023587,0.015725470959259358,0.013325459970080278,0.009722499975773236,0.0025745238143499716,0.004616546032527147
3.886,0.01056713881684157,0.01571892560967525,0.013324572433168758,0.009721848866753202,0.0025709944576148835,0.004613091360951671
3.888,0.010562346497803743,0.015712382983845474,0.013323684954211101,0.009721197801687564,0.002567469939181777,0.00460963927458935
3.89,0.010557556352136066,0.01570584308063716,0.0133227975332042,0.009720546780573436,0.002563950252417957,0.004606189771505731
3.892,0.010552768378853106,0.01569930589891766,0.01332191017014539,0.00971989580340793,0.0025604353906998334,0.004602742849767694
3.894,0.010547982576969428,0.015692771437554986,0.013321022865031562,0.009719244870187937,0.0025569253474129194,0.00459929850744345
3.896,0.010543198945500265,0.015686239695417603,0.013320135617860052,0.009718593980910795,0.002553420115951832,0.004595856742602766
3.898,0.010538417483461515,0.015679710671374414,0.01331924842862775,0.009717943135573393,0.0025499196897200704,0.004592417553316963
3.9,0.010533638189869077,0.015673184364294546,0.013318361297331771,0.009717292334172845,0.002546424062130459,0.004588980937658693
3.902,0.010528861063739736,0.015666660773048013,0.013317474223969228,0.009716641576706042,0.0025429332266044824,0.004585546893701942
3.904,0.010524086104090502,0.015660139896505276,0.013316587208537234,0.00971599086317032,0.002539447176572729,0.004582115419522248
3.906,0.010519313309938827,0.015653621733536793,0.01331570025103268,0.009715340193562572,0.0025359659054751127,0.004578686513196706
3.908,0.010514542680302386,0.015647106283013912,0.013314813351452903,0.009714689567879908,0.0025324894067602077,0.004575260172803519
3.91,0.01050977421419974,0.015640593543808423,0.013313926509794793,0.009714038986119444,0.002529017673885914,0.004571836396422668
3.912,0.0105050079106499,0.015634083514792563,0.013313039726055464,0.00971338844827807,0.0025255507003185684,0.004568415182135466
3.914,0.010500243768671869,0.015627576194838788,0.01331215300023203,0.009712737954353123,0.002522088479534057,0.004564996528024778
3.916,0.010495481787285321,0.015621071582820445,0.013311266332321603,0.009712087504341493,0.0025186310050167027,0.004561580432174583
3.918,0.010490721965510597,0.015614569677610879,0.013310379722321075,0.009711437098240072,0.0025151782702599323,0.004558166892670412
3.92,0.010485964302368034,0.015608070478084324,0.013309493170227782,0.009710786736046195,0.002511730268766277,0.0045547559075993505
3.922,0.01048120879687886,0.015601573983115236,0.013308606676038615,0.009710136417756754,0.0025082869940471486,0.004551347475049816
3.924,0.010476455448064526,0.015595080191578514,0.013307720239750687,0.009709486143369084,0.00250484843962262,0.004547941593111782
3.926,0.010471704254946923,0.015588589102349726,0.013306833861361111,0.009708835912880076,0.002501414599021645,0.004544538259876552
3.928,0.01046695521654839,0.015582100714304659,0.013305947540867002,0.009708185726286622,0.002497985465782504,0.004541137473436763
3.93,0.01046220833189171,0.015575615026319767,0.013305061278265251,0.009707535583586058,0.002494561033451692,0.004537739231886828
3.932,0.010457463600000105,0.015569132037271949,0.01330417507355297,0.009706885484775274,0.002491141295585031,0.004534343533322049
3.934,0.010452721019897249,0.015562651746038547,0.013303288926727497,0.009706235429851384,0.0024877262457470017,0.004530950375839726
3.936,0.010447980590607475,0.015556174151497348,0.01330240283778572,0.009705585418811502,0.0024843158775107455,0.004527559757538047
3.938,0.010443242311155121,0.015549699252526583,0.013301516806724534,0.00970493545165274,0.002480910184458507,0.004524171676516975
3.94,0.01043850618056541,0.015543227048005148,0.013300630833541272,0.009704285528371992,0.0024775091601814125,0.0045207861308778075
3.942,0.010433772197863789,0.01553675753681194,0.013299744918232825,0.009703635648966369,0.0024741127982788047,0.004517403118723395
3.944,0.010429040362075925,0.015530290717826745,0.013298859060796309,0.009702985813432985,0.0024707210923593514,0.0045140226381577
3.946,0.010424310672228376,0.01552382658992979,0.013297973261228835,0.009702336021768954,0.0024673340360403806,0.004510644687286458
3.948,0.01041958312734792,0.015517365152001528,0.013297087519527517,0.009701686273971388,0.0024639516229478797,0.004507269264216518
3.95,0.01041485772646178,0.015510906402923075,0.013296201835689248,0.00970103657003718,0.002460573846716496,0.0045038963670562815
3.952,0.01041013446859762,0.01550445034157577,0.01329531620971136,0.009700386909963443,0.002457200700989537,0.004500525993915483
3.954,0.010405413352783555,0.015497996966841843,0.013294430641590749,0.00969973729374729,0.002453832179419413,0.004497158142905411
3.956,0.010400694378047914,0.015491546277603518,0.013293545131324525,0.009699087721385835,0.0024504682756669727,0.004493792812138686
3.958,0.01039597754341992,0.015485098272743913,0.01329265967890958,0.009698438192875969,0.0024471089834017246,0.004490429999729262
3.96,0.010391262847929017,0.015478652951146366,0.01329177428434325,0.009697788708214805,0.0024437542963018366,0.0044870697037926455
3.962,0.01038655029060509,0.015472210311694656,0.013290888947622426,0.009697139267399457,0.0024404042080543586,0.004483711922445677
3.964,0.010381839870478249,0.015465770353273012,0.013290003668744221,0.009696489870427039,0.0024370587123547782,0.00448035665380675
3.966,0.010377131586579491,0.015459333074766324,0.01328911844770575,0.009695840517294663,0.0024337178029072426,0.004477003895995368
3.968,0.010372425437939814,0.015452898475059929,0.013288233284503903,0.00969519120799922,0.002430381473424559,0.004473653647132814
3.97,0.010367721423591103,0.015446466553039384,0.013287348179136016,0.009694541942537827,0.0024270497176284156,0.004470305905341476
3.972,0.010363019542565244,0.015440037307590693,0.01328646313159898,0.009693892720907593,0.0024237225292487174,0.004466960668745079
3.974,0.010358319793894788,0.015433610737600745,0.013285578141889687,0.009693243543105634,0.0024203999020240285,0.004463617935469122
3.976,0.010353622176612731,0.01542718684195643,0.013284693210005472,0.00969259440912884,0.002417081829701795,0.004460277703640436
3.978,0.010348926689752291,0.015420765619545307,0.013283808335943226,0.009691945318974549,0.002413768306037678,0.004456939971386964
3.98,0.010344233332347352,0.015414347069255596,0.013282923519700063,0.009691296272639649,0.0024104593247959993,0.0044536047368382015
3.982,0.010339542103432242,0.015407931189975521,0.013282038761273096,0.009690647270121033,0.002407154879749962,0.004450271998125199
3.984,0.010334853002041733,0.015401517980594193,0.01328115406065944,0.009689998311416037,0.0024038549646807628,0.004446941753380118
3.986,0.010330166027210819,0.015395107440000944,0.013280269417855983,0.009689349396521552,0.00240055957337848,0.004443614000736673
3.988,0.01032548117797516,0.015388699567085551,0.013279384832859842,0.009688700525434912,0.0023972686996416304,0.004440288738329912
3.99,0.010320798453370639,0.015382294360738458,0.013278500305668128,0.009688051698152789,0.0023939823372771674,0.004436965964296435
3.992,0.010316117852433804,0.01537589181985033,0.013277615836277956,0.009687402914672516,0.0023907004801004827,0.004433645676774178
3.994,0.010311439374201647,0.015369491943312497,0.013276731424686217,0.009686754174991208,0.002387423121935628,0.0044303278739024066
3.996,0.010306763017711384,0.015363094730016513,0.013275847070890023,0.009686105479105755,0.002384150256615092,0.004427012553821719
3.998,0.010302088782000896,0.01535670017885482,0.01327496277488649,0.009685456827013272,0.0023808818779798013,0.004423699714674045
4.0,0.010297416666108283,0.01535030828871986,0.013274078536672729,0.009684808218710872,0.0023776179798788988,0.004420389354603094
4.002,0.010292746669072095,0.01534391905850474,0.013273194356245632,0.009684159654195668,0.0023743585561701863,0.004417081471753681
4.0040000000000004,0.010288078789931543,0.01533753248710279,0.013272310233602314,0.00968351113346455,0.0023711036007199038,0.004413776064271957
4.006,0.010283413027726063,0.015331148573408226,0.013271426168739664,0.009682862656514635,0.0023678531074027287,0.0044104731303056255
4.008,0.010278749381495533,0.01532476731631549,0.013270542161655019,0.009682214223343033,0.0023646070701015542,0.004407172668003501
4.01,0.0102740878502805,0.015318388714719466,0.01326965821234527,0.009681565833946859,0.0023613654827077113,0.004403874675516173
4.0120000000000005,0.01026942843312173,0.015312012767515704,0.01326877432080753,0.009680917488323226,0.0023581283391211905,0.004400579150995343
4.014,0.010264771129060435,0.015305639473599975,0.013267890487038914,0.009680269186469026,0.002354895633249754,0.004397286092594266
4.016,0.01026011593713827,0.015299268831868496,0.013267006711036311,0.009679620928381372,0.0023516673590100456,0.004393995498467529
4.018,0.010255462856397335,0.015292900841217927,0.013266122992796836,0.009678972714057377,0.0023484435103269252,0.00439070736677083
4.0200000000000005,0.010250811885880173,0.015286535500545595,0.013265239332317602,0.009678324543494154,0.002345224081133468,0.004387421695661642
4.022,0.010246163024629773,0.01528017280874927,0.0132643557295955,0.009677676416688819,0.0023420090653709646,0.00438413848329855
4.024,0.010241516271689566,0.015273812764726946,0.013263472184627645,0.00967702833363826,0.002338798456989366,0.004380857727841692
4.026,0.010236871626103428,0.01526745536737728,0.013262588697411148,0.009676380294339593,0.0023355922499466164,0.004377579427452538
4.0280000000000005,0.010232229086915678,0.015261100615599377,0.013261705267942903,0.00967573229878993,0.0023323904382090976,0.004374303580293892
4.03,0.010227588653171082,0.01525474850829256,0.013260821896220243,0.009675084346986385,0.0023291930157514074,0.004371030184529889
4.032,0.010222950323914626,0.01524839904435682,0.01325993858224006,0.009674436438925849,0.002325999976556359,0.004367759238325997
4.034,0.010218314098192183,0.015242052222692815,0.013259055325999247,0.009673788574605657,0.002322811314615203,0.004364490739849236
4.0360000000000005,0.010213679975049406,0.015235708042201201,0.013258172127495138,0.009673140754022702,0.0023196270239271843,0.004361224687267962
4.038,0.010209047953533057,0.015229366501783304,0.013257288986724625,0.009672492977173874,0.002316447098499763,0.00435796107875186
4.04,0.0102044180326899,0.01522302760034111,0.013256405903684598,0.00967184524405651,0.0023132715323488373,0.004354699912471949
4.042,0.010199790211567139,0.015216691336776611,0.013255522878372394,0.009671197554667721,0.0023101003194982983,0.00435144118660058
4.0440000000000005,0.01019516448921265,0.015210357709992683,0.013254639910784904,0.0096705499090044,0.0023069334539804753,0.004348184899311658
4.046,0.010190540864674746,0.015204026718892427,0.01325375700091902,0.00966990230706366,0.002303770929835691,0.004344931048780198
4.048,0.010185919337001748,0.015197698362379608,0.013252874148772076,0.009669254748842615,0.0023006127411124844,0.004341679633182771
4.05,0.010181299905242858,0.015191372639357992,0.013251991354340964,0.009668607234338156,0.002297458881867387,0.004338430650697278
4.0520000000000005,0.010176682568447504,0.015185049548732454,0.013251108617622798,0.009667959763547396,0.0022943093461653685,0.004335184099502953
4.054,0.010172067325665779,0.01517872908940765,0.013250225938614468,0.00966731233646767,0.0022911641280793926,0.004331939977780586
4.056,0.010167454175947777,0.015172411260289342,0.01324934331731309,0.009666664953095871,0.002288023221690638,0.0043286982837118515
4.058,0.010162843118344256,0.015166096060283074,0.013248460753715774,0.00966601761342889,0.002284886621088278,0.004325459015480204
4.0600000000000005,0.010158234151906642,0.015159783488295497,0.013247578247819636,0.009665370317464062,0.0022817543203697,0.004322222171270429
4.062,0.010153627275686361,0.015153473543233265,0.013246695799621566,0.009664723065198277,0.002278626313640064,0.0043189877492684214
4.064,0.010149022488735504,0.015147166224003694,0.013245813409118457,0.009664075856628651,0.00227550259501319,0.0043157557476616315
4.066,0.010144419790106607,0.015140861529514327,0.013244931076307642,0.009663428691752296,0.002272383158610447,0.004312526164638841
4.0680000000000005,0.01013981917885265,0.015134559458673591,0.013244048801186015,0.009662781570566326,0.0022692679985614195,0.004309298998390165
4.07,0.010135220654026833,0.015128260010389916,0.013243166583750687,0.009662134493067853,0.002266157109003908,0.00430607424710705
4.072,0.010130624214683026,0.015121963183572396,0.013242284423998552,0.00966148745925377,0.002263050484083484,0.004302851908982275
4.074,0.01012602985987554,0.01511566897713057,0.01324140232192672,0.00966084046912119,0.002259948117953936,0.0042996319822099505
4.0760000000000005,0.01012143758865891,0.015109377389974421,0.013240520277532308,0.009660193522667226,0.0022568500047770446,0.004296414464985743
4.078,0.010116847400088114,0.015103088421014377,0.013239638290812206,0.009659546619888992,0.0022537561387223626,0.0042931993555066494
4.08,0.010112259293218795,0.015096802069161308,0.013238756361763526,0.00965889976078338,0.0022506665139678805,0.0042899866519705565
4.082,0.01010767326710682,0.01509051833332653,0.013237874490383383,0.0096582529453475,0.0022475811246991384,0.004286776352577348
4.0840000000000005,0.0101030893208085,0.015084237212422025,0.013236992676668669,0.00965760617357847,0.002244499965110114,0.0042835684555277975
4.086,0.01009850745338059,0.015077958705359773,0.013236110920616495,0.009656959445473401,0.002241423029402112,0.004280362959024231
4.088,0.010093927663880287,0.015071682811052645,0.013235229222223754,0.009656312761029406,0.0022383503117848758,0.004277159861270308
4.09,0.010089349951365234,0.015065409528413731,0.013234347581487782,0.009655666120243378,0.0022352818064759195,0.004273959160470797
4.0920000000000005,0.010084774314893519,0.015059138856356569,0.013233465998405247,0.009655019523112651,0.002232217507700751,0.004270760854832245
4.094,0.010080200753523672,0.015052870793795359,0.013232584472973485,0.009654372969634117,0.0022291574096928723,0.004267564942562085
4.096,0.010075629266314667,0.015046605339644525,0.013231703005189388,0.00965372645980489,0.0022261015066933343,0.004264371421869306
4.098,0.010071059852325703,0.015040342492818937,0.013230821595050068,0.00965307999362186,0.0022230497929514037,0.00426118029096445
4.1,0.010066492510616643,0.015034082252234127,0.013229940242552418,0.009652433571082364,0.002220002262724119,0.004257991548058948
4.102,0.01006192724024757,0.015027824616805852,0.01322905894769355,0.009651787192183292,0.002216958910276512,0.004254805191366007
4.104,0.010057364040279237,0.015021569585450534,0.013228177710470357,0.009651140856921758,0.002213919729881386,0.004251621219099722
4.106,0.010052802909772618,0.015015317157084818,0.013227296530880173,0.009650494565294876,0.0022108847158193168,0.004248439629475964
4.108,0.010048243847789129,0.015009067330625792,0.013226415408919667,0.009649848317299758,0.0022078538623786503,0.004245260420711716
4.11,0.010043686853390632,0.015002820104991432,0.013225534344586176,0.009649202112933297,0.002204827163855949,0.004242083591025292
4.112,0.010039131925639655,0.014996575479099494,0.01322465333787659,0.009648555952192606,0.002201804614555325,0.0042389091386363376
4.114,0.010034579063598947,0.014990333451868842,0.013223772388787802,0.009647909835074797,0.002198786208788661,0.004235737061766054
4.116,0.010030028266331481,0.014984094022218342,0.013222891497317146,0.009647263761576985,0.0021957719408756127,0.00423256735863653
4.118,0.010025479532900894,0.014977857189067523,0.013222010663461292,0.009646617731696283,0.002192761805143828,0.00422940002747163
4.12,0.010020932862371268,0.014971622951336139,0.013221129887217575,0.009645971745429582,0.0021897557959285052,0.004226235066496109
4.122,0.01001638825380713,0.014965391307944609,0.013220249168582887,0.009645325802774218,0.002186753907572836,0.0042230724739364955
4.124,0.010011845706273226,0.014959162257813796,0.013219368507554119,0.009644679903727083,0.0021837561344277834,0.00421991224802043
4.126,0.010007305218834972,0.014952935799864786,0.013218487904128606,0.009644034048285066,0.002180762470851638,0.004216754386976884
4.128,0.010002766790558004,0.01494671193301933,0.013217607358303018,0.009643388236445505,0.0021777729112109068,0.004213598889036163
4.13,0.009998230420508403,0.014940490656199623,0.013216726870074691,0.009642742468205512,0.002174787449879423,0.004210445752429903
4.132,0.009993696107752914,0.014934271968328305,0.013215846439440515,0.009642096743561979,0.002171806081239236,0.004207294975391074
4.134,0.009989163851358285,0.01492805586832846,0.013214966066397382,0.009641451062512019,0.002168828799679501,0.004204146556153976
4.136,0.00998463365039215,0.014921842355123394,0.013214085750942406,0.009640805425052745,0.002165855599597366,0.004201000492954021
4.138,0.009980105503922143,0.0149156314276373,0.0132132054930727,0.00964015983118105,0.0021628864753977517,0.004197856784028398
4.14,0.009975579411016788,0.014909423084794371,0.013212325292785154,0.009639514280894268,0.0021599214214931273,0.004194715427615181
4.142,0.009971055370744608,0.014903217325519469,0.013211445150076884,0.009638868774189291,0.002156960432303734,0.004191576421954002
4.144,0.009966533382174791,0.014897014148737897,0.013210565064945001,0.009638223311063232,0.0021540035022573623,0.004188439765285823
4.146,0.00996201344437675,0.014890813553375404,0.013209685037386398,0.009637577891513205,0.0021510506257893525,0.004185305455852717
4.148,0.009957495556420337,0.01488461553835796,0.013208805067397966,0.009636932515536323,0.002148101797342594,0.004182173491898089
4.15,0.009952979717376076,0.014878420102612422,0.01320792515497704,0.009636287183129477,0.0021451570113679708,0.004179043871666899
4.152,0.009948465926314931,0.01487222724506565,0.01320704530012029,0.009635641894289781,0.002142216262323915,0.004175916593405216
4.154,0.009943954182307868,0.01486603696464539,0.013206165502825051,0.009634996649014571,0.002139279544675965,0.004172791655360664
4.156,0.009939444484426518,0.01485984926027939,0.013205285763087993,0.009634351447300515,0.0021363468528978746,0.004169669055781755
4.158,0.009934936831742958,0.014853664130896282,0.01320440608090645,0.00963370628914495,0.0021334181814705033,0.004166548792918778
4.16,0.009930431223329705,0.014847481575424704,0.013203526456277315,0.009633061174544988,0.002130493524882704,0.00416343086502291
4.162,0.009925927658259726,0.014841301592793954,0.013202646889197478,0.00963241610349752,0.002127572877630435,0.0041603152703468815
4.164,0.009921426135606204,0.014835124181933779,0.013201767379664053,0.009631771075999662,0.0021246562342174258,0.004157202007144756
4.166,0.009916926654442992,0.014828949341774589,0.013200887927674154,0.009631126092048525,0.0021217435891549563,0.004154091073671928
4.168,0.009912429213844165,0.014822777071246795,0.013200008533224672,0.009630481151641224,0.0021188349369618553,0.004150982468184905
4.17,0.009907933812884462,0.014816607369281476,0.01319912919631272,0.009629836254774649,0.002115930272164279,0.004147876188941524
4.172,0.009903440450638845,0.014810440234810152,0.01319824991693519,0.009629191401446136,0.002113029589296156,0.004144772234200955
4.174,0.009898949126182499,0.014804275666764788,0.013197370695089194,0.009628546591652576,0.002110132882898741,0.004141670602223924
4.176,0.009894459838591496,0.014798113664077794,0.013196491530771848,0.009627901825391083,0.002107240147520839,0.004138571291272264
4.178,0.009889972586941909,0.014791954225682025,0.013195612423979819,0.00962725710265877,0.002104351377718583,0.004135474299608921
4.18,0.009885487370310475,0.014785797350510776,0.013194733374710443,0.00962661242345253,0.0021014665680556543,0.004132379625498395
4.182,0.009881004187774378,0.014779643037497792,0.013193854382960613,0.009625967787769696,0.002098585713103285,0.004129287267206294
4.184,0.009876523038411023,0.014773491285577256,0.013192975448727218,0.00962532319560716,0.002095708807440033,0.004126197222999783
4.186,0.009872043921298479,0.0147673420936838,0.013192096572007372,0.009624678646962037,0.002092835845652008,0.004123109491147137
4.188,0.00986756683551504,0.014761195460752496,0.01319121775279819,0.009624034141831439,0.002089966822332645,0.00412002406991796
4.19,0.009863091780139444,0.014755051385718865,0.013190338991096562,0.009623389680212258,0.002087101732082708,0.004116940957583193
4.192,0.00985861875425087,0.014748909867518645,0.013189460286899601,0.009622745262101828,0.0020842405695105093,0.004113860152415105
4.194,0.009854147756928944,0.014742770905088465,0.0131885816402042,0.009622100887497043,0.0020813833292319117,0.004110781652687079
4.196,0.009849678787253513,0.014736634497365175,0.013187703051007471,0.009621456556395014,0.002078530005869661,0.004107705456673827
4.198,0.009845211844305313,0.014730500643285849,0.013186824519306306,0.009620812268792855,0.0020756805940542744,0.004104631562651395
4.2,0.009840746927165078,0.014724369341788446,0.013185946045097818,0.009620168024687459,0.002072835088423597,0.004101559968897384
4.202,0.009836284034913989,0.014718240591810927,0.0131850676283789,0.00961952382407616,0.0020699934836225786,0.00409849067369028
4.204,0.009831823166633669,0.01471211439229192,0.013184189269146662,0.009618879666955849,0.0020671557743039415,0.004095423675310128
4.206,0.009827364321406407,0.014705990742170494,0.013183310967397999,0.00961823555332364,0.0020643219551272907,0.004092358972038079
4.208,0.009822907498314715,0.014699869640386165,0.013182432723130022,0.009617591483176646,0.002061492020759781,0.004089296562156619
4.21,0.009818452696441327,0.01469375108587867,0.013181554536339624,0.009616947456511982,0.0020586659658756723,0.004086236443949565
4.212,0.009813999914869864,0.014687635077588634,0.013180676407023917,0.00961630347332676,0.0020558437851567746,0.0040831786157020655
4.214,0.00980954915268395,0.014681521614456683,0.013179798335179793,0.00961565953361787,0.002053025473292225,0.0040801230757003815
4.216,0.00980510040896787,0.014675410695424107,0.013178920320804366,0.00961501563738243,0.0020502110249782657,0.0040770698222323265
4.218,0.009800653682806137,0.014669302319432642,0.013178042363894527,0.009614371784617548,0.002047400434918467,0.004074018853586825
4.22,0.009796208973283704,0.014663196485424468,0.013177164464447388,0.00961372797532034,0.0020445936978237267,0.004070970168053911
4.222,0.00979176627948597,0.014657093192341986,0.013176286622459843,0.009613084209487921,0.0020417908084120473,0.004067923763925174
4.224,0.009787325600498997,0.014650992439128263,0.013175408837929004,0.00961244048711718,0.0020389917614087594,0.004064879639493535
4.226,0.009782886935408852,0.014644894224726812,0.013174531110851762,0.009611796808205453,0.0020361965515462987,0.004061837793052803
4.228,0.009778450283302265,0.014638798548081366,0.01317365344122523,0.009611153172749631,0.0020334051735644287,0.004058798222898341
4.23,0.00977401564326641,0.014632705408136326,0.013172775829046302,0.009610509580746829,0.00203061762221024,0.004055760927326846
4.232,0.009769583014388683,0.014626614803836535,0.013171898274312088,0.009609866032193937,0.002027833892237929,0.004052725904636123
4.234,0.009765152395756926,0.01462052673412706,0.013171020777019482,0.00960922252708829,0.0020250539784090194,0.004049693153125311
4.236,0.009760723786459646,0.014614441197953632,0.013170143337165596,0.009608579065426781,0.002022277875491696,0.0040466626710948805
4.238,0.009756297185585572,0.014608358194262427,0.013169265954747322,0.009607935647206522,0.0020195055782619153,0.004043634456846634
4.24,0.009751872592223654,0.014602277721999624,0.013168388629761552,0.009607292272424628,0.0020167370815025176,0.004040608508683263
4.242,0.009747450005463731,0.014596199780112507,0.01316751136220562,0.00960664894107821,0.00201397238000367,0.004037584824909235
4.244,0.009743029424395644,0.014590124367548363,0.013166634152076195,0.009606005653164384,0.002011211468562424,0.004034563403829905
4.246,0.009738610848109674,0.014584051483254923,0.013165756999370393,0.00960536240868004,0.002008454341983157,0.004031544243752183
4.248,0.009734194275696773,0.014577981126180584,0.013164879904085325,0.009604719207622292,0.002005700995077353,0.0040285273429840895
4.25,0.00972977970624811,0.014571913295273964,0.013164002866217883,0.009604076049988253,0.0020029514226633793,0.004025512699834755
4.252,0.009725367138855301,0.014565847989484126,0.013163125885764959,0.009603432935775036,0.0020002056195669304,0.004022500312614863
4.2540000000000004,0.009720956572610406,0.0145597852077608,0.013162248962723666,0.009602789864979755,0.0019974635806208063,0.004019490179636431
4.256,0.00971654800660593,0.014553724949053937,0.013161372097091117,0.009602146837599523,0.0019947253006649124,0.004016482299212365
4.258,0.009712141439934818,0.01454766721231393,0.013160495288863983,0.009601503853631232,0.0019919907745460375,0.004013476669656901
4.26,0.009707736871690242,0.014541611996491621,0.013159618538039597,0.009600860913071996,0.001989259997118298,0.004010473289285832
4.2620000000000005,0.009703334300965816,0.014535559300538514,0.013158741844614852,0.009600218015918927,0.001986532963242693,0.004007472156416059
4.264,0.009698933726855596,0.014529509123406115,0.013157865208586639,0.009599575162169138,0.0019838096677871064,0.004004473269365594
4.266,0.009694535148454309,0.014523461464046816,0.013156988629951849,0.009598932351819744,0.0019810901056267483,0.004001476626454004
4.268,0.009690138564856676,0.014517416321413235,0.013156112108707818,0.009598289584867636,0.0019783742716437125,0.003998482226001743
4.2700000000000005,0.009685743975158312,0.01451137369445843,0.013155235644851215,0.009597646861309928,0.0019756621607271985,0.003995490066331042
4.272,0.009681351378454606,0.014505333582135682,0.013154359238379154,0.009597004181143953,0.001972953767773511,0.003992500145764799
4.274,0.009676960773842058,0.014499295983399163,0.013153482889288748,0.009596361544366605,0.001970249087685616,0.003989512462627465
4.276,0.009672572160416948,0.014493260897203264,0.013152606597576888,0.009595718950974774,0.001967548115373585,0.003986527015244823
4.2780000000000005,0.009668185537276441,0.014487228322502599,0.013151730363240466,0.009595076400965796,0.0019648508457545955,0.0039835438019437674
4.28,0.009663800903517705,0.014481198258252448,0.013150854186276595,0.009594433894336563,0.001962157273752707,0.0039805628210523025
4.282,0.009659418258238572,0.014475170703408535,0.013149978066682166,0.009593791431084409,0.001959467394299086,0.0039775840708999866
4.284,0.00965503760053732,0.01446914565692703,0.013149102004454294,0.009593149011206226,0.001956781202331559,0.00397460754981771
4.2860000000000005,0.009650658929512668,0.014463123117764543,0.013148225999589869,0.009592506634698905,0.001954098692795281,0.0039716332561370304
4.288,0.00964628224426356,0.01445710308487791,0.013147350052085782,0.009591864301559783,0.0019514198606418454,0.003968661188191502
4.29,0.009641907543889383,0.014451085557224408,0.013146474161939148,0.009591222011785971,0.001948744700830174,0.003965691344315347
4.292,0.009637534827489969,0.014445070533761983,0.013145598329147079,0.009590579765374363,0.0019460732083260712,0.003962723722844341
4.2940000000000005,0.009633164094165592,0.014439058013449024,0.013144722553706245,0.00958993756232207,0.0019434053781020033,0.003959758322115148
4.296,0.00962879534301675,0.014433047995244142,0.013143846835613981,0.009589295402626208,0.0019407412051373196,0.003956795140466207
4.298,0.009624428573144606,0.01442704047810639,0.013142971174866958,0.009588653286283888,0.001938080684418475,0.003953834176236848
4.3,0.009620063783650767,0.01442103546099549,0.013142095571462287,0.009588011213292225,0.0019354238109388078,0.0039508754277677305
4.3020000000000005,0.009615700973636843,0.014415032942871386,0.013141220025397082,0.009587369183648109,0.0019327705796983174,0.003947918893400848
4.304,0.009611340142205327,0.014409032922694465,0.013140344536668236,0.009586727197348877,0.001930120985703887,0.0039449645714790815
4.306,0.009606981288458938,0.014403035399425779,0.013139469105272639,0.009586085254391419,0.0019274750239695049,0.0039420124603470885
4.308,0.009602624411500615,0.014397040372026382,0.013138593731207404,0.009585443354772849,0.0019248326895158208,0.003939062558350193
4.3100000000000005,0.009598269510433965,0.014391047839458215,0.013137718414469424,0.00958480149849028,0.0019221939773701457,0.003936114863835494
4.312,0.009593916584362816,0.01438505780068322,0.01313684315505581,0.009584159685540605,0.0019195588825666743,0.00393316937515098
4.314,0.009589565632391439,0.014379070254664228,0.013135967952963457,0.009583517915921158,0.0019169274001467063,0.003930226090645972
4.316,0.009585216653624551,0.014373085200364066,0.013135092808189253,0.00958287618962883,0.0019142995251579809,0.0039272850086709
4.3180000000000005,0.009580869647167534,0.014367102636746454,0.013134217720730312,0.009582234506660736,0.0019116752526553427,0.003924346127577749
4.32,0.00957652461212577,0.014361122562775108,0.013133342690583527,0.009581592867013988,0.0019090545777000756,0.003921409445719615
4.322,0.009572181547605085,0.014355144977414191,0.01313246771774601,0.0095809512706857,0.001906437495360569,0.00391847496145048
4.324,0.009567840452711973,0.014349169879628754,0.013131592802214653,0.009580309717672986,0.0019038240007116514,0.0039155426731261045
4.3260000000000005,0.009563501326553148,0.014343197268383845,0.013130717943986348,0.009579668207972736,0.0019012140888350348,0.003912612579103136
4.328,0.009559164168235545,0.01433722714264496,0.013129843143058206,0.009579026741582064,0.0018986077548193148,0.0039096846777393335
4.33,0.009554828976866991,0.014331259501378257,0.013128968399427121,0.009578385318498084,0.0018960049937595258,0.003906758967394008
4.332,0.00955049575155531,0.014325294343550121,0.013128093713089983,0.009577743938717909,0.001893405800757808,0.0039038354464275837
4.3340000000000005,0.009546164491408993,0.0143193316681276,0.013127219084043906,0.009577102602238652,0.001890810170922741,0.0039009141132018144
4.336,0.009541835195536752,0.014313371474077963,0.013126344512286003,0.009576461309057427,0.0018882180993697872,0.0038979949660793434
4.338,0.009537507863047745,0.014307413760368926,0.013125469997812944,0.009575820059171125,0.001885629581220849,0.003895078003424368
4.34,0.009533182493051573,0.014301458525968647,0.013124595540621842,0.009575178852577082,0.0018830446116047117,0.0038921632236021964
4.3420000000000005,0.009528859084658281,0.014295505769845729,0.01312372114070981,0.009574537689272189,0.0018804631856566,0.003889250624979468
4.344,0.009524537636978136,0.014289555490969441,0.01312284679807374,0.00957389656925356,0.0018778852985188443,0.0038863402059239327
4.346,0.009520218149122073,0.014283607688309052,0.013121972512710522,0.009573255492518307,0.001875310945340214,0.0038834319648044513
4.348,0.009515900620201245,0.014277662360834498,0.01312109828461705,0.009572614459063322,0.0018727401212759176,0.0038805258999912162
4.3500000000000005,0.009511585049327254,0.014271719507516156,0.013120224113790435,0.009571973468885941,0.0018701728214880475,0.0038776220098555303
4.352,0.00950727143561192,0.01426577912732463,0.013119350000227792,0.009571332521983056,0.0018676090411453572,0.0038747202927702507
4.354,0.009502959778167952,0.014259841219231184,0.01311847594392579,0.009570691618351779,0.0018650487754230394,0.0038718207471091226
4.356,0.00949865007610784,0.014253905782207532,0.01311760194488154,0.009570050757989224,0.0018624920195029482,0.0038689233712472237
4.358,0.009494342328544958,0.014247972815225607,0.01311672800309216,0.009569409940892504,0.0018599387685738211,0.003866028163560964
4.36,0.009490036534592905,0.014242042317258008,0.013115854118554537,0.009568769167058733,0.001857389017830613,0.003863135122427641
4.362,0.009485732693365723,0.014236114287277557,0.013114980291265566,0.009568128436484802,0.0018548427624749397,0.0038602442462261077
4.364,0.009481430803977897,0.01423018872425752,0.013114106521222135,0.009567487749167825,0.001852299997715301,0.0038573555333363263
4.366,0.009477130865544137,0.014224265627171606,0.01311323280842136,0.009566847105105136,0.0018497607187664133,0.0038544689821393696
4.368,0.009472832877179593,0.014218344994994192,0.013112359152860131,0.009566206504293628,0.001847224920849655,0.0038515845910176427
4.37,0.009468536838000086,0.014212426826699653,0.013111485554535562,0.009565565946730192,0.0018446925991928431,0.003848702358354661
4.372,0.009464242747121432,0.014206511121263254,0.013110612013444545,0.009564925432412164,0.0018421637490306786,0.0038458222825350497
4.374,0.009459950603660117,0.01420059787766026,0.01310973852958397,0.009564284961336655,0.0018396383656040793,0.003842944361944989
4.376,0.009455660406733069,0.014194687094866598,0.01310886510295095,0.00956364453350056,0.0018371164441606247,0.0038400685949715463
4.378,0.009451372155457438,0.014188778771858646,0.013107991733542379,0.009563004148900989,0.0018345979799543333,0.0038371949800033445
4.38,0.00944708584895082,0.014182872907612998,0.013107118421355146,0.009562363807535057,0.001832082968245885,0.0038343235154296718
4.382,0.009442801486331254,0.014176969501106917,0.013106245166386365,0.009561723509399878,0.0018295714043021771,0.003831454199641593
4.384,0.009438519066717221,0.014171068551317889,0.013105371968632928,0.009561083254492564,0.0018270632833969902,0.003828587031031061
4.386,0.009434238589227428,0.014165170057224064,0.013104498828091726,0.00956044304281023,0.001824558600810322,0.003825722007991139
4.388,0.009429960052981023,0.014159274017803813,0.013103625744759873,0.009559802874349765,0.0018220573518286098,0.003822859128916445
4.39,0.009425683457097822,0.014153380432035956,0.013102752718634258,0.009559162749108285,0.00181955953174473,0.003819998392202484
4.392,0.009421408800697861,0.014147489298899751,0.013101879749711776,0.009558522667083125,0.0018170651358582202,0.003817139796246094
4.394,0.0094171360829014,0.014141600617374905,0.013101006837989537,0.009557882628271175,0.0018145741594748355,0.0038142833394454456
4.396,0.009412865302829365,0.014135714386441567,0.013100133983464435,0.009557242632669327,0.0018120865979069922,0.003811429020199597
4.398,0.009408596459602903,0.014129830605080329,0.01309926118613336,0.009556602680274917,0.001809602446473324,0.003808576836908939
4.4,0.009404329552343826,0.01412394927227223,0.013098388445993425,0.009555962771085058,0.0018071217004989037,0.0038057267879751944
4.402,0.00940006458017395,0.014118070386998527,0.013097515763041523,0.009555322905096642,0.0018046443553154656,0.0038028788718009743
4.404,0.009395801542215754,0.014112193948241147,0.013096643137274544,0.00955468308230678,0.0018021704062609611,0.003800033086790444
4.406,0.009391540437591939,0.01410631995498246,0.013095770568689602,0.00955404330271259,0.001799699848679559,0.0037971894313488797
4.408,0.009387281265425873,0.014100448406204835,0.013094898057283588,0.00955340356631118,0.0017972326779220893,0.0037943479038826666
4.41,0.009383024024841147,0.01409457930089153,0.013094025603053394,0.009552763873099668,0.0017947688893455993,0.003791508502799301
4.412,0.009378768714961794,0.014088712638026024,0.013093153205996133,0.009552124223074943,0.0017923084783135756,0.0037886712265073896
4.414,0.00937451533491207,0.014082848416592242,0.013092280866108696,0.00955148461623434,0.0017898514401959442,0.0037858360734170926
4.416,0.009370263883816898,0.014076986635574773,0.013091408583387976,0.009550845052574752,0.0017873977703688482,0.003783003041939681
4.418,0.009366014360801422,0.014071127293958208,0.013090536357831084,0.009550205532093292,0.001784947464214648,0.0037801721304873137
4.42,0.00936176676499123,0.01406527039072758,0.013089664189434913,0.009549566054787073,0.001782500517122143,0.003777343337473482
4.422,0.009357521095512134,0.014059415924868812,0.013088792078196354,0.009548926620653209,0.0017800569244865727,0.00377451666131301
4.424,0.00935327735149083,0.014053563895367827,0.013087920024112298,0.009548287229688812,0.001777616681709615,0.0037716921004218307
4.426,0.009349035532054017,0.01404771430121099,0.01308704802717986,0.009547647881890775,0.0017751797841987216,0.0037688696532169885
4.428,0.00934479563632884,0.014041867141385334,0.013086176087395929,0.009547008577256433,0.001772746227368227,0.0037660493181168597
4.43,0.009340557663442661,0.014036022414878113,0.01308530420475762,0.009546369315782677,0.0017703160066382395,0.0037632310935407087
4.432,0.009336321612523735,0.01403018012067725,0.013084432379261601,0.00954573009746662,0.0017678891174355282,0.0037604149779093543
4.434,0.009332087482700313,0.014024340257770662,0.013083560610904987,0.009545090922305377,0.0017654655551928577,0.0037576009696445034
4.436,0.009327855273101315,0.014018502825146939,0.013082688899684669,0.00954445179029606,0.001763045315349654,0.0037547890671694173
4.438,0.00932362498285566,0.01401266782179511,0.01308181724559776,0.009543812701435561,0.0017606283933511158,0.0037519792689080234
4.44,0.009319396611092934,0.014006835246704652,0.013080945648641151,0.009543173655721215,0.0017582147846488816,0.0037491715732858033
4.442,0.009315170156943164,0.014001005098865482,0.013080074108811734,0.009542534653149914,0.001755804484701029,0.003746365978729127
4.444,0.009310945619536604,0.013995177377267742,0.013079202626106401,0.009541895693718772,0.0017533974889716308,0.0037435624836659187
4.446,0.009306722998004169,0.013989352080902018,0.013078331200522264,0.009541256777425122,0.0017509937929309771,0.0037407610865249907
4.448,0.009302502291476777,0.01398352920875956,0.013077459832056215,0.009540617904265636,0.0017485933920555752,0.0037379617857364877
4.45,0.009298283499086235,0.013977708759831842,0.013076588520705368,0.009539979074237648,0.0017461962818281496,0.0037351645797314426
4.452,0.009294066619964125,0.013971890733110781,0.013075717266466391,0.009539340287338272,0.001743802457737642,0.0037323694669424423
4.454,0.00928985165324292,0.01396607512758874,0.013074846069336399,0.009538701543564398,0.0017414119152794338,0.0037295764458031844
4.456,0.009285638598055312,0.0139602619422583,0.013073974929312282,0.009538062842913364,0.001739024649954457,0.0037267855147482543
4.458,0.009281427453534441,0.013954451176112936,0.013073103846390932,0.00953742418538206,0.0017366406572705273,0.003723996672213792
4.46,0.009277218218813665,0.013948642828146118,0.013072232820569463,0.009536785570967599,0.0017342599327410113,0.003721209916636825
4.462,0.009273010893027012,0.013942836897351985,0.013071361851844765,0.009536146999667094,0.001731882471885715,0.0037184252464554923
4.464,0.009268805475308728,0.013937033382724895,0.01307049094021373,0.00953550847147766,0.001729508270230662,0.003715642660109264
4.466,0.009264601964793284,0.013931232283259654,0.013069620085673472,0.009534869986396188,0.0017271373233078702,0.003712862156038943
4.468,0.009260400360616039,0.01392543359795173,0.013068749288220882,0.009534231544420013,0.0017247696266555756,0.00371008373268622
4.47,0.00925620066191235,0.013919637325796597,0.013067878547852851,0.009533593145546027,0.0017224051758180092,0.0037073073884941188
4.472,0.009252002867817799,0.013913843465790388,0.013067007864566271,0.009532954789771342,0.001720043966345397,0.0037045331219065503
4.474,0.009247806977468853,0.013908052016929906,0.013066137238358255,0.009532316477093072,0.0017176859937946265,0.0037017609313689803
4.476,0.009243612990002203,0.013902262978211732,0.013065266669225473,0.009531678207508332,0.0017153312537279142,0.003698990815327763
4.478,0.009239420904554763,0.013896476348633557,0.013064396157165037,0.009531039981014233,0.001712979741714138,0.003696222772230584
4.48,0.00923523072026411,0.013890692127193072,0.013063525702174061,0.00953040179760789,0.0017106314533279487,0.003693456800526018
4.482,0.009231042436267822,0.01388491031288841,0.013062655304249216,0.009529763657286194,0.001708286384150215,0.003690692898664194
4.484,0.009226856051704146,0.013879130904718151,0.013061784963387613,0.00952912556004648,0.001705944529768022,0.0036879310650961283
4.486,0.00922267156571177,0.01387335390168154,0.013060914679586144,0.009528487505885641,0.0017036058857740066,0.003685171298273948
4.488,0.009218488977429606,0.013867579302777822,0.013060044452841924,0.009527849494800789,0.0017012704477672447,0.003682413596651113
4.49,0.009214308285997008,0.013861807107006907,0.01305917428315162,0.009527211526789037,0.0016989382113528073,0.003679657958682414
4.492,0.009210129490553776,0.013856037313369152,0.013058304170512347,0.009526573601847499,0.0016966091721415388,0.0036769043828233094
4.494,0.00920595259023993,0.013850269920865133,0.013057434114920996,0.009525935719973067,0.0016942833257505008,0.003674152867530811
4.496,0.009201777584196158,0.013844504928496093,0.01305656411637468,0.009525297881163075,0.001691960667802972,0.003671403411262819
4.498,0.00919760447156337,0.013838742335263499,0.01305569417487007,0.009524660085414416,0.0016896411939277822,0.003668656012478566
4.5,0.009193433251482697,0.013832982140169259,0.013054824290404277,0.009524022332724424,0.0016873248997599788,0.0036659106696386168
4.502,0.009189263923095936,0.013827224342215727,0.013053954462974193,0.009523384623089992,0.001685011780940826,0.003663167381204202
4.5040000000000004,0.00918509648554533,0.013821468940405701,0.01305308469257671,0.009522746956508232,0.0016827018331171395,0.003660426145637885
4.506,0.009180930937973342,0.013815715933742423,0.013052214979208943,0.009522109332976259,0.0016803950519417299,0.0036576869614037832
4.508,0.009176767279522657,0.013809965321229356,0.01305134532286778,0.009521471752490962,0.0016780914330738472,0.003654949826966458
4.51,0.009172605509336629,0.01380421710187063,0.013050475723550115,0.009520834215049678,0.0016757909721780706,0.003652214740792248
4.5120000000000005,0.00916844562655883,0.01379847127467082,0.013049606181252837,0.009520196720649299,0.0016734936649254184,0.0036494817013483782
4.514,0.0091642876303335,0.0137927278386345,0.01304873669597284,0.009519559269287159,0.0016711995069926822,0.0036467507071031857
4.516,0.009160131519804882,0.01378698679276713,0.013047867267707236,0.00951892186096015,0.0016689084940624266,0.003644021756526117
4.518,0.009155977294117879,0.013781248136074176,0.013046997896452917,0.009518284495665386,0.0016666206218234336,0.0036412948480879503
4.5200000000000005,0.00915182495241762,0.013775511867561985,0.013046128582206773,0.009517647173399979,0.0016643358859700363,0.0036385699802605753
4.522,0.0091476744938499,0.013769777986236909,0.013045259324965697,0.009517009894161044,0.001662054282202563,0.003635847151516769
4.524,0.009143525917560513,0.013764046491105741,0.013044390124726801,0.009516372657945471,0.0016597758062275592,0.0036331263603306407
4.526,0.009139379222695698,0.013758317381175944,0.013043520981486978,0.009515735464750597,0.0016575004537571214,0.0036304076051776324
4.5280000000000005,0.00913523440840236,0.013752590655455199,0.013042651895243118,0.009515098314573311,0.0016552282205093416,0.003627690884534074
4.53,0.009131091473827624,0.013746866312951855,0.013041782865992113,0.009514461207410951,0.0016529591022080847,0.0036249761968774052
4.532,0.009126950418119062,0.013741144352674262,0.013040913893730854,0.009513824143260408,0.001650693094583211,0.003622263540686399
4.534,0.009122811240424689,0.013735424773631433,0.013040044978456455,0.009513187122118794,0.0016484301933703538,0.0036195529144407157
4.5360000000000005,0.009118673939892519,0.013729707574832606,0.013039176120165807,0.009512550143983223,0.0016461703943111416,0.003616844316621348
4.538,0.009114538515671455,0.013723992755287906,0.013038307318855802,0.009511913208850808,0.0016439136931527543,0.0036141377457103996
4.54,0.009110404966910401,0.013718280314007236,0.01303743857452333,0.009511276316718442,0.0016416600856485886,0.003611433200191083
4.542,0.009106273292758926,0.013712570250001388,0.013036569887165506,0.00951063946758346,0.0016394095675573706,0.0036087306785477224
4.5440000000000005,0.009102143492366821,0.013706862562281374,0.01303570125677922,0.009510002661442751,0.0016371621346440435,0.003606030179265751
4.546,0.00909801556488432,0.013701157249858653,0.013034832683361142,0.009509365898293654,0.0016349177826793238,0.0036033317008319354
4.548,0.009093889509462105,0.013695454311745126,0.013033964166908607,0.009508729178133057,0.001632676507439479,0.0036006352417339293
4.55,0.009089765325251298,0.013689753746952915,0.013033095707418285,0.009508092500958076,0.0016304383047067716,0.0035979408004607194
4.5520000000000005,0.009085643011403022,0.013684055554494812,0.013032227304887067,0.009507455866765824,0.0016282031702690158,0.0035952483755021802
4.554,0.009081522567069067,0.013678359733383827,0.013031358959312067,0.009506819275553191,0.0016259710999202426,0.0035925579653495188
4.556,0.009077403991401667,0.013672666282633417,0.013030490670690176,0.009506182727317514,0.001623742089459812,0.003589869568495052
4.558,0.0090732872835535,0.01366697520125748,0.013029622439018285,0.009505546222055905,0.0016215161346930795,0.0035871831834322077
4.5600000000000005,0.009069172442677242,0.013661286488270363,0.013028754264293285,0.009504909759765257,0.0016192932314309516,0.003584498808655523
4.562,0.00906505946792624,0.013655600142686852,0.01302788614651229,0.009504273340442682,0.00161707337549033,0.0035818164426604238
4.564,0.00906094835845428,0.01364991616352218,0.01302701808567197,0.009503636964085516,0.0016148565626936673,0.00357913608394389
4.566,0.009056839113415371,0.0136442345497918,0.013026150081769439,0.00950300063069065,0.0016126427888691897,0.0035764577310037904
4.5680000000000005,0.00905273173196397,0.013638555300511612,0.013025282134801586,0.009502364340254976,0.0016104320498508962,0.003573781382339103
4.57,0.009048626213254973,0.013632878414697958,0.013024414244765303,0.00950172809277583,0.001608224341478559,0.0035711070364501385
4.572,0.009044522556443502,0.013627203891367623,0.013023546411657705,0.009501091888250324,0.0016060196595972798,0.003568434691837874
4.574,0.009040420760685342,0.013621531729537839,0.01302267863547546,0.009500455726675572,0.0016038180000583768,0.0035657643470050626
4.5760000000000005,0.00903632082513628,0.01361586192822628,0.013021810916215681,0.009499819608048465,0.001601619358718498,0.0035630960004549017
4.578,0.009032222748952767,0.013610194486450844,0.013020943253875261,0.009499183532366118,0.0015994237314400639,0.003560429650692143
4.58,0.009028126531291703,0.01360452940322987,0.01302007564845109,0.009498547499625865,0.0015972311140912687,0.003557765296222648
4.582,0.009024032171309981,0.013598866677582144,0.013019208099940283,0.009497911509824597,0.0015950415025458575,0.003555102935553167
4.5840000000000005,0.009019939668165389,0.013593206308527117,0.013018340608339507,0.009497275562959429,0.0015928548926831265,0.0035524425671917825
4.586,0.009015849021015487,0.01358754829508424,0.013017473173645877,0.009496639659027473,0.0015906712803883671,0.0035497841896476867
4.588,0.00901176022901895,0.01358189263627363,0.013016605795856062,0.00949600379802562,0.0015884906615519778,0.0035471278014309604
4.59,0.009007673291334228,0.013576239331115625,0.013015738474967176,0.009495367979951208,0.0015863130320705743,0.0035444734010527945
4.5920000000000005,0.009003588207120217,0.013570588378631232,0.013014871210976331,0.009494732204801126,0.0015841383878461013,0.0035418209870259343
4.594,0.008999504975536698,0.013564939777841456,0.013014004003880197,0.00949409647257271,0.0015819667247860547,0.003539170557863791
4.596,0.008995423595743235,0.01355929352776819,0.013013136853675666,0.009493460783262853,0.0015797980388037036,0.0035365221120811086
4.598,0.008991344066900053,0.01355364962743355,0.013012269760359851,0.009492825136868666,0.0015776323258178682,0.0035338756481935185
4.6000000000000005,0.008987266388167825,0.013548008075859874,0.013011402723929644,0.009492189533387263,0.0015754695817529196,0.003531231164718207
4.602,0.008983190558707221,0.013542368872070165,0.013010535744381935,0.009491553972815758,0.0015733098025387804,0.0035285886601730265
4.604,0.008979116577679802,0.013536732015087649,0.013009668821713616,0.009490918455151265,0.001571152984111146,0.0035259481330769393
4.606,0.008975044444247349,0.013531097503935996,0.013008801955921578,0.009490282980390896,0.0015689991224112632,0.0035233095819504623
4.6080000000000005,0.008970974157571865,0.01352546533763932,0.013007935147002714,0.009489647548531766,0.0015668482133854855,0.0035206730053147783
4.61,0.008966905716815798,0.013519835515222178,0.013007068394954135,0.009489012159570764,0.001564700252986384,0.0035180384016921806
4.612,0.008962839121142041,0.013514208035709352,0.013006201699772735,0.009488376813505228,0.0015625552371716367,0.0035154057696065166
4.614,0.008958774369713929,0.013508582898126287,0.013005335061455181,0.009487741510332048,0.0015604131619046946,0.0035127751075823
4.616,0.008954711461694798,0.013502960101498651,0.013004468479998588,0.009487106250048338,0.001558274023154338,0.0035101464141451544
4.618,0.008950650396248871,0.013497339644852557,0.013003601955399846,0.009486471032651211,0.001556137816894898,0.003507519687822036
4.62,0.008946591172540375,0.013491721527214562,0.01300273548765607,0.009485835858137781,0.0015540045391064794,0.0035048949271410113
4.622,0.008942533789734197,0.013486105747611665,0.013001869076763928,0.00948520072650516,0.0015518741857742935,0.0035022721306310345
4.624,0.008938478246995452,0.01348049230507109,0.013001002722720534,0.009484565637750464,0.001549746752889547,0.0034996512968223925
4.626,0.008934424543489694,0.013474881198620725,0.013000136425522557,0.009483930591870582,0.0015476222364485537,0.0034970324242462603
4.628,0.008930372678382703,0.013469272427288681,0.012999270185167111,0.00948329558886285,0.0015455006324531784,0.003494415511434923
4.63,0.008926322650840701,0.013463665990103513,0.012998404001651087,0.00948266062872416,0.001543381936910837,0.003491800556921998
4.632,0.008922274460030355,0.01345806188609422,0.012997537874971377,0.009482025711451625,0.0015412661458344967,0.0034891875592419908
4.634,0.008918228105118775,0.013452460114290021,0.012996671805125093,0.00948139083704258,0.0015391532552426757,0.0034865765169305174
4.636,0.008914183585273294,0.013446860673720806,0.012995805792108905,0.009480756005493918,0.001537043261158777,0.003483967428524304
4.638,0.00891014089966169,0.013441263563416683,0.012994939835919928,0.00948012121680275,0.0015349361596124211,0.0034813602925611864
4.64,0.008906100047452181,0.013435668782408428,0.012994073936554829,0.00947948647096597,0.0015328319466381135,0.0034787551075803336
4.642,0.008902061027813213,0.013430076329726814,0.012993208094010722,0.009478851767980911,0.0015307306182761327,0.00347615187212158
4.644,0.008898023839913671,0.013424486204403285,0.012992342308284499,0.009478217107844689,0.0015286321705718642,0.003473550584726093
4.646,0.008893988482922888,0.013418898405469504,0.012991476579373051,0.009477582490554193,0.0015265365995762448,0.003470951243935927
4.648,0.008889954956010415,0.0134133129319578,0.01299061090727327,0.00947694791610676,0.0015244439013459843,0.003468353848294692
4.65,0.008885923258346473,0.013407729782900724,0.012989745291982047,0.00947631338449928,0.0015223540719426776,0.003465758396346441
4.652,0.008881893389101503,0.013402148957331272,0.012988879733496494,0.00947567889572909,0.0015202671074334706,0.0034631648866370046
4.654,0.008877865347446168,0.013396570454282886,0.012988014231813283,0.00947504444979308,0.0015181830038910604,0.0034605733177126563
4.656,0.008873839132551575,0.013390994272789225,0.012987148786929525,0.009474410046688364,0.0015161017573934732,0.0034579836881212245
4.658,0.008869814743589277,0.013385420411884619,0.012986283398841891,0.009473775686412056,0.0015140233640240641,0.0034553959964114256
4.66,0.008865792179731269,0.013379848870603617,0.012985418067547494,0.009473141368961269,0.0015119478198712955,0.0034528102411333084
4.662,0.00886177144014999,0.013374279647981213,0.012984552793043225,0.009472507094332894,0.0015098751210296246,0.0034502264208375877
4.664,0.008857752524017881,0.013368712743052624,0.012983687575325975,0.009471872862524267,0.001507805263598172,0.0034476445340763107
4.666,0.008853735430508047,0.013363148154853954,0.012982822414392636,0.0094712386735325,0.0015057382436820532,0.0034450645794024126
4.668,0.008849720158794039,0.013357585882421308,0.012981957310240322,0.009470604527354487,0.0015036740573910468,0.003442486555370161
4.67,0.008845706708049406,0.013352025924791233,0.012981092262865701,0.00946997042398734,0.0015016127008409264,0.003439910460534934
4.672,0.008841695077448586,0.013346468281000723,0.012980227272265887,0.009469336363428393,0.0014995541701523507,0.003437336293452997
4.674,0.008837685266166018,0.013340912950087214,0.01297936233843755,0.00946870234567454,0.0014974984614513076,0.003434764052681727
4.676,0.008833677273376583,0.013335359931088586,0.012978497461377803,0.009468068370722893,0.001495445570869336,0.0034321937367796096
4.678,0.00882967109825561,0.013329809223042943,0.012977632641083536,0.009467434438570566,0.0014933954945430816,0.003429625344306242
4.68,0.008825666739978644,0.013324260824988832,0.012976767877551643,0.009466800549214671,0.0014913482286147417,0.0034270588738223307
4.682,0.008821664197721901,0.013318714735965242,0.012975903170779013,0.009466166702652101,0.0014893037692313982,0.003424494323889471
4.684,0.008817663470661596,0.013313170955011833,0.012975038520762538,0.009465532898880191,0.0014872621125456842,0.00342193169307059
4.686,0.00881366455797461,0.01330762948116826,0.01297417392749911,0.009464899137896055,0.001485223254715562,0.0034193709799295036
4.688,0.008809667458838266,0.013302090313474624,0.012973309390985621,0.009464265419696583,0.0014831871919041006,0.003416812183031359
4.69,0.00880567217242989,0.013296553450971693,0.012972444911218961,0.00946363174427911,0.0014811539202796986,0.0034142553009419707
4.692,0.008801678697927473,0.013291018892700235,0.012971580488196244,0.00946299811164053,0.0014791234360160832,0.0034117003322284845
4.694,0.008797687034509227,0.013285486637701904,0.012970716121914139,0.009462364521777955,0.0014770957352918668,0.0034091472754591567
4.696,0.00879369718135381,0.013279956685018357,0.01296985181236976,0.009461730974688498,0.0014750708142914348,0.003406596129203132
4.698,0.008789709137640322,0.013274429033691693,0.012968987559559997,0.009461097470369273,0.0014730486692040579,0.0034040468920306655
4.7,0.008785722902548088,0.013268903682764677,0.012968123363481743,0.009460464008817393,0.0014710292962243354,0.0034014995625133437
4.702,0.008781738475256873,0.013263380631280297,0.012967259224131666,0.009459830590029972,0.0014690126915519741,0.00339895413922342
4.704,0.00877775585494689,0.013257859878281986,0.012966395141506881,0.009459197214004123,0.0014669988513920096,0.00339641062073448
4.706,0.00877377504079857,0.013252341422813396,0.012965531115604279,0.009458563880736737,0.0014649877719545845,0.0033938690056212195
4.708,0.008769796031993016,0.013246825263918627,0.012964667146420972,0.00945793059022515,0.0014629794494551707,0.003391329292459222
4.71,0.008765818827711325,0.013241311400642441,0.01296380323395363,0.009457297342466475,0.0014609738801145689,0.0033887914798251817
4.712,0.008761843427135041,0.013235799832029826,0.012962939378199145,0.009456664137457604,0.0014589710601582428,0.003386255566296903
4.714,0.008757869829446152,0.01323029055712599,0.012962075579154408,0.00945603097519565,0.0014569709858172075,0.0033837215504533003
4.716,0.008753898033827312,0.013224783574977028,0.012961211836816533,0.009455397855677727,0.0014549736533275848,0.0033811894308741763
4.718,0.008749928039460952,0.013219278884628816,0.012960348151182188,0.00945476477890117,0.0014529790589308256,0.003378659206140666
4.72,0.008745959845530393,0.013213776485127893,0.012959484522248488,0.00945413174486287,0.0014509871988730438,0.003376130874834793
4.722,0.008741993451218955,0.013208276375521466,0.0129586209500121,0.009453498753559941,0.0014489980694061266,0.003373604435539468
4.724,0.008738028855710622,0.013202778554856742,0.01295775743447014,0.009452865804989496,0.001447011666786624,0.0033710798868391567
4.726,0.008734066058189383,0.013197283022181372,0.012956893975619499,0.009452232899148427,0.0014450279872761929,0.003368557227318769
4.728,0.00873010505784011,0.013191789776543672,0.012956030573457067,0.009451600036034069,0.0014430470271420415,0.0033660364555647693
4.73,0.008726145853847678,0.013186298816992181,0.012955167227979736,0.009450967215643535,0.001441068782656263,0.0033635175701645093
4.732,0.008722188445397183,0.01318081014257566,0.012954303939184397,0.009450334437973718,0.0014390932500958353,0.0033610005697062295
4.734,0.00871823283167461,0.01317532375234376,0.012953440707067942,0.009449701703021951,0.001437120425743288,0.0033584854527795027
4.736,0.008714279011865944,0.013169839645345904,0.012952577531627263,0.009449069010785127,0.0014351503058858128,0.0033559722179747897
4.738,0.008710326985157613,0.01316435782063241,0.01295171441285925,0.00944843636126036,0.0014331828868161534,0.0033534608638838836
4.74,0.008706376750736489,0.013158878277253816,0.012950851350760795,0.009447803754444983,0.0014312181648317157,0.0033509513890990217
4.742,0.008702428307789667,0.01315340101426088,0.012949988345328789,0.00944717119033589,0.0014292561362350131,0.0033484437922142174
4.744,0.008698481655504686,0.013147926030705026,0.012949125396560124,0.009446538668930193,0.001427296797333888,0.0033459380718239284
4.746,0.00869453679306953,0.013142453325637904,0.012948262504451913,0.009445906190225006,0.0014253401444410674,0.0033434342265241668
4.748,0.008690593719672401,0.013136982898111604,0.012947399669000825,0.009445273754217443,0.0014233861738746079,0.0033409322549116105
4.75,0.008686652434502173,0.013131514747178663,0.012946536890203753,0.009444641360904393,0.0014214348819570066,0.003338432155584048
4.752,0.008682712936747494,0.01312604887189206,0.012945674168057808,0.009444009010283194,0.001419486265016534,0.0033359339271405997
4.7540000000000004,0.008678775225598123,0.013120585271304996,0.012944811502559661,0.009443376702350958,0.0014175403193859015,0.0033334375681810524
4.756,0.008674839300243598,0.013115123944471119,0.012943948893706425,0.009442744437104578,0.0014155970414031493,0.003330943077306525
4.758,0.00867090515987412,0.013109664890444517,0.01294308634149477,0.009442112214541387,0.001413656427411203,0.003328450453119025
4.76,0.008666972803680117,0.013104208108279503,0.012942223845921808,0.009441480034658278,0.0014117184737580946,0.0033259596942216696
4.7620000000000005,0.008663042230852458,0.013098753597031054,0.01294136140698443,0.009440847897452587,0.0014097831767969637,0.0033234707992186863
4.764,0.008659113440582233,0.013093301355754594,0.012940499024679308,0.009440215802921204,0.0014078505328856128,0.003320983766715413
4.766,0.008655186432061202,0.013087851383505544,0.012939636699003554,0.009439583751061242,0.0014059205383871731,0.0033184985953178536
4.768,0.008651261204481342,0.013082403679339993,0.012938774429954059,0.009438951741869817,0.0014039931896696611,0.0033160152836333445
4.7700000000000005,0.008647337757034856,0.013076958242314252,0.012937912217527714,0.00943831977534404,0.0014020684831062002,0.003313533830270332
4.772,0.008643416088914613,0.013071515071485296,0.012937050061721411,0.009437687851481025,0.0014001464150745768,0.003311054233838151
4.774,0.008639496199313479,0.013066074165910324,0.012936187962532042,0.009437055970277886,0.0013982269819576842,0.003308576492947024
4.776,0.008635578087424989,0.01306063552464698,0.012935325919956275,0.009436424131731735,0.0013963101801433009,0.0033061006062087284
4.7780000000000005,0.008631661752442898,0.013055199146753127,0.012934463933991225,0.009435792335839688,0.0013943960060243121,0.003303626572235485
4.78,0.008627747193561408,0.013049765031287297,0.012933602004633782,0.009435160582598634,0.0013924844559984884,0.003301154389640848
4.782,0.00862383440997494,0.013044333177308243,0.012932740131880838,0.00943452887200591,0.001390575526468485,0.0032986840570394804
4.784,0.00861992340087836,0.013038903583874939,0.012931878315729284,0.009433897204058406,0.0013886692138420642,0.0032962155730471565
4.7860000000000005,0.008616014165466979,0.013033476250047027,0.012931016556176012,0.009433265578753458,0.0013867655145316515,0.0032937489362803163
4.788,0.008612106702936329,0.013028051174884592,0.012930154853217912,0.009432633996087958,0.0013848644249547792,0.00329128414535651
4.79,0.008608201012482608,0.01302262835744794,0.0129292932068521,0.00943200245605924,0.0013829659415338647,0.0032888211988946203
4.792,0.008604297093302016,0.013017207796797825,0.012928431617075242,0.009431370958664198,0.00138107006069621,0.003286360095514418
4.7940000000000005,0.008600394944591194,0.013011789491995218,0.012927570083884232,0.009430739503899943,0.0013791767788740028,0.0032839008338365616
4.796,0.00859649456554723,0.01300637344210176,0.01292670860727596,0.00943010809176359,0.001377286092504315,0.0032814434124830427
4.798,0.008592595955367655,0.013000959646179311,0.012925847187247319,0.00942947672225225,0.0013753979980291042,0.0032789878300765185
4.8,0.00858869911325022,0.012995548103290178,0.012924985823795199,0.009428845395363039,0.0013735124918952124,0.0032765340852409786
4.8020000000000005,0.008584804038393123,0.012990138812496888,0.012924124516916491,0.00942821411109307,0.0013716295705543669,0.0032740821766013006
4.804,0.008580910729994784,0.012984731772862634,0.012923263266608087,0.009427582869439455,0.0013697492304631798,0.0032716321027834727
4.806,0.008577019187254287,0.012979326983451056,0.0129224020728671,0.009426951670399308,0.0013678714680829263,0.003269183862414371
4.808,0.008573129409370717,0.01297392444332579,0.012921540935690201,0.009426320513969522,0.0013659962798799885,0.003266737454121982
4.8100000000000005,0.008569241395543825,0.012968524151551142,0.01292067985507428,0.00942568940014743,0.0013641236623256336,0.0032642928765351797
4.812,0.008565355144973363,0.012963126107191636,0.012919818831016228,0.009425058328930147,0.0013622536118955697,0.0032618501282841716
4.814,0.00856147065685997,0.012957730309312465,0.012918957863512937,0.009424427300314564,0.0013603861250708338,0.0032594092080000525
4.816,0.008557587930404065,0.012952336756979044,0.01291809695256152,0.009423796314298016,0.0013585211983369039,0.0032569701143148055
4.8180000000000005,0.00855370696480695,0.012946945449257008,0.012917236098158646,0.009423165370877395,0.001356658828184365,0.003254532845861746
4.82,0.008549827759269935,0.01294155638521266,0.012916375300301208,0.009422534470049815,0.001354799011108243,0.003252097401274856
4.822,0.008545950312994766,0.012936169563912525,0.012915514558986096,0.00942190361181261,0.001352941743608671,0.003249663779189227
4.824,0.008542074625183638,0.012930784984423571,0.012914653874210202,0.009421272796162672,0.0013510870221906668,0.003247231978241061
4.8260000000000005,0.008538200695039189,0.012925402645813211,0.01291379324597064,0.009420642023097114,0.0013492348433636892,0.00324480199706767
4.828,0.008534328521764056,0.01292002254714908,0.012912932674264077,0.00942001129261305,0.001347385203642304,0.003242373834307255
4.83,0.008530458104561767,0.012914644687499255,0.012912072159087407,0.009419380604707595,0.00134553809954574,0.0032399474885989044
4.832,0.008526589442635624,0.01290926906593226,0.01291121170043752,0.009418749959377859,0.001343693527597889,0.003237522958583039
4.8340000000000005,0.00852272253518982,0.012903895681517064,0.012910351298311307,0.009418119356620958,0.0013418514843273055,0.003235100242900746
4.836,0.008518857381428546,0.012898524533323075,0.01290949095270566,0.009417488796434004,0.0013400119662678733,0.0032326793401944443
4.838,0.008514993980556662,0.012893155620419927,0.01290863066361747,0.00941685827881411,0.001338174969957695,0.0032302602491074417
4.84,0.008511132331779026,0.012887788941877476,0.012907770431043852,0.00941622780375817,0.0013363404919397581,0.003227842968284156
4.8420000000000005,0.00850727243430116,0.012882424496766243,0.012906910254981474,0.009415597371263518,0.0013345085287617131,0.0032254274963698926
4.844,0.008503414287328814,0.012877062284157192,0.012906050135427227,0.009414966981327266,0.0013326790769760954,0.003223013832010846
4.846,0.008499557890067955,0.012871702303121513,0.012905190072378003,0.009414336633946307,0.0013308521331401035,0.003220601973854542
4.848,0.008495703241725217,0.012866344552730613,0.012904330065830694,0.009413706329117977,0.0013290276938158208,0.003218191920549174
4.8500000000000005,0.008491850341507456,0.012860989032056569,0.01290347011578219,0.009413076066839166,0.0013272057555695493,0.0032157836707442655
4.852,0.008487999188621753,0.0128556357401719,0.012902610222229383,0.00941244584710721,0.0013253863149729206,0.0032133772230902302
4.854,0.008484149782275852,0.012850284676149348,0.012901750385169164,0.009411815669919,0.0013235693686017846,0.003210972576238369
4.856,0.008480302121677497,0.012844935839061877,0.012900890604598425,0.009411185535271649,0.0013217549130370987,0.003208569728841093
4.8580000000000005,0.008476456206035099,0.012839589227983117,0.012900030880514057,0.009410555443162494,0.0013199429448640387,0.003206168679551924
4.86,0.008472612034557292,0.012834244841987141,0.012899171212912952,0.009409925393588425,0.0013181334606728878,0.0032037694270252715
4.862,0.00846876960645293,0.012828902680148024,0.012898311601791779,0.009409295386546557,0.00131632645705837,0.0032013719699166554
4.864,0.008464928920931536,0.012823562741540506,0.01289745204714765,0.009408665422034002,0.0013145219306198719,0.003198976306882484
4.866,0.008461089977202851,0.012818225025239771,0.012896592548977459,0.009408035500047873,0.0013127198779616656,0.0031965824365800533
4.868,0.008457252774476842,0.012812889530321225,0.012895733107278096,0.009407405620585285,0.0013109202956922417,0.003194190357667992
4.87,0.008453417311963918,0.01280755625586072,0.012894873722046452,0.00940677578364335,0.001309123180425198,0.0031918000688055947
4.872,0.008449583588874932,0.012802225200934325,0.012894014393279196,0.009406145989219183,0.001307328528778573,0.0031894115686534885
4.874,0.008445751604421181,0.012796896364618782,0.012893155120973443,0.009405516237309897,0.0013055363373750684,0.0031870248558729664
4.876,0.008441921357813964,0.012791569745991271,0.012892295905126083,0.009404886527912604,0.0013037466028420486,0.0031846399291266536
4.878,0.008438092848265244,0.012786245344128977,0.012891436745733786,0.009404256861024196,0.001301959321811319,0.003182256787078064
4.88,0.008434266074987207,0.012780923158109525,0.012890577642793666,0.00940362723664201,0.00130017449091957,0.0031798754283913766
4.882,0.008430441037192482,0.012775603187011209,0.01288971859630239,0.009402997654763157,0.001298392106807933,0.003177495851732326
4.884,0.008426617734093922,0.012770285429912542,0.012888859606257075,0.00940236811538453,0.0012966121661222019,0.003175118055767312
4.886,0.008422796164904822,0.012764969885892485,0.012888000672654387,0.009401738618503463,0.001294834665512612,0.003172742039163845
4.888,0.008418976328838923,0.012759656554030219,0.012887141795491441,0.00940110916411685,0.0012930596016342832,0.0031703678005903235
4.89,0.008415158225110186,0.01275434543340559,0.012886282974764907,0.009400479752222024,0.0012912869711465547,0.0031679953387162563
4.892,0.008411341852933019,0.012749036523098445,0.012885424210471674,0.009399850382815877,0.0012895167707138722,0.00316562465221204
4.894,0.008407527211522048,0.01274372982218952,0.012884565502608636,0.009399221055895746,0.0012877489970046785,0.0031632557397489602
4.896,0.008403714300092568,0.012738425329759329,0.012883706851172905,0.00939859177145852,0.0012859836466923014,0.003160888599999634
4.898,0.008399903117859875,0.012733123044889272,0.01288284825616115,0.009397962529501314,0.0012842207164547315,0.0031585232316375667
4.9,0.008396093664039705,0.012727822966660751,0.012881989717570264,0.00939733333002124,0.0012824602029741783,0.003156159633337152
4.902,0.008392285937848243,0.012722525094156056,0.012881131235397136,0.009396704173015635,0.0012807021029377363,0.0031537978037736725
4.904,0.008388479938501892,0.012717229426457255,0.01288027280963866,0.00939607505848139,0.001278946413036719,0.0031514377416237416
4.906,0.008384675665217722,0.01271193596264708,0.012879414440291725,0.009395445986415618,0.0012771931299673245,0.00314907944556464
4.908,0.008380873117212806,0.012706644701808711,0.012878556127353002,0.009394816956815433,0.00127544225042997,0.0031467229142747577
4.91,0.008377072293704657,0.012701355643025769,0.012877697870819604,0.009394187969677947,0.0012736937711295138,0.003144368146433596
4.912,0.008373273193911235,0.012696068785382097,0.012876839670688423,0.009393559025000275,0.0012719476887759207,0.0031420151407213215
4.914,0.008369475817050942,0.012690784127961763,0.012875981526956348,0.00939293012277953,0.0012702040000829307,0.0031396638958194334
4.916,0.008365680162342182,0.012685501669849497,0.012875123439620051,0.009392301263012826,0.0012684627017693906,0.003137314410410319
4.918,0.008361886229004245,0.012680221410130477,0.012874265408676644,0.009391672445697274,0.0012667237905583661,0.003134966683177254
4.92,0.008358094016256201,0.012674943347889878,0.012873407434122797,0.00939104367082999,0.001264987263177364,0.0031326207128044015
4.922,0.008354303523317785,0.012669667482213542,0.012872549515955622,0.009390414938408087,0.0012632531163585536,0.003130276497977258
4.924,0.008350514749409177,0.012664393812187758,0.01287169165417179,0.009389786248428456,0.0012615213468383235,0.0031279340373819853
4.926,0.008346727693750555,0.012659122336899031,0.012870833848768193,0.009389157600888431,0.001259791951357725,0.003125593329705856
4.928,0.008342942355562988,0.012653853055434094,0.01286997609974172,0.009388528995785128,0.0012580649266624722,0.003123254373637252
4.93,0.00833915873406732,0.012648585966880344,0.012869118407089264,0.009387900433115437,0.0012563402695022763,0.0031209171678652226
4.932,0.008335376828485064,0.01264332107032562,0.012868260770807938,0.009387271912876693,0.0012546179766317334,0.0031185817110801484
4.934,0.008331596638038175,0.012638058364857763,0.012867403190894411,0.009386643435066011,0.0012528980448096583,0.0031162480019730765
4.936,0.008327818161948608,0.01263279784956528,0.012866545667345353,0.009386014999680281,0.0012511804707993068,0.0031139160392363863
4.938,0.008324041399438986,0.012627539523537124,0.012865688200157877,0.009385386606716839,0.0012494652513683757,0.003111585821563123
4.94,0.008320266349732153,0.012622283385862243,0.012864830789328874,0.009384758256172576,0.0012477523832890025,0.0031092573476472207
4.942,0.008316493012051396,0.012617029435630478,0.012863973434855236,0.009384129948044828,0.0012460418633379877,0.003106930616183945
4.944,0.008312721385620225,0.012611777671931668,0.012863116136733632,0.009383501682330486,0.0012443336882961287,0.00310460562586945
4.946,0.008308951469662818,0.012606528093856095,0.012862258894961176,0.009382873459026886,0.0012426278549488856,0.0031022823754007778
4.948,0.008305183263403126,0.012601280700494488,0.012861401709534537,0.009382245278130918,0.0012409243600861597,0.003099960863475859
4.95,0.008301416766065994,0.012596035490937796,0.012860544580450606,0.00938161713963992,0.001239223200502293,0.0030976410887937345
4.952,0.008297651976876264,0.012590792464277634,0.012859687507706496,0.00938098904355078,0.0012375243729958463,0.0030953230500543327
4.954,0.00829388889505922,0.01258555161960584,0.012858830491298878,0.009380360989860614,0.0012358278743695994,0.003093006745958693
4.956,0.008290127519840818,0.012580312956014694,0.012857973531224642,0.009379732978566757,0.001234133701431217,0.0030906921752087424
4.958,0.008286367850446785,0.012575076472596702,0.01285711662748068,0.0093791050096661,0.0012324418509923607,0.0030883793365072965
4.96,0.008282609886103742,0.012569842168445033,0.012856259780063883,0.009378477083155756,0.0012307523198693548,0.0030860682285582808
4.962,0.008278853626038307,0.012564610042652857,0.012855402988970921,0.00937784919903284,0.0012290651048825207,0.003083758850066509
4.964,0.008275099069477543,0.012559380094313788,0.012854546254198906,0.009377221357294685,0.0012273802028568426,0.0030814511997379057
4.966,0.008271346215648956,0.012554152322522105,0.012853689575744731,0.009376593557938184,0.0012256976106215234,0.0030791452762790605
4.968,0.008267595063780275,0.012548926726372311,0.012852832953605065,0.00937596580096045,0.001224017325009985,0.003076841078397674
4.97,0.008263845613099674,0.01254370330495913,0.01285197638777702,0.009375338086358598,0.0012223393428603124,0.003074538604802557
4.972,0.008260097862835769,0.012538482057377953,0.012851119878257267,0.009374710414129739,0.0012206636610148092,0.003072237854203408
4.974,0.0082563518122174,0.01253326298272417,0.012850263425042696,0.009374082784270987,0.0012189902763197757,0.003069938825311036
4.976,0.008252607460473627,0.012528046080094057,0.0128494070281302,0.009373455196779457,0.0012173191856263976,0.0030676415168366944
4.978,0.008248864806833955,0.012522831348583674,0.012848550687516669,0.00937282765165226,0.001215650385789635,0.0030653459274931905
4.98,0.008245123850528335,0.012517618787289964,0.012847694403198995,0.009372200148886511,0.0012139838736693331,0.0030630520559939978
4.982,0.008241384590786938,0.012512408395310093,0.012846838175174069,0.009371572688479324,0.001212319646129112,0.0030607599010537
4.984,0.0082376470268406,0.01250720017174145,0.012845982003438783,0.00937094527042781,0.0012106577000370322,0.0030584694613875474
4.986,0.008233911157919938,0.01250199411568187,0.012845125887989806,0.009370317894729085,0.0012089980322655958,0.003056180735712122
4.988,0.008230176983256454,0.012496790226229626,0.01284426982882425,0.009369690561380262,0.0012073406396915232,0.0030538937227448937
4.99,0.008226444502081653,0.01249158850248322,0.012843413825938788,0.009369063270378453,0.0012056855191959759,0.0030516084212039996
4.992,0.008222713713627705,0.012486388943541815,0.012842557879330307,0.009368436021720772,0.0012040326676638902,0.003049324829808686
4.994,0.008218984617126779,0.0124811915485048,0.012841701988995924,0.009367808815404333,0.0012023820819850872,0.0030470429472795324
4.996,0.00821525721181171,0.012475996316471782,0.012840846154932306,0.009367181651426026,0.001200733759053163,0.0030447627723375614
4.998,0.008211531496915336,0.012470803246542816,0.012839990377136346,0.009366554529783189,0.0011990876957663765,0.0030424843037049065
5.0,0.008207807471671158,0.012465612337818621,0.012839134655604711,0.009365927450472933,0.0011974438890269834,0.003040207540104589
5.002,0.008204085135312678,0.012460423589399916,0.012838278990334517,0.009365300413492372,0.0011958023357414582,0.003037932480260963
5.0040000000000004,0.008200364487074285,0.012455237000387864,0.012837423381322655,0.00936467341883862,0.0011941630328207165,0.003035659122898826
5.006,0.00819664552619015,0.012450052569884074,0.012836567828565792,0.00936404646650879,0.0011925259771796703,0.0030333874667443084
5.008,0.008192928251895104,0.012444870296990818,0.012835712332060822,0.009363419556499775,0.001190891165737673,0.003031117510524428
5.01,0.008189212663424428,0.012439690180810148,0.012834856891804858,0.009362792688808907,0.0011892585954182966,0.00302884925296687
5.0120000000000005,0.008185498760013399,0.012434512220444782,0.012834001507794568,0.009362165863433303,0.0011876282631491097,0.00302658269280065
5.014,0.008181786540897962,0.012429336414998104,0.012833146180026844,0.009361539080370074,0.0011860001658619002,0.0030243178287554517
5.016,0.008178076005314061,0.012424162763573277,0.012832290908498356,0.009360912339616112,0.0011843743004931184,0.003022054659562068
5.018,0.008174367152498307,0.012418991265274348,0.012831435693206217,0.009360285641168753,0.0011827506639827678,0.0030197931839521797
5.0200000000000005,0.008170659981687534,0.012413821919205592,0.012830580534147318,0.00935965898502511,0.0011811292532755147,0.0030175334006585786
5.022,0.008166954492119016,0.012408654724471502,0.012829725431318328,0.009359032371182074,0.001179510065320244,0.003015275308414722
5.024,0.008163250683030254,0.012403489680177016,0.01282887038471614,0.009358405799636982,0.0011778930970696155,0.003013018905955178
5.026,0.00815954855365919,0.012398326785427294,0.012828015394337866,0.009357779270386946,0.0011762783454807302,0.0030107641920154027
5.0280000000000005,0.00815584810324399,0.012393166039328385,0.012827160460180176,0.009357152783428857,0.0011746658075149075,0.003008511165331962
5.03,0.00815214933102304,0.012388007440986115,0.01282630558223996,0.009356526338760052,0.0011730554801374637,0.00300625982464231
5.032,0.008148452236235615,0.0123828509895072,0.01282545076051389,0.009355899936377643,0.0011714473603179343,0.0030040101686845677
5.034,0.008144756818120769,0.01237769668399813,0.012824595994999077,0.009355273576278522,0.0011698414450300731,0.0030017621961979657
5.0360000000000005,0.008141063075917998,0.012372544523566287,0.012823741285692414,0.009354647258460025,0.0011682377312518533,0.002999515905922845
5.038,0.008137371008867467,0.012367394507319274,0.012822886632590569,0.009354020982919264,0.0011666362159652444,0.0029972712966004345
5.04,0.008133680616209338,0.012362246634364915,0.012822032035690434,0.009353394749653132,0.001165036896156213,0.0029950283669728517
5.042,0.008129991897184441,0.012357100903811702,0.0128211774949889,0.009352768558658964,0.0011634397688153886,0.002992787115783102
5.0440000000000005,0.008126304851033606,0.012351957314768125,0.01282032301048286,0.00935214240993365,0.0011618448309369533,0.0029905475417750793
5.046,0.008122619476998105,0.012346815866343341,0.012819468582169202,0.009351516303474527,0.0011602520795193083,0.0029883096436937873
5.048,0.00811893577431988,0.01234167655764673,0.01281861421004482,0.009350890239278709,0.0011586615115652954,0.002986073420284896
5.05,0.008115253742240647,0.012336539387788115,0.012817759894106384,0.009350264217343085,0.0011570731240815313,0.0029838388702954077
5.0520000000000005,0.008111573380003012,0.01233140435587754,0.012816905634351006,0.009349638237664992,0.0011554869140790736,0.002981605992472991
5.054,0.008107894686849582,0.012326271461025717,0.012816051430775355,0.009349012300241322,0.0011539028785727545,0.0029793747855664243
5.056,0.008104217662023405,0.012321140702343358,0.012815197283376323,0.009348386405069409,0.0011523210145814033,0.0029771452483253746
5.058,0.008100542304767977,0.01231601207894184,0.012814343192150801,0.009347760552146367,0.001150741319128512,0.002974917379500175
5.0600000000000005,0.008096868614326791,0.012310885589932985,0.012813489157095681,0.009347134741469088,0.0011491637892411255,0.0029726911778424903
5.062,0.00809319658994423,0.012305761234428614,0.012812635178207632,0.009346508973034906,0.0011475884219505073,0.002970466642104652
5.064,0.008089526230864452,0.012300639011540992,0.012811781255483767,0.009345883246840936,0.0011460152142919178,0.00296824377103988
5.066,0.008085857536332286,0.012295518920383053,0.012810927388920756,0.009345257562884068,0.0011444441633048363,0.002966022563402726
5.0680000000000005,0.008082190505593001,0.012290400960067727,0.012810073578515713,0.009344631921161639,0.001142875266032961,0.0029638030179481856
5.07,0.008078525137891868,0.012285285129708612,0.012809219824265305,0.00934400632167054,0.0011413085195235428,0.002961585133432587
5.072,0.008074861432474822,0.012280171428419528,0.012808366126166204,0.009343380764408105,0.0011397439208282734,0.002959368908612925
5.074,0.008071199388587802,0.01227505985531474,0.012807512484215522,0.009342755249371448,0.0011381814670028412,0.0029571543422470814
5.0760000000000005,0.008067539005477409,0.012269950409508956,0.01280665889841015,0.009342129776557462,0.0011366211551067096,0.0029549414330940493
5.078,0.008063880282390468,0.012264843090116884,0.012805805368746759,0.00934150434596348,0.0011350629822037828,0.0029527301799139316
5.08,0.008060223218574247,0.01225973789625412,0.012804951895222239,0.009340878957586618,0.0011335069453617397,0.0029505205814672752
5.082,0.008056567813276017,0.01225463482703626,0.012804098477833481,0.009340253611423766,0.001131953041652256,0.0029483126365159595
5.0840000000000005,0.00805291406574371,0.012249533881579122,0.012803245116577378,0.009339628307472259,0.0011304012681510045,0.00294610634382253
5.086,0.008049261975225708,0.012244435058999414,0.01280239181145082,0.00933900304572921,0.0011288516219378764,0.002943901702150642
5.088,0.008045611540970388,0.012239338358413843,0.012801538562450698,0.009338377826191513,0.0011273041000965378,0.0029416987102646175
5.09,0.008041962762226573,0.012234243778939558,0.012800685369573683,0.009337752648856501,0.0011257586997146518,0.0029394973669301105
5.0920000000000005,0.008038315638243532,0.012229151319694154,0.012799832232816666,0.009337127513721288,0.0011242154178841002,0.0029372976709134413
5.094,0.008034670168270752,0.012224060979795448,0.012798979152176537,0.009336502420782766,0.0011226742517005395,0.002935099620981818
5.096,0.008031026351558168,0.012218972758361701,0.012798126127650189,0.00933587737003827,0.0011211351982638451,0.0029329032159033375
5.098,0.008027384187355935,0.012213886654511619,0.012797273159234512,0.009335252361484914,0.0011195982546776673,0.002930708454447206
5.1000000000000005,0.008023743674914652,0.012208802667364127,0.012796420246926399,0.00933462739511981,0.001118063418049653,0.002928515335383519
5.102,0.00802010481348514,0.01220372079603882,0.012795567390722518,0.00933400247093985,0.0011165306854912238,0.0029263238574830375
5.104,0.008016467602318889,0.012198641039655067,0.01279471459061976,0.009333377588942371,0.0011150000541182425,0.0029241340195178545
5.106,0.008012832040667384,0.01219356339733313,0.012793861846615018,0.009332752749124484,0.0011134715210501245,0.0029219458202607296
5.1080000000000005,0.008009198127782335,0.012188487868193487,0.012793009158705182,0.009332127951483304,0.0011119450834102818,0.0029197592584853105
5.11,0.008005565862916342,0.012183414451357066,0.012792156526887144,0.009331503196015944,0.0011104207383263454,0.002917574332966355
5.112,0.008001935245321778,0.012178343145945014,0.012791303951157573,0.009330878482719518,0.001108898482929499,0.0029153910424792873
5.114,0.007998306274251687,0.0121732739510787,0.012790451431513583,0.009330253811590916,0.0011073783143551452,0.0029132093858006414
5.1160000000000005,0.007994678948959333,0.01216820686588016,0.012789598967951843,0.009329629182627475,0.0011058602297426834,0.0029110293617078398
5.118,0.0079910532686982,0.012163141889471873,0.012788746560469244,0.009329004595826307,0.0011043442262350656,0.002908850968978971
5.12,0.007987429232722443,0.01215807902097632,0.012787894209062456,0.009328380051184526,0.0011028303009792406,0.002906674206393456
5.122,0.007983806840286434,0.012153018259516424,0.012787041913728592,0.009327755548699246,0.0011013184511263763,0.0029044990727313813
5.124,0.007980186090644548,0.012147959604215774,0.012786189674464321,0.00932713108836758,0.001099808673831415,0.0029023255667737224
5.126,0.007976566983051825,0.012142903054197962,0.012785337491266757,0.00932650667018664,0.001098300966253074,0.0029001536873025646
5.128,0.00797294951676375,0.01213784860858702,0.01278448536413257,0.009325882294153542,0.0010967953255538454,0.0028979834331006593
5.13,0.007969333691035807,0.01213279626650765,0.01278363329305865,0.009325257960265398,0.001095291748900662,0.002895814802951646
5.132,0.007965719505124147,0.012127746027084552,0.012782781278041666,0.009324633668519322,0.0010937902334637872,0.002893647795640275
5.134,0.00796210695828492,0.01212269788944309,0.012781929319078733,0.009324009418912427,0.0010922907764174816,0.002891482409952406
5.136,0.007958496049774944,0.012117651852708633,0.01278107741616652,0.009323385211441826,0.0010907933749400023,0.0028893186446743435
5.138,0.007954886778851034,0.012112607916007212,0.012780225569301917,0.009322761046104633,0.0010892980262133811,0.0028871564985935017
5.14,0.007951279144770673,0.012107566078465082,0.012779373778481817,0.009322136922897961,0.0010878047274236469,0.002884995970498183
5.142,0.007947673146791345,0.012102526339208941,0.012778522043703111,0.009321512841818924,0.001086313475760603,0.0028828370591775787
5.144,0.007944068784171199,0.01209748869736571,0.012777670364962468,0.009320888802864857,0.0010848242684178278,0.0028806797634217673
5.146,0.007940466056168605,0.012092453152062976,0.01277681874225678,0.009320264806032652,0.0010833371025928962,0.002878524082021938
5.148,0.007936864962042378,0.012087419702428326,0.012775967175582936,0.009319640851319422,0.001081851975487158,0.0028763700137699466
5.15,0.007933265501051334,0.012082388347590012,0.01277511566493783,0.00931901693872228,0.001080368884305738,0.002874217557458536
5.152,0.007929667672454954,0.012077359086676287,0.012774264210318353,0.00931839306823834,0.0010788878262575352,0.002872066711881782
5.154,0.00792607147551272,0.01207233191881607,0.012773412811721174,0.009317769239864937,0.001077408798555446,0.002869917475833983
5.156,0.007922476909484777,0.012067306843138725,0.012772561469143406,0.009317145453598963,0.001075931798416141,0.0028677698481107683
5.158,0.007918883973631496,0.012062283858773615,0.01277171018258172,0.00931652170943753,0.001074456823060288,0.0028656238275086565
5.16,0.007915292667213691,0.012057262964850768,0.012770858952033004,0.009315898007377976,0.0010729838697118854,0.002863479412825054
5.162,0.007911702989492175,0.012052244160500436,0.01277000777749393,0.00931527434741719,0.0010715129355991504,0.0028613366028582554
5.164,0.007908114939728428,0.012047227444853092,0.012769156658961611,0.00931465072955251,0.0010700440179538528,0.0028591953964072214
5.166,0.00790452851718415,0.012042212817040099,0.012768305596432716,0.009314027153780824,0.0010685771140117595,0.002857055792272023
5.168,0.00790094372112149,0.012037200276192594,0.012767454589904137,0.00931340362009947,0.0010671122210124118,0.0028549177892538413
5.17,0.00789736055080259,0.012032189821442163,0.012766603639372764,0.009312780128505338,0.001065649336199126,0.0028527813861543017
5.172,0.007893779005490265,0.012027181451921276,0.01276575274483549,0.009312156678995764,0.001064188456818771,0.0028506465817761395
5.174,0.007890199084447547,0.012022175166762183,0.012764901906288983,0.00931153327156764,0.0010627295801222125,0.0028485133749232006
5.176,0.007886620786937915,0.012017170965097579,0.012764051123730136,0.009310909906218301,0.0010612727033638691,0.0028463817643997746
5.178,0.007883044112225068,0.012012168846060822,0.012763200397155838,0.00931028658294486,0.001059817823802156,0.002844251749011484
5.18,0.00787946905957293,0.012007168808785273,0.012762349726562983,0.009309663301744209,0.0010583649386992633,0.0028421233275643942
5.182,0.007875895628245866,0.012002170852404959,0.01276149911194846,0.009309040062613683,0.0010569140453209336,0.0028399964988659043
5.184,0.007872323817508686,0.011997174976054126,0.01276064855330894,0.009308416865550395,0.0010554651409369065,0.0028378712617243007
5.186,0.007868753626626424,0.011992181178867245,0.012759798050641313,0.00930779371055146,0.0010540182228204742,0.002835747614948314
5.188,0.007865185054864332,0.011987189459979453,0.012758947603942472,0.009307170597613768,0.0010525732882487038,0.0028336255573477853
5.19,0.007861618101488332,0.011982199818526107,0.012758097213209307,0.009306547526734654,0.001051130334502437,0.0028315050877336656
5.192,0.007858052765764345,0.011977212253642788,0.012757246878438488,0.009305924497911233,0.0010496893588660683,0.002829386204917572
5.194,0.007854489046958735,0.011972226764465521,0.012756396599626907,0.009305301511140618,0.001048250358627989,0.0028272689077122326
5.196,0.007850926944338088,0.011967243350130774,0.012755546376771454,0.009304678566419922,0.001046813331080143,0.0028251531949308184
5.198,0.007847366457169658,0.01196226200977546,0.01275469620986902,0.009304055663746258,0.0010453782735182493,0.0028230390653878334
5.2,0.007843807584720697,0.01195728274253649,0.0127538460989165,0.00930343280311674,0.0010439451832415791,0.0028209265178984477
5.202,0.007840250326259124,0.011952305547551445,0.012752996043910558,0.009302809984528704,0.0010425140575534009,0.0028188155512787194
5.204,0.007836694681052636,0.011947330423958125,0.01275214604484809,0.00930218720797904,0.0010410848937605355,0.002816706164345817
5.206,0.007833140648369818,0.011942357370894774,0.012751296101725984,0.009301564473464863,0.0010396576891733567,0.0028145983559173526
5.208,0.007829588227479478,0.01193738638749986,0.012750446214541133,0.009300941780983285,0.0010382324411060129,0.0028124921248122714
5.21,0.007826037417650422,0.011932417472912515,0.012749596383290207,0.009300319130531642,0.0010368091468764273,0.002810387469850406
5.212,0.007822488218152124,0.011927450626271874,0.012748746607970096,0.009299696522106826,0.001035387803806298,0.0028082843898520338
5.214,0.007818940628254278,0.011922485846717512,0.012747896888577692,0.00929907395570595,0.0010339684092206536,0.0028061828836385416
5.216,0.007815394647226803,0.011917523133389452,0.012747047225109887,0.009298451431326349,0.0010325509604482974,0.002804082950032427
5.218,0.007811850274340282,0.011912562485428158,0.012746197617563348,0.009297828948964915,0.0010311354548218077,0.002801984587856632
5.22,0.0078083075088652976,0.011907603901974317,0.012745348065935191,0.009297206508618983,0.0010297218896775373,0.0027998877959354296
5.222,0.007804766350072878,0.01190264738216884,0.012744498570222085,0.009296584110285444,0.0010283102623551699,0.0027977925730937603
5.224,0.007801226797234273,0.011897692925153303,0.012743649130420698,0.009295961753961635,0.0010269005701983858,0.00279569891815723
5.226,0.007797688849621176,0.011892740530069501,0.012742799746528144,0.009295339439644668,0.001025492810553974,0.002793606829952777
5.228,0.007794152506505725,0.011887790196059456,0.012741950418541093,0.009294717167331434,0.0010240869807729425,0.0027915163073077842
5.23,0.007790617767160279,0.01188284192226563,0.012741101146456435,0.00929409493701927,0.0010226830782098517,0.0027894273490507437
5.232,0.0077870846308574215,0.011877895707830932,0.012740251930271063,0.00929347274870529,0.001021281100222371,0.0027873399540110366
5.234,0.007783553096870177,0.011872951551898714,0.012739402769981867,0.009292850602386604,0.0010198810441723882,0.002785254121018932
5.236,0.007780023164471794,0.011868009453612327,0.012738553665585517,0.009292228498060329,0.0010184829074251223,0.0027831698489053647
5.238,0.007776494832935965,0.01186306941211579,0.012737704617078904,0.009291606435723576,0.0010170866873493445,0.0027810871365023804
5.24,0.007772968101536826,0.011858131426553342,0.01273685562445892,0.00929098441537346,0.0010156923813178231,0.0027790059826429125
5.242,0.007769442969548512,0.011853195496069668,0.012736006687722456,0.009290362437007094,0.001014299986706435,0.002776926386160561
5.244,0.007765919436245827,0.011848261619809897,0.012735157806866182,0.00928974050062159,0.001012909500894832,0.0027748483458898132
5.246,0.007762397500903573,0.011843329796919155,0.012734308981886988,0.009289118606214064,0.00101152092126644,0.0027727718606662677
5.248,0.0077588771627972175,0.011838400026543239,0.012733460212781766,0.009288496753781628,0.0010101342452080164,0.0027706969293261885
5.25,0.00775535842120223,0.011833472307828163,0.012732611499547408,0.009287874943321617,0.001008749470109871,0.002768623550706728
5.252,0.007751841275394744,0.011828546639920168,0.012731762842180583,0.009287253174830923,0.00100736659336631,0.002766551723646149
5.2540000000000004,0.007748325724651117,0.011823623021966378,0.012730914240678182,0.009286631448306881,0.001005985612374749,0.002764481446983158
5.256,0.007744811768247706,0.0118187014531137,0.012730065695037096,0.009286009763746383,0.0010046065245363778,0.002762412719557572
5.258,0.0077412994054617545,0.011813781932509482,0.012729217205253995,0.009285388121146765,0.001003229327255939,0.0027603455402100963
5.26,0.007737788635570286,0.011808864459301738,0.012728368771325993,0.009284766520504917,0.001001854017941728,0.002758279907782324
5.2620000000000005,0.00773427945785099,0.011803949032638483,0.012727520393249758,0.009284144961818175,0.0010004805940055927,0.0027562158211165144
5.264,0.007730771871581776,0.0117990356516684,0.012726672071022183,0.009283523445083652,0.0009991090528629343,0.0027541532790560375
5.266,0.007727265876041001,0.011794124315540389,0.012725823804639935,0.00928290197029824,0.000997739391932706,0.002752092280445151
5.268,0.00772376147050724,0.011789215023403576,0.012724975594099908,0.009282280537459275,0.0009963716086374141,0.0027500328241287786
5.2700000000000005,0.007720258654259293,0.011784307774407754,0.012724127439398991,0.00928165914656387,0.0009950057004028956,0.0027479749089527328
5.272,0.007716757426576404,0.011779402567702713,0.012723279340534077,0.009281037797609137,0.000993641664658762,0.0027459185337637138
5.274,0.007713257786738259,0.01177449940243891,0.012722431297502057,0.009280416490592192,0.0009922794988379557,0.00274386369740931
5.276,0.007709759734024768,0.011769598277766802,0.0127215833102996,0.009279795225510146,0.0009909192003771938,0.0027418103987379983
5.2780000000000005,0.0077062632677160625,0.011764699192837513,0.012720735378923598,0.009279174002360113,0.000989560766716524,0.0027397586365991433
5.28,0.007702768387092718,0.01175980214680239,0.012719887503370941,0.00927855282113943,0.0009882041952995468,0.002737708409842776
5.282,0.007699275091435531,0.011754907138812998,0.0127190396836383,0.009277931681844986,0.0009868494835734154,0.002735659717320038
5.284,0.007695783380025745,0.011750014168021572,0.012718191919722566,0.009277310584473897,0.0009854966289886136,0.0027336125578827364
5.2860000000000005,0.007692293252145044,0.011745123233580568,0.01271734421162063,0.009276689529023496,0.0009841456289994,0.0027315669303837886
5.288,0.007688804707075114,0.011740234334642663,0.012716496559329382,0.009276068515490676,0.0009827964810631418,0.0027295228336767785
5.29,0.007685317744098086,0.01173534747036098,0.012715648962845494,0.009275447543872772,0.000981449182641203,0.002727480266616178
5.292,0.007681832362496532,0.011730462639889083,0.012714801422165856,0.009274826614166676,0.0009801037311978344,0.002725439228057125
5.2940000000000005,0.007678348561553472,0.011725579842380762,0.012713953937287359,0.009274205726369722,0.0009787601242012833,0.0027233997168560897
5.296,0.0076748663405517,0.011720699076990249,0.012713106508206895,0.009273584880479024,0.0009774183591229058,0.0027213617318699868
5.298,0.007671385698774902,0.011715820342871996,0.012712259134921133,0.009272964076491474,0.0009760784334376105,0.0027193252719566186
5.3,0.0076679066355069825,0.011710943639180904,0.012711411817426965,0.009272343314404408,0.000974740344624081,0.002717290335974898
5.3020000000000005,0.0076644291500318484,0.011706068965072092,0.012710564555721282,0.009271722594214937,0.0009734040901638874,0.0027152569227841816
5.304,0.007660953241634072,0.011701196319701346,0.012709717349800753,0.009271101915920177,0.0009720696675425966,0.002713225031245159
5.306,0.0076574789095984475,0.011696325702224675,0.01270887019966227,0.00927048127951724,0.0009707370742488841,0.002711194660219185
5.308,0.007654006153209991,0.011691457111798087,0.012708023105302724,0.009269860685003461,0.0009694063077749782,0.0027091658085682813
5.3100000000000005,0.007650534971754164,0.01168659054757848,0.012707176066719006,0.009269240132375733,0.0009680773656166597,0.0027071384751555794
5.312,0.00764706536451687,0.011681726008722748,0.012706329083907786,0.009268619621631169,0.0009667502452728183,0.002705112658844877
5.314,0.007643597330784013,0.011676863494388234,0.012705482156865955,0.009267999152767104,0.0009654249442461182,0.0027030883585008603
5.316,0.0076401308698419435,0.0116720030037325,0.012704635285590404,0.009267378725780429,0.0009641014600425546,0.002701065572989103
5.3180000000000005,0.007636665980977453,0.011667144535913776,0.012703788470078026,0.00926675834066848,0.000962779790171453,0.002699044301176068
5.32,0.007633202663477778,0.01166228809009029,0.012702941710325488,0.009266137997428148,0.0009614599321454698,0.002697024541928883
5.322,0.007629740916629935,0.011657433665420935,0.012702095006329683,0.009265517696056769,0.000960141883480814,0.002695006294115787
5.324,0.007626280739721825,0.01165258126106461,0.012701248358087502,0.009264897436551456,0.0009588256416972474,0.002692989556605685
5.3260000000000005,0.0076228221320415734,0.011647730876180873,0.012700401765595615,0.009264277218909323,0.0009575112043176404,0.0026909743282683696
5.328,0.007619365092877306,0.01164288250992973,0.012699555228850912,0.009263657043127482,0.000956198568868416,0.002688960607974522
5.33,0.0076159096215178135,0.011638036161470966,0.012698708747850285,0.009263036909203048,0.0009548877328793282,0.0026869483945957118
5.332,0.007612455717251887,0.01163319182996525,0.012697862322590403,0.009262416817133134,0.0009535786938836832,0.002684937687004174
5.3340000000000005,0.007609003379368984,0.011628349514573477,0.012697015953068158,0.009261796766914854,0.0009522714494178963,0.0026829284840730327
5.336,0.007605552607158783,0.011623509214456762,0.012696169639280441,0.00926117675854532,0.0009509659970219353,0.0026809207846765215
5.338,0.0076021033999111864,0.011618670928776664,0.012695323381224144,0.009260556792021868,0.0009496623342390986,0.0026789145876893183
5.34,0.007598655756916317,0.011613834656694966,0.012694477178895935,0.00925993686734139,0.0009483604586160155,0.0026769098919872114
5.3420000000000005,0.007595209677464965,0.011609000397374114,0.012693631032292707,0.00925931698450122,0.0009470603677026457,0.002674906696446877
5.344,0.007591765160847919,0.011604168149976557,0.01269278494141135,0.009258697143498251,0.0009457620590525018,0.0026729049999454357
5.346,0.007588322206356413,0.011599337913665186,0.012691938906248756,0.009258077344329818,0.0009444655302222049,0.00267090480136134
5.348,0.007584880813282124,0.011594509687603338,0.012691092926801595,0.009257457586993034,0.000943170778771929,0.002668906099573709
5.3500000000000005,0.007581440980916954,0.01158968347095457,0.012690247003066757,0.009256837871485013,0.0009418778022651786,0.0026669088934623275
5.352,0.007578002708553022,0.011584859262882885,0.012689401135040912,0.009256218197802868,0.0009405865982685668,0.0026649131819078686
5.354,0.007574565995482896,0.011580037062552728,0.012688555322720951,0.009255598565943712,0.0009392971643524817,0.002662918963792116
5.356,0.007571130840999363,0.011575216869128546,0.012687709566103766,0.00925497897590466,0.0009380094980901976,0.0026609262379972964
5.3580000000000005,0.007567697244395433,0.011570398681775451,0.012686863865186249,0.009254359427682823,0.0009367235970583199,0.0026589350034067483
5.36,0.007564265204964782,0.011565582499659,0.012686018219965067,0.009253739921275317,0.0009354394588372283,0.002656945258904697
5.362,0.007560834722001308,0.011560768321944748,0.012685172630437114,0.009253120456679476,0.0009341570810101896,0.002654957003375813
5.364,0.00755740579479891,0.011555956147798696,0.01268432709659928,0.009252501033892191,0.0009328764611638007,0.002652970235706098
5.3660000000000005,0.007553978422652152,0.01155114597638729,0.012683481618448234,0.009251881652910798,0.0009315975968884338,0.0026509849547819986
5.368,0.00755055260485582,0.011546337806877194,0.01268263619598109,0.00925126231373219,0.0009303204857771252,0.002649001159491071
5.37,0.007547128340704923,0.011541531638435742,0.012681790829194295,0.009250643016353699,0.0009290451254266863,0.0026470188487215385
5.372,0.007543705629494912,0.011536727470230268,0.012680945518084963,0.009250023760772441,0.0009277715134368147,0.0026450380213625113
5.3740000000000006,0.007540284470521685,0.011531925301428547,0.012680100262649763,0.009249404546985529,0.0009264996474109832,0.0026430586763037667
5.376,0.0075368648630809165,0.011527125131198579,0.012679255062885586,0.009248785374990076,0.0009252295249555509,0.0026410808124361917
5.378,0.007533446806469168,0.011522326958709028,0.012678409918789324,0.009248166244783196,0.0009239611436804296,0.00263910442865134
5.38,0.007530030299983226,0.01151753078312856,0.012677564830357646,0.009247547156362002,0.0009226945011986398,0.0026371295238416526
5.382,0.0075266153429198734,0.011512736603626506,0.012676719797587443,0.009246928109723829,0.0009214295951263107,0.0026351560969004595
5.384,0.007523201934576562,0.011507944419372418,0.012675874820475608,0.009246309104865569,0.0009201664230833462,0.0026331841467217565
5.386,0.007519790074250965,0.011503154229536072,0.012675029899018808,0.009245690141784557,0.0009189049826925366,0.0026312136722004276
5.388,0.007516379761240977,0.011498366033287688,0.012674185033213936,0.009245071220477685,0.0009176452715797812,0.002629244672232245
5.39,0.007512970994844936,0.011493579829797707,0.012673340223057883,0.009244452340942289,0.0009163872873747536,0.002627277145713647
5.392,0.007509563774361405,0.011488795618237235,0.012672495468547318,0.00924383350317548,0.0009151310277100144,0.002625311091542182
5.394,0.007506158099089166,0.011484013397777382,0.012671650769679133,0.009243214707174374,0.0009138764902212326,0.0026233465086160646
5.396,0.007502753968327669,0.011479233167589697,0.012670806126450218,0.009242595952936083,0.00091262367254763,0.002621383395834176
5.398,0.007499351381376362,0.011474454926846178,0.012669961538857244,0.009241977240457722,0.0009113725723317589,0.002619421752096507
5.4,0.007495950337534918,0.011469678674719264,0.012669117006897102,0.009241358569736402,0.0009101231872190585,0.0026174615763037146
5.402,0.007492550836103895,0.011464904410381394,0.012668272530566682,0.009240739940769238,0.0009088755148582983,0.0026155028673571223
5.404,0.007489152876383409,0.011460132133005452,0.012667428109862877,0.009240121353553565,0.0009076295529015788,0.0026135456241591637
5.406,0.007485756457674464,0.011455361841764988,0.012666583744782356,0.009239502808086275,0.0009063852990041088,0.0026115898456131603
5.408,0.007482361579278285,0.011450593535833553,0.01266573943532201,0.009238884304364703,0.000905142750824206,0.002609635530622878
5.41,0.00747896824049632,0.01144582721438514,0.012664895181478508,0.009238265842385962,0.0009039019060237408,0.0026076826780931928
5.412,0.007475576440630238,0.011441062876593966,0.012664050983248742,0.009237647422147166,0.0009026627622676919,0.0026057312869296467
5.414,0.007472186178982154,0.011436300521634912,0.012663206840629604,0.009237029043645428,0.000901425317223925,0.0026037813560386702
5.416,0.007468797454854403,0.011431540148682862,0.012662362753617984,0.009236410706877862,0.0009001895685638583,0.0026018328843275818
5.418,0.007465410267549766,0.01142678175691314,0.012661518722210552,0.009235792411841581,0.0008989555139617966,0.002599885870704366
5.42,0.007462024616371243,0.01142202534550174,0.012660674746404199,0.009235174158533699,0.0008977231510955974,0.0025979403140778956
5.422,0.00745864050062206,0.011417270913624433,0.012659830826195595,0.009234555946951328,0.0008964924776460048,0.0025959962133579317
5.424,0.007455257919606106,0.011412518460457655,0.01265898696158163,0.009233937777091805,0.0008952634912970936,0.0025940535674549015
5.426,0.007451876872627272,0.011407767985178285,0.012658143152559198,0.009233319648952243,0.0008940361897360471,0.00259211237528012
5.428,0.007448497358989892,0.011403019486963428,0.012657299399125188,0.009232701562529533,0.0008928105706531575,0.002590172635745791
5.43,0.007445119377998521,0.011398272964990408,0.01265645570127627,0.00923208351782101,0.0008915866317420473,0.002588234347765006
5.432,0.007441742928958162,0.011393528418436993,0.012655612059009336,0.009231465514823789,0.000890364370699448,0.002586297510251301
5.434,0.007438368011174035,0.011388785846481175,0.012654768472321054,0.009230847553534982,0.0008891437852251993,0.0025843621221193214
5.436,0.007434994623951585,0.01138404524830161,0.012653924941208539,0.009230229633951703,0.00088792487302225,0.002582428182284602
5.438,0.007431622766596924,0.011379306623076957,0.012653081465668459,0.009229611756071066,0.0008867076317966571,0.0025804956896631204
5.44,0.007428252438415939,0.011374569969986537,0.012652238045697484,0.009228993919890405,0.0008854920592578086,0.0025785646431719655
5.442,0.007424883638715407,0.011369835288209673,0.012651394681292505,0.009228376125406612,0.0008842781531182009,0.002576635041729114
5.444,0.0074215163668018835,0.011365102576926134,0.012650551372450414,0.009227758372617023,0.0008830659110934391,0.0025747068842529863
5.446,0.007418150621982811,0.01136037183531613,0.012649708119168102,0.009227140661518751,0.000881855330902237,0.0025727801696631136
5.448,0.00741478640356541,0.011355643062560095,0.012648864921442238,0.00922652299210891,0.0008806464102661948,0.002570854896879915
5.45,0.007411423710857568,0.011350916257839128,0.012648021779269714,0.009225905364384612,0.0008794391469104657,0.0025689310648242536
5.452,0.007408062543167171,0.011346191420334106,0.012647178692647199,0.009225287778342972,0.0008782335385633111,0.002567008672418103
5.454,0.007404702899802773,0.011341468549226796,0.012646335661571584,0.009224670233981103,0.0008770295829556574,0.0025650877185841026
5.456,0.007401344780072927,0.011336747643698741,0.012645492686039761,0.009224052731296117,0.0008758272778217613,0.002563168202245558
5.458,0.007397988183286852,0.011332028702932373,0.012644649766048621,0.009223435270285352,0.0008746266208992104,0.0025612501223268858
5.46,0.0073946331087537676,0.011327311726110345,0.012643806901594834,0.009222817850945697,0.0008734276099284788,0.0025593334777533894
5.462,0.007391279555783337,0.011322596712415312,0.01264296409267529,0.009222200473274489,0.0008722302426531492,0.002557418267450595
5.464,0.007387927523685445,0.011317883661030592,0.01264212133928666,0.00922158313726884,0.000871034516819913,0.0025555044903455837
5.466,0.007384577011770421,0.011313172571139729,0.012641278641425835,0.009220965842925866,0.00086984043017857,0.0025535921453656574
5.468,0.007381228019348818,0.011308463441926708,0.012640435999089705,0.009220348590242677,0.0008686479804820291,0.002551681231439007
5.47,0.00737788054573163,0.011303756272575516,0.012639593412274941,0.00921973137921639,0.0008674571654863072,0.0025497717474949333
5.472,0.007374534590230075,0.011299051062271026,0.012638750880978433,0.009219114209844115,0.0008662679829503084,0.0025478636924631815
5.474,0.007371190152155593,0.011294347810197891,0.012637908405197074,0.009218497082122967,0.0008650804306360449,0.0025459570652746066
5.476,0.007367847230819846,0.011289646515541651,0.012637065984927531,0.009217879996050282,0.0008638945063088599,0.00254405186486073
5.478,0.007364505825535161,0.011284947177487625,0.012636223620166698,0.009217262951623173,0.000862710207736983,0.0025421480901537397
5.48,0.007361165935614089,0.01128024979522202,0.012635381310911464,0.009216645948838531,0.0008615275326917526,0.0025402457400867107
5.482,0.007357827560369179,0.011275554367930818,0.0126345390571585,0.009216028987693692,0.0008603464789473936,0.002538344813593829
5.484,0.007354490699113647,0.011270860894800894,0.012633696858904697,0.009215412068185769,0.0008591670442814614,0.002536445309609503
5.486,0.00735115535116071,0.01126616937501912,0.012632854716146946,0.009214795190312097,0.0008579892264741762,0.0025345472270694724
5.488,0.007347821515824249,0.01126147980777259,0.012632012628881917,0.009214178354069569,0.0008568130233093108,0.002532650564909922
5.49,0.007344489192418147,0.011256792192249288,0.0126311705971065,0.009213561559455297,0.0008556384325730804,0.0025307553220679235
5.492,0.007341158380256951,0.011252106527636974,0.012630328620817366,0.009212944806466616,0.000854465452055253,0.0025288614974814383
5.494,0.007337829078655211,0.011247422813123853,0.012629486700011405,0.009212328095100641,0.0008532940795484834,0.002526969090089093
5.496,0.007334501286927697,0.011242741047898575,0.01262864483468551,0.009211711425354485,0.0008521243128480904,0.00252507809883018
5.498,0.007331175004389845,0.011238061231150231,0.01262780302483657,0.009211094797225261,0.0008509561497529461,0.0025231885226453254
5.5,0.007327850230357091,0.011233383362068139,0.012626961270461257,0.009210478210710082,0.0008497895880648088,0.002521300360475376
5.502,0.007324526964145317,0.011228707439841834,0.012626119571556238,0.009209861665806063,0.0008486246255881014,0.002519413611262289
5.5040000000000004,0.0073212052050708465,0.01122403346366152,0.012625277928118628,0.009209245162510316,0.0008474612601307996,0.002517528273948688
5.506,0.0073178849524500045,0.0112193614327174,0.012624436340145095,0.009208628700820176,0.0008462994895033216,0.0025156443474778634
5.508,0.007314566205599782,0.011214691346200123,0.01262359480763231,0.009208012280732536,0.0008451393115194161,0.0025137618307942144
5.51,0.007311248963837169,0.011210023203300556,0.012622753330577163,0.00920739590224473,0.0008439807239959407,0.0025118807228428075
5.5120000000000005,0.0073079332264796015,0.011205357003210237,0.012621911908976546,0.009206779565353873,0.0008428237247524173,0.0025100010225693747
5.514,0.007304618992844958,0.0112006927451207,0.01262107054282735,0.009206163270057077,0.0008416683116114765,0.0025081227289205366
5.516,0.007301306262251117,0.011196030428224146,0.012620229232126245,0.009205547016351456,0.0008405144823988575,0.0025062458408435795
5.518,0.007297995034016402,0.011191370051712557,0.012619387976870122,0.009204930804234346,0.0008393622349431862,0.0025043703572869003
5.5200000000000005,0.007294685307459581,0.011186711614779021,0.01261854677705565,0.009204314633702637,0.0008382115670759749,0.0025024962771993398
5.522,0.0072913770818996415,0.011182055116616185,0.012617705632679721,0.009203698504753666,0.0008370624766320667,0.002500623599530627
5.524,0.007288070356655796,0.011177400556417583,0.012616864543739226,0.009203082417384545,0.0008359149614487471,0.002498752323231379
5.526,0.007284765131047699,0.01117274793337697,0.012616023510230834,0.009202466371592388,0.0008347690193666324,0.0024968824472528794
5.5280000000000005,0.007281461404395229,0.011168097246688324,0.012615182532151437,0.009201850367374309,0.0008336246482292253,0.0024950139705470775
5.53,0.007278159176018484,0.011163448495545847,0.012614341609497925,0.00920123440472742,0.0008324818458829153,0.002493146892067033
5.532,0.00727485844523823,0.011158801679144403,0.01261350074226697,0.009200618483648837,0.0008313406101772003,0.0024912812107664717
5.534,0.007271559211375012,0.011154156796679082,0.012612659930455461,0.009200002604135893,0.0008302009389642429,0.0024894169255997856
5.5360000000000005,0.007268261473750259,0.011149513847344972,0.012611819174060068,0.00919938676618548,0.0008290628300993141,0.0024875540355220327
5.538,0.007264965231685183,0.011144872830338048,0.012610978473077683,0.009198770969794934,0.0008279262814407939,0.0024856925394893814
5.54,0.007261670484501437,0.011140233744854067,0.012610137827505197,0.009198155214961368,0.0008267912908497266,0.002483832436458666
5.542,0.00725837723152134,0.01113559659008967,0.012609297237339279,0.009197539501681895,0.000825657856190265,0.0024819737253876095
5.5440000000000005,0.007255085472067213,0.011130961365241276,0.01260845670257682,0.00919692382995363,0.0008245259753294487,0.0024801164052343783
5.546,0.0072517952054615975,0.011126328069505975,0.01260761622321449,0.009196308199773906,0.0008233956461372038,0.0024782604749580273
5.548,0.007248506431027479,0.011121696702081296,0.012606775799249181,0.009195692611139616,0.0008222668664863431,0.0024764059335187216
5.55,0.007245219148088289,0.01111706726216477,0.012605935430677784,0.009195077064048096,0.0008211396342525656,0.0024745527798770706
5.5520000000000005,0.007241933355967456,0.011112439748954595,0.01260509511749719,0.009194461558496458,0.0008200139473146795,0.0024727010129945715
5.554,0.007238649053988855,0.011107814161648966,0.012604254859704067,0.009193846094481595,0.000818889803554157,0.002470850631833388
5.556,0.007235366241476804,0.011103190499446747,0.012603414657295087,0.009193230672001063,0.0008177672008555792,0.0024690016353565714
5.558,0.007232084917755843,0.011098568761546801,0.01260257451026714,0.009192615291051753,0.0008166461371064138,0.002467154022528062
5.5600000000000005,0.0072288050821507355,0.011093948947148657,0.012601734418617117,0.00919199995163078,0.0008155266101970149,0.0024653077923122435
5.562,0.007225526733986687,0.011089331055451845,0.01260089438234191,0.00919138465373548,0.0008144086180204013,0.0024634629436746103
5.564,0.007222249872588904,0.01108471508565656,0.012600054401438188,0.009190769397362741,0.0008132921584727004,0.0024616194755811005
5.566,0.007218974497283259,0.011080101036963219,0.012599214475902842,0.009190154182509902,0.0008121772294527041,0.0024597773869987627
5.5680000000000005,0.007215700607395847,0.01107548890857224,0.012598374605732543,0.009189539009174075,0.0008110638288625349,0.0024579366768953115
5.57,0.007212428202252985,0.011070878699684927,0.01259753479092418,0.009188923877352595,0.000809951954606758,0.0024560973442393497
5.572,0.007209157281181211,0.011066270409502366,0.012596695031474425,0.009188308787042354,0.0008088416045930469,0.002454259387999924
5.574,0.00720588784350773,0.011061664037226526,0.012595855327380168,0.009187693738240466,0.0008077327767317399,0.00245242280714697
5.5760000000000005,0.007202619888559525,0.011057059582059381,0.0125950156786383,0.009187078730944265,0.000806625468936284,0.0024505876006513105
5.578,0.007199353415664245,0.011052457043203123,0.012594176085245712,0.009186463765150865,0.0008055196791227903,0.002448753767484435
5.58,0.007196088424149982,0.011047856419860613,0.012593336547199074,0.00918584884085738,0.000804415405210257,0.002446921306618721
5.582,0.007192824913344609,0.01104325771123471,0.012592497064495056,0.009185233958060923,0.0008033126451205685,0.0024450902170272126
5.5840000000000005,0.007189562882576883,0.01103866091652872,0.012591657637130549,0.009184619116758608,0.0008022113967784961,0.0024432604976838412
5.586,0.007186302331175343,0.01103406603494661,0.012590818265102444,0.00918400431694777,0.0008011116581116973,0.002441432147562983
5.588,0.0071830432584691906,0.01102947306569213,0.012589978948407632,0.009183389558625299,0.0008000134270507164,0.002439605165640124
5.59,0.007179785663787852,0.011024882007969694,0.012589139687042783,0.009182774841788532,0.0007989167015285403,0.002437779550891639
5.5920000000000005,0.007176529546460975,0.01102029286098416,0.012588300481004566,0.009182160166434583,0.0007978214794814864,0.002435955302294124
5.594,0.00717327490581865,0.011015705623940386,0.012587461330289873,0.009181545532560564,0.0007967277588483146,0.0024341324188255076
5.596,0.007170021741190968,0.011011120296043675,0.012586622234895595,0.009180930940163812,0.0007956355375708934,0.002432310899463941
5.598,0.0071667700519086885,0.011006536876499773,0.012585783194818623,0.009180316389241217,0.000794544813593534,0.0024304907431889067
5.6000000000000005,0.00716351983730279,0.011001955364514648,0.012584944210055626,0.009179701879790114,0.000793455584863878,0.002428671948980332
5.602,0.007160271096704474,0.010997375759294492,0.012584105280603275,0.009179087411807396,0.0007923678493322317,0.0024268545158188104
5.604,0.007157023829445164,0.01099279806004616,0.01258326640645846,0.009178472985290398,0.0007912816049513438,0.002425038442685823
5.606,0.007153778034856728,0.01098822226597651,0.012582427587618072,0.009177858600236233,0.0007901968496772938,0.0024232237285637392
5.6080000000000005,0.0071505337122712564,0.010983648376292843,0.012581588824079004,0.009177244256642236,0.0007891135814683814,0.002421410372435595
5.61,0.007147290861021283,0.010979076390202902,0.012580750115837924,0.0091766299545053,0.0007880317982862373,0.0024195983732850923
5.612,0.007144049480439563,0.010974506306914655,0.012579911462891502,0.009176015693822759,0.0007869514980951564,0.002417787730096821
5.614,0.0071408095698590746,0.010969938125636292,0.012579072865236629,0.009175401474591727,0.0007858726788618764,0.002415978441856037
5.6160000000000005,0.007137571128613018,0.010965371845576666,0.012578234322870196,0.009174787296809095,0.0007847953385564654,0.002414170507548885
5.618,0.00713433415603526,0.010960807465944633,0.012577395835789096,0.00917417316047242,0.0007837194751514343,0.0024123639261621754
5.62,0.007131098651459444,0.010956244985949493,0.012576557403989996,0.009173559065578596,0.0007826450866219581,0.0024105586966833847
5.622,0.007127864614220103,0.010951684404800766,0.012575719027469567,0.009172945012124734,0.0007815721709463208,0.0024087548181008778
5.6240000000000006,0.0071246320436517685,0.010947125721708417,0.0125748807062247,0.00917233100010817,0.0007805007261054708,0.0024069522894039075
5.626,0.007121400939089195,0.010942568935882857,0.012574042440252287,0.009171717029526016,0.0007794307500830211,0.002405151109582171
5.628,0.007118171299867582,0.010938014046534716,0.012573204229548995,0.009171103100375388,0.0007783622408654711,0.0024033512776262533
5.63,0.007114943125322348,0.010933461052874849,0.012572366074111718,0.009170489212653399,0.000777295196441985,0.002401552792527628
5.632,0.007111716414789138,0.010928909954114552,0.012571527973937346,0.00916987536635716,0.0007762296148043912,0.0023997556532782127
5.634,0.007108491167604036,0.010924360749465345,0.01257068992902255,0.00916926156148401,0.0007751654939474051,0.002397959858871035
5.636,0.007105267383103575,0.010919813438139192,0.012569851939364218,0.00916864779803106,0.0007741028318686283,0.0023961654082995665
5.638,0.007102045060624285,0.010915268019348279,0.012569014004959023,0.009168034075995202,0.0007730416265683271,0.0023943723005583895
5.64,0.00709882419950314,0.010910724492305235,0.012568176125803854,0.009167420395373771,0.0007719818760492103,0.00239258053464253
5.642,0.007095604799077337,0.010906182856222912,0.012567338301895381,0.009166806756164103,0.0007709235783170953,0.0023907901095479023
5.644,0.0070923868586845185,0.010901643110314607,0.012566500533230496,0.00916619315836309,0.0007698667313802421,0.002389001024271087
5.646,0.007089170377662546,0.010897105253793837,0.01256566281980609,0.009165579601968066,0.000768811333250019,0.0023872132778095523
5.648,0.007085955355349727,0.010892569285874565,0.012564825161618831,0.009164966086976145,0.0007677573819402372,0.0023854268691614333
5.65,0.007082741791084368,0.010888035205770974,0.012563987558665612,0.009164352613384219,0.0007667048754673722,0.002383641797325531
5.652,0.007079529684205221,0.01088350301269747,0.012563150010943103,0.009163739181189845,0.0007656538118507861,0.002381858061301312
5.654,0.007076319034051259,0.010878972705869128,0.012562312518448193,0.009163125790389914,0.0007646041891125055,0.0023800756600893536
5.656,0.0070731098399619,0.010874444284501017,0.012561475081177775,0.00916251244098154,0.0007635560052774437,0.0023782945926908994
5.658,0.0070699021012767815,0.010869917747808655,0.012560637699128518,0.00916189913296206,0.0007625092583727344,0.0023765148581076367
5.66,0.007066695817335988,0.01086539309500778,0.012559800372297314,0.009161285866328583,0.0007614639464286199,0.0023747364553423633
5.662,0.007063490987479604,0.010860870325314798,0.012558963100680831,0.009160672641078227,0.0007604200674782291,0.002372959383398321
5.664,0.007060287611048377,0.01085634943794589,0.012558125884275961,0.009160059457208103,0.0007593776195566893,0.0023711836412796394
5.666,0.007057085687383058,0.010851830432118126,0.012557288723079374,0.009159446314715547,0.0007583366007024583,0.002369409227991115
5.668,0.00705388521582484,0.010847313307048578,0.01255645161708796,0.009158833213597672,0.0007572970089564368,0.002367636142538432
5.67,0.007050686195715139,0.010842798061954761,0.012555614566298612,0.00915822015385137,0.0007562588423624117,0.0023658643839279403
5.672,0.007047488626395815,0.010838284696054412,0.012554777570707998,0.009157607135473977,0.0007552220989663905,0.002364093951166657
5.674,0.007044292507208727,0.010833773208565711,0.01255394063031301,0.009156994158462828,0.0007541867768174892,0.0023623248432624866
5.676,0.007041097837496402,0.010829263598707062,0.012553103745110317,0.009156381222814813,0.0007531528739674886,0.002360557059224
5.678,0.007037904616601365,0.01082475586569731,0.01255226691509681,0.00915576832852727,0.0007521203884706118,0.002358790598060434
5.68,0.007034712843866586,0.010820250008755528,0.012551430140269382,0.009155155475597088,0.0007510893183837464,0.002357025458781914
5.682,0.007031522518635258,0.010815746027101225,0.0125505934206247,0.009154542664021603,0.0007500596617666666,0.002355261640399231
5.684,0.007028333640251017,0.010811243919953917,0.012549756756159436,0.009153929893798152,0.0007490314166815892,0.0023534991419240647
5.686,0.00702514620805772,0.010806743686533782,0.01254892014687048,0.009153317164923624,0.0007480045811933955,0.0023517379623685386
5.688,0.007021960221399448,0.010802245326061222,0.012548083592754722,0.009152704477395135,0.0007469791533698533,0.0023499781007456644
5.69,0.007018775679620726,0.010797748837757082,0.012547247093808833,0.009152091831210019,0.000745955131281173,0.002348219556069342
5.692,0.007015592582066077,0.010793254220842208,0.012546410650029705,0.009151479226365389,0.0007449325130004514,0.0023464623273539154
5.694,0.007012410928080692,0.010788761474538111,0.012545574261414227,0.009150866662858359,0.0007439112966030059,0.0023447064136146167
5.696,0.007009230717009984,0.010784270598066303,0.012544737927959071,0.009150254140686265,0.0007428914801670405,0.0023429518138675665
5.698,0.0070060519481993655,0.010779781590648962,0.012543901649660905,0.009149641659845997,0.0007418730617734237,0.002341198527129329
5.7,0.007002874620994914,0.010775294451508488,0.012543065426516842,0.009149029220334892,0.0007408560395056885,0.002339446552417579
5.702,0.00699969873474271,0.010770809179867502,0.01254222925852333,0.009148416822150063,0.0007398404114500323,0.002337695888750213
5.704,0.006996524288789274,0.010766325774948848,0.012541393145677482,0.009147804465288623,0.0007388261756948733,0.0023359465351462383
5.706,0.006993351282481575,0.010761844235975815,0.012540557087975746,0.009147192149747685,0.000737813330331738,0.0023341984906253277
5.708,0.006990179715166578,0.010757364562172134,0.012539721085415234,0.009146579875524585,0.0007368018734545956,0.0023324517542078205
5.71,0.006987009586191695,0.010752886752761759,0.012538885137992617,0.009145967642616437,0.0007357918031598576,0.002330706324914944
5.712,0.00698384089490478,0.010748410806969089,0.012538049245704563,0.009145355451020354,0.0007347831175468222,0.002328962201768592
5.714,0.0069806736406536896,0.010743936724018521,0.012537213408547965,0.009144743300733449,0.0007337758147172302,0.0023272193837911015
5.716,0.0069775078227867215,0.010739464503135121,0.012536377626519712,0.009144131191752836,0.0007327698927754867,0.002325477870005921
5.718,0.006974343440652397,0.010734994143544174,0.012535541899616476,0.00914351912407585,0.0007317653498286614,0.002323737659437164
5.72,0.006971180493599682,0.010730525644470967,0.012534706227835146,0.009142907097699604,0.0007307621839860445,0.0023219987511093887
5.722,0.006968018980977764,0.010726059005141675,0.012533870611172393,0.009142295112621213,0.000729760393360035,0.0023202611440482634
5.724,0.006964858902136051,0.010721594224782471,0.012533035049625108,0.009141683168837789,0.0007287599760652519,0.0023185248372801226
5.726,0.006961700256424397,0.010717131302619753,0.012532199543190181,0.009141071266346446,0.0007277609302192012,0.0023167898298317446
5.728,0.006958543043192877,0.010712670237880362,0.012531364091864283,0.009140459405144519,0.0007267632539416091,0.0023150561207307963
5.73,0.00695538726179179,0.010708211029791581,0.012530528695644083,0.0091398475852289,0.0007257669453550886,0.0023133237090058323
5.732,0.006952232911571654,0.010703753677580918,0.012529693354526694,0.009139235806597146,0.0007247720025846949,0.0023115925936858517
5.734,0.0069490799918836554,0.010699298180476102,0.012528858068508564,0.009138624069246148,0.0007237784237579259,0.0023098627738007416
5.736,0.0069459285020787576,0.010694844537705306,0.012528022837586805,0.009138012373173021,0.000722786207005166,0.0023081342483812772
5.738,0.006942778441508812,0.010690392748497146,0.012527187661757866,0.0091374007183751,0.0007217953504592423,0.002306407016458456
5.74,0.006939629809525449,0.01068594281208024,0.01252635254101886,0.009136789104849496,0.0007208058522552019,0.0023046810770646076
5.742,0.006936482605480743,0.01068149472768365,0.012525517475366454,0.009136177532593326,0.0007198177105312009,0.0023029564292322835
5.744,0.00693333682872721,0.010677048494536878,0.012524682464797321,0.009135566001603701,0.0007188309234276158,0.0023012330719951457
5.746,0.006930192478617592,0.010672604111869655,0.01252384750930835,0.009134954511877957,0.0007178454890872654,0.002299511004387522
5.748,0.006927049554504627,0.01066816157891215,0.012523012608896433,0.009134343063412986,0.0007168614056558553,0.002297790225444185
5.75,0.006923908055741945,0.010663720894894535,0.01252217776355824,0.009133731656206123,0.0007158786712813114,0.0022960707342007947
5.752,0.0069207679816829515,0.010659282059047648,0.012521342973290439,0.009133120290254482,0.0007148972841144463,0.0022943525296936773
5.7540000000000004,0.006917629331681718,0.010654845070602548,0.012520508238090144,0.009132508965555397,0.0007139172423082929,0.0022926356109600476
5.756,0.006914492105092096,0.010650409928790516,0.012519673557953803,0.00913189768210576,0.0007129385440185487,0.0022909199770375643
5.758,0.006911356301268823,0.010645976632843057,0.012518838932878529,0.009131286439902908,0.0007119611874033538,0.0022892056269649963
5.76,0.006908221919566637,0.01064154518199234,0.012518004362860768,0.009130675238943953,0.0007109851706235126,0.0022874925597815565
5.7620000000000005,0.0069050889593405,0.010637115575470757,0.012517169847897636,0.00913006407922623,0.0007100104918422723,0.002285780774527124
5.764,0.0069019574199458145,0.0106326878125107,0.0125163353879858,0.009129452960746631,0.0007090371492255443,0.0022840702702424664
5.766,0.006898827300738208,0.010628261892345225,0.01251550098312193,0.009128841883502492,0.0007080651409414607,0.002282361045969017
5.768,0.00689569860107353,0.010623837814207615,0.012514666633302918,0.009128230847490926,0.000707094465160818,0.002280653100748875
5.7700000000000005,0.006892571320308072,0.01061941557733137,0.012513832338525654,0.009127619852709046,0.0007061251200568552,0.0022789464336248066
5.772,0.006889445457798349,0.010614995180950437,0.01251299809878681,0.009127008899153966,0.000705157103805476,0.0022772410436406876
5.774,0.006886321012901098,0.010610576624299206,0.012512163914083274,0.00912639798682302,0.0007041904145850264,0.002275536929840616
5.776,0.006883197984973499,0.010606159906612067,0.012511329784411718,0.009125787115713324,0.0007032250505762949,0.0022738340912695776
5.7780000000000005,0.006880076373372956,0.010601745027123632,0.01251049570976881,0.00912517628582199,0.0007022610099625126,0.002272132526973225
5.78,0.006876956177457094,0.010597331985069403,0.012509661690151663,0.009124565497146131,0.0007012982909295751,0.002270432235998099
5.782,0.006873837396583982,0.010592920779684656,0.012508827725556948,0.009123954749683083,0.0007003368916655983,0.0022687332173911834
5.784,0.006870720030111688,0.010588511410205337,0.012507993815981333,0.009123344043429737,0.0006993768103615849,0.0022670354702005735
5.7860000000000005,0.006867604077398948,0.010584103875867612,0.01250715996142171,0.00912273337838343,0.000698418045210536,0.002265338993474586
5.788,0.006864489537804497,0.01057969817590787,0.012506326161874748,0.009122122754541273,0.000697460594408339,0.002263643786262648
5.79,0.006861376410687514,0.010575294309562722,0.012505492417337338,0.009121512171900603,0.000696504456153102,0.0022619498476146305
5.792,0.006858264695407401,0.010570892276069443,0.012504658727806373,0.009120901630458533,0.0006955496286455976,0.002260257176581515
5.7940000000000005,0.006855154391324003,0.010566492074665312,0.01250382509327852,0.009120291130211955,0.0006945961100888187,0.0022585657722145047
5.796,0.006852045497797166,0.01056209370458805,0.01250299151375045,0.009119680671158426,0.000693643898688423,0.0022568756335656914
5.798,0.006848938014187178,0.010557697165075597,0.012502157989219276,0.009119070253294836,0.0006926929926525105,0.002255186759688055
5.8,0.006845831939854774,0.010553302455366564,0.012501324519681445,0.009118459876618301,0.0006917433901916237,0.0022534991496350187
5.8020000000000005,0.006842727274160687,0.010548909574699339,0.012500491105133849,0.009117849541126155,0.0006907950895185255,0.002251812802460895
5.804,0.006839624016466317,0.010544518522312973,0.012499657745573378,0.009117239246815512,0.0006898480888488656,0.0022501277172206624
5.806,0.006836522166132841,0.010540129297446743,0.012498824440996703,0.009116628993683706,0.0006889023864002919,0.0022484438929699646
5.808,0.006833421722522104,0.010535741899340367,0.012497991191400715,0.00911601878172763,0.0006879579803933389,0.0022467613287651123
5.8100000000000005,0.006830322684996171,0.010531356327233787,0.012497157996782304,0.00911540861094462,0.0006870148690505395,0.002245080023663082
5.812,0.0068272250529173295,0.010526972580367167,0.01249632485713792,0.009114798481331787,0.0006860730505970913,0.0022433999767219603
5.814,0.006824128825648312,0.010522590657981112,0.012495491772464673,0.009114188392886247,0.0006851325232606342,0.0022417211870000564
5.816,0.006821034002551851,0.010518210559316454,0.012494658742759235,0.009113578345605333,0.0006841932852712507,0.002240043653556567
5.8180000000000005,0.006817940582991344,0.010513832283614466,0.012493825768018274,0.009112968339485938,0.0006832553348614656,0.0022383673754513556
5.82,0.006814848566330189,0.010509455830116421,0.012492992848238682,0.009112358374525398,0.0006823186702660244,0.002236692351744951
5.822,0.006811757951932007,0.010505081198064481,0.01249215998341735,0.009111748450720825,0.0006813832897223371,0.002235018581498771
5.824,0.006808668739161083,0.010500708386700586,0.012491327173550948,0.009111138568069554,0.000680449191470256,0.002233346063774899
5.8260000000000005,0.006805580927381483,0.010496337395267119,0.012490494418636144,0.009110528726568479,0.0006795163737516319,0.002231674797635863
5.828,0.006802494515958157,0.010491968223006909,0.012489661718670053,0.009109918926214933,0.0006785848348112022,0.0022300047821453006
5.83,0.006799409504255838,0.010487600869163227,0.012488829073649121,0.009109309167006252,0.0006776545728959249,0.002228336016367072
5.832,0.0067963258916396985,0.010483235332979124,0.01248799648357024,0.009108699448939328,0.0006767255862552002,0.0022266684993661467
5.8340000000000005,0.006793243677475358,0.010478871613698537,0.012487163948430302,0.009108089772011496,0.0006757978731406489,0.002225002230208162
5.836,0.006790162861128657,0.010474509710565405,0.012486331468225975,0.00910748013621987,0.0006748714318065563,0.0022233372079589753
5.838,0.006787083441965436,0.01047014962282411,0.012485499042954151,0.009106870541561563,0.0006739462605092061,0.002221673431685778
5.84,0.0067840054193522015,0.010465791349719478,0.0124846666726115,0.009106260988033688,0.0006730223575077687,0.002220010900455982
5.8420000000000005,0.006780928792655683,0.010461434890496335,0.012483834357194912,0.00910565147563358,0.0006720997210636348,0.002218349613338111
5.844,0.006777853561242608,0.010457080244399952,0.012483002096701057,0.009105042004358355,0.0006711783494404155,0.0022166895694011313
5.846,0.006774779724480373,0.010452727410675822,0.012482169891126826,0.009104432574205124,0.0006702582409041646,0.0022150307677146763
5.848,0.006771707281736594,0.01044837638856988,0.01248133774046889,0.009103823185171,0.0006693393937233783,0.0022133732073490453
5.8500000000000005,0.0067686362323788885,0.010444027177328508,0.012480505644724138,0.009103213837253321,0.000668421806168773,0.0022117168873754256
5.852,0.006765566575775317,0.010439679776198085,0.012479673603889463,0.009102604530449199,0.00066750547651373,0.0022100618068654487
5.854,0.006762498311294385,0.01043533418442566,0.012478841617961312,0.009101995264755747,0.000666590403033851,0.0022084079648918564
5.856,0.006759431438304597,0.010430990401258278,0.012478009686936797,0.009101386040170079,0.0006656765840069578,0.0022067553605276125
5.8580000000000005,0.006756365956174903,0.01042664842594343,0.01247717781081259,0.00910077685668953,0.0006647640177135372,0.002205103992846791
5.86,0.006753301864274697,0.01042230825772883,0.012476345989585358,0.009100167714311214,0.0006638527024360741,0.0022034538609236876
5.862,0.00675023916197337,0.010417969895862633,0.012475514223251993,0.009099558613032244,0.000662942636459718,0.002201804963833709
5.864,0.006747177848640762,0.01041363333959322,0.012474682511809387,0.009098949552849733,0.0006620338180716168,0.0022001573006527053
5.8660000000000005,0.006744117923646931,0.010409298588169413,0.01247385085525421,0.009098340533761018,0.000661126245561583,0.0021985108704574152
5.868,0.00674105938636238,0.010404965640840036,0.012473019253583129,0.009097731555763211,0.0006602199172218715,0.0021968656723252433
5.87,0.006738002236157614,0.010400634496854577,0.012472187706793036,0.009097122618853426,0.0006593148313465136,0.0021952217053340384
5.872,0.00673494647240358,0.010396305155462748,0.012471356214880824,0.009096513723028776,0.0006584109862326493,0.0021935789685625373
5.8740000000000006,0.006731892094471448,0.010391977615914483,0.012470524777843162,0.009095904868286597,0.0006575083801789727,0.0021919374610903652
5.876,0.006728839101733053,0.010387651877460158,0.012469693395676718,0.009095296054624002,0.0006566070114870648,0.0021902971819973693
5.878,0.006725787493559787,0.010383327939350373,0.012468862068378384,0.009094687282038105,0.0006557068784607267,0.002188658130364285
5.88,0.006722737269323931,0.01037900580083595,0.012468030795945051,0.009094078550526241,0.0006548079794059802,0.0021870203052727355
5.882000000000001,0.006719688428397985,0.010374685461168154,0.012467199578373389,0.009093469860085523,0.0006539103126312895,0.0021853837058047887
5.884,0.006716640970154453,0.010370366919598473,0.01246636841566029,0.009092861210713066,0.0006530138764471172,0.0021837483310431782
5.886,0.006713594893966279,0.010366050175378838,0.012465537307802421,0.009092252602405981,0.0006521186691665903,0.002182114180071526
5.888,0.006710550199206633,0.010361735227761182,0.012464706254796676,0.009091644035161384,0.0006512246891050566,0.00218048125197412
5.89,0.006707506885249126,0.010357422075998324,0.012463875256639723,0.009091035508976608,0.000650331934580306,0.0021788495458359147
5.892,0.0067044649514675925,0.010353110719342862,0.012463044313328231,0.009090427023848768,0.0006494404039121271,0.002177219060742308
5.894,0.006701424397235867,0.010348801157047838,0.012462213424859314,0.0090898185797752,0.0006485500954227508,0.0021755897957795867
5.896,0.006698385221928671,0.010344493388366738,0.01246138259122942,0.009089210176752793,0.0006476610074366285,0.002173961750034703
5.898,0.006695347424920284,0.01034018741255327,0.012460551812435439,0.009088601814778885,0.0006467731382806541,0.002172334922595276
5.9,0.0066923110055858714,0.010335883228861364,0.012459721088474263,0.009087993493850588,0.000645886486284164,0.0021707093125498123
5.902,0.0066892759633006005,0.010331580836545395,0.012458890419342561,0.009087385213965238,0.000645001049778493,0.002169084918987041
5.904,0.006686242297439859,0.010327280234859959,0.012458059805037225,0.009086776975119726,0.0006441168270971964,0.002167461740996801
5.906,0.006683210007379481,0.010322981423060096,0.012457229245554924,0.009086168777311388,0.0006432338165764939,0.002165839777669376
5.908,0.0066801790924955196,0.010318684400401068,0.01245639874089255,0.009085560620537558,0.0006423520165546037,0.002164219028095715
5.91,0.006677149552164474,0.01031438916613836,0.01245556829104677,0.00908495250479513,0.0006414714253719644,0.002162599491367656
5.912,0.006674121385762843,0.0103100957195279,0.012454737896014478,0.009084344430081437,0.0006405920413714572,0.0021609811665777023
5.914,0.00667109459266757,0.01030580405982584,0.012453907555792343,0.009083736396393594,0.0006397138628981835,0.002159364052818802
5.916,0.006668069172255597,0.010301514186288774,0.012453077270377255,0.009083128403728713,0.0006388368882996875,0.0021577481491847905
5.918,0.006665045123904756,0.010297226098173518,0.012452247039765885,0.00908252045208413,0.0006379611159255116,0.0021561334547699484
5.92,0.006662022446992655,0.01029293979473711,0.012451416863955123,0.00908191254145696,0.0006370865441274187,0.002154519968669444
5.922,0.006659001140897347,0.010288655275237035,0.012450586742941638,0.009081304671844315,0.0006362131712596142,0.002152907689979111
5.924,0.006655981204997108,0.010284372538930997,0.012449756676722323,0.009080696843243308,0.0006353409956787459,0.0021512966177954507
5.926,0.006652962638670434,0.010280091585077145,0.012448926665293847,0.009080089055651275,0.0006344700157432381,0.0021496867512156292
5.928,0.00664994544129649,0.010275812412933627,0.0124480967086531,0.00907948130906533,0.0006336002298141796,0.0021480780893372575
5.93,0.006646929612254215,0.01027153502175926,0.012447266806796753,0.009078873603482585,0.0006327316362546576,0.0021464706312590565
5.932,0.006643915150923219,0.010267259410812857,0.012446436959721696,0.009078265938900154,0.0006318642334299795,0.002144864376080191
5.934,0.006640902056683107,0.0102629855793539,0.0124456071674246,0.009077658315315373,0.0006309980197078957,0.0021432593229002705
5.936,0.006637890328913931,0.010258713526641872,0.012444777429902354,0.009077050732725356,0.0006301329934583766,0.002141655470820014
5.938,0.006634879966995966,0.010254443251936696,0.012443947747151629,0.009076443191127437,0.0006292691530533912,0.0021400528189405854
5.94,0.006631870970309706,0.01025017475449852,0.012443118119169316,0.009075835690518508,0.0006284064968673508,0.002138451366363814
5.942,0.006628863338236313,0.010245908033587936,0.012442288545952085,0.009075228230895904,0.0006275450232768875,0.002136851112192195
5.944,0.0066258570701565045,0.010241643088465757,0.012441459027496604,0.009074620812256962,0.0006266847306608536,0.002135252055528891
5.946,0.006622852165451887,0.01023737991839302,0.012440629563799988,0.009074013434598571,0.0006258256174000998,0.002133654195477952
5.948,0.0066198486235042875,0.010233118522631202,0.012439800154858682,0.009073406097918069,0.0006249676818779193,0.0021320575311438716
5.95,0.006616846443695534,0.010228858900442006,0.012438970800669802,0.009072798802212567,0.0006241109224800478,0.0021304620616318104
5.952,0.006613845625407899,0.010224601051087356,0.012438141501229794,0.00907219154747918,0.0006232553375939975,0.0021288677860475946
5.954,0.006610846168023876,0.010220344973829842,0.012437312256535549,0.009071584333715244,0.0006224009256095009,0.002127274703497939
5.956,0.006607848070926403,0.010216090667932054,0.012436483066583959,0.00907097716091787,0.0006215476849187329,0.002125682813090002
5.958,0.006604851333498418,0.010211838132657025,0.012435653931371693,0.009070370029084174,0.0006206956139160891,0.0021240921139316082
5.96,0.006601855955123526,0.01020758736726779,0.012434824850895643,0.00906976293821149,0.0006198447109981853,0.002122502605131249
5.962,0.0065988619351851074,0.010203338371028048,0.012433995825152477,0.00906915588829671,0.0006189949745636358,0.002120914285798303
5.964,0.006595869273067212,0.010199091143201722,0.012433166854139088,0.009068548879337168,0.0006181464030132755,0.002119327155042594
5.966,0.006592877968154109,0.010194845683053178,0.012432337937852145,0.009067941911330202,0.0006172989947501595,0.002117741211974833
5.968,0.006589888019830292,0.01019060198984656,0.012431509076288316,0.009067334984272701,0.0006164527481795634,0.002116156455706175
5.97,0.006586899427480475,0.0101863600628469,0.012430680269444716,0.009066728098162002,0.0006156076617089834,0.0021145728853484425
5.972,0.006583912190489816,0.010182119901319231,0.012429851517317791,0.00906612125299544,0.000614763733748136,0.0021129905000141225
5.974,0.006580926308243473,0.01017788150452903,0.012429022819904434,0.009065514448769907,0.0006139209627087361,0.002111409298816591
5.976,0.00657794178012705,0.010173644871741994,0.012428194177201535,0.009064907685482737,0.0006130793470049412,0.0021098292808696684
5.978,0.006574958605526593,0.010169410002224044,0.012427365589205763,0.009064300963131044,0.000612238885052907,0.0021082504452878403
5.98,0.006571976783828148,0.010165176895241768,0.012426537055913789,0.009063694281712165,0.0006113995752707879,0.0021066727911864813
5.982,0.006568996314418207,0.010160945550061529,0.012425708577322725,0.009063087641222989,0.0006105614160794026,0.0021050963176811877
5.984,0.006566017196683704,0.010156715965950358,0.012424880153429019,0.009062481041661075,0.0006097244059011242,0.002103521023888666
5.986,0.006563039430011353,0.010152488142175509,0.012424051784229562,0.009061874483023313,0.0006088885431609903,0.0021019469089260667
5.988,0.006560063013788531,0.010148262078004455,0.012423223469721245,0.009061267965306818,0.0006080538262860369,0.002100373971911429
5.99,0.00655708794740284,0.010144037772705117,0.012422395209900738,0.009060661488508925,0.0006072202537052984,0.0020988022119630134
5.992,0.006554114230241881,0.010139815225545856,0.012421567004764711,0.00906005505262697,0.0006063878238502518,0.0020972316281999692
5.994,0.006551141861693921,0.010135594435794815,0.012420738854310054,0.009059448657657843,0.0006055565351543724,0.0020956622197423336
5.996,0.006548170841147449,0.010131375402721021,0.012419910758533437,0.00905884230359888,0.0006047263860531338,0.002094093985710588
5.998,0.006545201167990955,0.010127158125593283,0.01241908271743175,0.009058235990447194,0.0006038973749842302,0.0020925269252256573
6.0,0.006542232841613593,0.010122942603681073,0.012418254731001888,0.009057629718200122,0.0006030695003877984,0.0020909610374095777
6.002,0.00653926586140452,0.01011872883625431,0.012417426799240516,0.009057023486854554,0.0006022427607057512,0.0020893963213848288
6.0040000000000004,0.006536300226753111,0.010114516822582686,0.012416598922144306,0.009056417296408048,0.0006014171543822222,0.0020878327762743343
6.006,0.0065333359370491895,0.010110306561936566,0.012415771099710149,0.009055811146857495,0.0006005926798635652,0.002086270401201906
6.008,0.006530372991682798,0.010106098053586532,0.012414943331934714,0.009055205038200231,0.0005997693355981326,0.0020847091952920227
6.01,0.006527411390044424,0.010101891296803611,0.012414115618814892,0.00905459897043337,0.0005989471200367191,0.002083149157669828
6.0120000000000005,0.006524451131524556,0.010097686290858832,0.012413287960347352,0.009053992943554023,0.0005981260316316739,0.0020815902874611325
6.014,0.006521492215514124,0.010093483035023665,0.012412460356528987,0.009053386957559306,0.0005973060688380105,0.0020800325837921907
6.016,0.006518534641404061,0.010089281528570027,0.012411632807356465,0.009052781012446554,0.0005964872301127411,0.0020784760457901452
6.018,0.006515578408585965,0.010085081770770055,0.012410805312826678,0.009052175108212879,0.000595669513914876,0.002076920672582583
6.0200000000000005,0.006512623516451654,0.010080883760896109,0.012409977872936295,0.009051569244855617,0.0005948529187054241,0.0020753664632979785
6.022,0.00650966996439295,0.010076687498220771,0.012409150487682208,0.009050963422371883,0.0005940374429478368,0.002073813417065251
6.024,0.006506717751802338,0.01007249298201729,0.012408323157061085,0.009050357640758788,0.0005932230851073417,0.002072261533013986
6.026,0.006503766878072081,0.010068300211558912,0.012407495881069597,0.009049751900013447,0.0005924098436513869,0.0020707108102746563
6.0280000000000005,0.006500817342595111,0.010064109186119108,0.012406668659704634,0.009049146200133196,0.0005915977170496411,0.0020691612479781796
6.03,0.006497869144764579,0.010059919904972014,0.012405841492963088,0.009048540541115146,0.0005907867037737713,0.0020676128452561393
6.032,0.0064949222839736365,0.010055732367391768,0.012405014380841628,0.009047934922956635,0.0005899768022976648,0.002066065601240785
6.034,0.006491976759616103,0.010051546572652725,0.012404187323337146,0.009047329345654553,0.0005891680110969855,0.002064519515065033
6.0360000000000005,0.0064890325710857955,0.010047362520029912,0.01240336032044631,0.009046723809206236,0.0005883603286498396,0.002062974585862465
6.038,0.006486089717776977,0.010043180208798352,0.012402533372165792,0.00904611831360902,0.0005875537534361097,0.0020614308127673286
6.04,0.006483148199084132,0.010038999638233514,0.01240170647849248,0.009045512858860016,0.000586748283937899,0.0020598881949145387
6.042,0.006480208014401967,0.010034820807611089,0.012400879639423046,0.00904490744495634,0.000585943918639531,0.0020583467314394532
6.0440000000000005,0.006477269163125632,0.01003064371620721,0.01240005285495438,0.009044302071895105,0.0005851406560273276,0.002056806421478319
6.046,0.0064743316446502774,0.010026468363298235,0.012399226125083374,0.009043696739673424,0.0005843384945896091,0.002055267264167826
6.048,0.006471395458371276,0.010022294748160743,0.012398399449806474,0.009043091448288632,0.0005835374328166942,0.0020537292586455536
6.05,0.006468460603684667,0.010018122870071533,0.012397572829120795,0.009042486197738064,0.0005827374692013443,0.0020521924040495243
6.0520000000000005,0.006465527079986488,0.010013952728307851,0.012396746263022784,0.009041880988018614,0.0005819386022378747,0.0020506566995184272
6.054,0.006462594886673223,0.010009784322147386,0.012395919751509554,0.009041275819127614,0.0005811408304230437,0.0020491221441916174
6.056,0.006459664023141576,0.010005617650868048,0.012395093294577553,0.00904067069106218,0.0005803441522553854,0.002047588737209338
6.058,0.006456734488788252,0.01000145271374775,0.012394266892223893,0.009040065603819647,0.0005795485662356548,0.002046056477712055
6.0600000000000005,0.006453806283010621,0.009997289510065066,0.012393440544445022,0.009039460557397128,0.0005787540708668271,0.002044525364841121
6.062,0.006450879405206056,0.009993128039098575,0.012392614251237832,0.009038855551791736,0.0005779606646536539,0.002042995397738556
6.064,0.00644795385477237,0.009988968300127521,0.012391788012599214,0.009038250587000807,0.0005771683461031074,0.002041466575546824
6.066,0.006445029631107602,0.009984810292431145,0.012390961828525837,0.009037645663021454,0.000576377113724158,0.002039938897409277
6.0680000000000005,0.006442106733610231,0.009980654015289137,0.01239013569901437,0.009037040779850791,0.0005755869660277746,0.0020384123624697104
6.07,0.006439185161678518,0.009976499467981403,0.012389309624061706,0.009036435937485932,0.0005747979015269244,0.0020368869698725867
6.072,0.006436264914711387,0.009972346649788077,0.012388483603664735,0.00903583113592421,0.0005740099187365733,0.002035362718763256
6.074,0.006433345992107986,0.009968195559989734,0.012387657637820126,0.009035226375162742,0.0005732230161741292,0.002033839608287513
6.0760000000000005,0.006430428393267684,0.009964046197867171,0.01238683172652455,0.00903462165519886,0.0005724371923585547,0.0020323176375915963
6.078,0.006427512117590295,0.00995989856270163,0.012386005869774896,0.00903401697602968,0.0005716524458110328,0.0020307968058226322
6.08,0.00642459716447541,0.009955752653774574,0.012385180067567836,0.009033412337652313,0.0005708687750547448,0.0020292771121284137
6.082,0.006421683533323508,0.00995160847036769,0.01238435431990026,0.009032807740063875,0.0005700861786148703,0.0020277585556571776
6.0840000000000005,0.006418771223535069,0.009947466011762884,0.012383528626768836,0.0090322031832617,0.0005693046550188097,0.002026241135558049
6.086,0.006415860234510795,0.009943325277242732,0.012382702988170458,0.009031598667242902,0.0005685242027957393,0.002024724850980597
6.088,0.0064129505656516095,0.009939186266089584,0.012381877404101793,0.009030994192004815,0.0005677448204770563,0.002023209701075057
6.09,0.00641004221635888,0.009935048977586458,0.012381051874559734,0.009030389757544555,0.000566966506595934,0.0020216956849925527
6.0920000000000005,0.006407135186034196,0.009930913411016817,0.01238022639954095,0.009029785363859233,0.000566189259687544,0.0020201828018844292
6.094,0.00640422947407937,0.009926779565663901,0.01237940097904211,0.009029181010946186,0.0005654130782895006,0.0020186710509026984
6.096,0.006401325079896436,0.009922647440811616,0.012378575613060105,0.009028576698802304,0.0005646379609409724,0.00201716043120026
6.098,0.006398422002887871,0.00991851703574409,0.012377750301591828,0.009027972427425146,0.0005638639061833484,0.00201565094193068
6.1000000000000005,0.006395520242456154,0.009914388349745673,0.012376925044633946,0.009027368196811603,0.0005630909125597938,0.0020141425822479686
6.102,0.006392619798004429,0.00991026138210116,0.01237609984218313,0.00902676400695901,0.0005623189786156946,0.002012635351306802
6.104,0.006389720668935617,0.009906136132095567,0.012375274694236271,0.00902615985786448,0.0005615481028984348,0.002011129248262522
6.106,0.006386822854653529,0.009902012599014132,0.012374449600790038,0.009025555749525349,0.0005607782839573972,0.0020096242722711377
6.1080000000000005,0.006383926354561531,0.009897890782142316,0.012373624561841323,0.009024951681938731,0.0005600095203437405,0.0020081204224891014
6.11,0.006381031168063878,0.009893770680766245,0.012372799577386795,0.009024347655101739,0.0005592418106106223,0.002006617698073754
6.112,0.006378137294564823,0.009889652294172047,0.012371974647423345,0.009023743669011708,0.0005584751533136423,0.0020051160981831018
6.114,0.006375244733468843,0.00988553562164629,0.012371149771947643,0.009023139723665752,0.0005577095470097326,0.0020036156219753742
6.1160000000000005,0.006372353484180637,0.00988142066247577,0.012370324950956357,0.009022535819060984,0.0005569449902582679,0.0020021162686099103
6.118,0.006369463546105569,0.0098773074159475,0.01236950018444638,0.00902193195519474,0.0005561814816203992,0.002000618037246271
6.12,0.006366574918648782,0.00987319588134894,0.012368675472414603,0.009021328132064133,0.0005554190196592756,0.001999120927044906
6.122,0.006363687601215862,0.009869086057967547,0.012367850814857695,0.009020724349666276,0.0005546576029400452,0.001997624937166931
6.1240000000000006,0.006360801593212839,0.009864977945091447,0.012367026211772325,0.009020120607998505,0.0005538972300298539,0.0019961300667739046
6.126,0.006357916894045745,0.009860871542008987,0.012366201663155385,0.009019516907057934,0.0005531378994978464,0.0019946363150280533
6.128,0.006355033503121055,0.009856766848008736,0.012365377169003544,0.009018913246841676,0.0005523796099149436,0.0019931436810922687
6.13,0.006352151419845686,0.009852663862379485,0.012364552729313694,0.009018309627347065,0.0005516223598540648,0.001991652164130109
6.132000000000001,0.006349270643626337,0.00984856258441047,0.012363728344082503,0.009017706048571217,0.0005508661478903498,0.0019901617633055757
6.134,0.006346391173870369,0.009844463013390925,0.012362904013306864,0.009017102510511243,0.0005501109726004927,0.0019886724777835596
6.136,0.006343513009985147,0.009840365148610752,0.012362079736983445,0.00901649901316448,0.000549356832563408,0.001987184306729617
6.138,0.006340636151378476,0.009836268989360075,0.012361255515109137,0.009015895556528042,0.0005486037263600085,0.001985697249309526
6.140000000000001,0.006337760597458608,0.009832174534929239,0.012360431347680612,0.009015292140599263,0.0005478516525729837,0.0019842113046899534
6.142,0.006334886347633573,0.009828081784608811,0.012359607234694536,0.009014688765375034,0.0005471006097870212,0.001982726472038232
6.144,0.006332013401312064,0.009823990737689803,0.012358783176147803,0.009014085430852914,0.0005463505965885851,0.0019812427505223607
6.146,0.006329141757903001,0.009819901393463226,0.012357959172037303,0.009013482137029794,0.0005456016115663598,0.00197976013931056
6.148,0.006326271416815521,0.009815813751220759,0.012357135222359483,0.009012878883903008,0.0005448536533110282,0.0019782786375721617
6.15,0.0063234023774589865,0.0098117278102543,0.012356311327111458,0.009012275671469672,0.0005441067204148275,0.0019767982444769405
6.152,0.006320534639242981,0.00980764356985575,0.012355487486289674,0.00901167249972712,0.0005433608114719934,0.001975318959195116
6.154,0.006317668201577309,0.009803561029317676,0.012354663699891244,0.009011069368672464,0.0005426159250789819,0.0019738407808977954
6.156,0.006314803063872221,0.009799480187932863,0.012353839967912617,0.00901046627830282,0.0005418720598340254,0.0019723637087565304
6.158,0.00631193922553841,0.009795401044994101,0.012353016290350682,0.009009863228615522,0.0005411292143373547,0.001970887741943761
6.16,0.006309076685986348,0.009791323599794843,0.012352192667202333,0.009009260219607684,0.000540387387190755,0.0019694128796321486
6.162,0.006306215444627172,0.009787247851628544,0.012351369098464238,0.009008657251276642,0.0005396465769984538,0.0019679391209952435
6.164,0.006303355500872021,0.009783173799789102,0.012350545584133066,0.009008054323619508,0.000538906782366233,0.0019664664652070396
6.166,0.006300496854132476,0.009779101443570637,0.012349722124205709,0.009007451436633396,0.0005381680019018731,0.001964994911442197
6.168,0.00629763950382034,0.009775030782267713,0.012348898718678836,0.00900684859031542,0.0005374302342149306,0.0019635244588762646
6.17,0.006294783449347641,0.009770961815175117,0.012348075367549338,0.009006245784662914,0.0005366934779171828,0.0019620551066850123
6.172,0.006291928690126625,0.009766894541587856,0.012347252070813886,0.009005643019673215,0.0005359577316221831,0.001960586854045099
6.174,0.0062890752255699844,0.009762828960801162,0.012346428828469369,0.009005040295343214,0.0005352229939452613,0.001959119700133627
6.176,0.006286223055090634,0.009758765072110709,0.012345605640512458,0.009004437611670246,0.0005344892635037457,0.0019576536441285874
6.178,0.006283372178101487,0.009754702874812615,0.012344782506940044,0.009003834968651647,0.000533756538916963,0.0019561886852081933
6.18,0.006280522594016125,0.009750642368203,0.012343959427748574,0.009003232366284308,0.000533024818805794,0.0019547248225515457
6.182,0.006277674302248126,0.009746583551578203,0.012343136402935162,0.009002629804565565,0.0005322941017933402,0.0019532620553381896
6.184,0.006274827302211294,0.009742526424235232,0.012342313432496477,0.009002027283492753,0.0005315643865044795,0.0019518003827485586
6.186,0.006271981593320097,0.009738470985471093,0.012341490516429188,0.009001424803062985,0.0005308356715660878,0.001950339803963308
6.188,0.006269137174988781,0.009734417234583237,0.012340667654730186,0.009000822363273375,0.0005301079556065957,0.0019488803181642034
6.19,0.006266294046632037,0.009730365170869337,0.012339844847396142,0.009000219964121259,0.0005293812372566542,0.0019474219245330104
6.192,0.006263452207664999,0.00972631479362751,0.012339022094423946,0.008999617605603749,0.0005286555151486905,0.001945964622252605
6.194,0.0062606116575028015,0.009722266102155874,0.012338199395810268,0.00899901528771796,0.0005279307879169082,0.001944508410506307
6.196,0.006257772395561023,0.009718219095752989,0.012337376751551776,0.008998413010461226,0.0005272070541975094,0.0019430532884781027
6.198,0.006254934421255465,0.009714173773717638,0.012336554161645363,0.008997810773830661,0.0005264843126284724,0.001941599255352422
6.2,0.006252097734002149,0.009710130135349049,0.012335731626087698,0.008997208577823379,0.0005257625618495521,0.0019401463103143612
6.202,0.00624926233321732,0.00970608817994667,0.012334909144875672,0.008996606422436715,0.0005250418005027235,0.001938694452549683
6.204,0.006246428218317668,0.009702047906810174,0.012334086718006176,0.008996004307667782,0.0005243220272315163,0.0019372436812448157
6.206,0.00624359538871988,0.009698009315239675,0.012333264345475659,0.008995402233513916,0.0005236032406814584,0.0019357939955868542
6.208,0.006240763843841091,0.009693972404535511,0.01233244202728101,0.00899480019997223,0.0005228854394998539,0.0019343453947633371
6.21,0.006237933583098654,0.00968993717399802,0.012331619763419122,0.008994198207039839,0.0005221686223357835,0.0019328978779622474
6.212,0.006235104605910369,0.009685903622928427,0.012330797553886663,0.008993596254714076,0.0005214527878403263,0.0019314514443726782
6.214,0.006232276911694035,0.009681871750627735,0.012329975398680304,0.008992994342992056,0.0005207379346663377,0.0019300060931837226
6.216,0.0062294504998676725,0.009677841556397393,0.012329153297796935,0.008992392471871113,0.0005200240614686713,0.001928561823585584
6.218,0.00622662536984997,0.009673813039539292,0.012328331251233449,0.00899179064134814,0.0005193111669039574,0.0019271186347689095
6.22,0.006223801521059391,0.009669786199355324,0.012327509258986513,0.008991188851420695,0.0005185992496303804,0.001925676525924791
6.222,0.006220978952915068,0.009665761035147824,0.012326687321052798,0.008990587102085668,0.0005178883083083452,0.001924235496245208
6.224,0.0062181576648359105,0.009661737546219573,0.012325865437428973,0.008989985393340394,0.000517178341599811,0.0019227955449225842
6.226,0.006215337656241715,0.009657715731873573,0.01232504360811193,0.00898938372518221,0.0005164693481689575,0.0019213566711500096
6.228,0.0062125189265520575,0.009653695591412825,0.012324221833098559,0.008988782097608228,0.0005157613266812966,0.0019199188741210182
6.23,0.006209701475186957,0.009649677124140776,0.01232340011238553,0.008988180510615562,0.0005150542758045606,0.0019184821530298102
6.232,0.006206885301566878,0.009645660329361538,0.012322578445969512,0.008987578964201548,0.0005143481942080363,0.0019170465070712517
6.234,0.006204070405112061,0.009641645206379001,0.012321756833847397,0.008986977458363077,0.0005136430805632308,0.0019156119354408752
6.236,0.006201256785243414,0.0096376317544975,0.012320935276015854,0.008986375993097706,0.0005129389335429835,0.001914178437334657
6.238,0.006198444441382067,0.00963361997302159,0.012320113772471775,0.00898577456840255,0.0005122357518221321,0.00191274601194924
6.24,0.00619563337294915,0.009629609861256494,0.012319292323211828,0.00898517318427472,0.0005115335340775129,0.001911314658481933
6.242,0.006192823579366458,0.009625601418507213,0.012318470928232905,0.00898457184071133,0.0005108322789875164,0.0019098843761307105
6.244,0.006190015060055787,0.009621594644079412,0.012317649587531676,0.008983970537709718,0.0005101319852325314,0.0019084551640937697
6.246,0.006187207814439155,0.009617589537278981,0.01231682830110481,0.008983369275267217,0.0005094326514947234,0.0019070270215704177
6.248,0.0061844018419390245,0.009613586097411808,0.012316007068949197,0.008982768053380719,0.0005087342764580338,0.0019055999477601837
6.25,0.006181597141977857,0.009609584323784448,0.012315185891061509,0.008982166872047781,0.0005080368588081807,0.001904173941863263
6.252,0.006178793713978559,0.009605584215703677,0.012314364767438635,0.008981565731265295,0.0005073403972326584,0.0019027490030805172
6.2540000000000004,0.00617599155736448,0.009601585772476273,0.012313543698077245,0.008980964631030597,0.0005066448904207377,0.0019013251306134737
6.256,0.00617319067155897,0.009597588993409456,0.012312722682974231,0.0089803635713408,0.0005059503370636875,0.0018999023236643264
6.258,0.006170391055985602,0.009593593877810891,0.012311901722126262,0.008979762552193238,0.0005052567358543314,0.001898480581435491
6.26,0.0061675927100683925,0.009589600424988465,0.012311080815530007,0.008979161573585026,0.0005045640854874911,0.0018970599031302715
6.2620000000000005,0.006164795633231579,0.009585608634250287,0.012310259963182357,0.0089785606355135,0.0005038723846597648,0.001895640287952638
6.264,0.0061619998248994,0.009581618504904688,0.012309439165079983,0.008977959737975771,0.000503181632069305,0.0018942217351070045
6.266,0.00615920528449676,0.009577630036260443,0.012308618421219775,0.008977358880968955,0.0005024918264162626,0.0018928042437982295
6.268,0.006156412011448564,0.009573643227626327,0.012307797731598402,0.008976758064490387,0.0005018029664025647,0.0018913878132320594
6.2700000000000005,0.00615362000518016,0.009569658078311782,0.012306977096212757,0.008976157288537179,0.000501115050731693,0.0018899724426146847
6.272,0.006150829265117119,0.009565674587626471,0.012306156515059508,0.008975556553106445,0.0005004280781091275,0.001888558131152962
6.274,0.0061480397906850115,0.009561692754880058,0.012305335988135324,0.008974955858195521,0.0004997420472421243,0.0018871448780541922
6.276,0.006145251581309852,0.009557712579382871,0.012304515515437098,0.00897435520380152,0.0004990569568397163,0.0018857326825265641
6.2780000000000005,0.006142464636418099,0.00955373406044524,0.01230369509696172,0.008973754589921779,0.0004983728056124903,0.0018843215437784888
6.28,0.006139678955436212,0.009549757197377717,0.012302874732705638,0.008973154016553408,0.0004976895922730318,0.0018829114610192654
6.282,0.006136894537790871,0.00954578198949152,0.012302054422665742,0.008972553483693746,0.0004970073155357024,0.0018815024334586372
6.284,0.006134111382909202,0.009541808436097865,0.012301234166838926,0.008971952991339904,0.0004963259741164183,0.0018800944603067915
6.2860000000000005,0.006131329490218773,0.009537836536508193,0.012300413965221857,0.008971352539488997,0.0004956455667328719,0.0018786875407750259
6.288,0.006128548859146932,0.00953386629003461,0.012299593817811205,0.00897075212813836,0.0004949660921047538,0.0018772816740746379
6.29,0.006125769489121469,0.009529897695988998,0.012298773724603862,0.008970151757285105,0.0004942875489535314,0.0018758768594178132
6.292,0.006122991379570619,0.009525930753683909,0.012297953685596719,0.00896955142692657,0.0004936099360020041,0.0018744730960174039
6.2940000000000005,0.0061202145299226185,0.009521965462432114,0.012297133700786222,0.008968951137059866,0.0004929332519751917,0.0018730703830867057
6.296,0.006117438939606368,0.009518001821546607,0.012296313770169265,0.008968350887682108,0.0004922574955994463,0.0018716687198394588
6.298,0.006114664608050546,0.009514039830340604,0.012295493893742737,0.008967750678790631,0.0004915826656031186,0.0018702681054902914
6.3,0.006111891534684277,0.009510079488127543,0.012294674071503309,0.008967150510382549,0.0004909087607163354,0.0018688685392542759
6.3020000000000005,0.006109119718936906,0.009506120794221529,0.012293854303447649,0.008966550382455196,0.000490235779671,0.0018674700203471506
6.304,0.0061063491602382225,0.009502163747936443,0.012293034589572649,0.008965950295005687,0.0004895637212005699,0.0018660725479850981
6.306,0.006103579858018016,0.009498208348587056,0.012292214929874978,0.008965350248031356,0.0004888925840400571,0.0018646761213849672
6.308,0.006100811811706519,0.009494254595487694,0.012291395324351528,0.008964750241529096,0.00048822236692669385,0.0018632807397640505
6.3100000000000005,0.0060980450207341885,0.009490302487953572,0.012290575772998968,0.008964150275496463,0.00048755306859926684,0.001861886402340529
6.312,0.0060952794845317015,0.009486352025300127,0.01228975627581419,0.008963550349930571,0.000486884687798117,0.0018604931083330278
6.314,0.006092515202529958,0.009482403206842571,0.01228893683279364,0.008962950464828534,0.00048621722326536165,0.001859100856960838
6.316,0.006089752174160301,0.009478456031897009,0.012288117443934432,0.008962350620187465,0.0004855506737451165,0.0018577096474434729
6.3180000000000005,0.006086990398854075,0.009474510499779543,0.012287298109233236,0.008961750816004699,0.00048488503798282956,0.0018563194790013338
6.32,0.006084229876043068,0.009470566609806497,0.01228647882868672,0.008961151052277572,0.0004842203147259472,0.0018549303508554882
6.322,0.006081470605159067,0.00946662436129464,0.012285659602291554,0.008960551329003197,0.00048355650272347006,0.0018535422622274478
6.324,0.006078712585634527,0.009462683753560963,0.01228484043004463,0.008959951646178688,0.0004828936007263973,0.0018521552123391682
6.3260000000000005,0.006075955816901901,0.00945874478592268,0.012284021311942839,0.008959352003801158,0.0004822316074870603,0.0018507692004134935
6.328,0.006073200298393866,0.009454807457697445,0.01228320224798285,0.008958752401868164,0.0004815705217595667,0.0018493842256737114
6.33,0.006070446029543541,0.009450871768202918,0.012282383238161332,0.008958152840376599,0.0004809103423000227,0.0018480002873435541
6.332,0.00606769300978427,0.00944693771675742,0.012281564282475177,0.008957553319323797,0.0004802510678658667,0.0018466173846474199
6.3340000000000005,0.006064941238549393,0.009443005302679275,0.012280745380921054,0.008956953838706871,0.0004795926972165354,0.001845235516810373
6.336,0.006062190715272697,0.00943907452528725,0.012279926533495633,0.008956354398523159,0.00047893522911302,0.0018438546830579217
6.338,0.006059441439388413,0.009435145383900112,0.012279107740195805,0.008955754998769994,0.0004782786623180879,0.0018424748826164628
6.34,0.006056693410330549,0.009431217877837295,0.012278289001018461,0.008955155639444268,0.00047762299559628296,0.0018410961147126148
6.3420000000000005,0.0060539466275337794,0.009427292006418453,0.012277470315960048,0.008954556320543317,0.00047696822771348124,0.0018397183785736626
6.344,0.0060512010904330005,0.009423367768963242,0.012276651685017681,0.008953957042064475,0.00047631435743755723,0.001838341673427557
6.346,0.006048456798463331,0.009419445164791762,0.012275833108187806,0.008953357804004858,0.00047566138353793974,0.0018369659985026932
6.348,0.006045713751059889,0.009415524193224334,0.012275014585467314,0.008952758606361577,0.00047500930478605596,0.001835591353028354
6.3500000000000005,0.006042971947658238,0.009411604853581723,0.012274196116853098,0.008952159449131969,0.0004743581199544433,0.001834217736234045
6.352,0.006040231387694384,0.009407687145184918,0.012273377702341826,0.008951560332313147,0.0004737078278178597,0.0018328451473499374
6.354,0.006037492070604333,0.009403771067355127,0.012272559341930167,0.008950961255902445,0.00047305842715261726,0.0018314735856068687
6.356,0.006034753995824538,0.009399856619414004,0.012271741035615014,0.008950362219896979,0.00047240991673636046,0.0018301030502361204
6.3580000000000005,0.006032017162791448,0.009395943800683204,0.012270922783393035,0.008949763224294083,0.00047176229534873215,0.0018287335404696403
6.36,0.006029281570941958,0.009392032610484824,0.0122701045852609,0.00894916426909087,0.00047111556177115155,0.0018273650555400422
6.362,0.006026547219713185,0.009388123048141184,0.012269286441215499,0.008948565354284455,0.0004704697147863701,0.0018259975946803841
6.364,0.006023814108542469,0.009384215112974825,0.012268468351253503,0.008947966479872171,0.00046982475317913774,0.00182463115712439
6.3660000000000005,0.00602108223686737,0.009380308804308957,0.012267650315371803,0.008947367645851134,0.00046918067573553657,0.0018232657421062282
6.368,0.006018351604125893,0.009376404121466564,0.012266832333567068,0.008946768852218678,0.00046853748124364714,0.0018219013488607327
6.37,0.006015622209756266,0.009372501063771299,0.01226601440583619,0.008946170098971917,0.0004678951684931043,0.0018205379766231822
6.372,0.006012894053196716,0.009368599630546814,0.012265196532175837,0.008945571386108186,0.0004672537362748752,0.001819175624629521
6.3740000000000006,0.006010167133885913,0.009364699821117206,0.012264378712582902,0.0089449727136246,0.0004666131833821474,0.0018178142921165819
6.376,0.006007441451262752,0.009360801634806792,0.012263560947053831,0.008944374081518491,0.0004659735086092187,0.0018164539783211975
6.378,0.006004717004766347,0.009356905070940336,0.012262743235585738,0.008943775489786976,0.00046533471075260735,0.0018150946824810887
6.38,0.006001993793836036,0.009353010128842598,0.01226192557817507,0.008943176938427166,0.0004646967886099418,0.0018137364038344206
6.382000000000001,0.0059992718179116,0.009349116807838787,0.012261107974818719,0.008942578427436398,0.0004640597409808489,0.0018123791416200241
6.384,0.005996551076432821,0.009345225107254329,0.012260290425513576,0.008941979956811785,0.0004634235666662878,0.0018110228950773966
6.386,0.005993831568840147,0.009341335026415098,0.01225947293025631,0.008941381526550662,0.00046278826446921606,0.0018096676634464792
6.388,0.005991113294573802,0.009337446564646967,0.01225865548904359,0.008940783136650143,0.00046215383319392345,0.0018083134459676575
6.390000000000001,0.005988396253074457,0.009333559721276252,0.01225783810187231,0.008940184787107563,0.0004615202716466982,0.001806960241882205
6.392,0.005985680443783004,0.009329674495629492,0.012257020768739135,0.008939586477920036,0.0004608875786351607,0.0018056080504316174
6.394,0.005982965866140555,0.00932579088703367,0.01225620348964096,0.008938988209084675,0.0004602557529687079,0.0018042568708582785
6.396,0.005980252519588669,0.009321908894815767,0.01225538626457423,0.008938389980598815,0.00045962479345806884,0.001802906702404794
6.398000000000001,0.005977540403569126,0.009318028518303434,0.01225456909353606,0.008937791792459793,0.00045899469891619304,0.001801557544314658
6.4,0.005974829517523705,0.009314149756824097,0.01225375197652312,0.008937193644664498,0.0004583654681571403,0.0018002093958315868
6.402,0.005972119860894631,0.00931027260970585,0.012252934913532076,0.00893659553721049,0.0004577370999967467,0.0017988622562001844
6.404,0.005969411433124572,0.009306397076277007,0.0122521179045596,0.00893599747009488,0.0004571095932526248,0.0017975161246657212
6.406,0.005966704233655973,0.009302523155866105,0.012251300949602584,0.008935399443314784,0.00045648294674371925,0.0017961710004734677
6.408,0.0059639982619317244,0.009298650847801904,0.012250484048657917,0.008934801456867536,0.0004558571592907512,0.0017948268828698044
6.41,0.005961293517395161,0.009294780151413606,0.01224966720172227,0.00893420351075025,0.00045523222971621813,0.001793483771101334
6.412,0.005958589999489838,0.009290911066030638,0.012248850408792311,0.008933605604960038,0.00045460815684394973,0.0017921416644155475
6.414,0.005955887707659313,0.009287043590982424,0.01224803366986471,0.008933007739494236,0.00045398493949977414,0.0017908005620601575
6.416,0.005953186641347585,0.009283177725599057,0.01224721698493636,0.008932409914350181,0.0004533625765106297,0.0017894604632837652
6.418,0.0059504867999988775,0.009279313469210626,0.01224640035400415,0.008931812129524985,0.0004527410667052312,0.0017881213673351937
6.42,0.005947788183057856,0.009275450821147668,0.01224558377706475,0.008931214385015762,0.00045212040891406957,0.0017867832734641542
6.422,0.005945090789968965,0.009271589780741163,0.01224476725411483,0.008930616680819847,0.0004515006019691903,0.0017854461809208022
6.424,0.005942394620177316,0.009267730347321868,0.01224395078515128,0.008930019016934576,0.000450881644704193,0.001784110088955515
6.426,0.005939699673128018,0.009263872520221206,0.012243134370170772,0.00892942139335684,0.00045026353595423174,0.0017827749968197804
6.428,0.005937005948266627,0.009260016298770823,0.012242318009169972,0.008928823810084197,0.00044964627455623685,0.0017814409037653078
6.43,0.005934313445038919,0.009256161682302588,0.012241501702145774,0.008928226267113537,0.0004490298593482489,0.0017801078090446953
6.432,0.005931622162890671,0.00925230867014859,0.012240685449094846,0.008927628764442419,0.00044841428917052895,0.0017787757119105407
6.434,0.005928932101268325,0.009248457261641363,0.01223986925001408,0.008927031302067734,0.00044779956286467026,0.001777444611616552
6.436,0.0059262432596181025,0.009244607456113663,0.012239053104900144,0.008926433879987039,0.0004471856792735984,0.0017761145074166595
6.438,0.005923555637387112,0.009240759252898245,0.01223823701374993,0.008925836498197226,0.0004465726372422374,0.0017747853985654594
6.44,0.005920869234022019,0.009236912651328755,0.01223742097656011,0.00892523915669563,0.0004459604356168434,0.001773457284318214
6.442,0.005918184048970154,0.009233067650738391,0.012236604993327349,0.008924641855479587,0.00044534907324544903,0.0017721301639304077
6.444,0.00591550008167907,0.009229224250461243,0.012235789064048541,0.00892404459454621,0.00044473854897741916,0.0017708040366586353
6.446,0.005912817331596321,0.009225382449831177,0.012234973188720355,0.008923447373892612,0.000444128861663895,0.0017694789017594914
6.448,0.005910135798170124,0.009221542248182724,0.01223415736733946,0.00892285019351613,0.00044352001015757203,0.0017681547584904589
6.45,0.005907455480848478,0.009217703644850417,0.012233341599902747,0.008922253053414098,0.0004429119933124781,0.0017668316061094647
6.452,0.005904776379080046,0.009213866639169233,0.012232525886406886,0.00892165595358363,0.00044230480998441735,0.0017655094438748797
6.454,0.00590209849231349,0.00921003123047437,0.012231710226848769,0.008921058894021838,0.0004416984590307482,0.0017641882710459633
6.456,0.005899421819997697,0.00920619741810147,0.012230894621225064,0.00892046187472606,0.00044109293931060556,0.0017628680868821966
6.458,0.005896746361582217,0.009202365201386176,0.012230079069532662,0.008919864895693408,0.0004404882496842344,0.001761548890643727
6.46,0.005894072116516158,0.009198534579664575,0.012229263571768234,0.008919267956921217,0.00043988438901387816,0.0017602306815911462
6.462,0.005891399084249516,0.009194705552272975,0.012228448127928448,0.008918671058406602,0.00043928135616289055,0.0017589134589859334
6.464,0.005888727264232063,0.009190878118547907,0.012227632738010197,0.008918074200146897,0.0004386791499966236,0.0017575972220897906
6.466,0.00588605665591424,0.009187052277826124,0.012226817402010148,0.008917477382139216,0.0004380777693817617,0.0017562819701653076
6.468,0.005883387258746486,0.009183228029445045,0.012226002119924972,0.008916880604380895,0.0004374772131865434,0.0017549677024750743
6.47,0.005880719072179463,0.009179405372741867,0.01222518689175156,0.008916283866869046,0.0004368774802807618,0.0017536544182827907
6.472,0.005878052095664055,0.009175584307054452,0.012224371717486804,0.008915687169600783,0.0004362785695359861,0.001752342116852379
6.474,0.005875386328651588,0.009171764831720663,0.012223556597127372,0.008915090512573665,0.0004356804798248959,0.0017510307974484274
6.476,0.005872721770593614,0.009167946946078809,0.012222741530669934,0.008914493895784581,0.0004350832100221691,0.0017497204593361904
6.478,0.005870058420941904,0.009164130649467195,0.01222192651811116,0.008913897319230868,0.0004344867590035939,0.0017484111017811443
6.48,0.005867396279148229,0.009160315941224795,0.01222111155944794,0.008913300782909861,0.0004338911256467348,0.001747102724049654
6.482,0.0058647353446650285,0.009156502820690804,0.012220296654676943,0.008912704286818673,0.00043329630883093273,0.0017457953254085279
6.484,0.005862075616944518,0.009152691287204417,0.012219481803795063,0.008912107830954419,0.00043270230743663873,0.001744488905125019
6.486,0.0058594170954395786,0.009148881340105275,0.012218667006798967,0.008911511415314433,0.0004321091203460803,0.001743183462466824
6.488,0.0058567597796033155,0.009145072978733237,0.012217852263685547,0.00891091503989605,0.0004315167464428171,0.0017418789967025283
6.49,0.0058541036688886106,0.009141266202428389,0.012217037574451473,0.008910318704696385,0.0004309251846121853,0.0017405755071011608
6.492,0.005851448762749234,0.009137461010531256,0.012216222939093413,0.00890972240971255,0.00043033443374085323,0.0017392729929321948
6.494,0.005848795060638734,0.009133657402382589,0.01221540835760826,0.008909126154941882,0.0004297444927170435,0.0017379714534655477
6.496,0.005846142562011103,0.00912985537732336,0.012214593829992682,0.008908529940381715,0.0004291553604307552,0.001736670887972025
6.498,0.005843491266320555,0.009126054934694983,0.01221377935624357,0.008907933766029164,0.0004285670357730975,0.0017353712957226541
6.5,0.005840841173021527,0.009122256073838875,0.012212964936357373,0.00890733763188134,0.0004279795176371781,0.001734072675989351
6.502,0.005838192281568899,0.009118458794096673,0.012212150570331204,0.00890674153793558,0.0004273928049172149,0.0017327750280440313
6.5040000000000004,0.00583554459141733,0.009114663094810682,0.012211336258161731,0.00890614548418922,0.00042680689650897996,0.001731478351159721
6.506,0.005832898102022144,0.009110868975323205,0.012210521999845625,0.008905549470639151,0.0004262217913100219,0.001730182644609668
6.508,0.0058302528128388875,0.00910707643497699,0.012209707795379554,0.00890495349728293,0.00042563748821922154,0.0017288879076677865
6.51,0.005827608723323108,0.009103285473114786,0.01220889364476041,0.008904357564117671,0.0004250539861367919,0.0017275941396084349
6.5120000000000005,0.005824965832930795,0.009099496089079784,0.012208079547984863,0.008903761671140487,0.0004244712839649445,0.0017263013397066373
6.514,0.0058223241411181625,0.00909570828221562,0.012207265505049802,0.008903165818348713,0.00042388938060677894,0.0017250095072378624
6.516,0.005819683647341645,0.009091922051865708,0.0122064515159519,0.008902570005739463,0.00042330827496761536,0.0017237186414780226
6.518,0.005817044351057898,0.009088137397374352,0.012205637580688045,0.008901974233310073,0.000422727965953662,0.0017224287417039186
6.5200000000000005,0.005814406251723803,0.00908435431808563,0.012204823699254908,0.008901378501057877,0.0004221484524726815,0.0017211398071925732
6.522,0.00581176934879668,0.009080572813344068,0.012204009871649157,0.008900782808979768,0.0004215697334344348,0.0017198518372216753
6.524,0.0058091336417336326,0.009076792882494633,0.012203196097867464,0.008900187157073303,0.0004209918077495711,0.00171856483106958
6.526,0.005806499129992648,0.009073014524882295,0.01220238237790694,0.008899591545335594,0.00042041467433051594,0.0017172787880148643
6.5280000000000005,0.005803865813031495,0.009069237739852465,0.012201568711764033,0.008898995973763757,0.00041983833209147114,0.0017159937073367715
6.53,0.005801233690308383,0.009065462526750778,0.012200755099435634,0.008898400442355126,0.0004192627799475268,0.0017147095883152108
6.532,0.005798602761281746,0.009061688884923313,0.012199941540918413,0.008897804951106814,0.00041868801681554935,0.0017134264302305358
6.534,0.005795973025410017,0.009057916813715927,0.012199128036209261,0.008897209500016157,0.00041811404161418153,0.001712144232363766
6.5360000000000005,0.005793344482152296,0.009054146312475364,0.012198314585304848,0.00889661408908049,0.0004175408532629543,0.0017108629939963649
6.538,0.005790717130967682,0.009050377380548147,0.012197501188201842,0.008896018718296705,0.00041696845068339705,0.0017095827144102405
6.54,0.005788090971315496,0.009046610017281242,0.012196687844897136,0.00889542338766236,0.00041639683279837136,0.0017083033928877445
6.542,0.005785466002655282,0.009042844222022062,0.012195874555387398,0.008894828097174567,0.0004158259985318491,0.001707025028712117
6.5440000000000005,0.005782842224447249,0.009039079994118238,0.01219506131966952,0.008894232846830441,0.0004152559468098005,0.0017057476211668199
6.546,0.005780219636151163,0.009035317332917403,0.012194248137740171,0.008893637636627316,0.00041468667655952807,0.0017044711695362036
6.548,0.005777598237227455,0.009031556237767635,0.012193435009596021,0.008893042466562306,0.0004141181867096666,0.0017031956731048403
6.55,0.005774978027137001,0.009027796708017233,0.01219262193523396,0.008892447336632747,0.0004135504761904052,0.0017019211311577465
6.5520000000000005,0.005772359005340455,0.00902403874301494,0.01219180891465066,0.008891852246835974,0.0004129835439332652,0.0017006475429808265
6.554,0.005769741171298692,0.00902028234210972,0.012190995947843009,0.0088912571971691,0.0004124173888713223,0.0016993749078604292
6.556,0.005767124524473477,0.00901652750465054,0.012190183034807678,0.008890662187629239,0.0004118520099394285,0.0016981032250833472
6.558,0.005764509064326129,0.00901277422998703,0.012189370175541336,0.008890067218213726,0.00041128740607332404,0.0016968324939368173
6.5600000000000005,0.0057618947903184115,0.009009022517468823,0.012188557370040876,0.008889472288919675,0.00041072357621052547,0.0016955627137087426
6.562,0.005759281701912533,0.009005272366445771,0.012187744618302965,0.008888877399744421,0.00041016051929010366,0.00169429388368747
6.564,0.005756669798570924,0.009001523776268172,0.012186931920324495,0.0088882825506853,0.00040959823425223973,0.0016930260031620126
6.566,0.005754059079756013,0.008997776746286545,0.012186119276102136,0.008887687741739425,0.0004090367200391132,0.0016917590714218278
6.5680000000000005,0.005751449544930676,0.008994031275851855,0.012185306685632558,0.00888709297290391,0.0004084759755937917,0.001690493087756817
6.57,0.0057488411935577854,0.008990287364315064,0.01218449414891265,0.00888649824417631,0.0004079159998608972,0.0016892280514575475
6.572,0.0057462340251008825,0.008986545011027358,0.012183681665939083,0.00888590355555352,0.00040735679178682815,0.001687963961815253
6.574,0.005743628039023285,0.008982804215340368,0.012182869236708527,0.008885308907032874,0.0004067983503193151,0.0016867008181213894
6.5760000000000005,0.005741023234788756,0.008979064976606166,0.012182056861217871,0.008884714298611707,0.0004062406744071989,0.0016854386196680782
6.578,0.0057384196118615005,0.008975327294176827,0.012181244539463787,0.008884119730287132,0.00040568376300109676,0.0016841773657478853
6.58,0.005735817169705726,0.008971591167404647,0.012180432271443165,0.008883525202056486,0.00040512761505295813,0.001682917055654265
6.582,0.00573321590778586,0.008967856595642365,0.012179620057152674,0.008882930713916881,0.00040457222951606475,0.0016816576886806711
6.5840000000000005,0.005730615825566776,0.008964123578242722,0.012178807896589205,0.008882336265865431,0.0004040176053454747,0.001680399264121446
6.586,0.005728016922513346,0.008960392114559124,0.012177995789749207,0.008881741857899694,0.0004034637414973563,0.001679141781271376
6.588,0.005725419198090886,0.008956662203945198,0.012177183736629793,0.008881147490016561,0.0004029106369294322,0.0016778852394256916
6.59,0.005722822651764936,0.008952933845754352,0.01217637173722741,0.00888055316221359,0.00040235829060075723,0.0016766296378802892
6.5920000000000005,0.005720227283001034,0.008949207039340878,0.012175559791538948,0.00887995887448767,0.0004018067014717186,0.0016753749759315095
6.594,0.005717633091265384,0.008945481784059073,0.0121747478995613,0.008879364626836361,0.0004012558685044798,0.0016741212528761373
6.596,0.0057150400760239695,0.008941758079263229,0.012173936061290913,0.008878770419256554,0.00040070579066253664,0.0016728684680118455
6.598,0.005712448236743217,0.008938035924308307,0.012173124276724678,0.008878176251745806,0.0004001564669104951,0.001671616620636307
6.6000000000000005,0.005709857572889998,0.00893431531854949,0.012172312545859487,0.008877582124301231,0.0003996078962147376,0.0016703657100480829
6.602,0.005707268083931183,0.008930596261342183,0.012171500868692009,0.008876988036919942,0.0003990600775429787,0.0016691157355459563
6.604,0.005704679769333865,0.00892687875204179,0.012170689245218913,0.008876393989599274,0.00039851300986404325,0.0016678666964295985
6.606,0.00570209262856558,0.00892316279000438,0.01216987767543709,0.008875799982336341,0.00039796669214853253,0.001666618591999125
6.6080000000000005,0.005699506661093867,0.008919448374586025,0.012169066159343211,0.008875206015128478,0.00039742112336838,0.0016653714215548732
6.61,0.005696921866386706,0.00891573550514324,0.012168254696934167,0.008874612087973022,0.0003968763024970734,0.0016641251843980687
6.612,0.0056943382439123,0.008912024181032763,0.012167443288206403,0.008874018200867084,0.00039633222850898875,0.0016628798798303812
6.614,0.005691755793138853,0.00890831440161155,0.012166631933157035,0.008873424353808002,0.0003957889003805004,0.0016616355071537026
6.6160000000000005,0.005689174513535011,0.008904606166236784,0.012165820631782509,0.008872830546792887,0.0003952463170888709,0.0016603920656708127
6.618,0.005686594404569867,0.008900899474265866,0.012165009384079717,0.008872236779818854,0.0003947044776131392,0.0016591495546849355
6.62,0.005684015465712289,0.008897194325056645,0.01216419819004555,0.00887164305288346,0.0003941633809336764,0.0016579079734997393
6.622,0.0056814376964315905,0.00889349071796719,0.012163387049676677,0.008871049365983597,0.000393623026032186,0.0016566673214193361
6.6240000000000006,0.0056788610961975294,0.008889788652356012,0.012162575962969768,0.008870455719116821,0.0003930834118917037,0.0016554275977485045
6.626,0.005676285664479863,0.008886088127581404,0.012161764929921492,0.008869862112280247,0.0003925445374968195,0.0016541888017924666
6.628,0.005673711400748571,0.008882389143002323,0.012160953950528741,0.008869268545470987,0.0003920064018334557,0.0016529509328568892
6.63,0.005671138304474077,0.008878691697977725,0.012160143024788406,0.008868675018686378,0.00039146900388886685,0.0016517139902483269
6.632000000000001,0.0056685663751270265,0.008874995791867013,0.012159332152696933,0.008868081531923533,0.00039093234265186183,0.0016504779732733343
6.634,0.005665995612178065,0.008871301424030031,0.012158521334251438,0.008867488085179787,0.00039039641711235973,0.0016492428812393545
6.636,0.005663426015098061,0.008867608593826626,0.012157710569448366,0.008866894678452475,0.00038986122626183395,0.0016480087134542742
6.638,0.005660857583358547,0.008863917300616864,0.012156899858284609,0.008866301311738711,0.00038932676909309016,0.0016467754692264247
6.640000000000001,0.005658290316430836,0.008860227543761257,0.012156089200756837,0.008865707985035609,0.0003887930446002663,0.001645543147864581
6.642,0.005655724213786906,0.008856539322620316,0.01215527859686194,0.008865114698340726,0.00038826005177905465,0.0016443117486781844
6.644,0.0056531592748985116,0.00885285263655522,0.01215446804659659,0.008864521451650953,0.0003877277896264797,0.0016430812709773424
6.646,0.005650595499238076,0.008849167484927145,0.012153657549957453,0.008863928244963848,0.0003871962571408982,0.0016418517140721622
6.648000000000001,0.005648032886277798,0.008845483867097492,0.012152847106941422,0.008863335078276302,0.0003866654533219993,0.0016406230772738617
6.65,0.0056454714354905455,0.008841801782428105,0.012152036717545167,0.008862741951585873,0.00038613537717080426,0.0016393953598938804
6.652,0.005642911146349405,0.008838121230281049,0.012151226381765579,0.008862148864889674,0.0003856060276898887,0.0016381685612441022
6.654,0.005640352018327244,0.008834442210018612,0.012150416099599326,0.008861555818184819,0.00038507740388293854,0.0016369426806368548
6.656000000000001,0.005637794050897815,0.008830764721003526,0.012149605871043079,0.008860962811468642,0.0003845495047551939,0.0016357177173853543
6.658,0.00563523724353443,0.0088270887625983,0.012148795696093728,0.008860369844738258,0.0003840223293132272,0.001634493670803261
6.66,0.005632681595711286,0.008823414334166335,0.012147985574747944,0.008859776917991224,0.0003834958765649432,0.0016332705402042347
6.662,0.005630127106902361,0.008819741435070805,0.012147175507002617,0.008859184031224432,0.00038297014551957886,0.001632048324903046
6.664,0.005627573776582073,0.00881607006467533,0.012146365492854194,0.008858591184435216,0.00038244513518792544,0.0016308270242149092
6.666,0.005625021604225067,0.008812400222343753,0.01214555553229979,0.008857998377620913,0.0003819208445816624,0.0016296066374550389
6.668,0.0056224705893062055,0.00880873190744036,0.012144745625335851,0.008857405610778635,0.00038139727271446766,0.0016283871639397596
6.67,0.005619920731300354,0.008805065119329436,0.012143935771959269,0.008856812883905718,0.0003808744186009072,0.001627168602985618
6.672,0.005617372029683043,0.008801399857375714,0.012143125972166935,0.008856220196999498,0.0003803522812571014,0.0016259509539098271
6.674,0.005614824483929803,0.008797736120944144,0.012142316225955518,0.008855627550057088,0.00037983085970028085,0.0016247342160298217
6.676,0.0056122780935166094,0.008794073909400124,0.012141506533321689,0.008855034943075601,0.00037931015294923043,0.0016235183886639248
6.678,0.005609732857919214,0.008790413222108828,0.012140696894262115,0.008854442376052374,0.0003787901600240673,0.0016223034711306816
6.68,0.005607188776614036,0.008786754058436097,0.01213988730877369,0.00885384984898474,0.0003782708799464629,0.0016210894627490813
6.682,0.005604645849077716,0.008783096417747993,0.01213907777685308,0.008853257361869815,0.00037775231173897694,0.0016198763628390012
6.684,0.0056021040747868955,0.008779440299410801,0.012138268298497179,0.008852664914704933,0.00037723445442572334,0.0016186641707205407
6.686,0.005599563453218437,0.008775785702791028,0.012137458873702656,0.008852072507487208,0.00037671730703214834,0.0016174528857144654
6.688,0.005597023983849647,0.008772132627255402,0.012136649502466401,0.008851480140213974,0.00037620086858503043,0.001616242507141763
6.69,0.0055944856661580555,0.008768481072170875,0.012135840184785085,0.008850887812882569,0.0003756851381124804,0.0016150330343243091
6.692,0.005591948499621413,0.008764831036904841,0.012135030920655376,0.008850295525490104,0.00037517011464394123,0.0016138244665842016
6.694,0.005589412483717471,0.008761182520824917,0.012134221710073945,0.008849703278033694,0.0003746557972104103,0.0016126168032442045
6.696,0.005586877617924424,0.008757535523298943,0.012133412553037681,0.008849111070510673,0.00037414218484377315,0.0016114100436275258
6.698,0.005584343901720912,0.0087538900436952,0.012132603449543478,0.008848518902918379,0.0003736292765774696,0.0016102041870578176
6.7,0.0055818113345853515,0.008750246081381752,0.012131794399588003,0.008847926775253923,0.00037311707144649375,0.0016089992328593983
6.702,0.0055792799159968265,0.008746603635727546,0.012130985403167927,0.00884733468751464,0.000372605568486728,0.001607795180356808
6.704,0.00557674964543442,0.00874296270610131,0.012130176460279918,0.008846742639697869,0.00037209476673560893,0.0016065920288754754
6.706,0.005574220522377216,0.008739323291872214,0.012129367570920868,0.00884615063180072,0.0003715846652319055,0.001605389777741273
6.708,0.005571692546305185,0.008735685392409653,0.012128558735087447,0.008845558663820308,0.0003710752630157188,0.0016041884262800732
6.71,0.005569165716697855,0.008732049007083242,0.012127749952776545,0.008844966735753967,0.0003705665591282603,0.001602987973818859
6.712,0.005566640033035419,0.00872841413526304,0.012126941223984833,0.008844374847599035,0.0003700585526122957,0.0016017884196850574
6.714,0.005564115494798294,0.008724780776319108,0.012126132548709201,0.008843782999352623,0.00036955124251192295,0.001600589763206095
6.716,0.0055615921014668945,0.008721148929622169,0.012125323926946097,0.008843191191012068,0.00036904462787235026,0.0015993920037105092
6.718,0.0055590698525220805,0.008717518594542728,0.012124515358692411,0.008842599422574704,0.0003685387077401181,0.0015981951405268369
6.72,0.005556548747444712,0.008713889770451955,0.012123706843945037,0.008842007694037646,0.00036803348116332124,0.0015969991729845034
6.722,0.005554028785716092,0.008710262456721019,0.012122898382700642,0.008841416005398006,0.00036752894719094265,0.0015958041004131562
6.724,0.005551509966817747,0.008706636652721311,0.012122089974955896,0.00884082435665312,0.0003670251048737416,0.0015946099221431087
6.726,0.005548992290231425,0.008703012357824669,0.012121281620707691,0.008840232747800325,0.0003665219532633657,0.0015934166375053405
6.728,0.005546475755438873,0.008699389571403371,0.012120473319952696,0.008839641178836732,0.0003660194914130166,0.0015922242458308311
6.73,0.005543960361922506,0.008695768292829475,0.012119665072687802,0.008839049649759678,0.00036551771837722846,0.0015910327464514484
6.732,0.005541446109164738,0.008692148521475485,0.012118856878909456,0.008838458160566498,0.00036501663321164557,0.0015898421386995043
6.734,0.005538932996647983,0.008688530256714344,0.012118048738614773,0.008837866711254305,0.0003645162349732445,0.0015886524219077547
6.736,0.00553642102385532,0.008684913497919222,0.012117240651800198,0.008837275301820213,0.000364016522720334,0.0015874635954096217
6.738,0.005533910190269831,0.008681298244463287,0.012116432618462625,0.00883668393226178,0.0003635174955125553,0.0015862756585385274
6.74,0.005531400495375038,0.00867768449572015,0.012115624638598721,0.008836092602575896,0.00036301915241065963,0.001585088610629004
6.742,0.005528891938654246,0.008674072251063869,0.012114816712205378,0.008835501312760119,0.00036252149247695264,0.0015839024510158062
6.744,0.005526384519591421,0.008670461509868499,0.012114008839279267,0.008834910062811563,0.0003620245147748502,0.0015827171790341321
6.746,0.005523878237670754,0.008666852271508318,0.012113201019817277,0.00883431885272734,0.00036152821836910043,0.0015815327940198465
6.748,0.005521373092376214,0.00866324453535805,0.012112393253816078,0.008833727682504788,0.0003610326023257837,0.001580349295309036
6.75,0.005518869083192657,0.008659638300792416,0.01211158554127234,0.00883313655214124,0.00036053766571209067,0.0015791666822386752
6.752,0.005516366209604717,0.008656033567186805,0.012110777882182733,0.008832545461633812,0.00036004340759676623,0.0015779849541457391
6.7540000000000004,0.005513864471097252,0.008652430333916605,0.012109970276544146,0.008831954410979836,0.00035954982704966554,0.0015768041103683128
6.756,0.005511363867155783,0.008648828600357428,0.012109162724353473,0.00883136340017665,0.00035905692314175397,0.0015756241502444812
6.758,0.0055088643972656115,0.008645228365885327,0.01210835522560716,0.008830772429221367,0.0003585646949455512,0.0015744450731129955
6.76,0.00550636606091226,0.008641629629876357,0.012107547780302319,0.0088301814981111,0.0003580731415349092,0.001573266878313051
6.7620000000000005,0.005503868857581917,0.008638032391707018,0.0121067403884354,0.008829590606843407,0.0003575822619845681,0.001572089565184287
6.764,0.005501372786760772,0.008634436650754251,0.012105933050003292,0.008828999755415401,0.00035709205537082234,0.001570913133067009
6.766,0.005498877847935013,0.008630842406394779,0.012105125765002667,0.008828408943824195,0.00035660252077107657,0.0015697375813019665
6.768,0.005496384040591273,0.008627249658005987,0.012104318533430414,0.008827818172067126,0.00035611365726406774,0.0015685629092303532
6.7700000000000005,0.00549389136421663,0.008623658404965262,0.012103511355283203,0.008827227440141527,0.00035562546392986505,0.001567389116194029
6.772,0.005491399818297937,0.008620068646650436,0.012102704230557704,0.008826636748044514,0.00035513793984986997,0.0015662162015350756
6.774,0.005488909402322717,0.008616480382439562,0.012101897159250807,0.008826046095773421,0.0003546510841065942,0.001565044164596019
6.776,0.00548642011577849,0.008612893611710914,0.012101090141359183,0.008825455483325362,0.0003541648957836596,0.0015638730047202731
6.7780000000000005,0.005483931958152999,0.008609308333842991,0.012100283176879723,0.008824864910697672,0.0003536793739662425,0.0015627027212512523
6.78,0.005481444928934209,0.00860572454821451,0.012099476265809095,0.008824274377887686,0.00035319451774062927,0.0015615333135334808
6.782,0.0054789590276105304,0.008602142254204637,0.01209866940814397,0.00882368388489252,0.00035271032619443865,0.0015603647809112609
6.784,0.0054764742536703714,0.008598561451192532,0.012097862603881016,0.008823093431709506,0.0003522267984163996,0.001559197122730005
6.7860000000000005,0.005473990606602364,0.008594982138557805,0.012097055853017125,0.008822503018335759,0.0003517439334965733,0.0015580303383351257
6.788,0.005471508085895582,0.008591404315680506,0.012096249155549188,0.008821912644768615,0.0003512617305261312,0.0015568644270729237
6.79,0.005469026691039103,0.008587827981940466,0.012095442511473875,0.008821322311005408,0.000350780188597799,0.0015556993882899217
6.792,0.005466546421522445,0.008584253136718178,0.012094635920787855,0.008820732017043253,0.00035029930680541277,0.0015545352213333086
6.7940000000000005,0.005464067276835127,0.00858067977939414,0.012093829383487797,0.008820141762879485,0.0003498190842439186,0.0015533719255504952
6.796,0.005461589256467114,0.00857710790934929,0.012093022899570594,0.008819551548511217,0.000349339520009595,0.0015522095002897807
6.798,0.005459112359908591,0.00857353752596457,0.012092216469032913,0.008818961373935785,0.00034886061319983064,0.0015510479448996861
6.8,0.0054566365866497435,0.008569968628621583,0.012091410091871646,0.008818371239150524,0.0003483823629135685,0.0015498872587291768
6.8020000000000005,0.005454161936181201,0.008566401216701935,0.012090603768083463,0.008817781144152548,0.00034790476825063976,0.001548727441127662
6.804,0.0054516884079938155,0.008562835289587456,0.012089797497665256,0.008817191088939191,0.0003474278283124299,0.001547568491445439
6.806,0.005449216001578661,0.008559270846660194,0.01208899128061347,0.008816601073507568,0.00034695154220143465,0.0015464104090330277
6.808,0.005446744716427032,0.008555707887302644,0.01208818511692522,0.008816011097855014,0.00034647590902103786,0.0015452531932411695
6.8100000000000005,0.005444274552030226,0.008552146410897521,0.012087379006596954,0.008815421161978865,0.0003460009278763998,0.0015440968434214941
6.812,0.005441805507879982,0.008548586416827542,0.012086572949625563,0.008814831265876233,0.0003455265978735689,0.0015429413589260754
6.814,0.005439337583468484,0.008545027904476088,0.012085766946007714,0.008814241409544454,0.0003450529181201478,0.0015417867391072093
6.816,0.005436870778287695,0.008541470873226542,0.012084960995740301,0.008813651592980865,0.0003445798877244055,0.0015406329833178578
6.8180000000000005,0.005434405091830241,0.008537915322462508,0.012084155098819993,0.008813061816182577,0.00034410750579638716,0.001539480090911649
6.82,0.00543194052358853,0.008534361251568034,0.012083349255243458,0.008812472079146927,0.00034363577144702617,0.0015383280612422112
6.822,0.005429477073055633,0.00853080865992717,0.01208254346500759,0.008811882381871028,0.0003431646837883662,0.0015371768936640606
6.824,0.005427014739724623,0.008527257546924405,0.012081737728109054,0.008811292724352215,0.00034269424193422715,0.0015360265875321577
6.8260000000000005,0.005424553523088793,0.008523707911944678,0.012080932044544745,0.008810703106587603,0.0003422244449990952,0.001534877142201907
6.828,0.005422093422641661,0.008520159754372703,0.012080126414311332,0.008810113528574748,0.0003417552920990108,0.001533728557028935
6.83,0.005419634437876963,0.00851661307359386,0.012079320837405483,0.008809523990310764,0.0003412867823509025,0.0015325808313697564
6.832,0.005417176568288884,0.008513067868993529,0.01207851531382409,0.008808934491792764,0.0003408189148732532,0.0015314339645811081
6.8340000000000005,0.005414719813371605,0.008509524139957314,0.012077709843563822,0.008808345033018083,0.0003403516887854341,0.001530287956020171
6.836,0.005412264172619752,0.008505981885871483,0.012076904426621349,0.008807755613984058,0.00033988510320814846,0.001529142805044792
6.838,0.005409809645527952,0.008502441106122083,0.012076099062993562,0.008807166234687802,0.00033941915726343197,0.0015279985110132621
6.84,0.005407356231591054,0.008498901800095604,0.01207529375267713,0.00880657689512665,0.00033895385007443046,0.0015268550732840946
6.8420000000000005,0.00540490393030435,0.008495363967178982,0.012074488495668723,0.008805987595297937,0.00033848918076562207,0.0015257124912166908
6.844,0.005402452741163133,0.008491827606758928,0.012073683291965231,0.008805398335198777,0.0003380251484623731,0.001524570764170896
6.846,0.005400002663663139,0.008488292718223045,0.012072878141563548,0.008804809114826284,0.0003375617522913821,0.0015234298915065558
6.848,0.005397553697300106,0.00848475930095871,0.012072073044460119,0.008804219934178015,0.00033709899138090194,0.0015222898725844036
6.8500000000000005,0.0053951058415702136,0.008481227354353527,0.012071268000651836,0.008803630793251083,0.00033663686485985167,0.0015211507067656171
6.852,0.005392659095969865,0.00847769687779576,0.01207046301013559,0.008803041692042823,0.00033617537185848256,0.0015200123934118182
6.854,0.005390213459995463,0.008474167870673677,0.01206965807290783,0.00880245263055035,0.00033571451150837817,0.0015188749318850725
6.856,0.005387768933143855,0.008470640332375767,0.012068853188965445,0.008801863608770999,0.00033525428294223225,0.0015177383215481122
6.8580000000000005,0.005385325514912109,0.008467114262290742,0.012068048358305328,0.008801274626701883,0.00033479468529407086,0.0015166025617636691
6.86,0.005382883204797295,0.008463589659807758,0.012067243580924147,0.008800685684340559,0.0003343357176988082,0.0015154676518953636
6.862,0.005380442002296926,0.008460066524315968,0.012066438856818573,0.00880009678168392,0.00033387737929291283,0.0015143335913072598
6.864,0.005378001906908736,0.008456544855204973,0.012065634185985497,0.008799507918729521,0.00033341966921374144,0.001513200379363866
6.8660000000000005,0.005375562918130461,0.008453024651864816,0.012064829568421587,0.008798919095474478,0.000332962586599983,0.0015120680154299126
6.868,0.005373125035460502,0.008449505913685318,0.012064025004123513,0.008798330311916125,0.00033250613059143674,0.0015109364988710183
6.87,0.005370688258397038,0.008445988640056745,0.012063220493088167,0.008797741568051576,0.00033205030032901206,0.0015098058290528016
6.872,0.005368252586438693,0.008442472830369807,0.012062416035312218,0.008797152863878166,0.0003315950949551727,0.0015086760053417692
6.8740000000000006,0.005365818019084312,0.008438958484015435,0.012061611630792557,0.00879656419939323,0.0003311405136130485,0.0015075470271048719
6.876,0.005363384555832962,0.008435445600384561,0.012060807279525632,0.008795975574593884,0.0003306865554471017,0.0015064188937092826
6.878,0.005360952196183932,0.008431934178868339,0.012060002981508555,0.00879538698947746,0.00033023321960312657,0.0015052916045228404
6.88,0.005358520939636735,0.008428424218858588,0.012059198736737775,0.008794798444041074,0.0003297805052280278,0.0015041651589138283
6.882000000000001,0.005356090785691103,0.008424915719747128,0.012058394545210183,0.008794209938282282,0.0003293284114698203,0.0015030395562509735
6.884,0.005353661733846993,0.008421408680926001,0.01205759040692267,0.008793621472198199,0.00032887693747762903,0.0015019147959034473
6.886,0.005351233783604581,0.008417903101787472,0.012056786321871682,0.008793033045785936,0.00032842608240213345,0.0015007908772408651
6.888,0.0053488069344642675,0.008414398981724247,0.012055982290054112,0.00879244465904283,0.000327975845394457,0.0014996677996335084
6.890000000000001,0.005346381185926674,0.008410896320129035,0.012055178311466852,0.008791856311966217,0.0003275262256077216,0.0014985455624518806
6.892,0.0053439565374926445,0.008407395116395211,0.01205437438610657,0.00879126800455321,0.0003270772221954932,0.0014974241650671516
6.894,0.005341532988663467,0.008403895369915926,0.012053570513969936,0.008790679736801144,0.000326628834312892,0.001496303606850935
6.896,0.005339110538940206,0.008400397080084776,0.01205276669505384,0.008790091508707354,0.00032618106111614864,0.0014951838871750667
6.898000000000001,0.005336689187824595,0.00839690024629558,0.012051962929354954,0.008789503320268954,0.00032573390176260375,0.0014940650054122706
6.9,0.005334268934818365,0.0083934048679426,0.012051159216869944,0.00878891517148328,0.0003252873554107083,0.0014929469609352708
6.902,0.00533184977942347,0.008389910944420098,0.012050355557595704,0.008788327062347667,0.00032484142122002346,0.0014918297531176794
6.904,0.005329431721142086,0.008386418475122781,0.012049551951528903,0.008787738992859229,0.0003243960983514427,0.0014907133813333306
6.906000000000001,0.0053270147594766115,0.008382927459445355,0.01204874839866621,0.0087871509630153,0.0003239513859669696,0.0014895978449567249
6.908,0.005324598893929888,0.00837943789678297,0.012047944899004515,0.008786562972813217,0.0003235072832297181,0.0014884831433625845
6.91,0.0053221841240047585,0.008375949786531,0.012047141452540489,0.008785975022250092,0.00032306378930391233,0.001487369275926298
6.912,0.005319770449204286,0.008372463128085261,0.012046338059271022,0.008785387111323262,0.0003226209033548866,0.001486256242023476
6.914,0.005317357869031758,0.008368977920841347,0.012045534719192785,0.00878479924002984,0.0003221786245490854,0.0014851440410306171
6.916,0.005314946382990904,0.00836549416419552,0.012044731432302447,0.00878421140836716,0.00032173695205428565,0.0014840326723242203
6.918,0.005312535990585454,0.008362011857544038,0.012043928198596898,0.008783623616332559,0.00032129588503937434,0.0014829221352816724
6.92,0.005310126691319583,0.008358531000283609,0.012043125018072809,0.008783035863923372,0.00032085542267434874,0.0014818124292803603
6.922,0.005307718484697244,0.008355051591811158,0.012042321890726848,0.008782448151136713,0.00032041556413031635,0.001480703553698559
6.924,0.005305311370223276,0.008351573631523834,0.012041518816555907,0.008781860477969694,0.00031997630857927284,0.001479595507914766
6.926,0.005302905347402076,0.008348097118819009,0.012040715795556656,0.008781272844419874,0.0003195376551947682,0.0014784882913081443
6.928,0.005300500415738707,0.008344622053094275,0.012039912827725985,0.008780685250484366,0.0003190996031514626,0.0014773819032580793
6.93,0.005298096574738231,0.008341148433747447,0.012039109913060564,0.008780097696160505,0.00031866215162468237,0.0014762763431446224
6.932,0.005295693823906156,0.008337676260176563,0.012038307051557062,0.008779510181445405,0.00031822529979153025,0.0014751716103482693
6.934,0.005293292162747987,0.008334205531780103,0.012037504243212371,0.0087789227063364,0.000317789046829553,0.0014740677042497374
6.936,0.005290891590769453,0.008330736247956771,0.01203670148802316,0.008778335270830828,0.00031735339191807377,0.0014729646242306327
6.938,0.005288492107476728,0.008327268408105493,0.012035898785986099,0.008777747874925801,0.0003169183342370818,0.0014718623696725608
6.94,0.005286093712375983,0.008323802011625192,0.012035096137098078,0.008777160518618654,0.0003164838729678987,0.0014707609399577937
6.942,0.005283696404973837,0.008320337057915461,0.012034293541355767,0.008776573201906723,0.00031605000729273414,0.0014696603344692694
6.944,0.005281300184776905,0.00831687354637567,0.012033490998756058,0.008775985924787344,0.00031561673639535215,0.001468560552590148
6.946,0.005278905051292249,0.008313411476405852,0.01203268850929562,0.00877539868725763,0.0003151840594601829,0.0014674615937040336
6.948,0.005276511004026929,0.008309950847406267,0.01203188607297112,0.008774811489314693,0.0003147519756732109,0.0014663634571949746
6.95,0.0052741180424884515,0.008306491658776949,0.012031083689779454,0.008774224330956093,0.0003143204842210867,0.0014652661424476854
6.952,0.005271726166184321,0.008303033909918822,0.012030281359717288,0.008773637212178942,0.0003138895842920153,0.0014641696488473244
6.954,0.005269335374622486,0.008299577600232588,0.012029479082781291,0.008773050132980353,0.0003134592750748677,0.0014630739757792721
6.956,0.005266945667310896,0.008296122729119615,0.012028676858968357,0.008772463093357885,0.00031302955575984726,0.0014619791226295753
6.958,0.005264557043757723,0.008292669295981048,0.012027874688275153,0.00877187609330865,0.00031260042553848955,0.0014608850887845026
6.96,0.005262169503471581,0.008289217300218477,0.01202707257069835,0.008771289132829985,0.0003121718836029963,0.001459791873630989
6.962,0.005259783045961308,0.008285766741233935,0.012026270506234837,0.008770702211919001,0.00031174392914712357,0.0014586994765566352
6.964,0.005257397670735742,0.008282317618429458,0.012025468494881508,0.008770115330573036,0.0003113165613652935,0.0014576078969490425
6.966,0.005255013377304163,0.008278869931207522,0.01202466653663481,0.008769528488789424,0.0003108897794534826,0.0014565171341964778
6.968,0.005252630165175853,0.008275423678970606,0.012023864631491632,0.00876894168656528,0.0003104635826083335,0.0014554271876876523
6.97,0.005250248033860538,0.008271978861121632,0.012023062779448868,0.008768354923897936,0.0003100379700278211,0.0014543380568119435
6.972,0.005247866982867944,0.008268535477063743,0.012022260980502963,0.008767768200784731,0.0003096129409110304,0.0014532497409587286
6.974,0.005245487011708017,0.008265093526200307,0.012021459234650811,0.008767181517222777,0.0003091884944581569,0.0014521622395182732
6.976,0.005243108119891371,0.00826165300793491,0.012020657541889301,0.008766594873209632,0.000308764629870506,0.0014510755518810647
6.978,0.005240730306928176,0.008258213921671365,0.012019855902215104,0.008766008268742187,0.00030834134635027155,0.001449989677438257
6.98,0.0052383535723294905,0.008254776266813924,0.012019054315624889,0.008765421703818,0.00030791864310075745,0.0014489046155812257
6.982,0.005235977915605927,0.008251340042766842,0.012018252782115546,0.008764835178434183,0.000307496519326822,0.0014478203657017907
6.984,0.005233603336268988,0.008247905248934595,0.012017451301683746,0.008764248692588072,0.0003070749742337675,0.001446736927192438
6.986,0.005231229833829731,0.008244471884722104,0.012016649874326157,0.008763662246276782,0.0003066540070284507,0.0014456542994460975
6.988,0.005228857407800103,0.008241039949534512,0.012015848500039672,0.008763075839497647,0.0003062336169186164,0.0014445724818559214
6.99,0.005226486057691604,0.008237609442777183,0.012015047178820959,0.008762489472248003,0.0003058138031131197,0.0014434914738155058
6.992,0.005224115783016625,0.008234180363855703,0.012014245910666688,0.008761903144525185,0.00030539456482192584,0.0014424112747193352
6.994,0.005221746583287334,0.008230752712176104,0.01201344469557375,0.008761316856326307,0.0003049759012561104,0.0014413318839618938
6.996,0.005219378458016122,0.008227326487144193,0.012012643533538814,0.008760730607648703,0.0003045578116278591,0.0014402533009383323
6.998,0.005217011406715821,0.008223901688166446,0.012011842424558772,0.008760144398489711,0.0003041402951502459,0.001439175525044245
7.0,0.005214645428899267,0.008220478314649338,0.012011041368630293,0.008759558228846442,0.0003037233510376769,0.0014380985556754489
7.002,0.005212280524079738,0.008217056365999786,0.012010240365750047,0.008758972098716233,0.0003033069785054465,0.0014370223922286485
7.0040000000000004,0.005209916691770511,0.008213635841624711,0.012009439415914924,0.00875838600809642,0.00030289117676995936,0.0014359470341005487
7.006,0.005207553931485309,0.008210216740931697,0.012008638519121595,0.008757799956984114,0.0003024759450487302,0.0014348724806885205
7.008,0.005205192242737855,0.008206799063328107,0.012007837675366728,0.008757213945376652,0.0003020612825603841,0.0014337987313906009
7.01,0.0052028316250423146,0.008203382808221749,0.012007036884647215,0.00875662797327137,0.00030164718852465633,0.001432725785604827
7.0120000000000005,0.005200472077912854,0.008199967975020872,0.012006236146959726,0.00875604204066538,0.0003012336621621703,0.001431653642730124
7.014,0.005198113600864085,0.008196554563133507,0.012005435462300929,0.008755456147556018,0.00030082070269465966,0.0014305823021654174
7.016,0.005195756193410617,0.008193142571968348,0.012004634830667715,0.00875487029394062,0.0003004083093449683,0.0014295117633105203
7.018,0.005193399855067282,0.008189732000934313,0.012003834252056977,0.008754284479816521,0.0002999964813372724,0.0014284420255652464
7.0200000000000005,0.005191044585349358,0.00818632284944032,0.012003033726465162,0.008753698705180835,0.0002995852178961922,0.001427373088330297
7.022,0.005188690383772121,0.008182915116895728,0.01200223325388916,0.008753112970030896,0.00029917451824812424,0.0014263049510065962
7.024,0.005186337249851292,0.0081795088027099,0.012001432834325865,0.00875252727436382,0.00029876438161990926,0.0014252376129955113
7.026,0.005183985183102591,0.008176103906292864,0.012000632467771943,0.00875194161817694,0.00029835480723994223,0.0014241710736990765
7.0280000000000005,0.005181634183041961,0.008172700427054425,0.011999832154224066,0.008751356001467592,0.0002979457943372843,0.0014231053325193255
7.03,0.005179284249185789,0.008169298364405053,0.011999031893678902,0.008750770424233112,0.00029753734214232885,0.0014220403888591804
7.032,0.005176935381050463,0.008165897717755222,0.011998231686133343,0.008750184886470835,0.0002971294498863575,0.0014209762421217853
7.034,0.005174587578152812,0.008162498486515624,0.011997431531584057,0.008749599388177876,0.00029672211680176197,0.0014199128917107284
7.0360000000000005,0.0051722408400096676,0.008159100670097175,0.011996631430027938,0.008749013929351346,0.0002963153421218223,0.001418850337030264
7.038,0.005169895166138083,0.008155704267911457,0.011995831381461652,0.008748428509988804,0.00029590912508115075,0.0014177885774848686
7.04,0.005167550556055334,0.008152309279369607,0.011995031385881871,0.008747843130087363,0.00029550346491546975,0.0014167276124794626
7.042,0.005165207009279138,0.008148915703883652,0.011994231443285486,0.008747257789644358,0.0002950983608611679,0.0014156674414194104
7.0440000000000005,0.005162864525327215,0.008145523540865396,0.011993431553669165,0.008746672488656904,0.00029469381215596613,0.0014146080637107428
7.046,0.005160523103717507,0.008142132789727086,0.0119926317170298,0.008746087227122556,0.00029428981803869547,0.0014135494787597125
7.048,0.005158182743968398,0.008138743449881192,0.011991831933364061,0.00874550200503843,0.0002938863777488532,0.0014124916859730163
7.05,0.005155843445598274,0.008135355520740628,0.011991032202668617,0.008744916822401638,0.00029348349052726874,0.0014114346847577952
7.0520000000000005,0.0051535052081257415,0.008131969001718087,0.011990232524940136,0.008744331679209738,0.0002930811556158819,0.0014103784745218562
7.054,0.005151168031069631,0.008128583892226926,0.011989432900175512,0.008743746575459843,0.00029267937225729845,0.0014093230546732283
7.056,0.005148831913948992,0.008125200191680504,0.011988633328371634,0.008743161511149289,0.0002922781396956786,0.0014082684246206068
7.058,0.0051464968562831,0.008121817899492623,0.011987833809525172,0.008742576486275189,0.0002918774571758487,0.0014072145837726868
7.0600000000000005,0.005144162857591672,0.008118437015077307,0.011987034343632796,0.0087419915008351,0.00029147732394374515,0.0014061615315390519
7.062,0.005141829917394425,0.00811505753784858,0.011986234930691175,0.008741406554826137,0.00029107773924619273,0.0014051092673295074
7.064,0.0051394980352112984,0.008111679467220911,0.0119854355706972,0.008740821648245412,0.00029067870233157045,0.0014040577905545248
7.066,0.005137167210562454,0.008108302802608991,0.011984636263647541,0.008740236781090482,0.0002902802124487014,0.001403007100624576
7.0680000000000005,0.005134837442968276,0.008104927543427731,0.011983837009539089,0.008739651953358463,0.00028988226884774093,0.0014019571969510203
7.07,0.00513250873194937,0.008101553689092267,0.011983037808368513,0.008739067165046466,0.0002894848707797326,0.0014009080789454398
7.072,0.005130181077026563,0.008098181239017954,0.011982238660132483,0.008738482416152049,0.0002890880174968302,0.0013998597460198603
7.074,0.005127854477720906,0.008094810192620594,0.01198143956482789,0.008737897706672326,0.00028869170825229773,0.0013988121975867518
7.0760000000000005,0.005125528933553669,0.008091440549315987,0.011980640522451402,0.008737313036604633,0.0002882959423002873,0.0013977654330592504
7.078,0.0051232044440463476,0.008088072308520378,0.011979841532999691,0.008736728405946304,0.0002879007188960614,0.0013967194518507142
7.08,0.005120881008720657,0.008084705469650011,0.011979042596469647,0.008736143814694453,0.0002875060372957705,0.0013956742533747235
7.082,0.005118558627098313,0.008081340032121354,0.011978243712857939,0.008735559262846415,0.0002871118967566755,0.0013946298370457466
7.0840000000000005,0.005116237298701698,0.008077975995351538,0.011977444882161459,0.008734974750399527,0.0002867182965371473,0.001393586202278474
7.086,0.005113917023053194,0.008074613358757476,0.011976646104376876,0.008734390277351123,0.00028632523589622316,0.00139254334848804
7.088,0.005111597799675183,0.008071252121756745,0.011975847379500859,0.008733805843698317,0.0002859327140944945,0.0013915012750900235
7.09,0.005109279628090491,0.008067892283766698,0.0119750487075303,0.008733221449438444,0.0002855407303932189,0.001390459981500225
7.0920000000000005,0.005106962507822166,0.008064533844205357,0.011974250088461869,0.00873263709456884,0.0002851492840545422,0.0013894194671353333
7.094,0.005104646438393479,0.008061176802490744,0.011973451522292233,0.008732052779086619,0.0002847583743419424,0.0013883797314122592
7.096,0.005102331419327921,0.0080578211580411,0.011972653009018286,0.008731468502989115,0.0002843680005197857,0.0013873407737481358
7.098,0.005100017450148986,0.008054466910274893,0.011971854548636696,0.008730884266273664,0.00028397816185354863,0.001386302593560984
7.1000000000000005,0.005097704530380609,0.00805111405861103,0.011971056141144132,0.008730300068937602,0.0002835888576093737,0.0013852651902688251
7.102,0.005095392659546727,0.008047762602468644,0.011970257786537486,0.008729715910978042,0.00028320008705473576,0.0013842285632901241
7.104,0.00509308183717172,0.008044412541266865,0.01196945948481365,0.00872913179239232,0.00028281184945799787,0.0013831927120442344
7.106,0.005090772062780191,0.00804106387442527,0.01196866123596907,0.00872854771317777,0.00028242414408863326,0.0013821576359505094
7.1080000000000005,0.005088463335896964,0.008037716601363654,0.011967863040000637,0.008727963673331729,0.00028203697021700336,0.0013811233344289686
7.11,0.0050861556560466425,0.008034370721502038,0.011967064896905244,0.00872737967285131,0.0002816503271143578,0.0013800898068998535
7.112,0.005083849022754716,0.008031026234260663,0.011966266806679338,0.008726795711733848,0.00028126421405305635,0.0013790570527840718
7.114,0.005081543435546454,0.008027683139059993,0.011965468769320031,0.008726211789976679,0.0002808786303065691,0.0013780250715029752
7.1160000000000005,0.0050792388939473465,0.008024341435320714,0.011964670784823772,0.008725627907576916,0.0002804935751492543,0.0013769938624781375
7.118,0.005076935397483329,0.008021001122463955,0.011963872853187452,0.008725044064531895,0.0002801090478565804,0.0013759634251315767
7.12,0.005074632945680335,0.008017662199910847,0.01196307497440774,0.008724460260838951,0.00027972504770490403,0.0013749337588857546
7.122,0.005072331538064523,0.00801432466708274,0.011962277148481526,0.00872387649649542,0.00027934157397146997,0.0013739048631637996
7.1240000000000006,0.005070031174162493,0.00801098852340143,0.011961479375405482,0.008723292771498414,0.0002789586259346333,0.0013728767373890616
7.126,0.005067731853500845,0.008007653768288714,0.011960681655176275,0.00872270908584527,0.0002785762028738592,0.001371849380985335
7.128,0.005065433575606626,0.008004320401166831,0.011959883987790798,0.008722125439533324,0.00027819430406927914,0.00137082279337708
7.13,0.005063136340006658,0.008000988421458244,0.01195908637324572,0.00872154183255991,0.00027781292880235675,0.0013697969739887572
7.132000000000001,0.005060840146228429,0.007997657828585636,0.011958288811537932,0.00872095826492214,0.0002774320763552218,0.001368771922245493
7.134,0.00505854499379943,0.007994328621971913,0.01195749130266388,0.008720374736617353,0.0002770517460113364,0.0013677476375730802
7.136,0.005056250882247371,0.007991000801040204,0.01195669384662068,0.008719791247642883,0.00027667193705482873,0.0013667241193973112
7.138,0.005053957811100185,0.00798767436521386,0.011955896443404779,0.008719207797996065,0.0002762926487711592,0.001365701367144645
7.140000000000001,0.005051665779886028,0.00798434931391645,0.011955099093013066,0.008718624387674012,0.00027591388044623244,0.0013646793802417623
7.142,0.005049374788133498,0.007981025646571771,0.011954301795442435,0.00871804101667406,0.00027553563136750725,0.00136365815811601
7.144,0.005047084835370974,0.00797770336260406,0.011953504550689331,0.008717457684993546,0.00027515790082310865,0.0013626377001951795
7.146,0.005044795921127276,0.007974382461437557,0.011952707358750647,0.008716874392629581,0.0002747806881020498,0.0013616180059075056
7.148000000000001,0.0050425080449314486,0.00797106294249672,0.011951910219623274,0.008716291139579724,0.0002744039924946762,0.0013605990746812235
7.15,0.005040221206312756,0.007967744805206678,0.011951113133303881,0.008715707925841087,0.0002740278132917773,0.0013595809059456787
7.152,0.005037935404800464,0.007964428048992334,0.011950316099789138,0.008715124751410785,0.00027365214978569696,0.0013585634991299944
7.154,0.005035650639924505,0.007961112673278814,0.011949519119075935,0.008714541616286375,0.0002732770012694452,0.0013575468536641822
7.156000000000001,0.005033366911214587,0.007957798677491912,0.011948722191160943,0.00871395852046497,0.00027290236703692017,0.0013565309689784755
7.158,0.005031084218200865,0.007954486061057198,0.01194792531604083,0.008713375463943906,0.0002725282463831302,0.00135551584450333
7.16,0.005028802560413714,0.007951174823400686,0.011947128493712489,0.008712792446720519,0.000272154638604194,0.0013545014796700894
7.162,0.00502652193738351,0.007947864963948836,0.011946331724172587,0.008712209468792143,0.00027178154299689616,0.0013534878739103195
7.164000000000001,0.0050242423486410726,0.007944556482127885,0.011945535007417796,0.008711626530155892,0.00027140895885913174,0.0013524750266560304
7.166,0.005021963793717221,0.007941249377364734,0.011944738343445005,0.008711043630809101,0.00027103688548968385,0.0013514629373394538
7.168,0.00501968627214322,0.007937943649086288,0.011943941732250885,0.008710460770749107,0.00027066532218844586,0.0013504516053934879
7.17,0.005017409783450333,0.00793463929671967,0.011943145173832326,0.008709877949973022,0.00027029426825597724,0.0013494410302512527
7.172,0.0050151343271702675,0.00793133631969245,0.011942348668185998,0.008709295168478404,0.0002699237229941698,0.0013484312113465347
7.174,0.005012859902834732,0.007928034717432197,0.01194155221530857,0.008708712426262366,0.00026955368570558136,0.001347422148113342
7.176,0.005010586509975656,0.007924734489366703,0.011940755815196935,0.008708129723322022,0.00026918415569410215,0.001346413839986349
7.178,0.0050083141481254145,0.007921435634924423,0.01193995946784776,0.00870754705965493,0.0002688151322640664,0.0013454062864004523
7.18,0.005006042816816381,0.007918138153533594,0.011939163173257716,0.008706964435258202,0.0002684466147211406,0.0013443994867907705
7.182,0.005003772515581151,0.007914842044622894,0.011938366931423694,0.008706381850129175,0.0002680786023716575,0.0013433934405933101
7.184,0.005001503243952543,0.007911547307621003,0.011937570742342363,0.008705799304265183,0.0002677110945232819,0.0013423881472443
7.186,0.00499923500146382,0.007908253941957266,0.011936774606010614,0.008705216797663562,0.00026734409048434493,0.001341383606180191
7.188,0.004996967787648021,0.007904961947060807,0.011935978522425117,0.008704634330321426,0.0002669775895640658,0.0013403798168383219
7.19,0.0049947016020386314,0.007901671322361414,0.011935182491582541,0.00870405190223611,0.000266611591072774,0.0013393767786558097
7.192,0.004992436444169579,0.007898382067288878,0.011934386513479778,0.008703469513404949,0.0002662460943216871,0.0013383744910708817
7.194,0.00499017231357457,0.00789509418127321,0.011933590588113496,0.00870288716382528,0.00026588109862313303,0.0013373729535215428
7.196,0.004987909209787755,0.007891807663744643,0.011932794715480588,0.008702304853494214,0.00026551660329010573,0.0013363721654466865
7.198,0.004985647132343507,0.007888522514133633,0.0119319988955775,0.00870172258240931,0.00026515260763670945,0.001335372126285428
7.2,0.00498338608077642,0.00788523873187108,0.011931203128401346,0.008701140350567682,0.00026478911097793656,0.0013343728354773265
7.202,0.00498112605462131,0.007881956316387884,0.011930407413948574,0.008700558157966443,0.00026442611262966764,0.001333374292462386
7.204,0.004978867053412994,0.007878675267115387,0.011929611752216074,0.00869997600460315,0.0002640636119088935,0.0013323764966810536
7.206,0.004976609076686511,0.007875395583485156,0.011928816143200516,0.008699393890474916,0.00026370160813327104,0.0013313794475739993
7.208,0.004974352123977566,0.007872117264928757,0.011928020586898791,0.008698811815579077,0.0002633401006217895,0.0013303831445827807
7.21,0.00497209619482164,0.007868840310877978,0.011927225083307569,0.00869822977991297,0.0002629790886938821,0.0013293875871487337
7.212,0.00496984128875444,0.007865564720765272,0.01192642963242374,0.008697647783473927,0.00026261857167031444,0.0013283927747140822
7.214,0.004967587405312113,0.007862290494022872,0.011925634234243976,0.008697065826259065,0.0002622585488725182,0.0013273987067212722
7.216,0.004965334544030808,0.007859017630083676,0.011924838888764944,0.008696483908265717,0.0002618990196230353,0.001326405382613416
7.218,0.004963082704446897,0.007855746128380359,0.011924043595983314,0.00869590202949122,0.0002615399832452958,0.0013254128018336253
7.22,0.0049608318860971945,0.007852475988346042,0.011923248355895977,0.008695320189932909,0.000261181439063618,0.0013244209638256788
7.222,0.004958582088518515,0.007849207209414288,0.011922453168499825,0.008694738389587897,0.0002608233864034304,0.0013234298680337986
7.224,0.004956333311247896,0.007845939791018441,0.011921658033791305,0.00869415662845352,0.0002604658245906055,0.0013224395139026512
7.226,0.004954085553822596,0.007842673732592509,0.011920862951767308,0.008693574906527113,0.0002601087529525703,0.0013214499008771252
7.228,0.004951838815780096,0.007839409033570499,0.011920067922424726,0.008692993223806011,0.0002597521708171957,0.001320461028402553
7.23,0.0049495930966581,0.007836145693386865,0.011919272945760229,0.008692411580287551,0.0002593960775132409,0.0013194728959249336
7.232,0.004947348395994533,0.007832883711475835,0.011918478021770484,0.008691829975968846,0.0002590404723707973,0.0013184855028902653
7.234,0.004945104713327542,0.00782962308727253,0.011917683150452163,0.00869124841084723,0.0002586853547206225,0.0013174988487454353
7.236,0.0049428620481954955,0.007826363820211624,0.011916888331802156,0.00869066688492004,0.0002583307238945842,0.0013165129329375524
7.238,0.004940620400136986,0.007823105909728678,0.011916093565817354,0.00869008539818461,0.0002579765792249944,0.0013155277549139477
7.24,0.004938379768690604,0.007819849355259034,0.011915298852494205,0.008689503950638056,0.00025762292004549714,0.0013145433141226182
7.242,0.004936140153395385,0.007816594156238255,0.011914504191829822,0.00868892254227771,0.0002572697456906248,0.001313559610011783
7.244,0.004933901553790365,0.007813340312102568,0.011913709583820653,0.00868834117310091,0.0002569170554957978,0.0013125766420301055
7.246,0.004931663969415023,0.007810087822287981,0.011912915028463589,0.008687759843104992,0.00025656484879710284,0.001311594409626915
7.248,0.004929427399808839,0.007806836686230945,0.011912120525755299,0.008687178552287289,0.0002562131249319588,0.001310612912251763
7.25,0.004927191844511736,0.0078035869033681315,0.011911326075692674,0.008686597300644916,0.00025586188323822867,0.0013096321493544227
7.252,0.004924957303063859,0.007800338473136437,0.011910531678272385,0.00868601608817543,0.0002555111230551077,0.001308652120385334
7.2540000000000004,0.004922723775005133,0.007797091394972977,0.0119097373334911,0.008685434914875945,0.0002551608437224573,0.0013076728247953806
7.256,0.0049204912598761474,0.007793845668315091,0.01190894304134571,0.008684853780743573,0.000254811044581027,0.001306694262035668
7.258,0.004918259757217491,0.007790601292600341,0.011908148801832885,0.008684272685775873,0.00025446172497245456,0.0013057164315577463
7.26,0.004916029266569977,0.007787358267266731,0.011907354614949295,0.008683691629969958,0.00025411288423948797,0.0013047393328138313
7.2620000000000005,0.0049137997874746375,0.007784116591752044,0.01190656048069183,0.008683110613323164,0.00025376452172576336,0.0013037629652561389
7.264,0.0049115713194727295,0.0077808762654947294,0.01190576639905716,0.008682529635832825,0.000253416636775583,0.0013027873283375513
7.266,0.0049093438621055085,0.007777637287933459,0.011904972370042177,0.008681948697496278,0.0002530692287341374,0.0013018124215113946
7.268,0.004907117414914897,0.007774399658506681,0.01190417839364355,0.008681367798310635,0.0002527222969477272,0.0013008382442312172
7.2700000000000005,0.004904891977442816,0.0077711633766535115,0.011903384469857947,0.008680786938273455,0.00025237584076354125,0.0012998647959512333
7.272,0.004902667549231188,0.007767928441813288,0.011902590598682261,0.00868020611738185,0.0002520298595296566,0.0012988920761258793
7.274,0.004900444129822379,0.007764694853425347,0.01190179678011316,0.008679625335633157,0.0002516843525948165,0.0012979200842098138
7.276,0.004898221718758755,0.00776146261092947,0.011901003014147538,0.00867904459302471,0.0002513393193088742,0.0012969488196585832
7.2780000000000005,0.004896000315583127,0.00775823171376544,0.01190020930078206,0.008678463889553623,0.00025099475902234936,0.0012959782819277343
7.28,0.004893779919838526,0.007755002161373481,0.0118994156400134,0.008677883225217231,0.0002506506710870937,0.0012950084704734799
7.282,0.004891560531067984,0.007751773953194041,0.011898622031838446,0.00867730260001287,0.00025030705485540317,0.0012940393847522547
7.284,0.004889342148814757,0.00774854708866779,0.011897828476253869,0.008676722013937876,0.0002499639096806838,0.0012930710242211596
7.2860000000000005,0.004887124772622542,0.007745321567235397,0.011897034973256337,0.008676141466989584,0.00024962123491723,0.0012921033883372957
7.288,0.0048849084020348155,0.007742097388338198,0.011896241522842743,0.00867556095916533,0.00024927902992000206,0.0012911364765584299
7.29,0.00488269303659572,0.007738874551417307,0.011895448125009755,0.008674980490462225,0.0002489372940450707,0.0012901702883427735
7.292,0.004880478675849398,0.007735653055914282,0.011894654779754266,0.008674400060877607,0.00024859602664939473,0.0012892048231487596
7.2940000000000005,0.004878265319340214,0.007732432901271125,0.011893861487072943,0.008673819670408811,0.00024825522709082115,0.0012882400804354877
7.296,0.004876052966612754,0.007729214086929614,0.011893068246962457,0.008673239319053172,0.0002479148947278631,0.001287276059662057
7.298,0.004873841617211605,0.007725996612332198,0.011892275059419477,0.008672659006807804,0.00024757502892014394,0.001286312760288455
7.3,0.00487163127068202,0.007722780476921098,0.011891481924441116,0.008672078733670263,0.00024723562902795315,0.0012853501817746693
7.3020000000000005,0.004869421926569029,0.0077195656801392065,0.011890688842023822,0.008671498499637664,0.00024689669441269047,0.0012843883235813536
7.304,0.004867213584417884,0.007716352221429634,0.011889895812164486,0.008670918304707342,0.0002465582244364217,0.0012834271851696055
7.306,0.004865006243774506,0.007713140100235272,0.011889102834859777,0.00867033814887641,0.000246220218462323,0.001282466766000745
7.308,0.004862799904184367,0.007709929315999675,0.011888309910106587,0.008669758032142427,0.0002458826758542365,0.0012815070655363137
7.3100000000000005,0.004860594565193832,0.007706719868166401,0.011887517037901363,0.008669177954502505,0.00024554559597689263,0.0012805480832387417
7.312,0.004858390226348819,0.007703511756179449,0.011886724218241218,0.008668597915954201,0.0002452089781959099,0.001279589818570459
7.314,0.004856186887195912,0.007700304979482819,0.011885931451122822,0.00866801791649463,0.0002448728218780172,0.001278632270994562
7.316,0.004853984547281698,0.007697099537520735,0.011885138736542844,0.008667437956120905,0.00024453712639038727,0.0012776754399743684
7.3180000000000005,0.004851783206152982,0.007693895429738085,0.011884346074497953,0.008666858034830582,0.0002442018911013033,0.0012767193249736408
7.32,0.004849582863356794,0.007690692655579312,0.011883553464985042,0.008666278152620777,0.0002438671153801586,0.0012757639254565856
7.322,0.004847383518440607,0.00768749121448975,0.011882760908000778,0.008665698309489045,0.0002435327985965685,0.001274809240887631
7.324,0.004845185170951671,0.007684291105914509,0.011881968403542054,0.0086651185054325,0.00024319894012170273,0.0012738552707320938
7.3260000000000005,0.004842987820437683,0.007681092329299144,0.011881175951605538,0.00866453874044848,0.00024286553932717503,0.0012729020144550685
7.328,0.004840791466446337,0.007677894884089209,0.011880383552187901,0.008663959014534317,0.00024253259558548734,0.0012719494715225377
7.33,0.004838596108525994,0.007674698769730703,0.011879591205286033,0.008663379327687126,0.0002422001082700298,0.0012709976414007063
7.332,0.004836401746224794,0.0076715039856700695,0.011878798910896604,0.008662799679904243,0.0002418680767550807,0.001270046523556001
7.3340000000000005,0.004834208379091098,0.007668310531353528,0.011878006669016283,0.008662220071183224,0.0002415365004160286,0.0012690961174555149
7.336,0.004832016006673712,0.007665118406227522,0.011877214479641962,0.008661640501521184,0.00024120537862870606,0.0012681464225665628
7.338,0.00482982462852144,0.007661927609739161,0.011876422342770532,0.008661060970915235,0.00024087471077005596,0.001267197438356904
7.34,0.004827634244183532,0.007658738141335553,0.01187563025839844,0.008660481479362936,0.00024054449621768725,0.0012662491642947415
7.3420000000000005,0.0048254448532092376,0.007655550000464029,0.011874838226522577,0.008659902026861621,0.00024021473435031915,0.0012653015998487227
7.344,0.004823256455147806,0.007652363186572142,0.011874046247139836,0.008659322613408404,0.00023988542454733697,0.0012643547444877168
7.346,0.004821069049549154,0.007649177699107668,0.011873254320246884,0.008658743239000621,0.00023955656618901422,0.0012634085976812592
7.348,0.004818882635963195,0.007645993537518603,0.011872462445840393,0.008658163903635607,0.00023922815865629055,0.0012624631588991075
7.3500000000000005,0.004816697213940069,0.0076428107012531665,0.01187167062391703,0.008657584607310698,0.00023890020133143786,0.0012615184276112412
7.352,0.004814512783030134,0.0076396291897598,0.011870878854473688,0.008657005350023228,0.00023857269359717215,0.001260574403288306
7.354,0.00481232934278375,0.007636449002487389,0.011870087137507257,0.008656426131770312,0.0002382456348370976,0.0012596310854013915
7.356,0.004810146892751721,0.007633270138884818,0.011869295473014185,0.008655846952549284,0.00023791902443570656,0.0012586884734218096
7.3580000000000005,0.004807965432484851,0.007630092598401195,0.011868503860991586,0.008655267812357481,0.00023759286177837957,0.0012577465668213161
7.36,0.004805784961534387,0.007626916380485849,0.011867712301435906,0.008654688711192238,0.00023726714625138534,0.0012568053650718891
7.362,0.0048036054794518,0.007623741484588553,0.011866920794344038,0.00865410964905089,0.00023694187724165872,0.0012558648676461726
7.364,0.004801426985788559,0.007620567910159082,0.01186612933971265,0.008653530625930772,0.00023661705413724476,0.0012549250740172546
7.3660000000000005,0.004799249480096135,0.007617395656647652,0.011865337937538634,0.008652951641828999,0.00023629267632663264,0.0012539859836582234
7.368,0.004797072961926663,0.007614224723504481,0.011864546587818658,0.008652372696742905,0.00023596874319964378,0.0012530475960430554
7.37,0.004794897430832501,0.0076110551101800095,0.011863755290549394,0.008651793790670048,0.0002356452541465437,0.0012521099106457267
7.372,0.004792722886365786,0.00760788681612512,0.01186296404572773,0.008651214923607542,0.00023532220855848607,0.001251172926940658
7.3740000000000006,0.004790549328079097,0.007604719840790919,0.011862172853350339,0.0086506360955525,0.00023499960582751278,0.0012502366444029356
7.376,0.0047883767555250145,0.007601554183628512,0.01186138171341411,0.008650057306502479,0.00023467744534677593,0.0012493010625076462
7.378,0.004786205168256785,0.007598389844089448,0.011860590625915712,0.008649478556454815,0.00023435572650964964,0.0012483661807307644
7.38,0.004784034565827433,0.007595226821625278,0.011859799590851816,0.008648899845406621,0.00023403444871106238,0.001247431998548043
7.382000000000001,0.004781864947790426,0.007592065115687996,0.011859008608219312,0.008648321173355233,0.00023371361134616464,0.001246498515436123
7.384,0.004779696313699233,0.007588904725729595,0.01185821767801487,0.008647742540297987,0.00023339321381121714,0.001245565730872089
7.386,0.004777528663107544,0.0075857456512027355,0.01185742680023516,0.008647163946232217,0.00023307325550336877,0.0012446336443330264
7.388,0.004775361995569494,0.007582587891559633,0.011856635974877072,0.00864658539115526,0.00023275373582043457,0.0012437022552964638
7.390000000000001,0.004773196310639216,0.007579431446253393,0.011855845201937276,0.008646006875064227,0.00023243465416111775,0.0012427715632405967
7.392,0.004771031607871068,0.007576276314737118,0.011855054481412663,0.008645428397956456,0.00023211600992478765,0.0012418415676438421
7.394,0.004768867886819628,0.007573122496463913,0.011854263813299903,0.008644849959829504,0.00023179780251192383,0.0012409122679848394
7.396,0.004766705147039696,0.007569969990887326,0.011853473197595665,0.008644271560680483,0.000231480031323672,0.001239983663742894
7.398000000000001,0.004764543388086073,0.007566818797461128,0.01185268263429684,0.00864369320050673,0.00023116269576206605,0.0012390557543977554
7.4,0.004762382609514226,0.007563668915639088,0.011851892123400098,0.008643114879305358,0.00023084579523002802,0.001238128539429395
7.402,0.0047602228108794,0.007560520344875643,0.01185110166490233,0.008642536597073924,0.00023052932913092405,0.0012372020183180066
7.404,0.0047580639917372824,0.00755737308462523,0.011850311258800206,0.008641958353809542,0.00023021329686945258,0.0012362761905444497
7.406000000000001,0.004755906151643563,0.007554227134342284,0.011849520905090394,0.00864138014950977,0.0002298976978507561,0.0012353510555900282
7.408,0.004753749290154152,0.007551082493481687,0.011848730603769786,0.00864080198417172,0.00022958253148086527,0.001234426612936046
7.41,0.004751593406825405,0.007547939161498762,0.011847940354835051,0.008640223857792728,0.00022926779716669898,0.0012335028620646948
7.412,0.004749438501213676,0.007544797137848613,0.01184715015828286,0.00863964577037013,0.00022895349431606427,0.001232579802458167
7.414000000000001,0.004747284572875543,0.007541656421987009,0.011846360014110102,0.008639067721901261,0.0002286396223374343,0.0012316574335990982
7.416,0.004745131621367804,0.0075385170133694945,0.011845569922313448,0.008638489712383235,0.00022832618063994836,0.001230735754970791
7.418,0.0047429796462474805,0.007535378911452284,0.011844779882889789,0.008637911741813609,0.000228013168633856,0.0012298147660565473
7.42,0.004740828647071815,0.007532242115691368,0.011843989895835794,0.008637333810189496,0.00022770058573029495,0.0012288944663403356
7.422000000000001,0.004738678623398052,0.0075291066255434025,0.011843199961148132,0.008636755917508232,0.00022738843134084696,0.0012279748553063463
7.424,0.0047365295747838765,0.007525972440464823,0.011842410078823695,0.008636178063767153,0.00022707670487798204,0.0012270559324392138
7.426,0.004734381500786977,0.007522839559912731,0.011841620248859153,0.008635600248963593,0.00022676540575528037,0.0012261376972240168
7.428,0.004732234400965485,0.007519707983344226,0.011840830471251396,0.008635022473094889,0.00022645453338676624,0.0012252201491460557
7.43,0.004730088274877753,0.007516577710216632,0.011840040745997094,0.008634444736158153,0.00022614408718757417,0.0012243032876912974
7.432,0.004727943122081912,0.007513448739987716,0.011839251073092916,0.008633867038150944,0.00022583406657328275,0.0012233871123457085
7.434,0.004725798942136761,0.007510321072115023,0.011838461452535753,0.008633289379070375,0.00022552447096058081,0.001222471622596144
7.436,0.004723655734600873,0.007507194706056763,0.011837671884322276,0.00863271175891378,0.0002252152997668233,0.0012215568179292369
7.438,0.004721513499033492,0.007504069641271149,0.011836882368449375,0.008632134177678497,0.00022490655241003132,0.001220642697832508
7.44,0.004719372234993635,0.007500945877216614,0.01183609290491372,0.008631556635361859,0.00022459822830933618,0.0012197292617937006
7.442,0.004717231942040767,0.007497823413352034,0.01183530349371198,0.008630979131961203,0.00022429032688453532,0.0012188165093010017
7.444,0.004715092619734573,0.007494702249136287,0.011834514134840823,0.008630401667473642,0.00022398284755609232,0.0012179044398425987
7.446,0.004712954267634739,0.007491582384028472,0.011833724828297365,0.008629824241896733,0.000223675789745581,0.0012169930529075668
7.448,0.004710816885301394,0.0074884638174879115,0.011832935574078052,0.00862924685522759,0.00022336915287501924,0.0012160823479852034
7.45,0.0047086804722946685,0.007485346548974148,0.011832146372179775,0.008628669507463771,0.00022306293636731311,0.001215172324565028
7.452,0.004706545028174913,0.007482230577947169,0.011831357222599204,0.008628092198602388,0.00022275713964603483,0.0012142629821372264
7.454,0.0047044105525027025,0.007479115903867184,0.01183056812533323,0.008627514928640778,0.00022245176213586682,0.0012133543201919839
7.456,0.004702277044839054,0.007476002526194181,0.011829779080378522,0.008626937697576276,0.00022214680326215763,0.0012124463382201522
7.458,0.004700144504744763,0.007472890444388813,0.01182899008773175,0.008626360505405994,0.00022184226245114402,0.0012115390357128053
7.46,0.00469801293178107,0.007469779657911957,0.011828201147389805,0.008625783352127492,0.00022153813912950682,0.001210632412161683
7.462,0.004695882325509437,0.007466670166224265,0.011827412259349357,0.008625206237737881,0.00022123443272503707,0.001209726467058525
7.464,0.004693752685491326,0.007463561968787058,0.011826623423607296,0.00862462916223472,0.00022093114266596992,0.0012088211998957377
7.466,0.004691624011288642,0.007460455065061877,0.011825834640160293,0.008624052125615123,0.00022062826838165073,0.0012079166101659489
7.468,0.004689496302463292,0.007457349454510265,0.011825045909005016,0.008623475127876423,0.00022032580930231305,0.0012070126973622308
7.47,0.004687369558577625,0.007454245136593984,0.011824257230138357,0.008622898169015958,0.0002200237648586345,0.0012061094609780998
7.472,0.004685243779193993,0.007451142110775244,0.011823468603556986,0.008622321249031062,0.00021972213448218092,0.001205206900507294
7.474,0.004683118963874744,0.007448040376516252,0.01182268002925757,0.00862174436791907,0.00021942091760518423,0.001204305015443996
7.476,0.004680995112182895,0.0074449399332796595,0.011821891507237003,0.008621167525677098,0.0002191201136609866,0.0012034038052828322
7.478,0.004678872223681463,0.0074418407805281195,0.011821103037491953,0.008620590722302701,0.0002188197220833743,0.001202503269518873
7.48,0.004676750297933463,0.007438742917724506,0.011820314620019312,0.008620013957792994,0.0002185197423072438,0.0012016034076471893
7.482,0.004674629334502356,0.007435646344332136,0.011819526254815749,0.00861943723214531,0.00021822017376771363,0.0012007042191637396
7.484,0.004672509332951824,0.00743255105981433,0.011818737941878155,0.00861886054535721,0.00021792101590145663,0.0011998057035644827
7.486,0.00467039029284555,0.007429457063634848,0.0118179496812032,0.008618283897425805,0.00021762226814514563,0.0011989078603458214
7.488,0.0046682722137474375,0.007426364355257675,0.011817161472787552,0.00861770728834843,0.00021732392993678573,0.0011980106890046027
7.49,0.004666155095221836,0.007423272934146574,0.011816373316628104,0.008617130718122201,0.00021702600071482614,0.0011971141890381176
7.492,0.0046640389368328705,0.007420182799766195,0.011815585212721524,0.008616554186744674,0.00021672847991860422,0.0011962183599441012
7.494,0.004661923738145335,0.007417093951580966,0.011814797161064483,0.008615977694213184,0.00021643136698834553,0.0011953232012202886
7.496,0.004659809498723799,0.0074140063890555385,0.011814009161653871,0.008615401240524845,0.0002161346613647197,0.001194428712365081
7.498,0.0046576962181335,0.007410920111655006,0.011813221214486358,0.008614824825676992,0.0002158383624895066,0.0011935348928773237
7.5,0.00465558389593923,0.0074078351188444636,0.011812433319558835,0.008614248449667183,0.0002155424698049302,0.0011926417422558622
7.502,0.0046534725317066705,0.0074047514100892275,0.011811645476867971,0.008613672112492532,0.00021524698275432463,0.0011917492600004298
7.5040000000000004,0.004651362125001279,0.007401668984855281,0.011810857686410436,0.008613095814150373,0.0002149519007814682,0.0011908574456107601
7.506,0.0046492526753887375,0.007398587842608162,0.011810069948183122,0.008612519554638043,0.00021465722333124937,0.0011899662985870307
7.508,0.004647144182434948,0.007395507982814298,0.011809282262182696,0.008611943333952876,0.00021436294984900073,0.0011890758184298633
7.51,0.0046450366457062575,0.007392429404939671,0.011808494628406052,0.008611367152091987,0.00021406907978094303,0.0011881860046403236
7.5120000000000005,0.004642930064768791,0.007389352108451153,0.011807707046849858,0.008610791009052932,0.00021377561257396316,0.0011872968567196995
7.514,0.004640824439189339,0.007386276092815169,0.011806919517510783,0.008610214904832825,0.00021348254767605823,0.0011864083741697229
7.516,0.004638719768534472,0.007383201357498814,0.01180613204038572,0.008609638839429223,0.0002131898845354474,0.0011855205564923477
7.518,0.004636616052371201,0.007380127901969402,0.011805344615471336,0.008609062812839241,0.00021289762260146006,0.001184633403190194
7.5200000000000005,0.00463451329026654,0.007377055725694248,0.011804557242764302,0.008608486825060213,0.0002126057613240917,0.0011837469137658818
7.522,0.004632411481787724,0.007373984828141111,0.011803769922261509,0.008607910876089475,0.000212314300154004,0.0011828610877229195
7.524,0.004630310626502432,0.007370915208777751,0.011802982653959848,0.008607334965924363,0.00021202323854274674,0.0011819759245645933
7.526,0.004628210723978565,0.00736784686707237,0.011802195437855767,0.00860675909456221,0.00021173257594275796,0.0011810914237950776
7.5280000000000005,0.004626111773783803,0.007364779802493171,0.011801408273946379,0.008606183262000355,0.00021144231180691975,0.0011802075849185467
7.53,0.004624013775486269,0.007361714014508802,0.011800621162228131,0.008605607468236132,0.00021115244558900237,0.0011793244074396192
7.532,0.004621916728654307,0.007358649502587911,0.011799834102697915,0.008605031713266653,0.00021086297674344223,0.0011784418908635796
7.534,0.004619820632856264,0.007355586266199365,0.0117990470953524,0.008604455997089477,0.00021057390472534188,0.0011775600346957127
7.5360000000000005,0.004617725487661151,0.00735252430481248,0.011798260140188477,0.008603880319701718,0.00021028522899091406,0.001176678838441969
7.538,0.004615631292637534,0.00734946361789679,0.011797473237202816,0.00860330468110071,0.00020999694899681565,0.0011757983016082996
7.54,0.004613538047354648,0.007346404204921608,0.011796686386392308,0.00860272908128401,0.00020970906420059165,0.001174918423701321
7.542,0.004611445751381726,0.007343346065357137,0.011795899587753622,0.008602153520248734,0.0002094215740606753,0.0011740392042280945
7.5440000000000005,0.004609354404288446,0.007340289198673355,0.011795112841283428,0.008601577997992216,0.00020913447803572183,0.0011731606426956809
7.546,0.004607264005644263,0.007337233604340465,0.011794326146978618,0.00860100251451179,0.00020884777558549672,0.0011722827386118073
7.548,0.004605174555019076,0.00733417928182889,0.01179353950483586,0.008600427069804795,0.00020856146617065363,0.001171405491484645
7.55,0.0046030860519830075,0.007331126230609719,0.011792752914851823,0.008599851663868341,0.0002082755492522903,0.0011705289008223652
7.5520000000000005,0.004600998496106401,0.007328074450153599,0.0117919663770234,0.008599276296699987,0.00020799002429217062,0.001169652966133805
7.554,0.0045989118869596,0.007325023939931841,0.011791179891347259,0.008598700968296846,0.00020770489075316867,0.0011687776869280242
7.556,0.004596826224113171,0.007321974699415756,0.011790393457820292,0.008598125678656476,0.00020742014809860265,0.001167903062714748
7.558,0.004594741507138123,0.007318926728077102,0.011789607076439168,0.00859755042777599,0.00020713579579267893,0.00116702909300348
7.5600000000000005,0.004592657735605465,0.007315880025387633,0.011788820747200779,0.008596975215652947,0.00020685183330027002,0.0011661557773046116
7.562,0.004590574909086209,0.007312834590819328,0.011788034470101572,0.008596400042284458,0.00020656826008691453,0.0011652831151287568
7.564,0.00458849302715203,0.007309790423844609,0.01178724824513866,0.00859582490766786,0.0002062850756190393,0.0011644111059869733
7.566,0.004586412089374603,0.007306747523935897,0.01178646207230849,0.008595249811800487,0.00020600227936373727,0.0011635397493903188
7.5680000000000005,0.004584332095325605,0.007303705890565837,0.011785675951607955,0.008594674754679676,0.00020571987078876752,0.0011626690448505173
7.57,0.004582253044576934,0.007300665523207517,0.011784889883033944,0.008594099736302763,0.00020543784936255527,0.0011617989918797367
7.572,0.0045801749367009315,0.007297626421334025,0.011784103866583129,0.008593524756667081,0.00020515621455463595,0.001160929589990367
7.574,0.00457809777126994,0.007294588584418671,0.011783317902252177,0.008592949815769968,0.00020487496583476705,0.0011600608386952427
7.5760000000000005,0.004576021547856524,0.0072915520119349875,0.011782531990037981,0.008592374913608536,0.00020459410267381628,0.0011591927375074196
7.578,0.0045739462660336905,0.007288516703356951,0.01178174612993721,0.008591800050180343,0.00020431362454309543,0.001158325285940398
7.58,0.004571871925374227,0.0072854826581585375,0.011780960321946532,0.008591225225482502,0.00020403353091502652,0.0011574584835081225
7.582,0.004569798525451363,0.0072824498758139455,0.01178017456606284,0.00859065043951257,0.0002037538212622536,0.0011565923297247593
7.5840000000000005,0.004567726065838329,0.007279418355797818,0.011779388862282802,0.008590075692267662,0.000203474495058531,0.001155726824104919
7.586,0.004565654546108799,0.007276388097584796,0.011778603210603311,0.008589500983745113,0.00020319555177805704,0.001154861966163656
7.588,0.004563583965836671,0.0072733591006495235,0.011777817611021035,0.00858892631394248,0.0002029169908959183,0.0011539977554162473
7.59,0.004561514324595617,0.007270331364467308,0.011777032063532866,0.008588351682856876,0.00020263881188808952,0.0011531341913784132
7.5920000000000005,0.004559445621959979,0.0072673048885136815,0.011776246568135473,0.008587777090485638,0.00020236101423076747,0.0011522712735660967
7.594,0.004557377857504097,0.007264279672263951,0.011775461124825526,0.0085872025368261,0.00020208359740148119,0.0011514090014956846
7.596,0.0045553110308023115,0.007261255715193871,0.011774675733599915,0.008586628021875597,0.00020180656087798177,0.0011505473746842299
7.598,0.004553245141429407,0.007258233016779636,0.01177389039445531,0.008586053545631245,0.00020152990413890848,0.0011496863926485634
7.6000000000000005,0.004551180188960391,0.0072552115764972225,0.011773105107388382,0.008585479108090599,0.00020125362666356672,0.0011488260549064044
7.602,0.004549116172970269,0.007252191393823271,0.01177231987239602,0.008584904709250996,0.00020097772793215007,0.001147966360975472
7.604,0.004547053093034492,0.007249172468234422,0.011771534689474894,0.00858433034910977,0.00020070220742551825,0.0011471073103739293
7.606,0.004544990948728289,0.007246154799207316,0.011770749558621896,0.008583756027664036,0.00020042706462497506,0.0011462489026203837
7.6080000000000005,0.004542929739627555,0.007243138386219261,0.011769964479833694,0.00858318174491135,0.00020015229901293452,0.0011453911372338865
7.61,0.004540869465308184,0.007240123228747564,0.01176917945310696,0.008582607500848827,0.00019987791007225475,0.0011445340137337112
7.612,0.004538810125346071,0.007237109326269531,0.011768394478438582,0.008582033295474023,0.00019960389728646,0.0011436775316395753
7.614,0.0045367517193175555,0.0072340966782631355,0.011767609555825453,0.008581459128784052,0.0001993302601399627,0.0011428216904714183
7.6160000000000005,0.004534694246799198,0.007231085284206351,0.011766824685264021,0.00858088500077625,0.0001990569981178414,0.001141966489749624
7.618,0.0045326377073675594,0.007228075143577151,0.011766039866751399,0.008580310911447953,0.0001987841107058408,0.00114111192899502
7.62,0.004530582100599423,0.007225066255853951,0.011765255100284033,0.008579736860796494,0.00019851159739037172,0.0011402580077284341
7.622,0.004528527426071793,0.0072220586205153925,0.011764470385858816,0.00857916284881921,0.00019823945765851114,0.0011394047254715822
7.6240000000000006,0.00452647368336212,0.007219052237040335,0.011763685723472417,0.00857858887551366,0.0001979676909982242,0.0011385520817461803
7.626,0.00452442087204763,0.007216047104907863,0.011762901113121726,0.008578014940876733,0.00019769629689814217,0.0011377000760743883
7.628,0.004522368991705772,0.007213043223597282,0.011762116554803415,0.008577441044905987,0.00019742527484756245,0.0011368487079788103
7.63,0.004520318041914662,0.007210040592587896,0.011761332048514372,0.008576867187598758,0.00019715462433622655,0.0011359979769822726
7.632000000000001,0.00451826802225197,0.007207039211359456,0.01176054759425127,0.008576293368952381,0.00019688434485498618,0.0011351478826080452
7.634,0.0045162189322960344,0.007204039079391933,0.011759763192010775,0.008575719588964192,0.00019661443589513716,0.0011342984243798426
7.636,0.004514170771625414,0.007201040196165298,0.01175897884178978,0.008575145847631305,0.00019634489694886348,0.001133449601821379
7.638,0.004512123539818447,0.0071980425611599674,0.011758194543584954,0.008574572144951276,0.0001960757275087932,0.0011326014144572571
7.640000000000001,0.004510077236453913,0.0071950461738565785,0.011757410297392967,0.008573998480921441,0.00019580692706822056,0.0011317538618118572
7.642,0.004508031861110817,0.007192051033735769,0.01175662610321071,0.008573424855538914,0.00019553849512154997,0.001130906943410448
7.644,0.004505987413368162,0.007189057140278621,0.011755841961035074,0.008572851268801251,0.00019527043116362996,0.001130060658778298
7.646,0.004503943892805395,0.007186064492966215,0.011755057870862506,0.008572277720705568,0.00019500273468975315,0.00112921500744112
7.648000000000001,0.004501901299001965,0.007183073091280079,0.01175427383269012,0.008571704211249198,0.00019473540519632238,0.0011283699889248489
7.65,0.004499859631537539,0.007180082934701959,0.011753489846514364,0.0085711307404297,0.00019446844218018455,0.0011275256027560854
7.652,0.004497818889992011,0.007177094022713604,0.011752705912332129,0.008570557308244187,0.0001942018451390748,0.0011266818484616525
7.654,0.004495779073945494,0.007174106354796983,0.011751922030140305,0.008569983914689994,0.00019393561357117228,0.0011258387255688174
7.656000000000001,0.004493740182978323,0.007171119930434511,0.011751138199935562,0.008569410559764457,0.0001936697469755444,0.001124996233604847
7.658,0.004491702216671056,0.007168134749108601,0.01175035442171457,0.008568837243465133,0.0001934042448517026,0.0011241543720978964
7.66,0.0044896651746042515,0.00716515081030189,0.011749570695473999,0.008568263965789136,0.00019313910670004653,0.001123313140575899
7.662,0.0044876290563586885,0.007162168113497458,0.011748787021210738,0.008567690726733801,0.00019287433202164195,0.0011224725385674539
7.664000000000001,0.004485593861515369,0.007159186658178385,0.01174800339892168,0.008567117526296464,0.00019260992031822077,0.0011216325656016046
7.666,0.004483559589655739,0.007156206443827973,0.011747219828603495,0.00856654436447446,0.00019234587109218104,0.0011207932212076166
7.668,0.004481526240361022,0.007153227469929968,0.01174643631025285,0.008565971241265125,0.00019208218384680897,0.0011199545049149773
7.67,0.004479493813212887,0.007150249735967895,0.011745652843866639,0.008565398156665571,0.00019181885808561283,0.0011191164162538403
7.672000000000001,0.004477462307793001,0.007147273241425944,0.011744869429441529,0.008564825110673357,0.0001915558933132111,0.0011182789547543592
7.674,0.004475431723683476,0.007144297985788306,0.011744086066974191,0.008564252103285819,0.00019129328903466636,0.0011174421199473539
7.676,0.004473402060466647,0.0071413239685393926,0.011743302756461516,0.00856367913450029,0.0001910310447557073,0.001116605911363866
7.678,0.004471373317724625,0.0071383511891638385,0.011742519497900172,0.008563106204314108,0.00019076915998295085,0.0011157703285351595
7.68,0.004469345495040189,0.0071353796471465,0.011741736291287053,0.008562533312724385,0.00019050763422345796,0.0011149353709929422
7.682,0.004467318591995895,0.007132409341972457,0.011740953136618826,0.00856196045972868,0.00019024646698495573,0.0011141010382693661
7.684,0.004465292608174742,0.007129440273127008,0.011740170033892383,0.008561387645324325,0.00018998565777605947,0.0011132673298970275
7.686,0.004463267543159732,0.007126472440095677,0.011739386983104394,0.008560814869508437,0.0001897252061060506,0.0011124342454085223
7.688,0.004461243396534309,0.007123505842364208,0.011738603984251528,0.008560242132278573,0.00018946511148487666,0.0011116017843371129
7.69,0.004459220167882139,0.007120540479418569,0.011737821037330676,0.008559669433631845,0.00018920537342270727,0.0011107699462160614
7.692,0.0044571978567866655,0.007117576350744725,0.011737038142338507,0.00855909677356581,0.0001889459914310443,0.0011099387305792963
7.694,0.004455176462831778,0.0071146134558290886,0.011736255299271914,0.008558524152077585,0.00018868696502161164,0.00110910813696119
7.696,0.004453155985601587,0.007111651794158291,0.011735472508127565,0.008557951569164723,0.0001884282937070214,0.0011082781648961149
7.698,0.004451136424680424,0.0071086913652191885,0.011734689768902129,0.008557379024824341,0.00018816997700055182,0.0011074488139188876
7.7,0.004449117779652623,0.007105732168498635,0.011733907081592498,0.008556806519053772,0.0001879120144159252,0.0011066200835647688
7.702,0.004447100050102959,0.00710277420348393,0.011733124446195342,0.008556234051850575,0.00018765440546775203,0.0011057919733692412
7.704,0.0044450832356162095,0.007099817469662373,0.011732341862707552,0.008555661623211863,0.00018739714967130894,0.0011049644828684535
7.706,0.004443067335777151,0.007096861966521706,0.011731559331125796,0.008555089233134971,0.00018714024654231665,0.0011041376115985546
7.708,0.004441052350171226,0.007093907693549895,0.011730776851446967,0.008554516881617458,0.0001868836955976061,0.0011033113590961374
7.71,0.004439038278383878,0.007090954650234904,0.011729994423667733,0.008553944568656435,0.00018662749635400822,0.001102485724898239
7.712,0.004437025120000548,0.007088002836064922,0.011729212047784765,0.00855337229424924,0.00018637164832968622,0.0011016607085421182
7.714,0.004435012874606903,0.0070850522505285785,0.011728429723794953,0.008552800058393206,0.00018611615104302537,0.0011008363095652562
7.716,0.00443300154178905,0.007082102893114506,0.011727647451694967,0.008552227861085893,0.00018586100401307704,0.0011000125275058004
7.718,0.004430991121133099,0.007079154763311557,0.011726865231481476,0.008551655702324412,0.0001856062067597808,0.0010991893619021198
7.72,0.00442898161222538,0.0070762078606088075,0.011726083063151371,0.0085510835821061,0.00018535175880374233,0.001098366812293028
7.722,0.004426973014652225,0.007073262184495777,0.011725300946701545,0.008550511500428293,0.00018509765966601144,0.001097544878217338
7.724,0.00442496532800063,0.007070317734461984,0.011724518882128443,0.008549939457288325,0.00018484390886852609,0.0010967235592145297
7.726,0.00442295855185737,0.007067374509997171,0.01172373686942918,0.008549367452683532,0.00018459050593366833,0.0010959028548243044
7.728,0.004420952685809443,0.007064432510591301,0.011722954908600203,0.00854879548661125,0.00018433745038448635,0.0010950827645868078
7.73,0.004418947729444067,0.00706149173573456,0.011722172999638403,0.008548223559068813,0.0001840847417449165,0.0010942632880424075
7.732,0.004416943682348906,0.007058552184917355,0.011721391142540671,0.00854765167005378,0.00018383237953933929,0.0010934444247319153
7.734,0.004414940544111401,0.007055613857630316,0.011720609337303678,0.008547079819563264,0.0001835803632925792,0.001092626174196365
7.736,0.004412938314319437,0.007052676753364295,0.011719827583924092,0.0085465080075946,0.0001833286925307931,0.0010918085359772345
7.738,0.004410936992561121,0.007049740871610366,0.011719045882398804,0.008545936234145124,0.00018307736678013775,0.0010909915096162237
7.74,0.0044089365784245604,0.007046806211859602,0.011718264232724485,0.008545364499212171,0.00018282638556765818,0.0010901750946556987
7.742,0.004406937071498085,0.007043872773603521,0.011717482634897802,0.008544792802793078,0.0001825757484210655,0.0010893592906378036
7.744,0.004404938471370468,0.007040940556333863,0.011716701088915649,0.008544221144885178,0.00018232545486851492,0.0010885440971055704
7.746,0.00440294077763026,0.007038009559542591,0.011715919594774915,0.008543649525485808,0.0001820755044392719,0.0010877295136020315
7.748,0.004400943989866457,0.007035079782721665,0.01171513815247227,0.008543077944592081,0.0001818258966628239,0.0010869155396708852
7.75,0.004398948107668277,0.007032151225363492,0.011714356762004385,0.008542506402201555,0.00018157663106932453,0.0010861021748558297
7.752,0.0043969531306249365,0.007029223886960478,0.011713575423367928,0.008541934898311565,0.0001813277071898156,0.0010852894187010076
7.7540000000000004,0.004394959058325876,0.007026297767005474,0.011712794136560012,0.008541363432919447,0.000181079124555783,0.0010844772707510053
7.756,0.004392965890360978,0.0070233728649913285,0.011712012901577085,0.008540792006022535,0.00018083088269937875,0.0010836657305508535
7.758,0.004390973626320127,0.007020449180411115,0.011711231718416037,0.008540220617618166,0.00018058298115364302,0.0010828547976455827
7.76,0.0043889822657932065,0.0070175267127583485,0.01171045058707354,0.008539649267703675,0.00018033541945183806,0.0010820444715806676
7.7620000000000005,0.004386991808370544,0.007014605461526546,0.011709669507546483,0.008539077956276397,0.0001800881971281143,0.0010812347519020271
7.764,0.004385002253642467,0.007011685426209668,0.011708888479831536,0.008538506683333669,0.0001798413137172883,0.001080425638156024
7.766,0.004383013601199748,0.007008766606301453,0.011708107503925591,0.008537935448872824,0.0001795947687548427,0.0010796171298892432
7.768,0.004381025850633158,0.007005849001296083,0.011707326579825317,0.0085373642528912,0.00017934856177670433,0.0010788092266484917
7.7700000000000005,0.004379039001533691,0.007002932610688184,0.011706545707527383,0.00853679309538613,0.00017910269231946607,0.0010780019279810205
7.772,0.004377053053492341,0.007000017433972383,0.01170576488702868,0.008536221976354952,0.00017885715992060902,0.0010771952334343027
7.774,0.0043750680061007685,0.006997103470643307,0.011704984118325878,0.008535650895795,0.00017861196411805835,0.0010763891425562555
7.776,0.004373083858950411,0.006994190720196025,0.011704203401415869,0.008535079853703609,0.00017836710445018333,0.0010755836548954623
7.7780000000000005,0.004371100611632928,0.006991279182126053,0.011703422736295321,0.008534508850078115,0.0001781225804562414,0.0010747787700002842
7.78,0.0043691182637402015,0.006988368855928684,0.011702642122961127,0.008533937884915854,0.00017787839167615616,0.0010739744874195267
7.782,0.004367136814864336,0.006985459741099431,0.011701861561409954,0.008533366958214161,0.00017763453765029524,0.0010731708067026613
7.784,0.00436515626459788,0.006982551837134476,0.011701081051638473,0.008532796069970372,0.00017739101791991452,0.0010723677273993815
7.7860000000000005,0.004363176612532937,0.006979645143529778,0.011700300593643576,0.008532225220181822,0.00017714783202649187,0.0010715652490593808
7.788,0.0043611978582625,0.006976739659781517,0.01169952018742193,0.008531654408845846,0.0001769049795126154,0.001070763371233019
7.79,0.004359220001379116,0.006973835385386318,0.011698739832970428,0.00853108363595978,0.0001766624599210953,0.0010699620934710996
7.792,0.004357243041476,0.006970932319841028,0.01169795953028574,0.008530512901520959,0.00017642027279562988,0.0010691614153244267
7.7940000000000005,0.004355266978146366,0.006968030462642494,0.011697179279364533,0.00852994220552672,0.00017617841768058362,0.001068361336344248
7.796,0.0043532918109834284,0.006965129813287785,0.011696399080203701,0.008529371547974396,0.00017593689412054303,0.0010675618560822553
7.798,0.004351317539580846,0.006962230371274414,0.011695618932799912,0.008528800928861324,0.00017569570166120485,0.0010667629740903628
7.8,0.004349344163532498,0.006959332136099672,0.011694838837150057,0.00852823034818484,0.00017545483984848786,0.0010659646899209285
7.8020000000000005,0.004347371682432266,0.006956435107261516,0.011694058793250806,0.008527659805942278,0.00017521430822919903,0.0010651670031267546
7.804,0.004345400095874252,0.006953539284257904,0.01169327880109905,0.008527089302130975,0.0001749741063505894,0.0010643699132606432
7.806,0.004343429403452781,0.006950644666587014,0.011692498860691458,0.008526518836748265,0.00017473423376079822,0.0010635734198758406
7.808,0.004341459604762399,0.0069477512537472474,0.0116917189720247,0.008525948409791484,0.00017449469000818674,0.0010627775225260372
7.8100000000000005,0.004339490699397652,0.006944859045237228,0.011690939135095668,0.008525378021257968,0.00017425547464222646,0.0010619822207651453
7.812,0.004337522686953532,0.0069419680405558015,0.011690159349901252,0.008524807671145052,0.00017401658721261093,0.0010611875141475213
7.814,0.004335555567025029,0.0069390782392020345,0.0116893796164379,0.008524237359450293,0.00017377802726969982,0.001060393402227966
7.816,0.0043335893392075775,0.0069361896406749945,0.011688599934702726,0.008523667086170805,0.00017353979436474098,0.0010595998845612797
7.8180000000000005,0.00433162400309639,0.006933302244474193,0.011687820304692176,0.008523096851303924,0.00017330188804920432,0.0010588069607027073
7.82,0.0043296595582871245,0.006930416050099364,0.011687040726403142,0.008522526654846985,0.0001730643078754479,0.0010580146302079374
7.822,0.0043276960043754364,0.00692753105705024,0.011686261199832515,0.008521956496797323,0.00017282705339649596,0.0010572228926331029
7.824,0.004325733340957427,0.006924647264826778,0.011685481724976965,0.008521386377152496,0.00017259012416559472,0.0010564317475343366
7.8260000000000005,0.00432377156762942,0.006921764672929376,0.01168470230183316,0.008520816295909617,0.00017235351973710067,0.0010556411944684374
7.828,0.004321810683987515,0.0069188832808586564,0.011683922930397994,0.008520246253066022,0.00017211723966559234,0.0010548512329922044
7.83,0.004319850689628257,0.006916003088115241,0.011683143610668134,0.008519676248619268,0.00017188128350653642,0.0010540618626628806
7.832,0.0043178915841484145,0.006913124094199752,0.01168236434264025,0.008519106282566469,0.0001716456508158437,0.0010532730830383752
7.8340000000000005,0.004315933367144753,0.006910246298613698,0.011681585126311234,0.008518536354905182,0.00017141034115009113,0.0010524848936763753
7.836,0.004313976038214484,0.006907369700858146,0.011680805961677976,0.00851796646563252,0.00017117535406652173,0.0010516972941352343
7.838,0.004312019596954819,0.006904494300434605,0.011680026848737146,0.008517396614746042,0.00017094068912282268,0.0010509102839737494
7.84,0.004310064042963191,0.006901620096844807,0.011679247787485414,0.00851682680224286,0.00017070634587734723,0.0010501238627507181
7.8420000000000005,0.004308109375837033,0.006898747089590707,0.01167846877791967,0.008516257028120533,0.00017047232388933686,0.0010493380300253818
7.844,0.0043061555951744435,0.006895875278174479,0.011677689820036585,0.008515687292376173,0.00017023862271803303,0.0010485527853574261
7.846,0.004304202700573079,0.006893004662098523,0.01167691091383305,0.008515117595007338,0.0001700052419237874,0.0010477681283069806
7.848,0.00430225069163126,0.006890135240865458,0.011676132059305733,0.008514547936011363,0.00016977218106739578,0.001046984058433953
7.8500000000000005,0.00430029956794753,0.006887267013977905,0.011675353256451304,0.008513978315385362,0.00016953943971032004,0.0010462005752991388
7.852,0.00429834932912021,0.006884399980938705,0.011674574505266655,0.008513408733126893,0.0001693070174144662,0.001045417678463556
7.854,0.004296399974748066,0.006881534141251144,0.011673795805748455,0.00851283918923329,0.0001690749137426284,0.0010446353674882225
7.856,0.004294451504429864,0.006878669494418732,0.011673017157893595,0.00851226968370189,0.00016884312825782288,0.0010438536419350442
7.8580000000000005,0.004292503917764812,0.006875806039944976,0.011672238561698745,0.008511700216530027,0.00016861166052395404,0.001043072501365705
7.86,0.00429055721435212,0.006872943777333607,0.011671460017160795,0.008511130787714816,0.00016838051010537036,0.001042291945342555
7.862,0.00428861139379122,0.006870082706088576,0.011670681524276416,0.008510561397253813,0.00016814967656708646,0.0010415119734279443
7.864,0.004286666455681765,0.006867222825714281,0.011669903083042277,0.008509992045144354,0.00016791915947478309,0.0010407325851848892
7.8660000000000005,0.0042847223996234085,0.0068643641357151175,0.011669124693455268,0.008509422731383776,0.00016768895839458509,0.00103995378017685
7.868,0.004282779225216249,0.006861506635595482,0.011668346355512282,0.008508853455969412,0.0001674590728930614,0.0010391755579670647
7.87,0.004280836932060383,0.006858650324860438,0.011667568069209766,0.008508284218898599,0.00016722950253789115,0.001038397918119438
7.872,0.004278895519756354,0.006855795203014825,0.011666789834544833,0.008507715020168893,0.00016700024689697557,0.0010376208601983183
7.8740000000000006,0.00427695498790448,0.006852941269563928,0.01166601165151393,0.00850714585977741,0.00016677130553888198,0.0010368443837682761
7.876,0.004275015336105525,0.006850088524013254,0.011665233520113949,0.008506576737721483,0.0001665426780326218,0.001036068488394104
7.878,0.004273076563960476,0.006847236965868531,0.011664455440341781,0.008506007653998449,0.00016631436394809462,0.0010352931736408166
7.88,0.004271138671070318,0.006844386594635488,0.011663677412194096,0.008505438608605642,0.00016608636285564415,0.0010345184390740947
7.882000000000001,0.004269201657036259,0.0068415374098202975,0.011662899435667562,0.008504869601540621,0.00016585867432605816,0.001033744284259841
7.884,0.004267265521459729,0.006838689410929133,0.011662121510759071,0.008504300632800499,0.0001656312979310126,0.0010329707087639584
7.886,0.00426533026394238,0.006835842597468389,0.011661343637465293,0.008503731702382833,0.00016540423324262754,0.0010321977121532377
7.888,0.004263395884086085,0.006832996968944904,0.01166056581578312,0.008503162810284737,0.0001651774798334671,0.001031425293994248
7.890000000000001,0.00426146238149272,0.006830152524865518,0.011659788045709218,0.008502593956503768,0.00016495103727676153,0.0010306534538542245
7.892,0.00425952975576438,0.006827309264737291,0.011659010327240482,0.00850202514103704,0.00016472490514640725,0.001029882191300624
7.894,0.0042575980065033825,0.006824467188067285,0.01165823266037358,0.00850145636388211,0.0001644990830169668,0.0010291115059011258
7.896,0.004255667133312269,0.0068216262943632255,0.01165745504510518,0.008500887625036313,0.00016427357046344682,0.001028341397223853
7.898000000000001,0.0042537371357938,0.006818786583132841,0.011656677481432176,0.008500318924496986,0.000164048367061298,0.0010275718648373733
7.9,0.004251808013550962,0.00681594805388408,0.011655899969351236,0.00849975026226124,0.00016382347238685924,0.0010268029083102537
7.902,0.004249879766186737,0.006813110706124892,0.01165512250885925,0.008499181638326636,0.00016359888601691353,0.0010260345272117277
7.904,0.004247952393304111,0.00681027453936367,0.01165434509995289,0.008498613052690507,0.00016337460752868793,0.001025266721111029
7.906000000000001,0.004246025894506733,0.006807439553109029,0.011653567742629045,0.008498044505350189,0.0001631506365002977,0.0010244994895780568
7.908,0.004244100269398254,0.006804605746869585,0.011652790436884386,0.008497475996303017,0.00016292697251008015,0.001023732832182711
7.91,0.004242175517582325,0.006801773120154175,0.011652013182715582,0.008496907525546327,0.00016270361513726073,0.0010229667484953353
7.912,0.0042402516386628175,0.006798941672472081,0.011651235980119523,0.008496339093077676,0.000162480563961509,0.0010222012380867174
7.914000000000001,0.004238328632244048,0.006796111403332583,0.011650458829093102,0.008495770698894178,0.00016225781856293864,0.001021436300527867
7.916,0.004236406497930334,0.006793282312245408,0.011649681729632988,0.008495202342993169,0.0001620353785223294,0.0010206719353900162
7.918,0.004234485235325991,0.006790454398720058,0.01164890468173585,0.008494634025371983,0.00016181324342134928,0.0010199081422448408
7.92,0.00423256484403578,0.006787627662266482,0.01164812768539858,0.008494065746028179,0.00016159141284166623,0.001019144920664239
7.922000000000001,0.0042306453236644614,0.006784802102395071,0.011647350740617846,0.008493497504958869,0.00016136988636583638,0.0010183822702205525
7.924,0.00422872667381724,0.006781977718615995,0.011646573847390318,0.008492929302161611,0.00016114866357708202,0.0010176201904863458
7.926,0.004226808894099321,0.0067791545104398665,0.011645797005712888,0.008492361137633742,0.0001609277440590695,0.001016858681034627
7.928,0.004224891984115908,0.0067763324773773,0.011645020215582447,0.008491793011372373,0.00016070712739613136,0.0010160977414386263
7.930000000000001,0.004222975943472651,0.006773511618939354,0.011644243476995664,0.008491224923375063,0.00016048681317304414,0.0010153373712717961
7.932,0.00422106077177542,0.006770691934637307,0.011643466789949208,0.008490656873639146,0.0001602668009752506,0.0010145775701082549
7.934,0.004219146468629864,0.00676787342398244,0.011642690154439972,0.00849008886216196,0.00016004709038863751,0.001013818337521899
7.936,0.004217233033642298,0.006765056086486476,0.011641913570464624,0.008489520888940838,0.00015982768099953581,0.001013059673087513
7.938,0.004215320466419037,0.0067622399216609175,0.011641137038020055,0.008488952953973117,0.00015960857239538662,0.0010123015763798815
7.94,0.0042134087665663955,0.006759424929017932,0.011640360557102936,0.008488385057256131,0.00015938976416363104,0.0010115440469740111
7.942,0.004211497933691133,0.006756611108069688,0.011639584127710156,0.008487817198787218,0.0001591712558925984,0.0010107870844455746
7.944,0.004209587967400008,0.006753798458328575,0.011638807749838387,0.00848724937856371,0.00015895304717106207,0.0010100306883702448
7.946,0.004207678867300002,0.006750986979307205,0.011638031423484296,0.008486681596583168,0.00015873513758823954,0.0010092748583241384
7.948,0.004205770632998318,0.006748176670518413,0.011637255148644776,0.008486113852842703,0.00015851752673423647,0.0010085195938835945
7.95,0.004203863264102381,0.006745367531475033,0.011636478925316496,0.008485546147339873,0.00015830021419938056,0.001007764894625618
7.952,0.004201956760219616,0.006742559561690342,0.011635702753496346,0.008484978480071792,0.0001580831995748877,0.0010070107601269918
7.954,0.004200051120957671,0.006739752760677842,0.011634926633180998,0.008484410851036017,0.0001578664824521958,0.0010062571899651651
7.956,0.004198146345924636,0.006736947127951032,0.01163415056436734,0.008483843260229662,0.000157650062423631,0.0010055041837180312
7.958,0.004196242434728381,0.0067341426630236345,0.011633374547052044,0.008483275707650284,0.00015743393908174141,0.0010047517409632611
7.96,0.004194339386977219,0.006731339365409816,0.011632598581232001,0.008482708193295219,0.00015721811201996339,0.0010039998612794143
7.962,0.004192437202279464,0.006728537234623744,0.01163182266690388,0.008482140717161801,0.00015700258083195529,0.00100324854424505
7.964,0.004190535880243873,0.006725736270179805,0.011631046804064349,0.008481573279247367,0.00015678734511226367,0.0010024977894391718
7.966,0.004188635420479203,0.006722936471592833,0.011630270992710301,0.008481005879549253,0.00015657240445587917,0.001001747596441005
7.968,0.004186735822594434,0.006720137838377438,0.011629495232838627,0.008480438518065014,0.00015635775845801447,0.0010009979648302192
7.97,0.004184837086198545,0.0067173403700486745,0.011628719524445996,0.008479871194791766,0.0001561434067149925,0.001000248894186706
7.972,0.00418293921090096,0.006714544066121819,0.011627943867529078,0.008479303909726843,0.00015592934882335818,0.0009995003840905792
7.974,0.004181042196311102,0.006711748926112149,0.011627168262084764,0.008478736662867803,0.00015571558438032262,0.0009987524341223963
7.976,0.004179146042038617,0.006708954949535384,0.011626392708109723,0.00847816945421176,0.000155502112983541,0.0009980050438629373
7.978,0.004177250747693373,0.006706162135907245,0.011625617205600625,0.00847760228375627,0.0001552889342313346,0.000997258212893426
7.98,0.004175356312885459,0.006703370484743898,0.01162484175455436,0.008477035151498669,0.00015507604772246886,0.0009965119407955303
7.982,0.004173462737224964,0.006700579995561506,0.011624066354967821,0.008476468057436293,0.00015486345305637528,0.0009957662271506962
7.984,0.004171570020322202,0.00669779066787668,0.011623291006837677,0.008475901001566255,0.0001546511498329295,0.0009950210715412577
7.986,0.004169678161787926,0.0066950025012058045,0.011622515710160597,0.008475333983886335,0.00015443913765267325,0.000994276473549549
7.988,0.004167787161232672,0.006692215495065712,0.011621740464933472,0.008474767004393646,0.00015422741611637036,0.0009935324327583483
7.99,0.004165897018267417,0.006689429648973677,0.011620965271152972,0.008474200063085524,0.00015401598482589485,0.0009927889487506558
7.992,0.004164007732503139,0.006686644962446753,0.011620190128815988,0.008473633159959304,0.00015380484338312073,0.0009920460211096938
7.994,0.004162119303551259,0.006683861435002436,0.01161941503791919,0.008473066295012321,0.0001535939913908102,0.0009913036494191285
7.996,0.004160231731023201,0.006681079066158446,0.011618639998459468,0.008472499468242134,0.00015338342845216957,0.0009905618332630706
7.998,0.004158345014530385,0.006678297855432502,0.011617865010433492,0.008471932679646077,0.00015317315417107125,0.0009898205722258524
8.0,0.004156459153684677,0.0066755178023425454,0.011617090073838154,0.008471365929221264,0.0001529631681516097,0.0009890798658918065
8.002,0.004154574148098167,0.006672738906406961,0.011616315188670123,0.008470799216965252,0.00015275346999854555,0.0009883397138461536
8.004,0.004152689997382719,0.006669961167144134,0.011615540354926068,0.008470232542875378,0.00015254405931752757,0.0009876001156738923
8.006,0.0041508067011508665,0.006667184584072672,0.011614765572602881,0.008469665906948975,0.00015233493571420453,0.0009868610709604653
8.008000000000001,0.004148924259014919,0.006664409156711626,0.011613990841697452,0.008469099309183381,0.0001521260987951134,0.0009861225792919814
8.01,0.004147042670587631,0.006661634884579826,0.01161321616220623,0.00846853274957593,0.00015191754816723524,0.0009853846402543276
8.012,0.004145161935481978,0.0066588617671965444,0.011612441534126328,0.008467966228123958,0.0001517092834382172,0.0009846472534340567
8.014,0.004143282053310715,0.006656089804081278,0.011611666957454414,0.008467399744825022,0.0001515013042161506,0.0009839104184179437
8.016,0.004141403023687262,0.006653318994753521,0.011610892432187159,0.008466833299676235,0.00015129361010934872,0.0009831741347929857
8.018,0.004139524846224818,0.006650549338733214,0.011610117958321231,0.008466266892675156,0.0001510862007272351,0.0009824384021466237
8.02,0.004137647520536802,0.006647780835540518,0.011609343535853522,0.00846570052381912,0.00015087907567945535,0.000981703220066743
8.022,0.00413577104623708,0.006645013484695594,0.011608569164780924,0.00846513419310524,0.00015067223457609913,0.0009809685881410068
8.024000000000001,0.004133895422939515,0.0066422472857188275,0.011607794845100106,0.008464567900531073,0.00015046567702792224,0.0009802345059579665
8.026,0.004132020650258195,0.006639482238130823,0.011607020576807958,0.008464001646093955,0.00015025940264634663,0.0009795009731061732
8.028,0.004130146727807427,0.006636718341452408,0.011606246359900929,0.008463435429791222,0.00015005341104301628,0.0009787679891744006
8.03,0.00412827365520152,0.0066339555952048546,0.011605472194376132,0.00846286925162043,0.00014984770183046336,0.000978035553752088
8.032,0.004126401432055227,0.006631193998909213,0.011604698080230236,0.008462303111578695,0.00014964227462144208,0.000977303666428675
8.034,0.004124530057983078,0.006628433552086754,0.01160392401745991,0.008461737009663572,0.00014943712902937278,0.0009765723267940452
8.036,0.004122659532600048,0.006625674254259417,0.011603150006062046,0.008461170945872176,0.0001492322646681199,0.0009758415344383042
8.038,0.004120789855521334,0.006622916104948917,0.011602376046033314,0.008460604920202064,0.000149027681152214,0.0009751112889517799
8.040000000000001,0.004118921026362354,0.006620159103677192,0.011601602137370604,0.008460038932650571,0.0001488233780966297,0.000974381589925466
8.042,0.004117053044738306,0.006617403249966625,0.011600828280070585,0.008459472983215033,0.00014861935511700786,0.0009736524369503563
8.044,0.004115185910264829,0.006614648543339596,0.011600054474129928,0.008458907071892785,0.00014841561182921126,0.0009729238296178888
8.046,0.004113319622558009,0.006611894983318711,0.011599280719545524,0.008458341198681163,0.00014821214784999093,0.0009721957675195014
8.048,0.004111454181233487,0.006609142569426796,0.011598507016314263,0.008457775363577502,0.00014800896279631992,0.0009714682502475203
8.05,0.004109589585907569,0.006606391301186898,0.011597733364432816,0.008457209566579138,0.00014780605628605947,0.0009707412773940494
8.052,0.004107725836196785,0.006603641178122288,0.011596959763897852,0.008456643807683628,0.00014760342793707082,0.0009700148485516369
8.054,0.004105862931717441,0.006600892199756236,0.011596186214706261,0.008456078086888086,0.00014740107736810337,0.0009692889633132751
8.056000000000001,0.0041040008720860666,0.006598144365612457,0.011595412716854936,0.008455512404190069,0.00014719900419835064,0.0009685636212721782
8.058,0.0041021396569196344,0.006595397675214887,0.011594639270340545,0.008454946759586912,0.00014699720804767225,0.0009678388220217826
8.06,0.00410027928583534,0.006592652128087462,0.011593865875159759,0.008454381153075952,0.00014679568853614988,0.0009671145651559687
8.062,0.004098419758450156,0.00658990772375434,0.011593092531309468,0.008453815584654523,0.0001465944452847534,0.000966390850268839
8.064,0.004096561074381722,0.006587164461739903,0.011592319238786342,0.00845325005431996,0.00014639347791445267,0.0009656676769549399
8.066,0.004094703233247232,0.006584422341568752,0.01159154599758705,0.008452684562069823,0.00014619278604732777,0.0009649450448088182
8.068,0.004092846234664771,0.006581681362765934,0.011590772807708705,0.008452119107901224,0.00014599236930568082,0.0009642229534256863
8.07,0.004090990078251977,0.006578941524856274,0.011589999669147755,0.00845155369181172,0.000145792227312036,0.0009635014024007571
8.072000000000001,0.004089134763626934,0.006576202827364819,0.011589226581901091,0.008450988313798646,0.0001455923596900277,0.0009627803913296873
8.074,0.004087280290407946,0.00657346526981728,0.011588453545965605,0.00845042297385934,0.00014539276606351237,0.0009620599198083557
8.076,0.004085426658213542,0.006570728851739149,0.011587680561337965,0.008449857671991134,0.00014519344605679052,0.0009613399874330852
8.078,0.004083573866662027,0.006567993572656139,0.011586907628014842,0.008449292408191367,0.00014499439929482882,0.0009606205938001988
8.08,0.004081721915372372,0.006565259432094184,0.011586134745993126,0.008448727182457372,0.00014479562540303803,0.0009599017385069075
8.082,0.004079870803963548,0.006562526429579663,0.011585361915269488,0.008448161994786485,0.00014459712400727298,0.0009591834211502004
8.084,0.004078020532054527,0.006559794564638954,0.011584589135840817,0.008447596845176264,0.00014439889473405465,0.0009584656413275106
8.086,0.004076171099264725,0.006557063836798438,0.011583816407704006,0.008447031733624044,0.0001442009372103481,0.0009577483986364932
8.088000000000001,0.004074322505213335,0.006554334245585158,0.011583043730855502,0.008446466660126939,0.0001440032510635625,0.0009570316926752476
8.09,0.004072474749520216,0.006551605790525938,0.011582271105292419,0.008445901624682506,0.0001438058359217731,0.000956315523042317
8.092,0.004070627831805229,0.006548878471148045,0.011581498531011203,0.00844533662728808,0.00014360869141327726,0.0009555998893360229
8.094,0.004068781751688233,0.006546152286978746,0.011580726008008746,0.00844477166794122,0.00014341181716726048,0.0009548847911555747
8.096,0.0040669365087893095,0.006543427237545529,0.01157995353628194,0.008444206746639038,0.00014321521281313032,0.0009541702281001818
8.098,0.004065092102728762,0.006540703322376329,0.011579181115827453,0.00844364186337887,0.00014301887798073842,0.0009534561997692759
8.1,0.004063248533127117,0.006537980540999078,0.011578408746642177,0.008443077018158274,0.0001428228123008246,0.0009527427057629545
8.102,0.004061405799605122,0.006535258892941931,0.011577636428722782,0.008442512210974584,0.00014262701540435074,0.0009520297456810933
8.104000000000001,0.004059563901783525,0.006532538377733266,0.011576864162065936,0.008441947441825137,0.00014243148692294483,0.0009513173191244562
8.106,0.004057722839283295,0.006529818994901682,0.011576091946668532,0.008441382710707268,0.0001422362264884569,0.0009506054256935847
8.108,0.004055882611725625,0.006527100743975778,0.01157531978252746,0.008440818017618312,0.0001420412337336252,0.0009498940649894649
8.11,0.004054043218731707,0.006524383624484598,0.01157454766963939,0.008440253362555605,0.00014184650829141,0.0009491832366135267
8.112,0.004052204659923397,0.006521667635957185,0.011573775608000991,0.008439688745516705,0.00014165204979521562,0.0009484729401674219
8.114,0.004050366934922112,0.006518952777923026,0.011573003597609155,0.008439124166498724,0.00014145785787933463,0.0009477631752530247
8.116,0.004048530043349929,0.00651623904991161,0.01157223163846055,0.00843855962549922,0.0001412639321782816,0.0009470539414726531
8.118,0.004046693984828709,0.006513526451452423,0.01157145973055207,0.00843799512251553,0.0001410702723270152,0.0009463452384288473
8.120000000000001,0.004044858758980752,0.006510814982075619,0.011570687873880603,0.008437430657544986,0.00014087687796093817,0.0009456370657245916
8.122,0.00404302436542836,0.006508104641311352,0.011569916068442598,0.008436866230584927,0.00014068374871634148,0.0009449294229628702
8.124,0.004041190803794059,0.006505395428689775,0.011569144314235169,0.00843630184163291,0.0001404908842297381,0.0009442223097471114
8.126,0.004039358073700594,0.006502687343741487,0.011568372611254762,0.008435737490686046,0.0001402982841380851,0.0009435157256809656
8.128,0.0040375261747709335,0.006499980385997306,0.01156760095949827,0.008435173177741895,0.00014010594807900567,0.0009428096703685274
8.13,0.0040356951066280455,0.006497274554988053,0.011566829358962583,0.008434608902797791,0.00013991387569056712,0.0009421041434141131
8.132,0.004033864868895121,0.006494569850244769,0.01156605780964437,0.00843404466585107,0.00013972206661128084,0.0009413991444224834
8.134,0.004032035461195571,0.0064918662712987185,0.011565286311540524,0.008433480466899068,0.00013953052048010228,0.0009406946729983989
8.136000000000001,0.004030206883153031,0.006489163817681387,0.011564514864647712,0.00843291630593912,0.00013933923693665307,0.0009399907287470644
8.138,0.004028379134391358,0.006486462488924483,0.011563743468962606,0.008432352182968561,0.00013914821562099888,0.0009392873112739064
8.14,0.004026552214534185,0.006483762284559935,0.011562972124482096,0.008431788097984949,0.00013895745617342747,0.0009385844201847959
8.142,0.004024726123205813,0.006481063204119675,0.011562200831203073,0.00843122405098562,0.00013876695823511476,0.0009378820550860478
8.144,0.004022900860030543,0.006478365247136075,0.011561429589122207,0.008430660041967908,0.00013857672144768074,0.000937180215583755
8.146,0.004021076424632675,0.006475668413141733,0.011560658398236168,0.00843009607092915,0.00013838674545296747,0.0009364789012846764
8.148,0.004019252816636731,0.006472972701669022,0.011559887258541846,0.00842953213786668,0.00013819702989348315,0.0009357781117957931
8.15,0.0040174300356674575,0.006470278112250982,0.011559116170036132,0.008428968242777835,0.00013800757441218003,0.0009350778467245302
8.152000000000001,0.004015608081350042,0.006467584644420654,0.011558345132715697,0.008428404385660171,0.00013781837865267654,0.0009343781056783129
8.154,0.004013786953309451,0.006464892297711078,0.01155757414657721,0.008427840566511025,0.00013762944225881313,0.0009336788882650104
8.156,0.004011966651170873,0.00646220107165596,0.011556803211617561,0.008427276785327509,0.00013744076487509638,0.000932980194092714
8.158,0.0040101471745599415,0.006459510965788562,0.011556032327833421,0.008426713042107181,0.00013725234614625492,0.0009322820227699591
8.16,0.004008328523102067,0.006456821979643035,0.01155526149522168,0.0084261493368476,0.00013706418571790557,0.000931584373905503
8.162,0.0040065106964231045,0.006454134112753307,0.011554490713779009,0.008425585669545876,0.00013687628323588719,0.0009308872471083252
8.164,0.004004693694149131,0.006451447364653529,0.011553719983502297,0.00842502204019957,0.0001366886383464827,0.0009301906419878492
8.166,0.004002877515906,0.006448761734878072,0.011552949304388216,0.008424458448805794,0.0001365012506966412,0.0009294945581534986
8.168000000000001,0.004001062161320235,0.006446077222961533,0.011552178676433655,0.008423894895362105,0.00013631411993375586,0.000928798995215363
8.17,0.003999247630018354,0.006443393828438726,0.011551408099635285,0.00842333137986584,0.00013612724570566392,0.0009281039527835322
8.172,0.003997433921626881,0.006440711550844691,0.011550637573989775,0.008422767902314332,0.00013594062766064674,0.0009274094304685399
8.174,0.003995621035772556,0.0064380303897146884,0.011549867099494238,0.00842220446270514,0.0001357542654476518,0.0009267154278811418
8.176,0.003993808972082347,0.006435350344583979,0.01154909667614512,0.008421641061035379,0.0001355681587158486,0.000926021944632538
8.178,0.003991997730183439,0.006432671414988045,0.011548326303939316,0.008421077697302604,0.00013538230711485078,0.0009253289803339282
8.18,0.003990187309703241,0.006429993600462591,0.011547555982873714,0.00842051437150415,0.00013519671029516012,0.0009246365345969565
8.182,0.003988377710269164,0.006427316900543767,0.011546785712944985,0.008419951083637356,0.00013501136790750046,0.000923944607033711
8.184000000000001,0.003986568931508838,0.0064246413147674986,0.011546015494149797,0.008419387833699554,0.00013482627960281768,0.0009232531972565017
8.186,0.0039847609730501166,0.006421966842670379,0.011545245326485043,0.008418824621688303,0.00013464144503294584,0.0009225623048776388
8.188,0.003982953834520853,0.006419293483788779,0.011544475209947613,0.008418261447600717,0.0001344568638501631,0.0009218719295100986
8.19,0.003981147515549344,0.006416621237659292,0.011543705144534178,0.008417698311434352,0.00013427253570696962,0.0009211820707668572
8.192,0.003979342015763887,0.006413950103819177,0.011542935130241405,0.008417135213186544,0.00013408846025653176,0.0009204927282613351
8.194,0.00397753733479278,0.0064112800818052484,0.011542165167066187,0.008416572152854629,0.00013390463715245993,0.0009198039016071746
8.196,0.003975733472264986,0.0064086111711547655,0.011541395255005416,0.008416009130435942,0.00013372106604880862,0.0009191155904184622
8.198,0.003973930427809247,0.0064059433714054315,0.011540625394055759,0.00841544614592804,0.00013353774660007645,0.0009184277943095065
8.2,0.003972128201054526,0.006403276682094727,0.011539855584213887,0.008414883199328038,0.00013335467846120608,0.0009177405128948379
8.202,0.003970326791629786,0.0064006111027608,0.011539085825476691,0.008414320290633492,0.00013317186128780634,0.0009170537457892092
8.204,0.003968526199164657,0.006397946632941576,0.011538316117841063,0.008413757419841739,0.00013298929473570809,0.0009163674926078169
8.206,0.003966726423288547,0.006395283272175201,0.01153754646130345,0.008413194586950334,0.00013280697846140832,0.0009156817529660799
8.208,0.003964927463631085,0.0063926210200002664,0.011536776855860964,0.008412631791956393,0.00013262491212184813,0.0009149965264796389
8.21,0.003963129319822123,0.006389959875955364,0.011536007301510276,0.008412069034857472,0.00013244309537441268,0.0009143118127645788
8.212,0.003961331991491734,0.006387299839579308,0.011535237798248055,0.008411506315650685,0.00013226152787693124,0.0009136276114369846
8.214,0.003959535478269993,0.006384640910411132,0.011534468346071192,0.00841094363433359,0.00013208020928767716,0.0009129439221136071
8.216,0.003957739779787195,0.006381983087990095,0.011533698944976356,0.008410380990903521,0.0001318991392653679,0.0009122607444111974
8.218,0.003955944895673857,0.006379326371855454,0.01153292959496044,0.008409818385358037,0.00013171831746916496,0.0009115780779469507
8.22,0.0039541508255607205,0.00637667076154691,0.01153216029602011,0.00840925581769425,0.00013153774355911807,0.000910895922338506
8.222,0.003952357569078746,0.006374016256604387,0.011531391048152262,0.008408693287909719,0.0001313574171950549,0.0009102142772032806
8.224,0.003950565125858896,0.006371362856567808,0.011530621851353562,0.008408130796001778,0.00013117733803791332,0.0009095331421593578
8.226,0.003948773495532132,0.00636871056097732,0.011529852705620902,0.008407568341967764,0.00013099750574863123,0.0009088525168250428
8.228,0.003946982677730082,0.006366059369373067,0.011529083610950952,0.008407005925805011,0.00013081791998881265,0.000908172400818863
8.23,0.00394519267208393,0.006363409281295862,0.011528314567340603,0.008406443547511078,0.0001306385804205057,0.0009074927937597899
8.232,0.003943403478225749,0.006360760296286516,0.011527545574786524,0.008405881207083077,0.00013045948670620255,0.0009068136952667949
8.234,0.003941615095787165,0.006358112413885841,0.011526776633285607,0.008405318904518566,0.00013028063850883953,0.0009061351049595157
8.236,0.00393982752440003,0.006355465633634871,0.011526007742834521,0.008404756639814881,0.000130102035491797,0.0009054570224575897
8.238,0.0039380407636968595,0.006352819955075084,0.011525238903430157,0.008404194412969579,0.00012992367731912147,0.0009047794473808768
8.24,0.003936254813309725,0.0063501753777479575,0.011524470115069185,0.008403632223979773,0.0001297455636550815,0.0009041023793499026
8.242,0.003934469672871366,0.006347531901195191,0.011523701377748496,0.008403070072843022,0.00012956769416438974,0.0009034258179849708
8.244,0.003932685342014297,0.006344889524958708,0.01152293269146476,0.00840250795955666,0.00012939006851242496,0.0009027497629070513
8.246,0.00393090182037148,0.006342248248580651,0.011522164056214645,0.008401945884118023,0.00012921268636501004,0.0009020742137373361
8.248,0.003929119107575874,0.006339608071603164,0.011521395471995266,0.008401383846524446,0.0001290355473881899,0.000901399170097239
8.25,0.003927337203260661,0.006336968993568615,0.011520626938803069,0.008400821846773265,0.00012885865124867557,0.0009007246316083961
8.252,0.003925556107059025,0.006334331014019812,0.011519858456634946,0.008400259884862038,0.00012868199761340016,0.0009000505978926654
8.254,0.003923775818604813,0.006331694132499566,0.011519090025487788,0.0083996979607881,0.00012850558615018493,0.000899377068572571
8.256,0.00392199633753143,0.006329058348551131,0.011518321645358265,0.008399136074548785,0.00012832941652685115,0.0008987040432704152
8.258000000000001,0.003920217663472725,0.0063264236617175396,0.011517553316243268,0.008398574226141431,0.00012815348841188623,0.0008980315216091661
8.26,0.003918439796062989,0.006323790071542046,0.011516785038139465,0.008398012415563594,0.00012797780147422166,0.0008973595032120141
8.262,0.003916662734936072,0.00632115757756857,0.011516016811043528,0.00839745064281261,0.00012780235538345508,0.0008966879877021494
8.264,0.003914886479726487,0.006318526179340811,0.011515248634952568,0.008396888907885591,0.0001276271498091841,0.0008960169747034286
8.266,0.00391311103006875,0.0063158958764026885,0.011514480509863034,0.008396327210780319,0.0001274521844216725,0.000895346463839708
8.268,0.003911336385597375,0.006313266668298345,0.011513712435771817,0.008395765551493906,0.00012727745889162811,0.0008946764547352881
8.27,0.0039095625459473204,0.0063106385545721455,0.011512944412675807,0.008395203930023687,0.00012710297289042494,0.0008940069470146916
8.272,0.0039077895107537675,0.006308011534768676,0.011512176440571675,0.00839464234636722,0.00012692872608943695,0.0008933379403026631
8.274000000000001,0.0039060172796516746,0.006305385608432745,0.011511408519456312,0.008394080800521841,0.00012675471816092632,0.0008926694342243913
8.276,0.0039042458522764445,0.006302760775109162,0.011510640649326387,0.008393519292484886,0.0001265809487775993,0.0008920014284050648
8.278,0.00390247522826348,0.006300137034343178,0.011509872830178569,0.00839295782225391,0.00012640741761216212,0.0008913339224705386
8.28,0.003900705407248406,0.0062975143856800475,0.011509105062009972,0.008392396389826029,0.00012623412433820924,0.0008906669160466674
8.282,0.003898936388867291,0.006294892828665466,0.011508337344817043,0.0083918349951988,0.00012606106862933508,0.0008900004087595281
8.284,0.0038971681727559826,0.006292272362844908,0.011507569678596674,0.008391273638369556,0.0001258882501602443,0.0008893344002356418
8.286,0.003895400758550549,0.006289652987764294,0.011506802063345756,0.008390712319335636,0.0001257156686054195,0.0008886688901019735
8.288,0.0038936341458875035,0.006287034702969541,0.011506034499060958,0.008390151038094595,0.00012554332364023146,0.0008880038779852661
8.290000000000001,0.003891868334403359,0.006284417508007234,0.011505266985739171,0.00838958979464377,0.00012537121494027303,0.000887339363513151
8.292,0.0038901033237346283,0.006281801402423515,0.011504499523377065,0.008389028588980274,0.00012519934218180317,0.0008866753463130372
8.294,0.0038883391135182688,0.00627918638576519,0.01150373211197131,0.008388467421101886,0.0001250277050413029,0.0008860118260127781
8.296,0.0038865757033910153,0.006276572457579066,0.011502964751518796,0.00838790629100572,0.0001248563031956973,0.0008853488022406708
8.298,0.003884813092990269,0.0062739596174121726,0.011502197442016415,0.008387345198689111,0.00012468513632235556,0.0008846862746250128
8.3,0.0038830512819532093,0.006271347864811538,0.011501430183460837,0.008386784144149617,0.00012451420409931302,0.0008840242427945455
8.302,0.003881290269917459,0.006268737199324859,0.011500662975848952,0.008386223127384573,0.00012434350620482704,0.0008833627063782323
8.304,0.0038795300565206414,0.006266127620499384,0.01149989581917743,0.008385662148391537,0.00012417304231759907,0.0008827016650054809
8.306000000000001,0.00387777064140038,0.006263519127883033,0.011499128713443163,0.008385101207167622,0.0001240028121169967,0.0008820411183056986
8.308,0.0038760120241947416,0.006260911721023943,0.01149836165864282,0.008384540303710386,0.0001238328152826096,0.0008813810659089594
8.31,0.003874254204542016,0.006258305399470032,0.011497594654773069,0.008383979438017164,0.00012366305149447143,0.0008807215074451147
8.312,0.00387249718208027,0.006255700162769662,0.011496827701830803,0.008383418610085291,0.00012349352043306006,0.0008800624425446824
8.314,0.0038707409564482376,0.006253096010471415,0.011496060799812913,0.008382857819912104,0.0001233242217795194,0.0008794038708381802
8.316,0.00386898552728443,0.006250492942123875,0.011495293948716068,0.008382297067495159,0.00012315515521499343,0.00087874579195657
8.318,0.00386723089422758,0.00624789095727607,0.01149452714853716,0.008381736352831792,0.00012298632042151425,0.0008780882055310357
8.32,0.003865477056916644,0.006245290055477026,0.011493760399272857,0.008381175675919339,0.00012281771708133604,0.0008774311111932054
8.322000000000001,0.003863724014990799,0.006242690236275994,0.011492993700920051,0.008380615036755135,0.00012264934487715706,0.000876774508574707
8.324,0.003861971768089223,0.006240091499222444,0.011492227053475412,0.008380054435336737,0.00012248120349189762,0.0008761183973076125
8.326,0.003860220315851537,0.006237493843865849,0.011491460456935831,0.008379493871661259,0.0001223132926093662,0.0008754627770242163
8.328,0.0038584696579171407,0.006234897269756345,0.011490693911297978,0.008378933345726258,0.0001221456119135933,0.0008748076473570343
8.33,0.003856719793925878,0.006232301776443849,0.011489927416558743,0.008378372857529293,0.00012197816108883153,0.000874153007939027
8.332,0.0038549707235178143,0.006229707363478498,0.011489160972714796,0.008377812407067475,0.00012181093982022162,0.0008734988584033765
8.334,0.0038532224463330156,0.006227114030410652,0.011488394579763028,0.008377251994338364,0.00012164394779290433,0.0008728451983834873
8.336,0.0038514749620115474,0.006224521776790892,0.01148762823770011,0.008376691619339294,0.00012147718469268654,0.0008721920275129857
8.338000000000001,0.0038497282701941415,0.006221930602170245,0.011486861946522708,0.0083761312820676,0.00012131065020559717,0.0008715393454257203
8.34,0.003847982370521086,0.006219340506099291,0.011486095706227939,0.00837557098252062,0.0001211443440183313,0.0008708871517559835
8.342,0.003846237262633334,0.006216751488129502,0.01148532951681247,0.008375010720695908,0.00012097826581780602,0.000870235446138512
8.344,0.0038444929461718402,0.006214163547811902,0.011484563378272972,0.008374450496590802,0.00012081241529160458,0.0008695842282078203
8.346,0.003842749420777558,0.0062115766846981835,0.011483797290606335,0.008373890310202636,0.00012064679212775431,0.0008689334975990892
8.348,0.0038410066860918857,0.006208990898340039,0.011483031253809228,0.008373330161528969,0.00012048139601428254,0.0008682832539474994
8.35,0.003839264741755999,0.006206406188289382,0.011482265267878544,0.008372770050566913,0.00012031622664010477,0.0008676334968888977
8.352,0.0038375235874117397,0.006203822554098348,0.011481499332810952,0.008372209977314027,0.00012015128369435857,0.0008669842260589089
8.354000000000001,0.003835783222700506,0.0062012399953190744,0.011480733448603342,0.008371649941767645,0.00011998656686662557,0.000866335441093824
8.356,0.0038340436472643624,0.006198658511503918,0.011479967615252384,0.008371089943925325,0.0001198220758469315,0.0008656871416299339
8.358,0.0038323048607453725,0.006196078102205682,0.01147920183275497,0.00837052998378418,0.00011965781032574618,0.0008650393273039736
8.36,0.0038305668627858225,0.006193498766977168,0.01147843610110777,0.00836997006134177,0.00011949376999376149,0.0008643919977529002
8.362,0.0038288296530279986,0.006190920505371178,0.011477670420307673,0.008369410176595427,0.00011932995454233541,0.0008637451526141149
8.364,0.003827093231114409,0.0061883433169411806,0.011476904790351572,0.00836885032954271,0.00011916636366327005,0.0008630987915250188
8.366,0.003825357596688006,0.006185767201240422,0.011476139211236136,0.008368290520180732,0.00011900299704881157,0.0008624529141232351
8.368,0.0038236227493912978,0.00618319215782237,0.011475373682958034,0.008367730748507052,0.00011883985439142819,0.0008618075200470532
8.370000000000001,0.0038218886888676806,0.006180618186240938,0.011474608205514158,0.008367171014519004,0.00011867693538403223,0.0008611626089345403
8.372,0.003820155414760107,0.006178045286050038,0.0114738427789014,0.008366611318214145,0.0001185142397199801,0.00086051818042443
8.374,0.003818422926711973,0.006175473456803804,0.011473077403116427,0.008366051659589813,0.00011835176709329431,0.0008598742341554555
8.376,0.003816691224366675,0.006172902698056371,0.01147231207815591,0.008365492038643119,0.00011818951719799742,0.0008592307697670165
8.378,0.003814960307368054,0.0061703330093623165,0.011471546804016741,0.008364932455371843,0.00011802748972900012,0.0008585877868982905
8.38,0.0038132301753599496,0.006167764390276442,0.01147078158069581,0.008364372909773099,0.00011786568438121314,0.0008579452851888991
8.382,0.003811500827986203,0.006165196840353548,0.011470016408189787,0.008363813401844444,0.00011770410085021332,0.000857303264278908
8.384,0.003809772264891098,0.0061626303591486575,0.011469251286495341,0.008363253931583214,0.00011754273883179955,0.0008566617238083829
8.386000000000001,0.00380804448571892,0.006160064946217014,0.011468486215609364,0.008362694498986745,0.00011738159802243686,0.0008560206634180556
8.388,0.003806317490114175,0.006157500601113863,0.011467721195528746,0.00836213510405237,0.00011722067811881232,0.0008553800827484359
8.39,0.0038045912777215918,0.006154937323394893,0.011466956226250158,0.00836157574677765,0.00011705997881805708,0.0008547399814406997
8.392,0.003802865848185899,0.006152375112616015,0.01146619130777049,0.008361016427159917,0.00011689949981774639,0.000854100359136023
8.394,0.0038011412011520473,0.00614981396833314,0.011465426440086413,0.00836045714519651,0.00011673924081612164,0.0008534612154760257
8.396,0.0037994173362652095,0.0061472538901024,0.011464661623194816,0.008359897900884983,0.00011657920151120216,0.0008528225501023279
8.398,0.003797694253170558,0.00614469487748015,0.01146389685709237,0.008359338694222451,0.00011641938160211751,0.0008521843626572156
8.4,0.0037959719515137103,0.006142136930022968,0.011463132141775967,0.008358779525206472,0.00011625978078799726,0.0008515466527829751
8.402000000000001,0.0037942504309400604,0.0061395800472874296,0.011462367477242275,0.008358220393834603,0.00011610039876841505,0.0008509094201223366
8.404,0.0037925296910954476,0.0061370242288305565,0.011461602863488185,0.008357661300103958,0.00011594123524361066,0.0008502726643180303
8.406,0.0037908097316259326,0.00613446947420937,0.011460838300510368,0.008357102244012093,0.00011578228991382389,0.0008496363850132305
8.408,0.0037890905521775764,0.006131915782981112,0.011460073788305714,0.008356543225556345,0.00011562356247996064,0.0008490005818515556
8.41,0.003787372152396662,0.006129363154703249,0.011459309326871114,0.008355984244734271,0.00011546505264359297,0.000848365254476402
8.412,0.003785654531929472,0.006126811588933467,0.011458544916203017,0.008355425301542985,0.00011530676010607088,0.0008477304025320542
8.414,0.003783937690422512,0.006124261085229676,0.011457780556298536,0.008354866395980043,0.00011514868456963256,0.0008470960256625748
8.416,0.0037822216275227305,0.006121711643149563,0.011457016247154339,0.008354307528042781,0.00011499082573696029,0.0008464621235122483
8.418000000000001,0.003780506342876855,0.006119163262251481,0.011456251988767097,0.008353748697728758,0.00011483318331073633,0.0008458286957260253
8.42,0.003778791836132056,0.006116615942094006,0.0114554877811337,0.008353189905035308,0.00011467575699453114,0.0008451957419490785
8.422,0.0037770781069355053,0.006114069682235268,0.01145472362425104,0.008352631149959766,0.00011451854649191517,0.0008445632618265808
8.424,0.0037753651549345957,0.006111524482234287,0.011453959518115786,0.008352072432499469,0.00011436155150712501,0.0008439312550039269
8.426,0.0037736529797769425,0.006108980341649861,0.011453195462724608,0.008351513752651973,0.0001142047717446193,0.0008432997211271775
8.428,0.003771941581109939,0.006106437260041231,0.011452431458074619,0.008350955110414393,0.00011404820690930073,0.0008426686598421718
8.43,0.003770230958581644,0.006103895236967638,0.011451667504162266,0.008350396505784285,0.00011389185670673818,0.0008420380707954145
8.432,0.0037685211118401174,0.006101354271988546,0.011450903600984441,0.008349837938759208,0.0001137357208425005,0.0008414079536334107
8.434000000000001,0.0037668120405334182,0.0060988143646634185,0.011450139748538035,0.008349279409336496,0.00011357979902282267,0.0008407783080031095
8.436,0.00376510374431005,0.006096275514552163,0.011449375946819718,0.008348720917513264,0.00011342409095438377,0.000840149133551682
8.438,0.0037633962228182938,0.006093737721214909,0.01144861219582638,0.00834816246328729,0.00011326859634408493,0.0008395204299265213
8.44,0.0037616894757070973,0.0060912009842117865,0.011447848495554691,0.008347604046655688,0.00011311331489927134,0.0008388921967752427
8.442,0.003759983502624964,0.006088665303103369,0.011447084846001543,0.008347045667616015,0.00011295824632773233,0.0008382644337459055
8.444,0.003758278303221063,0.006086130677450008,0.011446321247163826,0.008346487326165608,0.00011280339033770126,0.000837637140486569
8.446,0.0037565738771443424,0.006083597106812499,0.01144555769903799,0.008345929022302023,0.00011264874663763358,0.0008370103166457366
8.448,0.0037548702240441933,0.006081064590751861,0.011444794201621145,0.008345370756022374,0.00011249431493665085,0.0008363839618721336
8.45,0.0037531673435700075,0.006078533128829111,0.011444030754909962,0.008344812527324219,0.00011234009494387465,0.0008357580758149297
8.452,0.0037514652353713984,0.006076002720605489,0.01144326735890111,0.008344254336204893,0.00011218608636931471,0.0008351326581230722
8.454,0.003749763899098202,0.006073473365642457,0.011442504013591481,0.008343696182661953,0.00011203228892298078,0.0008345077084461749
8.456,0.0037480633344004755,0.00607094506350192,0.011441740718977966,0.008343138066692735,0.00011187870231554875,0.0008338832264340734
8.458,0.003746363540928055,0.0060684178137455635,0.011440977475057235,0.008342579988294574,0.00011172532625813858,0.0008332592117368254
8.46,0.00374466451833122,0.006065891615935293,0.011440214281826178,0.008342021947464806,0.00011157216046187024,0.0008326356640047106
8.462,0.0037429662662604724,0.006063366469633458,0.011439451139281465,0.008341463944200989,0.00011141920463852983,0.0008320125828882308
8.464,0.003741268784366314,0.006060842374402409,0.011438688047419765,0.008340905978500457,0.00011126645850034755,0.0008313899680381098
8.466,0.0037395720722994685,0.00605831932980494,0.011437925006238192,0.008340348050360546,0.00011111392175977564,0.0008307678191055157
8.468,0.00373787612971066,0.006055797335403401,0.011437162015733193,0.008339790159778815,0.00011096159412993245,0.0008301461357418383
8.47,0.003736180956251056,0.006053276390761031,0.011436399075901882,0.008339232306752375,0.00011080947532393637,0.0008295249175986896
8.472,0.003734486551572047,0.0060507564954408455,0.011435636186740705,0.008338674491279008,0.00011065756505579394,0.0008289041643279038
8.474,0.0037327929153248007,0.006048237649006083,0.011434873348246777,0.008338116713355825,0.00011050586303928966,0.0008282838755815369
8.476,0.003731100047160707,0.006045719851020426,0.011434110560416766,0.008337558972980386,0.00011035436898909623,0.0008276640510120892
8.478,0.0037294079467316,0.006043203101047334,0.011433347823247342,0.008337001270150024,0.0001102030826203304,0.0008270446902720607
8.48,0.0037277166136893136,0.006040687398650713,0.011432585136735396,0.008336443604862076,0.00011005200364788692,0.0008264257930146179
8.482,0.003726026047685682,0.0060381727433946875,0.01143182250087782,0.0083358859771141,0.00010990113178777072,0.0008258073588927051
8.484,0.0037243362483729836,0.006035659134843385,0.011431059915671282,0.008335328386903429,0.00010975046675598676,0.0008251893875597105
8.486,0.003722647215403496,0.006033146572561154,0.011430297381112453,0.0083347708342274,0.00010960000826876204,0.0008245718786694667
8.488,0.003720958948429498,0.0060306350561125655,0.011429534897198224,0.00833421331908335,0.00010944975604321172,0.0008239548318758061
8.49,0.0037192714471037114,0.006028124585062411,0.011428772463925485,0.008333655841468834,0.00010929970979645098,0.0008233382468330053
8.492,0.0037175847110790805,0.006025615158975706,0.011428010081290907,0.00833309840138119,0.00010914986924626113,0.0008227221231955628
8.494,0.0037158987400083276,0.006023106777417464,0.01142724774929138,0.008332540998817972,0.00010900023411042348,0.0008221064606181994
8.496,0.003714213533544619,0.006020599439953145,0.011426485467923575,0.008331983633776519,0.0001088508041076075,0.0008214912587556356
8.498,0.0037125290913411213,0.006018093146147985,0.011425723237184382,0.008331426306254164,0.00010870157895626065,0.0008208765172634802
8.5,0.0037108454130514446,0.0060155878955676645,0.01142496105707047,0.008330869016248243,0.00010855255837594058,0.000820262235796898
8.502,0.0037091624983289773,0.006013083687778087,0.011424198927578733,0.008330311763756315,0.00010840374208598291,0.000819648414011942
8.504,0.00370748034682733,0.006010580522345377,0.011423436848706059,0.008329754548775714,0.0001082551298063894,0.0008190350515644429
8.506,0.003705798958200557,0.006008078398835659,0.011422674820449119,0.008329197371303776,0.00010810672125738385,0.0008184221481106757
8.508000000000001,0.0037041183321024906,0.00600557731681528,0.011421912842804582,0.008328640231338058,0.00010795851615963414,0.0008178097033071374
8.51,0.00370243846818763,0.00600307727585081,0.01142115091576934,0.008328083128875896,0.0001078105142344743,0.0008171977168107691
8.512,0.003700759366110029,0.006000578275509039,0.011420389039340284,0.008327526063914625,0.00010766271520323833,0.0008165861882785119
8.514,0.003699081025524409,0.0059980803153567575,0.011419627213514083,0.008326969036451581,0.00010751511878770437,0.0008159751173675289
8.516,0.003697403446085268,0.005995583394961201,0.011418865438287629,0.008326412046484322,0.00010736772471031664,0.0008153645037354273
8.518,0.0036957266274475487,0.005993087513889606,0.01141810371365759,0.008325855094010182,0.00010722053269351939,0.0008147543470402585
8.52,0.003694050569265972,0.005990592671709427,0.01141734203962086,0.008325298179026719,0.000107073542460423,0.0008141446469398517
8.522,0.0036923752711959246,0.005988098867988123,0.011416580416174105,0.008324741301531269,0.00010692675373435989,0.0008135354030924802
8.524000000000001,0.003690700732892571,0.005985606102293817,0.011415818843314218,0.008324184461521167,0.00010678016623910658,0.0008129266151568615
8.526,0.0036890269540112985,0.005983114374194409,0.011415057321038091,0.008323627658993749,0.00010663377969888366,0.000812318282791713
8.528,0.0036873539342077155,0.005980623683258024,0.011414295849342393,0.008323070893946571,0.00010648759383791173,0.0008117104056561963
8.53,0.003685681673137653,0.005978134029053006,0.011413534428223793,0.00832251416637697,0.00010634160838129958,0.000811102983409695
8.532,0.0036840101704571637,0.005975645411147923,0.011412773057679404,0.008321957476282504,0.00010619582305437802,0.0008104960157118146
8.534,0.0036823394258220787,0.005973157829111564,0.011412011737705674,0.008321400823660285,0.00010605023758269994,0.0008098895022223829
8.536,0.003680669438888673,0.005970671282512718,0.011411250468299494,0.008320844208507872,0.00010590485169226227,0.0008092834426014495
8.538,0.0036790002093132212,0.005968185770920398,0.011410489249457756,0.00832028763082282,0.00010575966510950607,0.0008086778365092862
8.540000000000001,0.0036773317367524427,0.005965701293904058,0.01140972808117735,0.008319731090602467,0.00010561467756131648,0.0008080726836066088
8.542,0.0036756640208630564,0.0059632178510329314,0.011408966963454725,0.008319174587844147,0.00010546988877457864,0.0008074679835543552
8.544,0.0036739970613017814,0.005960735441876919,0.011408205896286994,0.008318618122545196,0.00010532529847706584,0.0008068637360134634
8.546,0.0036723308577255587,0.005958254066005475,0.011407444879670825,0.008318061694703172,0.00010518090639655142,0.0008062599406455373
8.548,0.0036706654097915514,0.005955773722988944,0.011406683913602889,0.008317505304315409,0.00010503671226125277,0.0008056565971119589
8.55,0.003669000717157145,0.005953294412397225,0.011405922998080076,0.008316948951379244,0.00010489271580005344,0.0008050537050747764
8.552,0.003667336779479724,0.005950816133800663,0.011405162133099278,0.008316392635892234,0.0001047489167416149,0.0008044512641962598
8.554,0.0036656735964171183,0.005948338886769822,0.011404401318657165,0.008315836357851714,0.0001046053148157089,0.0008038492741384573
8.556000000000001,0.003664011167626935,0.005945862670875268,0.011403640554750627,0.00831528011725502,0.00010446190975188507,0.0008032477345643052
8.558,0.003662349492767003,0.005943387485688012,0.011402879841376334,0.008314723914099487,0.0001043187012801372,0.0008026466451365177
8.56,0.003660688571495596,0.005940913330779063,0.011402119178531178,0.008314167748382673,0.00010417568913112518,0.0008020460055182532
8.562,0.0036590284034707654,0.005938440205719653,0.011401358566211828,0.008313611620102135,0.00010403287303573094,0.0008014458153728921
8.564,0.0036573689883510063,0.005935968110081236,0.011400598004415174,0.008313055529254987,0.00010389025272505847,0.0008008460743642587
8.566,0.0036557103257950363,0.005933497043435265,0.01139983749313811,0.008312499475838786,0.00010374782793087789,0.0008002467821561776
8.568,0.0036540524154613507,0.00593102700535364,0.011399077032377303,0.00831194345985109,0.00010360559838495931,0.0007996479384126953
8.57,0.003652395257008889,0.005928557995408257,0.011398316622129645,0.008311387481289012,0.00010346356381973898,0.0007990495427983024
8.572000000000001,0.003650738850096591,0.005926090013171015,0.011397556262391806,0.00831083154015011,0.00010332172396809725,0.0007984515949774895
8.574,0.0036490831943836177,0.005923623058214478,0.011396795953160455,0.00831027563643194,0.00010318007856291445,0.0007978540946154133
8.576,0.003647428289529353,0.005921157130110988,0.011396035694432705,0.008309719770131618,0.00010303862733751501,0.0007972570413770086
8.578,0.0036457741351934025,0.005918692228433331,0.011395275486205225,0.008309163941246922,0.0001028973700258895,0.0007966604349278761
8.58,0.0036441207310351498,0.0059162283527540716,0.011394515328474686,0.008308608149774965,0.00010275630636225053,0.0007960642749336166
8.582,0.0036424680767144224,0.00591376550264644,0.011393755221237978,0.008308052395713306,0.00010261543608103274,0.0007954685610600531
8.584,0.00364081617189127,0.005911303677683666,0.01139299516449177,0.008307496679059279,0.00010247475891711488,0.0007948732929734525
8.586,0.0036391650162257427,0.00590884287743898,0.011392235158233177,0.00830694099981022,0.00010233427460581979,0.0007942784703400818
8.588000000000001,0.003637514609378112,0.005906383101485835,0.011391475202458645,0.008306385357963686,0.00010219398288269232,0.000793684092826652
8.59,0.0036358649510088714,0.005903924349398126,0.011390715297165066,0.008305829753517013,0.00010205388348372146,0.0007930901601000961
8.592,0.003634216040778515,0.005901466620749529,0.011389955442349331,0.008305274186467537,0.00010191397614534026,0.0007924966718275694
8.594,0.003632567878347759,0.005899009915114384,0.011389195638008331,0.008304718656812815,0.0001017742606042038,0.0007919036276764491
8.596,0.0036309204633773184,0.0058965542320668085,0.011388435884138515,0.008304163164550182,0.00010163473659741129,0.0007913110273145563
8.598,0.003629273795528354,0.005894099571181144,0.011387676180736994,0.008303607709677197,0.00010149540386228395,0.0007907188704097123
8.6,0.003627627874462025,0.005891645932032175,0.01138691652780044,0.008303052292190971,0.00010135626213680915,0.0007901271566299606
8.602,0.0036259826998394917,0.005889193314194463,0.011386156925325741,0.008302496912089286,0.00010121731115897425,0.0007895358856437884
8.604000000000001,0.0036243382713225802,0.005886741717243016,0.01138539737330957,0.008301941569369253,0.00010107855066743276,0.0007889450571196832
8.606,0.0036226945885726725,0.005884291140753062,0.011384637871748593,0.008301386264028432,0.00010093998040083818,0.0007883546707265765
8.608,0.0036210516512515944,0.0058818415842998295,0.011383878420639926,0.008300830996064157,0.00010080160009851014,0.0007877647261338439
8.61,0.0036194094590211723,0.005879393047458992,0.011383119019980237,0.008300275765473986,0.00010066340950021235,0.0007871752230106388
8.612,0.003617768011543676,0.005876945529805999,0.011382359669766196,0.008299720572255254,0.00010052540834570856,0.000786586161026781
8.614,0.003616127308481376,0.005874499030916747,0.011381600369994693,0.008299165416405296,0.00010038759637520656,0.0007859975398520902
8.616,0.0036144873494965424,0.005872053550367351,0.0113808411206624,0.008298610297921671,0.0001002499733295803,0.000785409359156608
8.618,0.0036128481342518892,0.005869609087733929,0.011380081921766427,0.008298055216801714,0.00010011253894970373,0.0007848216186108203
8.620000000000001,0.003611209662409909,0.00586716564259282,0.011379322773303224,0.00829750017304276,9.997529297689489e-05,0.0007842343178852129
8.622,0.0036095719336335375,0.005864723214520584,0.011378563675269682,0.008296945166642367,9.98382351529159e-05,0.0007836474566507157
8.624,0.0036079349475859335,0.005862281803093783,0.011377804627662691,0.00829639019759787,9.970136521997297e-05,0.0007830610345784805
8.626,0.003606298703930033,0.005859841407889421,0.011377045630479143,0.008295835265906604,9.956468292027232e-05,0.0007824750513398815
8.628,0.003604663202329439,0.005857402028484726,0.011376286683715708,0.008295280371566127,9.942818799668629e-05,0.0007818895066065146
8.63,0.003603028442447309,0.005854963664456703,0.011375527787369055,0.008294725514573775,9.929188019230928e-05,0.0007813044000501979
8.632,0.0036013944239474682,0.005852526315383022,0.011374768941436075,0.008294170694927105,9.915575925067976e-05,0.0007807197313431935
8.634,0.0035997611464937407,0.005850089980841133,0.01137401014591366,0.008293615912623231,9.901982491555827e-05,0.0007801355001577637
8.636000000000001,0.003598128609749951,0.005847654660408708,0.011373251400798479,0.008293061167659932,9.888407693137147e-05,0.0007795517061663926
8.638,0.0035964968133801456,0.00584522035366386,0.011372492706087423,0.008292506460034321,9.874851504232396e-05,0.0007789683490420085
8.64,0.003594865757048593,0.0058427870601847065,0.011371734061777161,0.008291951789743957,9.861313899350854e-05,0.0007783854284577618
8.642,0.003593235440419562,0.005840354779549584,0.011370975467864586,0.008291397156786395,9.847794853001801e-05,0.0007778029440868028
8.644,0.003591605863157765,0.005837923511336829,0.011370216924346588,0.008290842561158751,9.834294339761129e-05,0.000777220895602726
8.646,0.003589977024927693,0.005835493255125224,0.011369458431219837,0.008290288002858581,9.820812334204732e-05,0.0007766392826795698
8.648,0.0035883489253945022,0.005833064010493549,0.011368699988481223,0.008289733481883443,9.807348810975114e-05,0.0007760581049911508
8.65,0.0035867215642229056,0.0058306357770208095,0.011367941596127418,0.008289178998230673,9.793903744736987e-05,0.0007754773622119515
8.652000000000001,0.0035850949410782817,0.005828208554286229,0.01136718325415531,0.008288624551897605,9.780477110177266e-05,0.0007748970540164546
8.654,0.0035834690556257875,0.005825782341869035,0.011366424962561572,0.008288070142881798,9.767068882027274e-05,0.0007743171800793647
8.656,0.0035818439075308017,0.005823357139348895,0.011365666721343093,0.008287515771180365,9.753679035062746e-05,0.0007737377400758305
8.658,0.003580219496458925,0.005820932946305479,0.011364908530496765,0.008286961436791085,9.740307544081617e-05,0.0007731587336810009
8.66,0.0035785958220759806,0.00581850976231868,0.011364150390019256,0.008286407139711072,9.726954383926234e-05,0.0007725801605704685
8.662,0.003576972884048013,0.005816087586968388,0.01136339229990746,0.008285852879938105,9.713619529461148e-05,0.0007720020204200484
8.664,0.0035753506820408454,0.00581366641983494,0.011362634260158044,0.008285298657469298,9.700302955573115e-05,0.0007714243129055554
8.666,0.0035737292157207445,0.005811246260498892,0.011361876270767901,0.008284744472302208,9.687004637237706e-05,0.0007708470377034704
8.668000000000001,0.0035721084847541995,0.005808827108540582,0.0113611183317337,0.00828419032443417,9.673724549408291e-05,0.0007702701944902746
8.67,0.0035704884888076993,0.005806408963540788,0.01136036044305233,0.008283636213862744,9.660462667082648e-05,0.0007696937829424488
8.672,0.003568869227547733,0.005803991825080512,0.011359602604720687,0.008283082140585263,9.647218965325166e-05,0.0007691178027371404
8.674,0.0035672507006412335,0.005801575692740979,0.011358844816735436,0.008282528104599063,9.633993419200237e-05,0.0007685422535517183
8.676,0.003565632907755134,0.00579916056610319,0.01135808707909347,0.008281974105901702,9.620786003816661e-05,0.0007679671350633299
8.678,0.00356401584855659,0.005796746444748813,0.01135732939179146,0.008281420144490514,9.607596694327647e-05,0.0007673924469497884
8.68,0.003562399522712756,0.0057943333282595155,0.011356571754826295,0.008280866220362837,9.594425465908607e-05,0.000766818188889129
8.682,0.0035607839298912314,0.005791921216216966,0.011355814168194867,0.008280312333516227,9.581272293779364e-05,0.0007662443605596092
8.684000000000001,0.0035591690697593936,0.005789510108203055,0.011355056631893845,0.008279758483948019,9.568137153181944e-05,0.0007656709616394863
8.686,0.003557554941985064,0.005787100003799894,0.0113542991459199,0.008279204671655771,9.555020019380578e-05,0.0007650979918074619
8.688,0.0035559415462360633,0.0057846909025900395,0.011353541710270143,0.008278650896636819,9.541920867706111e-05,0.0007645254507424593
8.69,0.0035543288821804353,0.005782282804155825,0.011352784324941023,0.008278097158888498,9.528839673511591e-05,0.0007639533381236241
8.692,0.0035527169494864452,0.005779875708080029,0.011352026989929653,0.008277543458408365,9.515776412172272e-05,0.0007633816536301019
8.694,0.0035511057478223584,0.00577746961394543,0.011351269705232703,0.008276989795193757,9.502731059107816e-05,0.0007628103969419264
8.696,0.0035494952768564403,0.005775064521335027,0.01135051247084684,0.00827643616924223,9.48970358976009e-05,0.0007622395677386873
8.698,0.0035478855362576223,0.005772660429832044,0.011349755286769181,0.00827588258055112,9.476693979637574e-05,0.0007616691657006402
8.700000000000001,0.0035462765256943918,0.005770257339019702,0.01134899815299617,0.008275329029117762,9.463702204226543e-05,0.0007610991905080411
8.702,0.0035446682448359024,0.005767855248481668,0.011348241069524923,0.008274775514939714,9.450728239102091e-05,0.0007605296418413676
8.704,0.0035430606933510855,0.005765454157801608,0.011347484036352107,0.008274222038014312,9.437772059839311e-05,0.0007599605193815417
8.706,0.003541453870909317,0.005763054066563411,0.011346727053474392,0.008273668598339112,9.424833642035502e-05,0.0007593918228097074
8.708,0.00353984777717975,0.005760654974351187,0.011345970120888671,0.008273115195911451,9.411912961376778e-05,0.0007588235518070086
8.71,0.0035382424118322042,0.005758256880749046,0.011345213238591834,0.008272561830728664,9.399009993527052e-05,0.0007582557060550332
8.712,0.0035366377745360555,0.005755859785341544,0.01134445640658055,0.008272008502788308,9.386124714194644e-05,0.0007576882852355915
8.714,0.0035350338649613455,0.005753463687713234,0.01134369962485171,0.00827145521208772,9.373257099154486e-05,0.0007571212890307155
8.716,0.003533430682777894,0.005751068587448671,0.011342942893402208,0.008270901958624233,9.360407124181513e-05,0.0007565547171226594
8.718,0.0035318282276557422,0.005748674484132854,0.011342186212228711,0.008270348742395406,9.347574765095068e-05,0.0007559885691938995
8.72,0.0035302264992653765,0.0057462813773510035,0.011341429581327889,0.008269795563398796,9.334759997736697e-05,0.0007554228449271339
8.722,0.0035286254972770603,0.00574388926668834,0.011340673000696855,0.008269242421631517,9.321962797992356e-05,0.0007548575440052829
8.724,0.0035270252213615017,0.0057414981517300845,0.011339916470332057,0.008268689317091349,9.30918314179241e-05,0.0007542926661117111
8.726,0.0035254256711894083,0.0057391080320621235,0.011339159990230607,0.008268136249775404,9.296421005067224e-05,0.0007537282109295607
8.728,0.003523826846431488,0.005736718907270122,0.011338403560389176,0.00826758321968124,9.283676363813775e-05,0.0007531641781428622
8.73,0.003522228746758893,0.0057343307769399665,0.011337647180804433,0.008267030226806193,9.270949194051248e-05,0.0007526005674352021
8.732,0.003520631371842775,0.005731943640657988,0.011336890851473491,0.00826647727114782,9.258239471821028e-05,0.000752037378490833
8.734,0.003519034721354286,0.005729557498010296,0.011336134572392798,0.008265924352703458,9.245547173208912e-05,0.0007514746109942294
8.736,0.003517438794965022,0.0057271723485834425,0.011335378343559466,0.008265371471470662,9.232872274322901e-05,0.0007509122646300881
8.738,0.003515843592346579,0.005724788191963981,0.011334622164970165,0.008264818627446768,9.220214751315403e-05,0.0007503503390831057
8.74,0.0035142491131707754,0.005722405027738686,0.011333866036621565,0.008264265820629113,9.207574580361033e-05,0.0007497888340384229
8.742,0.003512655357109651,0.005720022855494777,0.011333109958510557,0.008263713051015253,9.194951737678814e-05,0.0007492277491814026
8.744,0.0035110623238350236,0.0057176416748192516,0.011332353930634032,0.008263160318602525,9.182346199509972e-05,0.0007486670841974075
8.746,0.003509470013019156,0.005715261485299328,0.011331597952988881,0.008262607623388485,9.16975794211794e-05,0.0007481068387724665
8.748,0.003507878424334532,0.005712882286522669,0.011330842025571775,0.008262054965370469,9.157186941832762e-05,0.0007475470125926087
8.75,0.0035062875574534136,0.005710504078076939,0.011330086148379381,0.008261502344545812,9.144633174984484e-05,0.0007469876053440849
8.752,0.0035046974120487295,0.005708126859550022,0.011329330321408593,0.008260949760912073,9.132096617969765e-05,0.0007464286167133682
8.754,0.003503107987793186,0.0057057506305298045,0.0113285745446563,0.008260397214466586,9.119577247185262e-05,0.0007458700463871537
8.756,0.003501519284359489,0.005703375390604615,0.011327818818119173,0.008259844705206909,9.107075039049839e-05,0.0007453118940523584
8.758000000000001,0.003499931301421011,0.005701001139362782,0.011327063141794103,0.008259292233130378,9.094589970048972e-05,0.0007447541593963436
8.76,0.0034983440386509024,0.005698627876392637,0.01132630751567798,0.008258739798234549,9.082122016690342e-05,0.0007441968421064704
8.762,0.0034967574957227576,0.005696255601283173,0.011325551939767475,0.008258187400516537,9.069671155526038e-05,0.0007436399418703221
8.764,0.003495171672309949,0.005693884313623165,0.01132479641405948,0.00825763503997412,9.05723736310815e-05,0.000743083458375926
8.766,0.003493586568086071,0.005691514013001608,0.011324040938550661,0.008257082716604414,9.044820616033178e-05,0.0007425273913115316
8.768,0.0034920021827251624,0.00568914469900772,0.011323285513237913,0.008256530430405196,9.032420890942028e-05,0.000741971740365388
8.77,0.0034904185159010392,0.005686776371230717,0.011322530138117903,0.00825597818137358,9.020038164497812e-05,0.0007414165052259669
8.772,0.0034888355672879623,0.005684409029260484,0.011321774813187746,0.008255425969507124,9.007672413385848e-05,0.0007408616855824057
8.774000000000001,0.003487253336560192,0.00568204267268646,0.011321019538443888,0.008254873794803386,8.995323614358064e-05,0.00074030728112362
8.776,0.0034856718233922113,0.005679677301098751,0.011320264313883444,0.0082543216572597,8.982991744166391e-05,0.0007397532915387472
8.778,0.0034840910274585024,0.00567731291408724,0.011319509139503081,0.008253769556873403,8.970676779584963e-05,0.0007391997165175912
8.78,0.00348251094843377,0.0056749495112422554,0.01131875401529947,0.008253217493642051,8.958378697454528e-05,0.0007386465557497335
8.782,0.0034809315859929413,0.005672587092154346,0.011317998941269503,0.00825266546756298,8.946097474638037e-05,0.0007380938089254219
8.784,0.0034793529398109424,0.005670225656413841,0.01131724391741007,0.008252113478633527,8.933833088020648e-05,0.0007375414757346821
8.786,0.0034777750095631443,0.005667865203611733,0.01131648894371784,0.008251561526851248,8.921585514509722e-05,0.000736989555867984
8.788,0.003476197794924696,0.005665505733338794,0.011315734020189705,0.0082510096122137,8.909354731057029e-05,0.0007364380490160194
8.790000000000001,0.0034746212955711897,0.005663147245186018,0.011314979146822557,0.008250457734717997,8.897140714658747e-05,0.0007358869548699243
8.792,0.003473045511178219,0.0056607897387448425,0.011314224323613065,0.00824990589436192,8.88494344233326e-05,0.0007353362731206126
8.794,0.003471470441421376,0.005658433213606706,0.01131346955055812,0.00824935409114258,8.872762891098951e-05,0.0007347860034596643
8.796,0.003469896085976698,0.005656077669363047,0.011312714827654391,0.008248802325057758,8.860599038063022e-05,0.0007342361455786595
8.798,0.003468322444520222,0.005653723105605746,0.01131196015489877,0.008248250596104567,8.848451860310469e-05,0.0007336866991694002
8.8,0.003466749516728207,0.005651369521926686,0.011311205532288149,0.008247698904280565,8.836321334992903e-05,0.0007331376639241327
8.802,0.0034651773022769117,0.005649016917918193,0.011310450959819196,0.008247147249583309,8.824207439284137e-05,0.0007325890395348811
8.804,0.0034636058008428172,0.00564666529317237,0.011309696437488803,0.008246595632009912,8.812110150380192e-05,0.0007320408256943356
8.806000000000001,0.0034620350121026267,0.005644314647281545,0.011308941965293862,0.008246044051558155,8.800029445521496e-05,0.0007314930220954086
8.808,0.003460464935733043,0.0056419649798384874,0.01130818754323104,0.008245492508225372,8.78796530197068e-05,0.0007309456284310123
8.81,0.0034588955714112135,0.005639616290435967,0.01130743317129701,0.008244941002008899,8.775917697034785e-05,0.0007303986443942811
8.812,0.003457326918814063,0.005637268578666976,0.011306678849488883,0.008244389532906071,8.763886608020854e-05,0.0007298520696787936
8.814,0.003455758977618739,0.0056349218441245075,0.011305924577803106,0.008243838100914447,8.751872012302542e-05,0.000729305903978128
8.816,0.0034541917475026107,0.005632576086401997,0.011305170356236793,0.008243286706031583,8.739873887275706e-05,0.000728760146986307
8.818,0.003452625228143269,0.005630231305092881,0.011304416184786614,0.008242735348254815,8.727892210336208e-05,0.0007282147983975751
8.82,0.0034510594192185273,0.005627887499790818,0.01130366206344946,0.008242184027581478,8.715926958968723e-05,0.0007276698579061769
8.822000000000001,0.003449494320405977,0.005625544670089466,0.011302907992222,0.00824163274400913,8.703978110635724e-05,0.000727125325206579
8.824,0.003447929931383653,0.005623202815582928,0.011302153971101125,0.008241081497535108,8.692045642844093e-05,0.0007265811999939142
8.826,0.0034463662518295912,0.005620861935865307,0.011301400000083728,0.008240530288156966,8.68012953314512e-05,0.0007260374819630933
8.828,0.0034448032814220486,0.005618522030530926,0.011300646079166476,0.008239979115872043,8.6682297591123e-05,0.0007254941708094709
8.83,0.0034432410198395047,0.005616183099174332,0.011299892208346263,0.008239427980677894,8.656346298363538e-05,0.0007249512662286239
8.832,0.003441679466760439,0.0056138451413900725,0.011299138387619756,0.008238876882571855,8.644479128516735e-05,0.0007244087679161293
8.834,0.0034401186218637747,0.005611508156773137,0.011298384616983848,0.008238325821551262,8.632628227256411e-05,0.0007238666755680079
8.836,0.0034385584848279915,0.005609172144918295,0.011297630896435429,0.008237774797613673,8.620793572267083e-05,0.0007233249888805027
8.838000000000001,0.003436999055332235,0.005606837105420759,0.01129687722597117,0.008237223810756644,8.608975141277675e-05,0.0007227837075500787
8.84,0.0034354403330556504,0.005604503037875963,0.01129612360558796,0.008236672860977512,8.597172912039319e-05,0.000722242831273423
8.842,0.0034338823176773836,0.00560216994187912,0.01129537003528247,0.008236121948273611,8.58538686236976e-05,0.0007217023597474448
8.844,0.003432325008877024,0.00559983781702611,0.011294616515051592,0.0082355710726425,8.573616970064535e-05,0.0007211622926692751
8.846,0.0034307684063339394,0.00559750666291281,0.011293863044892216,0.008235020234081514,8.561863212985799e-05,0.0007206226297360452
8.848,0.0034292125097279413,0.0055951764791351,0.011293109624801234,0.00823446943258821,8.550125568995703e-05,0.0007200833706455523
8.85,0.0034276573187388415,0.00559284726528908,0.011292356254775315,0.008233918668159923,8.538404016023016e-05,0.0007195445150953717
8.852,0.0034261028330466736,0.005590519020971296,0.011291602934811129,0.00823336794079399,8.526698532018706e-05,0.0007190060627837447
8.854000000000001,0.0034245490523316935,0.0055881917457780705,0.011290849664905567,0.008232817250487967,8.515009094933745e-05,0.0007184680134089128
8.856,0.003422995976273935,0.00558586543930617,0.01129009644505552,0.008232266597239413,8.503335682763513e-05,0.0007179303666691172
8.858,0.0034214436045540975,0.005583540101152362,0.01128934327525788,0.008231715981045662,8.491678273570002e-05,0.0007173931222632657
8.86,0.0034198919368526592,0.005581215730913636,0.011288590155509315,0.00823116540190405,8.480036845393002e-05,0.0007168562798902656
8.862,0.003418340972850098,0.005578892328187202,0.011287837085806718,0.008230614859812135,8.468411376316709e-05,0.0007163198392492465
8.864,0.0034167907122275576,0.005576569892570271,0.011287084066146758,0.008230064354767253,8.456801844491935e-05,0.00071578380003956
8.866,0.00341524115466596,0.0055742484236604994,0.011286331096526325,0.00822951388676696,8.445208228047285e-05,0.0007152481619607798
8.868,0.003413692299846449,0.005571927921055542,0.01128557817694209,0.008228963455808813,8.43363050517798e-05,0.0007147129247127015
8.870000000000001,0.003412144147450391,0.005569608384353275,0.011284825307391166,0.008228413061889928,8.42206865407924e-05,0.000714178087995343
8.872,0.0034105966971591517,0.005567289813151577,0.011284072487870223,0.00822786270500786,8.410522653012897e-05,0.000713643651509166
8.874,0.003409049948654319,0.005564972207048768,0.011283319718375928,0.008227312385160168,8.398992480240786e-05,0.0007131096149546323
8.876,0.0034075039016177033,0.005562655565643171,0.011282566998905175,0.008226762102344187,8.387478114069147e-05,0.0007125759780322038
8.878,0.0034059585557311145,0.005560339888533106,0.011281814329454853,0.008226211856557475,8.375979532804223e-05,0.0007120427404430085
8.88,0.0034044139106765847,0.00555802517531756,0.011281061710021634,0.008225661647797367,8.364496714841074e-05,0.0007115099018883964
8.882,0.003402869966136368,0.005555711425595078,0.011280309140602407,0.008225111476061198,8.353029638552556e-05,0.0007109774620694953
8.884,0.003401326721792719,0.005553398638964868,0.011279556621194065,0.008224561341346526,8.341578282355933e-05,0.0007104454206880995
8.886000000000001,0.0033997841773281134,0.0055510868150259185,0.011278804151793276,0.008224011243650908,8.330142624712877e-05,0.0007099137774460029
8.888,0.0033982423324250277,0.00554877595337766,0.011278051732396932,0.00822346118297168,8.318722644107268e-05,0.0007093825320452218
8.89,0.00339670118676616,0.005546466053619747,0.011277299363001703,0.008222911159306179,8.307318319022983e-05,0.0007088516841879944
8.892,0.003395160740034653,0.005544157115351833,0.011276547043604479,0.00822236117265196,8.295929628010512e-05,0.0007083212335767808
8.894,0.0033936209919134264,0.005541849138173571,0.011275794774202152,0.008221811223006359,8.284556549642552e-05,0.0007077911799144854
8.896,0.003392081942085623,0.005539542121685059,0.011275042554791392,0.008221261310366934,8.273199062514003e-05,0.0007072615229040125
8.898,0.003390543590234385,0.005537236065486395,0.011274290385369312,0.00822071143473102,8.261857145241969e-05,0.0007067322622484884
8.9,0.003389005936043521,0.00553493096917812,0.011273538265932359,0.008220161596096176,8.250530776487963e-05,0.0007062033976512616
8.902000000000001,0.0033874689791963952,0.005532626832360554,0.011272786196477425,0.008219611794459736,8.239219934957909e-05,0.0007056749288161246
8.904,0.0033859327193768163,0.005530323654634461,0.0112720341770014,0.008219062029819257,8.227924599335523e-05,0.0007051468554468698
8.906,0.0033843971562685926,0.005528021435600827,0.011271282207501176,0.008218512302172076,8.216644748371138e-05,0.0007046191772475119
8.908,0.003382862289555977,0.005525720174860416,0.011270530287973424,0.00821796261151575,8.205380360859493e-05,0.0007040918939222873
8.91,0.0033813281189229993,0.0055234198720144345,0.011269778418415033,0.008217412957847614,8.194131415573125e-05,0.0007035650051756548
8.912,0.003379794644053913,0.005521120526664314,0.011269026598822673,0.008216863341165226,8.182897891351182e-05,0.000703038510712517
8.914,0.003378261864633414,0.005518822138411483,0.011268274829193237,0.008216313761465921,8.171679767055018e-05,0.0007025124102377767
8.916,0.003376729780345755,0.005516524706857817,0.011267523109523614,0.008215764218747035,8.160477021568191e-05,0.0007019867034565586
8.918000000000001,0.0033751983908760774,0.005514228231604967,0.011266771439810697,0.008215214713006125,8.149289633818668e-05,0.0007014613900742095
8.92,0.0033736676959090772,0.005511932712254808,0.011266019820051154,0.008214665244240749,8.138117582756621e-05,0.0007009364697965204
8.922,0.0033721376951296733,0.005509638148409657,0.011265268250241656,0.008214115812448242,8.126960847354425e-05,0.00070041194232906
8.924,0.0033706083882232285,0.005507344539671832,0.011264516730379093,0.008213566417626161,8.115819406606661e-05,0.0006998878073780634
8.926,0.0033690797748751056,0.005505051885643875,0.011263765260460357,0.008213017059771843,8.104693239552319e-05,0.0006993640646497656
8.928,0.0033675518547706673,0.005502760185928546,0.011263013840482339,0.008212467738882623,8.093582325252591e-05,0.0006988407138506236
8.93,0.0033660246275954986,0.005500469440128608,0.011262262470441708,0.008211918454956058,8.082486642790876e-05,0.0006983177546873165
8.932,0.0033644980930354063,0.005498179647846824,0.011261511150335357,0.008211369207989705,8.071406171294981e-05,0.0006977951868669674
8.934000000000001,0.003362972250776197,0.005495890808686621,0.011260759880159954,0.008210819997980678,8.060340889892714e-05,0.0006972730100964775
8.936,0.0033614471005039004,0.005493602922251206,0.011260008659912613,0.008210270824926758,8.049290777778495e-05,0.0006967512240834139
8.938,0.0033599226419047667,0.00549131598814423,0.01125925748958978,0.008209721688825278,8.038255814168949e-05,0.0006962298285353441
8.94,0.0033583988746650473,0.00548903000596912,0.01125850636918857,0.008209172589673575,8.0272359782807e-05,0.0006957088231598352
8.942,0.003356875798471215,0.005486744975329749,0.011257755298705652,0.008208623527469205,8.016231249374783e-05,0.0006951882076651206
8.944,0.003355353413009965,0.005484460895830212,0.011257004278137694,0.008208074502209728,8.005241606734437e-05,0.0006946679817594337
8.946,0.003353831717967992,0.005482177767074603,0.011256253307481812,0.008207525513892477,7.994267029687308e-05,0.0006941481451512299
8.948,0.003352310713032214,0.0054798955886672385,0.011255502386734673,0.00820697656251479,7.983307497583247e-05,0.0006936286975491868
8.950000000000001,0.003350790397889547,0.005477614360212657,0.011254751515892947,0.008206427648074222,7.972362989794313e-05,0.0006931096386622038
8.952,0.003349270772227353,0.005475334081315397,0.011254000694953747,0.008205878770568109,7.961433485736968e-05,0.0006925909681994025
8.954,0.0033477518357327707,0.00547305475158022,0.011253249923913522,0.00820532992999401,7.95051896482768e-05,0.0006920726858699044
8.956,0.0033462335880933836,0.005470776370612107,0.011252499202769384,0.00820478112634948,7.93961940652732e-05,0.0006915547913834974
8.958,0.0033447160289967748,0.005468498938016264,0.011251748531518002,0.008204232359631858,7.928734790341174e-05,0.000691037284449969
8.96,0.0033431991581305276,0.005466222453398117,0.011250997910156268,0.008203683629838476,7.917865095752319e-05,0.000690520164779107
8.962,0.0033416829751826693,0.005463946916363094,0.011250247338681074,0.008203134936966894,7.907010302332651e-05,0.0006900034320813653
8.964,0.0033401674798412273,0.00546167232651662,0.011249496817089089,0.008202586281014446,7.896170389654067e-05,0.0006894870860669755
8.966,0.003338652671794229,0.005459398683464567,0.011248746345376981,0.00820203766197869,7.885345337288463e-05,0.0006889711264466136
8.968,0.0033371385507301454,0.005457125986813027,0.011247995923541865,0.008201489079857183,7.874535124896553e-05,0.0006884555529311776
8.97,0.0033356251163374484,0.005454854236168094,0.01124724555158041,0.00820094053464726,7.863739732116848e-05,0.0006879403652315652
8.972,0.0033341123683046092,0.00545258343113586,0.011246495229489506,0.00820039202634626,7.852959138632265e-05,0.0006874255630593407
8.974,0.0033326003063203213,0.005450313571322862,0.011245744957265824,0.008199843554951736,7.842193324170132e-05,0.0006869111461258459
8.976,0.0033310889300735003,0.00544804465633586,0.011244994734906255,0.008199295120461247,7.831442268457778e-05,0.0006863971141428671
8.978,0.0033295782392532836,0.0054457766857816114,0.01124424456240769,0.00819874672287213,7.820705951266937e-05,0.0006858834668221903
8.98,0.0033280682335485867,0.005443509659266876,0.011243494439766799,0.008198198362181719,7.809984352391552e-05,0.0006853702038760456
8.982,0.0033265589126487694,0.005441243576398858,0.011242744366980473,0.008197650038387572,7.799277451647768e-05,0.0006848573250168855
8.984,0.003325050276243413,0.005438978436784758,0.011241994344045603,0.008197101751487024,7.788585228896139e-05,0.000684344829957162
8.986,0.0033235423240218775,0.0054367142400322255,0.011241244370958858,0.008196553501477633,7.777907664019423e-05,0.0006838327184097714
8.988,0.0033220350556741884,0.0054344509857486845,0.011240494447717131,0.008196005288356956,7.767244736922585e-05,0.0006833209900876103
8.99,0.0033205284708899274,0.005432188673541782,0.011239744574317312,0.008195457112122329,7.756596427532791e-05,0.0006828096447040188
8.992,0.00331902256935912,0.0054299273030196105,0.01123899475075607,0.008194908972771309,7.745962715799415e-05,0.0006822986819723376
8.994,0.0033175173507720146,0.00542766687379026,0.011238244977030298,0.008194360870301232,7.735343581738441e-05,0.0006817881016061289
8.996,0.0033160128148188583,0.005425407385461822,0.011237495253136665,0.008193812804709433,7.72473900534365e-05,0.0006812779033193994
8.998,0.0033145089611901213,0.005423148837642833,0.01123674557907206,0.00819326477599347,7.714148966653234e-05,0.0006807680868263777
9.0,0.0033130057895762732,0.005420891229941827,0.011235995954833378,0.0081927167841509,7.70357344574979e-05,0.0006802586518410703
9.002,0.003311503299668006,0.005418634561967561,0.011235246380417507,0.008192168829179058,7.693012422738121e-05,0.0006797495980781498
9.004,0.0033100014911560116,0.005416378833329016,0.011234496855821119,0.008191620911075503,7.682465877723033e-05,0.0006792409252522891
9.006,0.003308500363731426,0.005414124043635171,0.011233747381041104,0.00819107302983757,7.67193379087594e-05,0.0006787326330783827
9.008000000000001,0.0033069999170853848,0.005411870192495227,0.011232997956074353,0.008190525185462594,7.66141614236826e-05,0.0006782247212717696
9.01,0.0033055001509092463,0.005409617279518608,0.011232248580917537,0.008189977377948354,7.650912912415819e-05,0.0006777171895475664
9.012,0.0033040010648943685,0.005407365304314737,0.011231499255567545,0.008189429607291965,7.640424081234443e-05,0.0006772100376215562
9.014,0.0033025026587321094,0.005405114266493483,0.011230749980021049,0.008188881873491205,7.62994962910657e-05,0.0006767032652095217
9.016,0.003301004932114271,0.005402864165664711,0.011230000754274938,0.008188334176543188,7.619489536314639e-05,0.000676196872027246
9.018,0.0032995078847326553,0.005400615001438291,0.011229251578326105,0.008187786516445694,7.609043783163294e-05,0.000675690857791178
9.02,0.0032980115162792867,0.005398366773424534,0.011228502452171218,0.008187238893196058,7.598612350001588e-05,0.0006751852222175447
9.022,0.003296515826446189,0.005396119481233974,0.011227753375807392,0.008186691306791616,7.588195217178573e-05,0.0006746799650230173
9.024000000000001,0.003295020814925609,0.005393873124476922,0.011227004349231073,0.008186143757229924,7.577792365109914e-05,0.0006741750859244888
9.026,0.003293526481410014,0.005391627702764135,0.011226255372439375,0.00818559624450832,7.567403774233483e-05,0.0006736705846390745
9.028,0.003292032825591873,0.005389383215706367,0.011225506445428968,0.008185048768624359,7.557029424964945e-05,0.0006731664608841115
9.03,0.003290539847163876,0.005387139662914597,0.011224757568196742,0.0081845013295756,7.546669297808783e-05,0.000672662714376937
9.032,0.003289047545818713,0.0053848970440002475,0.011224008740739366,0.008183953927359378,7.536323373247278e-05,0.0006721593448353325
9.034,0.0032875559212492966,0.005382655358574517,0.011223259963053733,0.008183406561973028,7.525991631829321e-05,0.0006716563519770791
9.036,0.0032860649731487612,0.005380414606248829,0.011222511235136734,0.008182859233414108,7.515674054103805e-05,0.0006711537355204023
9.038,0.003284574701210463,0.005378174786634826,0.01122176255698526,0.008182311941680176,7.505370620641827e-05,0.0006706514951835274
9.040000000000001,0.0032830851051275367,0.005375935899344375,0.01122101392859598,0.008181764686768567,7.495081312081098e-05,0.000670149630685124
9.042,0.0032815961845935604,0.005373697943989564,0.011220265349965786,0.008181217468676838,7.484806109037123e-05,0.0006696481417438616
9.044,0.0032801079393021126,0.00537146092018248,0.011219516821091347,0.008180670287402325,7.474544992169818e-05,0.0006691470280788536
9.046,0.003278620368947216,0.005369224827535213,0.011218768341969554,0.008180123142942586,7.464297942183507e-05,0.0006686462894092138
9.048,0.003277133473222449,0.005366989665660515,0.011218019912597299,0.008179576035294955,7.454064939782512e-05,0.0006681459254542776
9.05,0.003275647251822056,0.00536475543417092,0.011217271532971251,0.008179028964456991,7.443845965715568e-05,0.0006676459359336029
9.052,0.0032741617044400595,0.005362522132679182,0.011216523203088524,0.00817848193042603,7.43364100075361e-05,0.0006671463205669692
9.054,0.0032726768307709264,0.005360289760798054,0.011215774922945565,0.008177934933199626,7.423450025689782e-05,0.0006666470790743784
9.056000000000001,0.0032711926305091232,0.005358058318140957,0.011215026692539487,0.008177387972775119,7.413273021339428e-05,0.0006661482111760542
9.058,0.0032697091033493386,0.005355827804321089,0.01121427851186696,0.008176841049150063,7.403109968562305e-05,0.0006656497165924424
9.06,0.003268226248986039,0.005353598218951872,0.011213530380924874,0.008176294162322018,7.392960848218166e-05,0.0006651515950444331
9.062,0.0032667440671143577,0.005351369561646724,0.0112127822997099,0.008175747312288317,7.382825641211177e-05,0.000664653846252472
9.064,0.003265262557429205,0.0053491418320195105,0.011212034268219151,0.00817520049904652,7.372704328467705e-05,0.0006641564699378932
9.066,0.0032637817196257135,0.005346915029684096,0.011211286286449074,0.00817465372259396,7.362596890936324e-05,0.0006636594658218087
9.068,0.0032623015533992383,0.005344689154254789,0.011210538354396782,0.008174106982927976,7.352503309610015e-05,0.0006631628336257744
9.07,0.003260822058445134,0.005342464205345676,0.011209790472058945,0.008173560280046344,7.34242356548176e-05,0.0006626665730715686
9.072000000000001,0.003259343234458978,0.0053402401825710655,0.011209042639432454,0.008173013613946178,7.332357639588949e-05,0.0006621706838809693
9.074,0.0032578650811365684,0.005338017085545488,0.0112082948565142,0.00817246698462526,7.322305512991178e-05,0.0006616751657759767
9.076,0.0032563875981737045,0.005335794913883696,0.011207547123300854,0.008171920392080922,7.312267166770248e-05,0.0006611800184790351
9.078,0.003254910785266407,0.005333573667200664,0.011206799439789306,0.008171373836310503,7.30224258203016e-05,0.0006606852417125886
9.08,0.0032534346421106974,0.005331353345111367,0.011206051805976225,0.008170827317311558,7.292231739897126e-05,0.0006601908351995256
9.082,0.0032519591684030402,0.005329133947231002,0.011205304221858725,0.008170280835081645,7.282234621541761e-05,0.0006596967986625124
9.084,0.0032504843638396785,0.005326915473174987,0.011204556687433254,0.0081697343896181,7.272251208156888e-05,0.0006592031318248814
9.086,0.0032490102281170774,0.005324697922558741,0.011203809202696924,0.008169187980918258,7.262281480957533e-05,0.0006587098344099651
9.088000000000001,0.003247536760932146,0.005322481294997905,0.011203061767646405,0.008168641608979899,7.252325421158723e-05,0.0006582169061413179
9.09,0.003246063961981349,0.005320265590108342,0.011202314382278589,0.008168095273800136,7.242383010042097e-05,0.0006577243467424942
9.092,0.0032445918309620403,0.005318050807506136,0.011201567046590366,0.008167548975376748,7.232454228889296e-05,0.0006572321559377148
9.094,0.0032431203675709064,0.005315836946807373,0.011200819760578407,0.008167002713707072,7.222539059026367e-05,0.000656740333450978
9.096,0.0032416495715055227,0.005313624007628359,0.011200072524239602,0.008166456488788443,7.21263748177936e-05,0.0006562488790067267
9.098,0.0032401794424630204,0.005311411989585624,0.011199325337570842,0.008165910300618417,7.202749478518733e-05,0.0006557577923296254
9.1,0.0032387099801409747,0.005309200892295918,0.011198578200568798,0.008165364149194554,7.192875030637147e-05,0.0006552670731443389
9.102,0.003237241184236961,0.00530699071537577,0.011197831113230361,0.008164818034514187,7.183014119549469e-05,0.0006547767211759759
9.104000000000001,0.003235773054448776,0.005304781458442376,0.011197084075552421,0.008164271956574654,7.173166726714975e-05,0.0006542867361496452
9.106,0.00323430559047444,0.005302573121112708,0.011196337087531871,0.008163725915373732,7.163332833592939e-05,0.0006537971177908997
9.108,0.0032328387920119717,0.005300365703003962,0.01119559014916538,0.008163179910908758,7.153512421664843e-05,0.0006533078658252922
9.11,0.0032313726587593905,0.0052981592037335545,0.011194843260449838,0.008162633943177067,7.143705472456574e-05,0.0006528189799785977
9.112,0.00322990719041516,0.005295953622919347,0.011194096421381916,0.008162088012176216,7.133911967516227e-05,0.0006523304599768132
9.114,0.0032284423866777434,0.005293748960178757,0.011193349631958505,0.008161542117903542,7.124131888414098e-05,0.0006518423055461575
9.116,0.0032269782472458264,0.005291545215129867,0.011192602892176495,0.008160996260356601,7.114365216720486e-05,0.0006513545164130718
9.118,0.0032255147718178723,0.005289342387390761,0.01119185620203278,0.008160450439532951,7.104611934094507e-05,0.0006508670923042192
9.120000000000001,0.0032240519600930106,0.005287140476579744,0.011191109561524026,0.008159904655429928,7.094872022150867e-05,0.0006503800329464848
9.122,0.003222589811769927,0.005284939482315121,0.011190362970647127,0.008159358908045089,7.085145462570885e-05,0.0006498933380669758
9.124,0.003221128326547973,0.005282739404215198,0.011189616429398752,0.00815881319737577,7.075432237058088e-05,0.0006494070073927993
9.126,0.0032196675041265,0.0052805402418989456,0.011188869937776014,0.008158267523419527,7.065732327315999e-05,0.0006489210406515067
9.128,0.0032182073442048598,0.005278341994985114,0.011188123495775582,0.008157721886173919,7.056045715114756e-05,0.0006484354375706491
9.13,0.003216747846482626,0.0052761446630928965,0.011187377103394125,0.00815717628563628,7.046372382202293e-05,0.0006479501978782221
9.132,0.0032152890106593723,0.0052739482458412645,0.011186630760628757,0.008156630721803948,7.036712310393156e-05,0.0006474653213022208
9.134,0.0032138308364348944,0.005271752742849634,0.011185884467476148,0.0081560851946747,7.027065481479688e-05,0.0006469808075708627
9.136000000000001,0.00321237332350921,0.005269558153737641,0.011185138223932967,0.008155539704245651,7.01743187734305e-05,0.0006464966564128094
9.138,0.003210916471582559,0.005267364478124703,0.011184392029996326,0.00815499425051458,7.007811479819992e-05,0.0006460128675565002
9.14,0.003209460280354959,0.005265171715630679,0.011183645885662896,0.008154448833478822,6.998204270836084e-05,0.0006455294407310408
9.142,0.0032080047495268715,0.00526297986587565,0.011182899790929568,0.008153903453135714,6.98861023229469e-05,0.0006450463756653146
9.144,0.003206549878798981,0.005260788928479698,0.011182153745793011,0.008153358109482811,6.979029346143584e-05,0.0006445636720888714
9.146,0.003205095667871527,0.0052585989030631275,0.011181407750250116,0.008152812802517673,6.969461594352744e-05,0.0006440813297310388
9.148,0.0032036421164456375,0.005256409789246241,0.011180661804297776,0.008152267532237634,6.959906958914353e-05,0.0006435993483213664
9.15,0.0032021892242219963,0.005254221586649788,0.01117991590793288,0.008151722298640252,6.950365421842797e-05,0.0006431177275898481
9.152000000000001,0.0032007369909017314,0.005252034294894514,0.0111791700611521,0.008151177101722862,6.940836965196873e-05,0.0006426364672666995
9.154,0.0031992854161859707,0.005249847913601169,0.011178424263952325,0.008150631941483022,6.931321571035376e-05,0.0006421555670821366
9.156,0.0031978344997762864,0.0052476624423909435,0.011177678516330447,0.00815008681791829,6.921819221439307e-05,0.0006416750267665972
9.158,0.0031963842413738064,0.005245477880885252,0.011176932818283136,0.008149541731026,6.912329898534075e-05,0.0006411948460509631
9.16,0.0031949346406803247,0.005243294228705286,0.011176187169807283,0.00814899668080371,6.902853584467294e-05,0.0006407150246658944
9.162,0.0031934856973974135,0.0052411114854724605,0.01117544157089978,0.008148451667248757,6.893390261408783e-05,0.000640235562342717
9.164,0.003192037411227089,0.0052389296508088545,0.011174696021557518,0.008147906690358697,6.883939911550563e-05,0.0006397564588125348
9.166,0.003190589781871145,0.005236748724336104,0.011173950521777165,0.008147361750131088,6.874502517106862e-05,0.0006392777138068961
9.168000000000001,0.0031891428090318197,0.005234568705676068,0.011173205071555614,0.008146816846563265,6.865078060314111e-05,0.0006387993270575709
9.17,0.0031876964924113516,0.00523238959445127,0.011172459670889534,0.008146271979652564,6.855666523430948e-05,0.0006383212982965514
9.172,0.0031862508317122007,0.00523021139028379,0.011171714319776038,0.008145727149396764,6.846267888738211e-05,0.0006378436272558297
9.174,0.0031848058266368273,0.005228034092796152,0.011170969018211796,0.008145182355793201,6.836882138561151e-05,0.00063736631366762
9.176,0.0031833614768879137,0.005225857701611103,0.011170223766193477,0.00814463759883921,6.827509255247222e-05,0.0006368893572645806
9.178,0.003181917782168364,0.0052236822163513885,0.011169478563718194,0.00814409287853235,6.818149221143877e-05,0.0006364127577793699
9.18,0.003180474742181083,0.005221507636639977,0.011168733410782616,0.008143548194870176,6.808802018642979e-05,0.0006359365149450902
9.182,0.0031790323566289747,0.005219333962100059,0.011167988307383414,0.008143003547850025,6.799467630136391e-05,0.0006354606284946218
9.184000000000001,0.0031775906252153874,0.0052171611923548245,0.0111672432535177,0.008142458937469454,6.79014603808259e-05,0.0006349850981612892
9.186,0.0031761495476436696,0.005214989327027686,0.011166498249182144,0.0081419143637258,6.780837224917846e-05,0.0006345099236786389
9.188,0.00317470912361717,0.005212818365742278,0.011165753294373637,0.008141369826616618,6.771541173145046e-05,0.0006340351047804393
9.19,0.0031732693528396805,0.005210648308122456,0.01116500838908907,0.008140825326139467,6.76225786524487e-05,0.0006335606412004591
9.192,0.003171830235014772,0.005208479153791856,0.011164263533325114,0.008140280862291682,6.752987283764611e-05,0.0006330865326729107
9.194,0.003170391769846459,0.005206310902374778,0.011163518727078658,0.008139736435070821,6.743729411251564e-05,0.0006326127789322289
9.196,0.003168953957038756,0.0052041435534952996,0.011162773970346596,0.00813919204447422,6.734484230297433e-05,0.0006321393797126262
9.198,0.0031675167962956774,0.005201977106777944,0.011162029263125595,0.008138647690499434,6.725251723471715e-05,0.0006316663347489815
9.200000000000001,0.003166080287321682,0.005199811561847012,0.011161284605412547,0.008138103373144023,6.716031873432726e-05,0.0006311936437761734
9.202,0.0031646444298210064,0.00519764691832747,0.011160539997204344,0.008137559092405322,6.70682466281658e-05,0.0006307213065293027
9.204,0.003163209223498331,0.00519548317584384,0.011159795438497877,0.008137014848280666,6.697630074281591e-05,0.0006302493227436923
9.206,0.003161774668058337,0.005193320334021312,0.011159050929289815,0.008136470640767834,6.68844809055269e-05,0.000629777692154887
9.208,0.0031603407632057046,0.0051911583924850735,0.01115830646957705,0.008135926469864163,6.679278694332602e-05,0.0006293064144984317
9.21,0.0031589075086455587,0.005188997350860314,0.011157562059356474,0.00813538233556721,6.670121868368462e-05,0.0006288354895103154
9.212,0.003157474904082802,0.0051868372087726655,0.011156817698624755,0.008134838237874309,6.660977595429607e-05,0.0006283649169265271
9.214,0.0031560429492227815,0.0051846779658475395,0.011156073387378784,0.008134294176783019,6.651845858307581e-05,0.0006278946964834997
9.216000000000001,0.003154611643770844,0.0051825196217107905,0.011155329125615454,0.008133750152290675,6.642726639816132e-05,0.0006274248279176664
9.218,0.003153180987432558,0.0051803621759884955,0.011154584913331655,0.008133206164394835,6.633619922791212e-05,0.0006269553109656822
9.22,0.0031517509799132704,0.005178205628306509,0.011153840750524058,0.008132662213093056,6.624525690090977e-05,0.0006264861453644244
9.222,0.0031503216209189944,0.005176049978291131,0.011153096637189552,0.008132118298382673,6.615443924617992e-05,0.000626017330850992
9.224,0.0031488929101555208,0.005173895225568881,0.01115235257332503,0.008131574420261245,6.606374609274823e-05,0.0006255488671627063
9.226,0.0031474648473288624,0.005171741369766281,0.011151608558927162,0.008131030578726106,6.59731772698624e-05,0.0006250807540368886
9.228,0.0031460374321452544,0.005169588410509851,0.011150864593992837,0.008130486773774814,6.588273260699218e-05,0.0006246129912113041
9.23,0.0031446106643109317,0.005167436347426779,0.011150120678518949,0.008129943005404927,6.579241193405139e-05,0.0006241455784237182
9.232,0.0031431845435323513,0.005165285180143808,0.011149376812502387,0.008129399273614002,6.570221508117591e-05,0.0006236785154123403
9.234,0.0031417590695159703,0.005163134908288347,0.011148632995939822,0.008128855578399374,6.561214187850162e-05,0.0006232118019153798
9.236,0.0031403342419684677,0.005160985531487583,0.011147889228828145,0.00812831191975838,6.552219215638644e-05,0.0006227454376712682
9.238,0.0031389100605967446,0.005158837049368925,0.011147145511164247,0.008127768297688576,6.543236574585443e-05,0.000622279422418659
9.24,0.003137486525107702,0.0051566894615600045,0.011146401842944798,0.00812722471218752,6.534266247748555e-05,0.0006218137558964276
9.242,0.0031360636352084637,0.005154542767688897,0.011145658224166688,0.008126681163252769,6.525308218274795e-05,0.0006213484378434497
9.244,0.003134641390606374,0.005152396967383233,0.01114491465482681,0.00812613765088166,6.516362469310977e-05,0.0006208834679990449
9.246,0.003133219791008557,0.00515025206027131,0.011144171134922054,0.008125594175071527,6.507428984003916e-05,0.0006204188461027549
9.248,0.003131798836122579,0.0051481080459814255,0.01114342766444909,0.00812505073582015,6.498507745544835e-05,0.0006199545718941213
9.25,0.003130378525656008,0.005145964924141877,0.01114268424340481,0.008124507333124642,6.489598737147162e-05,0.0006194906451129079
9.252,0.003128958859316633,0.005143822694381184,0.011141940871786105,0.008123963966982783,6.48070194204653e-05,0.0006190270654991004
9.254,0.003127539836812465,0.005141681356328087,0.011141197549589643,0.00812342063739191,6.471817343500774e-05,0.0006185638327931287
9.256,0.003126121457851294,0.005139540909611551,0.011140454276812317,0.008122877344349577,6.462944924789937e-05,0.0006181009467352006
9.258000000000001,0.003124703722141575,0.005137401353860538,0.011139711053451018,0.008122334087853122,6.454084669216265e-05,0.000617638407065968
9.26,0.0031232866293913197,0.005135262688704234,0.011138967879502637,0.008121790867900103,6.445236560104206e-05,0.0006171762135260828
9.262,0.003121870179308983,0.005133124913772047,0.011138224754963844,0.008121247684488075,6.436400580800417e-05,0.000616714365856641
9.264,0.003120454371603021,0.005130988028693606,0.011137481679831751,0.008120704537614376,6.427576714673755e-05,0.0006162528637989606
9.266,0.0031190392059823324,0.005128852033098319,0.011136738654102807,0.008120161427276562,6.418764945115285e-05,0.0006157917070941377
9.268,0.0031176246821555953,0.005126716926616037,0.011135995677774124,0.008119618353472191,6.409965255560479e-05,0.0006153308954839343
9.27,0.003116210799831709,0.005124582708876835,0.011135252750842373,0.008119075316198598,6.40117762944481e-05,0.0006148704287101125
9.272,0.003114797558719795,0.005122449379510563,0.011134509873304443,0.008118532315453342,6.392402050225954e-05,0.0006144103065144346
9.274000000000001,0.0031133849585291973,0.00512031693814774,0.011133767045157228,0.008117989351233756,6.383638501383793e-05,0.0006139505286393288
9.276,0.003111972998969037,0.005118185384418661,0.011133024266397396,0.008117446423537622,6.374886966420412e-05,0.0006134910948270011
9.278,0.00311056167974888,0.005116054717954066,0.01113228153702206,0.008116903532362052,6.366147428882307e-05,0.0006130320048198801
9.28,0.003109151000578292,0.005113924938384473,0.01113153885702789,0.008116360677704826,6.357419872315972e-05,0.0006125732583608379
9.282,0.0031077409611670603,0.005111796045340844,0.011130796226411555,0.008115817859563279,6.348704280290107e-05,0.0006121148551925248
9.284,0.003106331561224973,0.0051096680384543625,0.011130053645170168,0.008115275077934747,6.34000063641782e-05,0.0006116567950582574
9.286,0.00310492280046204,0.0051075409173559905,0.0111293111133004,0.008114732332816788,6.331308924312218e-05,0.0006111990777013521
9.288,0.0031035146785884926,0.005105414681677134,0.01112856863079914,0.008114189624206958,6.322629127608614e-05,0.0006107417028653472
9.290000000000001,0.003102107195314563,0.005103289331049421,0.01112782619766306,0.008113646952102815,6.313961229986731e-05,0.0006102846702937814
9.292,0.0031007003503504826,0.005101164865104257,0.01112708381388905,0.008113104316501696,6.305305215126289e-05,0.0006098279797306372
9.294,0.0030992941434069277,0.005099041283473493,0.011126341479474222,0.008112561717401157,6.296661066729214e-05,0.0006093716309198971
9.296,0.003097888574194574,0.005096918585789201,0.011125599194415026,0.008112019154798533,6.288028768541842e-05,0.0006089156236059878
9.298,0.003096483642424097,0.005094796771683452,0.011124856958708573,0.008111476628691383,6.279408304310508e-05,0.000608459957533114
9.3,0.0030950793478063954,0.005092675840788541,0.011124114772351534,0.008110934139077264,6.270799657825954e-05,0.0006080046324461463
9.302,0.0030936756900525886,0.005090555792736762,0.0111233726353408,0.008110391685953733,6.262202812878925e-05,0.0006075496480897336
9.304,0.0030922726688737967,0.005088436627160853,0.011122630547673262,0.008109849269318126,6.25361775328237e-05,0.0006070950042089684
9.306000000000001,0.0030908702839813618,0.005086318343693552,0.01112188850934559,0.008109306889167778,6.245044462893645e-05,0.0006066407005489438
9.308,0.0030894685350866258,0.005084200941967598,0.011121146520354674,0.008108764545500469,6.236482925570108e-05,0.0006061867368551965
9.31,0.003088067421901375,0.005082084421615951,0.011120404580697407,0.008108222238313534,6.22793312519132e-05,0.0006057331128734855
9.312,0.003086666944137173,0.005079968782271793,0.01111966269037068,0.008107679967604309,6.219395045681253e-05,0.0006052798283493477
9.314,0.0030852671015058064,0.005077854023568529,0.011118920849371383,0.008107137733370351,6.210868670963876e-05,0.000604826883028764
9.316,0.003083867893719283,0.005075740145139784,0.011118179057696187,0.008106595535609218,6.202353985007569e-05,0.0006043742766579374
9.318,0.0030824693204896114,0.005073627146618964,0.011117437315341983,0.008106053374318467,6.193850971780712e-05,0.0006039220089832931
9.32,0.0030810713815290214,0.005071515027639917,0.01111669562230544,0.008105511249495434,6.185359615273889e-05,0.000603470079751256
9.322000000000001,0.0030796740765499653,0.005069403787836713,0.01111595397858367,0.008104969161137676,6.176879899522092e-05,0.0006030184887086953
9.324,0.0030782774052648954,0.005067293426843422,0.011115212384173345,0.008104427109242751,6.168411808560315e-05,0.0006025672356024803
9.326,0.003076881367386486,0.005065183944294116,0.011114470839071355,0.008103885093807994,6.159955326445754e-05,0.000602116320179702
9.328,0.003075485962627411,0.005063075339823309,0.01111372934327437,0.008103343114830963,6.151510437257812e-05,0.0006016657421878957
9.33,0.0030740911907005675,0.005060967613065515,0.01111298789677928,0.008102801172308993,6.1430771251203e-05,0.0006012155013741527
9.332,0.003072697051318851,0.0050588607636554705,0.0111122464995832,0.008102259266239642,6.134655374157028e-05,0.0006007655974864523
9.334,0.0030713035441956027,0.005056754791227913,0.011111505151682577,0.008101717396620467,6.126245168514011e-05,0.0006003160302725519
9.336,0.0030699106690439404,0.005054649695418023,0.011110763853074523,0.008101175563448804,6.117846492359469e-05,0.0005998667994804308
9.338000000000001,0.0030685184255774267,0.005052545475860981,0.01111002260375571,0.008100633766722432,6.109459329906031e-05,0.0005994179048585124
9.34,0.003067126813509402,0.005050442132191968,0.011109281403723026,0.008100092006438464,6.101083665366325e-05,0.0005989693461552204
9.342,0.003065735832553429,0.005048339664046386,0.011108540252973365,0.00809955028259468,6.092719482975184e-05,0.000598521123118978
9.344,0.003064345482423514,0.005046238071059861,0.011107799151503617,0.008099008595188417,6.084366766989646e-05,0.0005980732354988749
9.346,0.0030629557628334414,0.005044137352868239,0.011107058099310452,0.00809846694421723,6.076025501688953e-05,0.0005976256830437787
9.348,0.00306156667349744,0.005042037509107367,0.011106317096390761,0.008097925329678457,6.067695671374551e-05,0.000597178465502779
9.35,0.0030601782141295164,0.005039938539413535,0.011105576142741436,0.008097383751569653,6.059377260370091e-05,0.0005967315826254094
9.352,0.003058790384443899,0.005037840443422814,0.011104835238359367,0.008096842209888377,6.051070253021429e-05,0.0005962850341609816
9.354000000000001,0.0030574031841552607,0.005035743220771494,0.011104094383241225,0.008096300704631965,6.042774633696624e-05,0.0005958388198594733
9.356,0.003056016612978052,0.005033646871096087,0.011103353577383901,0.008095759235797972,6.03449038678594e-05,0.0005953929394708624
9.358,0.0030546306706267234,0.005031551394033329,0.011102612820784286,0.008095217803383958,6.026217496701847e-05,0.0005949473927451265
9.36,0.003053245356816392,0.005029456789220177,0.011101872113439049,0.00809467640738748,6.017955947856812e-05,0.0005945021794326877
9.362,0.0030518606712619523,0.005027363056293366,0.011101131455345303,0.008094135047805873,6.009705724729919e-05,0.0005940572992839677
9.364,0.003050476613678521,0.005025270194890075,0.01110039084649972,0.008093593724636694,6.0014668117780445e-05,0.0005936127520496104
9.366,0.003049093183781215,0.005023178204647705,0.011099650286899188,0.00809305243787728,5.9932391935024754e-05,0.0005931685374804818
9.368,0.0030477103812853734,0.005021087085203657,0.011098909776540378,0.008092511187525187,5.9850228544267026e-05,0.000592724655327892
9.370000000000001,0.0030463282059065566,0.005018996836195333,0.011098169315420181,0.008091969973577973,5.976817779074217e-05,0.0005922811053429289
9.372,0.0030449466573603257,0.005016907457260578,0.011097428903535489,0.008091428796032973,5.968623952012919e-05,0.0005918378872769026
9.374,0.0030435657353622414,0.005014818948037458,0.011096688540883193,0.008090887654887746,5.9604413578107085e-05,0.0005913950008815672
9.376,0.003042185439628309,0.00501273130816382,0.011095948227460184,0.008090346550139849,5.952269981079894e-05,0.0005909524459086768
9.378,0.0030408057698745328,0.005010644537277731,0.011095207963263132,0.008089805481786838,5.944109806454989e-05,0.0005905102221102076
9.38,0.0030394267258169183,0.005008558635017701,0.011094467748288928,0.00808926444982605,5.9359608185483026e-05,0.000590068329238358
9.382,0.0030380483071719144,0.005006473601022243,0.011093727582534463,0.008088723454255042,5.927823002038757e-05,0.000589626767045548
9.384,0.003036670513655748,0.005004389434929868,0.011092987465996629,0.00808818249507115,5.9196963416274784e-05,0.0005891855352841979
9.386000000000001,0.0030352933449848685,0.005002306136379309,0.011092247398672095,0.008087641572272153,5.9115808219933896e-05,0.0005887446337071722
9.388,0.0030339168008759465,0.005000223705009521,0.011091507380557974,0.008087100685855164,5.903476427882026e-05,0.0005883040620671132
9.39,0.0030325408810456533,0.004998142140459683,0.011090767411650715,0.008086559835817964,5.895383144038924e-05,0.0005878638201173292
9.392,0.003031165585211104,0.004996061442368971,0.01109002749194743,0.008086019022157886,5.887300955231822e-05,0.0005874239076111287
9.394,0.00302979091308897,0.004993981610376785,0.01108928762144501,0.00808547824487249,5.8792298462506665e-05,0.0005869843243020423
9.396,0.003028416864396588,0.004991902644122748,0.011088547800140125,0.008084937503959333,5.871169801907605e-05,0.0005865450699436003
9.398,0.0030270434388512957,0.004989824543246479,0.011087808028029666,0.00808439679941575,5.863120807036992e-05,0.0005861061442897775
9.4,0.00302567063617043,0.004987747307387824,0.011087068305110304,0.008083856131239298,5.855082846473181e-05,0.0005856675470943262
9.402000000000001,0.0030242984560715502,0.004985670936186626,0.01108632863137915,0.008083315499427535,5.847055905117138e-05,0.0005852292781116653
9.404,0.0030229268982722157,0.004983595429283172,0.011085589006832874,0.008082774903977796,5.839039967847626e-05,0.0005847913370962132
9.406,0.0030215559624902077,0.00498152078631775,0.011084849431468369,0.00808223434488764,5.831035019587816e-05,0.0005843537238023888
9.408,0.0030201856484435297,0.0049794470069306485,0.011084109905282524,0.008081693822154623,5.8230410452608794e-05,0.0005839164379850548
9.41,0.003018815955850185,0.0049773740907625985,0.01108337042827201,0.008081153335776081,5.815058029812192e-05,0.0005834794793990739
9.412,0.0030174468844283986,0.004975302037454332,0.01108263100043394,0.008080612885749572,5.807085958253744e-05,0.0005830428477997529
9.414,0.0030160784338963964,0.004973230846646581,0.011081891621764983,0.008080072472072652,5.799124815553114e-05,0.0005826065429421767
9.416,0.0030147106039726257,0.004971160517980522,0.011081152292262031,0.008079532094742659,5.7911745867444964e-05,0.0005821705645818742
9.418000000000001,0.003013343394375534,0.00496909105109733,0.011080413011921753,0.00807899175375737,5.783235256862085e-05,0.0005817349124745963
9.42,0.0030119768048237905,0.004967022445638181,0.011079673780741262,0.008078451449114121,5.7753068109622774e-05,0.000581299586376316
9.422,0.003010610835036287,0.004964954701244695,0.011078934598717227,0.008077911180810249,5.7673892341236765e-05,0.0005808645860427841
9.424,0.003009245484731915,0.004962887817558492,0.011078195465846541,0.00807737094884331,5.759482511447089e-05,0.0005804299112304179
9.426,0.003007880753629788,0.004960821794221415,0.011077456382125872,0.008076830753210862,5.751586628055527e-05,0.0005799955616956343
9.428,0.0030065166414490196,0.004958756630875305,0.011076717347552334,0.008076290593910462,5.743701569072002e-05,0.0005795615371950724
9.43,0.0030051531479089455,0.0049566923271622265,0.011075978362122596,0.008075750470939447,5.7358273196861376e-05,0.0005791278374853714
9.432,0.0030037902727291232,0.0049546288827242435,0.01107523942583355,0.008075210384295373,5.727963865065355e-05,0.0005786944623233925
9.434000000000001,0.0030024280156288885,0.004952566297203864,0.011074500538682086,0.008074670333975797,5.7201111903992796e-05,0.0005782614114664408
9.436,0.003001066376328243,0.004950504570243819,0.011073761700664875,0.008074130319978279,5.7122692809219444e-05,0.0005778286846718217
9.438,0.0029997053545467445,0.004948443701486616,0.011073022911779029,0.008073590342300152,5.704438121889588e-05,0.0005773962816968403
9.44,0.0029983449500043946,0.004946383690574985,0.011072284172021218,0.008073050400938975,5.696617698536244e-05,0.0005769642022994681
9.442,0.002996985162421417,0.0049443245371518785,0.011071545481388334,0.008072510495892082,5.688807996162559e-05,0.0005765324462374544
9.444,0.002995625991517814,0.004942266240860471,0.011070806839877045,0.008071970627157032,5.6810090000691815e-05,0.0005761010132687705
9.446,0.002994267437014031,0.004940208801344159,0.011070068247484466,0.008071430794731382,5.673220695578962e-05,0.0005756699031516099
9.448,0.002992909498630514,0.004938152218246117,0.011069329704207265,0.00807089099861269,5.665443068036957e-05,0.0005752391156443881
9.450000000000001,0.0029915521760877084,0.004936096491210185,0.011068591210042333,0.00807035123879829,5.657676102810427e-05,0.0005748086505057426
9.452,0.0029901954691065047,0.004934041619879981,0.011067852764986563,0.008069811515285963,5.649919785266633e-05,0.0005743785074945329
9.454,0.0029888393774075706,0.004931987603899124,0.011067114369036624,0.008069271828072822,5.642174100817243e-05,0.0005739486863696186
9.456,0.002987483900712018,0.0049299344429118985,0.011066376022189406,0.008068732177156646,5.6344390348961326e-05,0.0005735191868900813
9.458,0.002986129038740959,0.004927882136562367,0.011065637724441801,0.00806819256253477,5.626714572937175e-05,0.0005730900088152246
9.46,0.0029847747912155054,0.004925830684494814,0.011064899475790702,0.008067652984204754,5.619000700396448e-05,0.0005726611519045743
9.462,0.0029834211578569914,0.004923780086353746,0.011064161276232998,0.008067113442164153,5.6112974027522355e-05,0.0005722326159176561
9.464,0.002982068138386973,0.00492173034178367,0.01106342312576536,0.008066573936410304,5.603604665527229e-05,0.0005718044006144396
9.466000000000001,0.002980715732527006,0.004919681450429314,0.0110626850243849,0.008066034466940764,5.5959224742441194e-05,0.0005713765057551168
9.468,0.002979363939998869,0.004917633411935629,0.011061946972088288,0.00806549503375309,5.5882508144255993e-05,0.0005709489310996574
9.47,0.00297801276052434,0.004915586225947788,0.011061208968872194,0.008064955636844617,5.580589671660974e-05,0.0005705216764084753
9.472,0.002976662193825419,0.004913539892110741,0.01106047101473373,0.008064416276212905,5.572939031517343e-05,0.0005700947414422064
9.474,0.002975312239624106,0.004911494410070105,0.011059733109669567,0.008063876951855509,5.565298879584013e-05,0.0005696681259614866
9.476,0.0029739628976426236,0.004909449779471053,0.011058995253676596,0.008063337663769987,5.557669201494697e-05,0.000569241829727396
9.478,0.0029726141676034157,0.004907405999959424,0.011058257446751707,0.008062798411953676,5.550049982905314e-05,0.0005688158525007925
9.48,0.0029712660492291487,0.004905363071180835,0.011057519688891793,0.008062259196404131,5.542441209471782e-05,0.0005683901940432001
9.482,0.002969918542242045,0.004903320992781346,0.011056781980093522,0.008061720017118912,5.5348428668500205e-05,0.000567964854115921
9.484,0.0029685716463649925,0.004901279764407018,0.011056044320354008,0.008061180874095575,5.5272549407625604e-05,0.0005675398324807013
9.486,0.00296722536132088,0.004899239385704135,0.011055306709669921,0.008060641767331456,5.519677416931934e-05,0.0005671151288992871
9.488,0.0029658796868328174,0.004897199856318979,0.011054569148038151,0.008060102696824112,5.512110281080673e-05,0.0005666907431336465
9.49,0.0029645346226236935,0.004895161175898055,0.011053831635455369,0.008059563662570879,5.504553518997923e-05,0.000566266674946192
9.492,0.0029631901684168405,0.004893123344088091,0.011053094171918687,0.008059024664569536,5.4970071164284207e-05,0.0005658429240988916
9.494,0.0029618463239355908,0.004891086360535812,0.011052356757424775,0.00805848570281742,5.489471059183515e-05,0.0005654194903546017
9.496,0.002960503088903499,0.0048890502248881695,0.011051619391970524,0.008057946777312086,5.4819453330967605e-05,0.0005649963734757346
9.498,0.0029591604630441193,0.004887014936792333,0.011050882075552826,0.008057407888050871,5.474429923979507e-05,0.0005645735732253687
9.5,0.0029578184460812285,0.0048849804958954746,0.01105014480816835,0.008056869035031555,5.4669248177097174e-05,0.0005641510893665824
9.502,0.002956477037738603,0.004882946901845209,0.011049407589813987,0.008056330218251473,5.4594300001431506e-05,0.0005637289216624541
9.504,0.0029551362377402413,0.004880914154288929,0.01104867042048685,0.00805579143770796,5.4519454572021786e-05,0.0005633070698765064
9.506,0.002953796045810364,0.00487888225287425,0.01104793330018361,0.008055252693398796,5.444471174786969e-05,0.0005628855337724836
9.508000000000001,0.00295245646167297,0.00487685119724901,0.011047196228900935,0.008054713985321316,5.437007138819894e-05,0.0005624643131139084
9.51,0.0029511174850525013,0.004874820987061268,0.011046459206635939,0.008054175313473078,5.429553335267734e-05,0.0005620434076647474
9.512,0.002949779115673623,0.004872791621959083,0.011045722233385291,0.008053636677851639,5.4221097500972704e-05,0.000561622817189189
9.514,0.002948441353260778,0.004870763101590958,0.011044985309145883,0.008053098078454335,5.4146763692974886e-05,0.0005612025414516442
9.516,0.0029471041975388523,0.004868735425605175,0.011044248433914605,0.008052559515278723,5.407253178901783e-05,0.0005607825802163013
9.518,0.0029457676482325112,0.0048667085936502374,0.01104351160768835,0.008052020988322361,5.3998401649213434e-05,0.0005603629332480153
9.52,0.0029444317050668634,0.00486468260537487,0.011042774830463786,0.008051482497582807,5.392437313411769e-05,0.0005599436003116409
9.522,0.0029430963677670174,0.0048626574604280215,0.011042038102238028,0.008050944043057395,5.3850446104286576e-05,0.0005595245811720329
9.524000000000001,0.0029417616360580823,0.004860633158458638,0.011041301423007743,0.008050405624743684,5.377662042072018e-05,0.00055910587559449
9.526,0.0029404275096656107,0.00485860969911589,0.011040564792769825,0.00804986724263923,5.370289594441857e-05,0.0005586874833443112
9.528,0.0029390939883149336,0.0048565870820489465,0.011039828211521163,0.00804932889674137,5.362927253660388e-05,0.0005582694041870173
9.53,0.002937761071731604,0.004854565306907421,0.011039091679258428,0.008048790587047883,5.3555750058720264e-05,0.0005578516378883513
9.532,0.0029364287596416183,0.004852544373340928,0.011038355195978511,0.008048252313556103,5.3482328372655985e-05,0.0005574341842140562
9.534,0.00293509705177053,0.00485052428099908,0.011037618761678303,0.008047714076263368,5.340900734007725e-05,0.000557017042930319
9.536,0.0029337659478445577,0.004848505029531713,0.011036882376354695,0.008047175875167456,5.333578682287232e-05,0.0005566002138033266
9.538,0.0029324354475896985,0.0048464866185891076,0.01103614604000458,0.008046637710265703,5.326266668337354e-05,0.0005561836965994882
9.540000000000001,0.0029311055507321715,0.00484446904782132,0.011035409752624847,0.008046099581555666,5.318964678391325e-05,0.0005557674910854349
9.542,0.0029297762569981955,0.0048424523168786315,0.011034673514212168,0.008045561489034903,5.311672698704584e-05,0.0005553515970280198
9.544,0.002928447566114434,0.004840436425411543,0.011033937324763432,0.00804502343270097,5.304390715576979e-05,0.0005549360141940962
9.546,0.0029271194778075493,0.004838421373070556,0.011033201184275532,0.008044485412551206,5.297118715286153e-05,0.0005545207423507392
9.548,0.0029257919918042052,0.004836407159506395,0.011032465092745358,0.008043947428583165,5.2898566841541594e-05,0.0005541057812650241
9.55,0.0029244651078310646,0.004834393784370228,0.01103172905016958,0.008043409480794184,5.28260460850305e-05,0.0005536911307046921
9.552,0.0029231388256152346,0.004832381247313,0.011030993056545313,0.008042871569182042,5.275362474677081e-05,0.0005532767904372626
9.554,0.0029218131448840445,0.004830369547985658,0.011030257111869224,0.008042333693744075,5.268130269064919e-05,0.000552862760230477
9.556000000000001,0.0029204880653643794,0.004828358686039813,0.011029521216138205,0.00804179585447784,5.260907978055229e-05,0.0005524490398522985
9.558,0.0029191635867837906,0.004826348661126856,0.011028785369348926,0.008041258051380895,5.253695588058882e-05,0.0005520356290711348
9.56,0.0029178397088696073,0.004824339472898398,0.0110280495714985,0.008040720284450575,5.246493085508952e-05,0.0005516225276549491
9.562,0.0029165164313493808,0.004822331121006274,0.011027313822583595,0.00804018255368466,5.239300456838514e-05,0.0005512097353725931
9.564,0.0029151937539508843,0.004820323605102317,0.011026578122601105,0.008039644859080486,5.2321176885028464e-05,0.0005507972519924742
9.566,0.0029138716764021133,0.004818316924838806,0.01102584247154792,0.008039107200635387,5.224944767001638e-05,0.000550385077283444
9.568,0.002912550198430841,0.004816311079867797,0.011025106869420931,0.008038569578347143,5.217781678812372e-05,0.0005499732110145761
9.57,0.002911229319765285,0.004814306069841567,0.01102437131621703,0.00803803199221309,5.2106284104791456e-05,0.0005495616529551661
9.572000000000001,0.0029099090401336625,0.004812301894412618,0.011023635811932886,0.008037494442230786,5.2034849485460555e-05,0.0005491504028745098
9.574,0.002908589359264191,0.004810298553233672,0.011022900356565613,0.008036956928397787,5.196351279534994e-05,0.0005487394605419027
9.576,0.00290727027688531,0.00480829604595745,0.011022164950111879,0.00803641945071143,5.189227390056672e-05,0.0005483288257273067
9.578,0.0029059517927256806,0.004806294372236897,0.011021429592568355,0.008035882009169493,5.1821132666773906e-05,0.0005479184982004615
9.58,0.002904633906513965,0.004804293531725179,0.011020694283932153,0.008035344603769312,5.1750088960300644e-05,0.0005475084777315509
9.582,0.002903316617979046,0.004802293524075463,0.011019959024200165,0.008034807234508445,5.1679142647476084e-05,0.0005470987640907587
9.584,0.0029019999268498076,0.0048002943489411365,0.011019223813369061,0.008034269901384228,5.160829359462937e-05,0.000546689357048491
9.586,0.0029006838328553552,0.004798296005975589,0.011018488651435732,0.008033732604394439,5.1537541668311704e-05,0.0005462802563753755
9.588000000000001,0.0028993683357247946,0.0047962984948326515,0.011017753538397068,0.008033195343536415,5.14668867357404e-05,0.0005458714618420402
9.59,0.002898053435187453,0.0047943018151659356,0.011017018474249962,0.00803265811880749,5.1396328663688706e-05,0.000545462973219335
9.592,0.0028967391309728807,0.004792305966629495,0.011016283458991083,0.008032120930205444,5.132586731937394e-05,0.000545054790278332
9.594,0.002895425422810627,0.004790310948877385,0.011015548492617544,0.008031583777727613,5.125550257023548e-05,0.0005446469127903253
9.596,0.0028941123104302413,0.004788316761563882,0.011014813575126015,0.008031046661371777,5.118523428393473e-05,0.0005442393405268309
9.598,0.002892799793561718,0.004786323404343262,0.011014078706513386,0.00803050958113527,5.111506232813312e-05,0.0005438320732593649
9.6,0.002891487871934828,0.004784330876870024,0.01101334388677655,0.008029972537015428,5.10449865707141e-05,0.0005434251107596655
9.602,0.002890176545279788,0.004782339178798889,0.011012609115912397,0.008029435529010032,5.0975006880005225e-05,0.0005430184527999149
9.604000000000001,0.002888865813326591,0.004780348309784577,0.011011874393917598,0.008028898557116415,5.0905123124111995e-05,0.0005426120991518513
9.606,0.0028875556758056753,0.004778358269482252,0.011011139720789043,0.008028361621332136,5.0835335171584006e-05,0.0005422060495878789
9.608,0.0028862461324472566,0.004776369057546859,0.011010405096523623,0.008027824721654753,5.07656428911929e-05,0.0005418003038806241
9.61,0.0028849371829819948,0.00477438067363356,0.011009670521118231,0.0080272878580816,5.0696046151710306e-05,0.0005413948618024911
9.612,0.0028836288271407717,0.004772393117397744,0.011008935994569757,0.008026751030610457,5.0626544822129915e-05,0.0005409897231263283
9.614,0.0028823210646540254,0.004770406388495019,0.011008201516875094,0.00802621423923866,5.0557138771667454e-05,0.0005405848876252062
9.616,0.0028810138952528597,0.004768420486580993,0.011007467088030909,0.008025677483963767,5.048782786976069e-05,0.0005401803550721951
9.618,0.0028797073186683786,0.00476643541131172,0.011006732708034317,0.008025140764783112,5.0418611985847406e-05,0.0005397761252403654
9.620000000000001,0.002878401334631464,0.004764451162342809,0.011005998376881987,0.008024604081694475,5.034949098980945e-05,0.0005393721979034538
9.622,0.002877095942873664,0.004762467739330534,0.01100526409457081,0.008024067434695192,5.028046475130665e-05,0.0005389685728349747
9.624,0.002875791143126083,0.004760485141930948,0.011004529861097456,0.00802353082378282,5.0211533140664955e-05,0.0005385652498086646
9.626,0.0028744869351204905,0.0047585033698005486,0.011003795676459038,0.008022994248954918,5.014269602821031e-05,0.0005381622285987042
9.628,0.002873183318588435,0.0047565224225960545,0.011003061540652226,0.008022457710208819,5.007395328426867e-05,0.0005377595089790521
9.63,0.002871880293261686,0.004754542299973963,0.01100232745367391,0.008021921207542082,5.000530477961007e-05,0.000537357090724111
9.632,0.0028705778588720143,0.0047525630015909925,0.011001593415520983,0.008021384740952264,4.993675038478251e-05,0.0005369549736085055
9.634,0.002869276015151634,0.004750584527104085,0.011000859426190335,0.008020848310436923,4.9868289971000124e-05,0.0005365531574066384
9.636000000000001,0.002867974761832537,0.0047486068761704026,0.011000125485678858,0.008020311915993616,4.979992340947703e-05,0.0005361516418933565
9.638,0.0028666740986469375,0.004746630048447331,0.010999391593983443,0.00801977555761968,4.9731650571427366e-05,0.0005357504268437285
9.64,0.002865374025327272,0.004744654043592034,0.01099865775110076,0.008019239235312892,4.96634713282873e-05,0.0005353495120330454
9.642,0.0028640745416061986,0.004742678861262117,0.0109979239570277,0.008018702949070589,4.95953855519371e-05,0.0005349488972363758
9.644,0.0028627756472161536,0.004740704501115189,0.010997190211761154,0.008018166698890328,4.952739311403498e-05,0.0005345485822292328
9.646,0.0028614773418897954,0.004738730962809079,0.010996456515298014,0.008017630484769445,4.945949388690529e-05,0.0005341485667873513
9.648,0.0028601796253600043,0.004736758246001838,0.010995722867635171,0.008017094306705719,4.93916877424283e-05,0.0005337488506866883
9.65,0.0028588824973598825,0.004734786350351516,0.010994989268769295,0.008016558164696486,4.932397455337245e-05,0.0005333494337029787
9.652000000000001,0.0028575859576223106,0.004732815275516167,0.010994255718697499,0.008016022058739303,4.925635419206209e-05,0.0005329503156126236
9.654,0.002856290005880613,0.004730845021154506,0.010993522217416452,0.008015485988831506,4.918882653126566e-05,0.0005325514961918021
9.656,0.002854994641868336,0.004728875586924808,0.010992788764923045,0.008014949954970874,4.912139144397365e-05,0.0005321529752171372
9.658,0.002853699865318582,0.004726906972485789,0.01099205536121417,0.008014413957154742,4.905404880317654e-05,0.0005317547524652522
9.66,0.0028524056759651195,0.004724939177496168,0.010991322006286719,0.00801387799538067,4.898679848208687e-05,0.0005313568277129921
9.662,0.0028511120735417173,0.004722972201614883,0.01099058870013736,0.008013342069646212,4.891964035436125e-05,0.0005309592007372022
9.664,0.0028498190577821436,0.004721006044501097,0.010989855442762986,0.008012806179948928,4.885257429343426e-05,0.0005305618713151716
9.666,0.002848526628420167,0.0047190407058141925,0.010989122234160709,0.008012270326286375,4.878560017318456e-05,0.0005301648392241898
9.668000000000001,0.0028472347851900004,0.004717076185213331,0.010988389074327198,0.008011734508655888,4.8718717867490824e-05,0.0005297681042417679
9.67,0.002845943527825856,0.004715112482358119,0.010987655963259346,0.008011198727055024,4.86519272506758e-05,0.0005293716661456394
9.672,0.0028446528560619466,0.004713149596908162,0.010986922900953822,0.008010662981481342,4.858522819684019e-05,0.0005289755247135375
9.674,0.002843362769632929,0.004711187528523286,0.010986189887407738,0.008010127271932399,4.8518620580528804e-05,0.0005285796797236397
9.676,0.0028420732682730154,0.004709226276863321,0.010985456922617765,0.00800959159840553,4.845210427650848e-05,0.0005281841309539015
9.678,0.002840784351717085,0.004707265841588537,0.010984724006581015,0.008009055960898515,4.838567915954606e-05,0.0005277888781827222
9.68,0.0028394960196997943,0.004705306222358985,0.010983991139294158,0.008008520359408688,4.8319345104408384e-05,0.0005273939211887235
9.682,0.002838208271956244,0.004703347418834936,0.010983258320754086,0.008007984793933609,4.8253101986528435e-05,0.0005269992597505269
9.684000000000001,0.002836921108221313,0.004701389430677105,0.010982525550957689,0.008007449264470612,4.818694968111714e-05,0.0005266048936467538
9.686,0.002835634528230102,0.004699432257545988,0.010981792829901638,0.008006913771017476,4.8120888063829526e-05,0.0005262108226566919
9.688,0.002834348531717934,0.004697475899102521,0.010981060157583045,0.008006378313571538,4.8054917010098563e-05,0.0005258170465591849
9.69,0.0028330631184203536,0.004695520355007643,0.01098032753399858,0.008005842892130355,4.7989036396023366e-05,0.0005254235651337424
9.692,0.002831778288072684,0.004693565624922291,0.010979594959145134,0.008005307506691484,4.7923246097481e-05,0.0005250303781598742
9.694,0.0028304940404104695,0.004691611708507626,0.010978862433019598,0.008004772157252482,4.785754599057057e-05,0.0005246374854173119
9.696,0.0028292103751696995,0.004689658605425251,0.010978129955618865,0.008004236843810908,4.7791935951835285e-05,0.0005242448866855653
9.698,0.002827927292086141,0.004687706315336326,0.010977397526939825,0.008003701566364096,4.7726415857596294e-05,0.0005238525817450324
9.700000000000001,0.0028266447908955605,0.004685754837902678,0.010976665146979148,0.008003166324909605,4.766098558484089e-05,0.0005234605703754447
9.702,0.0028253628713343915,0.004683804172786132,0.010975932815733946,0.008002631119444992,4.7595645010112264e-05,0.0005230688523574223
9.704,0.0028240815331386226,0.004681854319648515,0.01097520053320089,0.008002095949967813,4.753039401061976e-05,0.000522677427471363
9.706,0.002822800776044687,0.004679905278151875,0.010974468299376872,0.008001560816475628,4.7465232463572704e-05,0.0005222862954978869
9.708,0.002821520599789018,0.004677957047958259,0.01097373611425878,0.00800102571896577,4.740016024640248e-05,0.0005218954562178357
9.71,0.0028202410041082704,0.00467600962873016,0.01097300397784351,0.0080004906574358,4.733517723654046e-05,0.0005215049094120516
9.712,0.0028189619887390993,0.00467406302013007,0.01097227189012795,0.007999955631883271,4.727028331164007e-05,0.0005211146548618206
9.714,0.002817683553418382,0.004672117221820704,0.01097153985110877,0.007999420642305743,4.7205478349798824e-05,0.0005207246923482067
9.716000000000001,0.0028164056978829954,0.0046701722334645535,0.010970807860783083,0.007998885688700774,4.7140762228892186e-05,0.0005203350216529401
9.718,0.002815128421870039,0.004668228054724777,0.01097007591914756,0.007998350771065699,4.707613482701767e-05,0.0005199456425575288
9.72,0.002813851725116834,0.004666284685264088,0.01096934402619909,0.007997815889398296,4.701159602271687e-05,0.0005195565548437031
9.722,0.002812575607360479,0.004664342124745868,0.010968612181934567,0.007997281043695903,4.69471456945314e-05,0.0005191677582936371
9.724,0.002811300068338296,0.004662400372833497,0.010967880386350881,0.007996746233956076,4.6882783721224897e-05,0.0005187792526892832
9.726,0.00281002510778805,0.004660459429190356,0.010967148639444924,0.00799621146017615,4.681850998156101e-05,0.0005183910378128154
9.728,0.0028087507254472843,0.004658519293480046,0.010966416941213364,0.007995676722353906,4.675432435452542e-05,0.0005180031134468521
9.73,0.0028074769210537642,0.004656579965366392,0.010965685291653315,0.0079951420204869,4.669022671954792e-05,0.0005176154793740118
9.732,0.002806203694345477,0.004654641444512997,0.010964953690761448,0.00799460735457247,4.662621695583624e-05,0.0005172281353769126
9.734,0.0028049310450604104,0.004652703730584129,0.010964222138534652,0.00799407272460817,4.6562294943042204e-05,0.000516841081238617
9.736,0.0028036589729367734,0.004650766823243835,0.010963490634969819,0.00799353813059156,4.649846056059559e-05,0.0005164543167421876
9.738,0.0028023874777125535,0.004648830722156383,0.010962759180063841,0.007993003572519974,4.643471368859231e-05,0.0005160678416709086
9.74,0.0028011165591264042,0.004646895426986264,0.010962027773813388,0.007992469050391193,4.637105420712828e-05,0.0005156816558080646
9.742,0.002799846216916757,0.00464496093739819,0.010961296416215571,0.007991934564202552,4.6307481996299416e-05,0.0005152957589373841
9.744,0.0027985764508220434,0.004643027253056653,0.010960565107267062,0.00799140011395183,4.624399693642367e-05,0.0005149101508425957
9.746,0.002797307260581139,0.004641094373626586,0.010959833846964973,0.007990865699636363,4.618059890804105e-05,0.000514524831307428
9.748,0.002796038645932919,0.004639162298773147,0.010959102635305973,0.007990331321253485,4.61172877919136e-05,0.0005141398001160535
9.75,0.002794770606616259,0.0046372310281612705,0.010958371472286954,0.007989796978800978,4.6054063468803363e-05,0.000513755057052645
9.752,0.002793503142370257,0.004635300561456113,0.010957640357904808,0.007989262672276398,4.5990925819916484e-05,0.0005133706019018192
9.754,0.0027922362529340106,0.004633370898323275,0.010956909292156203,0.007988728401677081,4.592787472623705e-05,0.0005129864344477486
9.756,0.002790969938047061,0.004631442038428357,0.010956178275038253,0.007988194167000584,4.586491006919324e-05,0.0005126025544754942
9.758000000000001,0.002789704197448728,0.004629513981436961,0.010955447306547628,0.007987659968244465,4.5802031730213244e-05,0.0005122189617696726
9.76,0.0027884390308785534,0.00462758672701491,0.01095471638668144,0.007987125805406281,4.573923959116932e-05,0.0005118356561155668
9.762,0.002787174438076079,0.004625660274828247,0.01095398551543636,0.00798659167848359,4.5676533533711705e-05,0.0005114526372982375
9.764,0.00278591041878129,0.004623734624543019,0.010953254692809278,0.007986057587473727,4.561391343971266e-05,0.0005110699051029677
9.766,0.0027846469727339507,0.00462180977582527,0.010952523918797086,0.007985523532374472,4.555137919148855e-05,0.0005106874593152622
9.768,0.0027833840996742687,0.0046198857283417105,0.010951793193396675,0.00798498951318316,4.548893067135573e-05,0.0005103052997208479
9.77,0.00278212179934223,0.0046179624817586085,0.010951062516604715,0.00798445552989735,4.542656776185261e-05,0.000509923426105674
9.772,0.002780860071478264,0.0046160400357428966,0.010950331888418319,0.007983921582514597,4.536429034551759e-05,0.0005095418382554673
9.774000000000001,0.0027795989158225787,0.004614118389961286,0.010949601308834156,0.00798338767103246,4.5302098305111116e-05,0.0005091605359566209
9.776,0.002778338332115826,0.004612197544080487,0.01094887077784934,0.007982853795448275,4.523999152383773e-05,0.0005087795189953059
9.778,0.002777078320098436,0.004610277497767878,0.01094814029546054,0.00798231995575982,4.517796988445788e-05,0.0005083987871581375
9.78,0.0027758188795112826,0.004608358250690392,0.010947409861664648,0.007981786151964432,4.511603327062019e-05,0.0005080183402317306
9.782,0.0027745600100952394,0.004606439802515627,0.010946679476458554,0.007981252384059667,4.5054181565529205e-05,0.0005076381780029227
9.784,0.0027733017115911807,0.0046045221529109615,0.010945949139838929,0.007980718652043084,4.4992414652833546e-05,0.0005072583002585507
9.786,0.0027720439837402022,0.004602605301543994,0.010945218851802885,0.00798018495591224,4.493073241618184e-05,0.0005068787067856739
9.788,0.002770786826283622,0.004600689248082546,0.010944488612347314,0.00797965129566447,4.4869134739666805e-05,0.0005064993973715737
9.790000000000001,0.0027695302389625365,0.00459877399219466,0.010943758421468885,0.007979117671297553,4.480762150738116e-05,0.0005061203718037532
9.792,0.0027682742215184852,0.004596859533548159,0.01094302827916449,0.007978584082808826,4.474619260341761e-05,0.000505741629869938
9.794,0.0027670187736930085,0.004594945871811307,0.010942298185431243,0.007978050530195846,4.4684847912312975e-05,0.0005053631713576312
9.796,0.0027657638952278685,0.0045930330066525915,0.010941568140265812,0.00797751701345617,4.462358731838201e-05,0.0005049849960550024
9.798,0.002764509585864827,0.004591120937740278,0.010940838143665088,0.007976983532587356,4.4562410706605604e-05,0.0005046071037499988
9.8,0.002763255845345869,0.004589209664743077,0.010940108195625742,0.007976450087586962,4.4501317961742615e-05,0.0005042294942307901
9.802,0.0027620026734127556,0.0045872991873296964,0.010939378296144886,0.007975916678452544,4.4440308968773934e-05,0.0005038521672857676
9.804,0.0027607500698079157,0.0045853895051688465,0.010938648445219412,0.007975383305181438,4.43793836129025e-05,0.000503475122703545
9.806000000000001,0.0027594980342735553,0.0045834806179296805,0.01093791864284599,0.007974849967771203,4.43185417795533e-05,0.0005030983602727357
9.808,0.0027582465665518807,0.004581572525281352,0.01093718888902151,0.007974316666219394,4.4257783354151314e-05,0.0005027218797821753
9.81,0.002756995666385542,0.004579665226893237,0.010936459183742864,0.00797378340052357,4.419710822234357e-05,0.0005023456810209215
9.812,0.002755745333516968,0.0045777587224344884,0.010935729527007165,0.00797325017068129,4.413651626999915e-05,0.0005019697637782539
9.814,0.0027544955676890304,0.004575853011574926,0.010934999918811084,0.007972716976690108,4.407600738320916e-05,0.0005015941278434521
9.816,0.002753246368644602,0.004573948093984148,0.010934270359151288,0.007972183818547585,4.401558144784268e-05,0.000501218773006018
9.818,0.0027519977361265546,0.004572043969331974,0.010933540848024892,0.007971650696251054,4.395523835043491e-05,0.0005008436990554532
9.82,0.002750749669877983,0.0045701406372884446,0.010932811385428787,0.007971117609798073,4.389497797729902e-05,0.0005004689057817036
9.822000000000001,0.002749502169641982,0.0045682380975236025,0.010932081971359642,0.007970584559186422,4.3834800214970215e-05,0.0005000943929747148
9.824,0.0027482552351620892,0.004566336349707711,0.01093135260581457,0.007970051544413437,4.3774704950205745e-05,0.0004997201604246548
9.826,0.0027470088661813996,0.004564435393511257,0.010930623288790242,0.007969518565476452,4.3714692069984906e-05,0.0004993462079216915
9.828,0.0027457630624436735,0.004562535228604725,0.010929894020283548,0.007968985622373248,4.3654761461286995e-05,0.0004989725352562147
9.83,0.0027445178236926715,0.004560635854658601,0.01092916480029138,0.007968452715101382,4.35949130115354e-05,0.0004985991422188363
9.832,0.002743273149671932,0.004558737271343816,0.010928435628810629,0.007967919843658189,4.353514660793145e-05,0.0004982260286003903
9.834,0.0027420290401254377,0.004556839478331298,0.010927706505838186,0.007967387008041449,4.3475462137898546e-05,0.0004978531941919329
9.836,0.002740785494797171,0.004554942475292201,0.010926977431370943,0.007966854208248497,4.3415859489304154e-05,0.0004974806387842978
9.838000000000001,0.0027395425134313367,0.004553046261897675,0.01092624840540557,0.007966321444276891,4.335633855001575e-05,0.0004971083621687633
9.84,0.0027383000957721393,0.004551150837819096,0.010925519427939179,0.00796578871612419,4.329689920790081e-05,0.0004967363641366074
9.842,0.0027370582415640055,0.004549256202727836,0.01092479049896844,0.007965256023787948,4.323754135104885e-05,0.0004963646444795522
9.844,0.00273581695055114,0.004547362356295492,0.010924061618490466,0.007964723367265503,4.317826486777143e-05,0.0004959932029890979
9.846,0.002734576222478413,0.004545469298194105,0.010923332786501927,0.007964190746554634,4.311906964660217e-05,0.0004956220394571886
9.848,0.002733336057090474,0.004543577028095269,0.010922604002999714,0.007963658161652676,4.305995557607467e-05,0.0004952511536757687
9.85,0.0027320964541319714,0.004541685545671026,0.010921875267980719,0.007963125612557187,4.3000922544944586e-05,0.0004948805454370042
9.852,0.002730857413347998,0.004539794850593637,0.010921146581441832,0.007962593099265947,4.2941970442189614e-05,0.0004945102145332836
9.854000000000001,0.0027296189344834243,0.004537904942535587,0.010920417943379723,0.00796206062177629,4.288309915678745e-05,0.0004941401607569951
9.856,0.0027283810172835654,0.004536015821168915,0.010919689353791506,0.007961528180085775,4.282430857793784e-05,0.000493770383900749
9.858,0.002727143661493736,0.00453412748616655,0.010918960812674072,0.007960995774191737,4.276559859506257e-05,0.0004934008837573778
9.86,0.002725906866859251,0.004532239937200977,0.01091823232002409,0.007960463404091955,4.270696909780547e-05,0.0004930316601197138
9.862,0.0027246706331256476,0.004530353173945123,0.010917503875838452,0.007959931069783766,4.2648419975588325e-05,0.0004926627127810335
9.864,0.002723434960038462,0.004528467196071917,0.010916775480114271,0.007959398771264947,4.2589951118277014e-05,0.0004922940415343913
9.866,0.002722199847343676,0.004526582003254731,0.010916047132848217,0.007958866508532836,4.2531562415959456e-05,0.0004919256461732857
9.868,0.0027209652947868257,0.004524697595166494,0.01091531883403718,0.007958334281584989,4.247325375872357e-05,0.0004915575264912153
9.870000000000001,0.0027197313021141145,0.004522813971480799,0.010914590583678052,0.007957802090418964,4.2415025036657283e-05,0.0004911896822819006
9.872,0.0027184978690715234,0.00452093113187102,0.010913862381767725,0.007957269935032318,4.23568761402926e-05,0.0004908221133390622
9.874,0.0027172649954052552,0.0045190490760109725,0.010913134228302868,0.00795673781542261,4.229880696016153e-05,0.0004904548194568648
9.876,0.002716032680861735,0.004517167803574251,0.010912406123280594,0.007956205731587396,4.2240817387018126e-05,0.0004900878004294729
9.878,0.0027148009251871663,0.004515287314234895,0.010911678066697572,0.007955673683524234,4.218290731183849e-05,0.0004897210560512733
9.88,0.0027135697281284177,0.004513407607667164,0.010910950058550917,0.007955141671230459,4.212507662559872e-05,0.0004893545861166526
9.882,0.0027123390894319144,0.004511528683545096,0.010910222098837297,0.00795460969470363,4.206732521927492e-05,0.0004889883904202197
9.884,0.0027111090088445255,0.004509650541542953,0.010909494187553825,0.007954077753941524,4.2009652984509316e-05,0.0004886224687568053
9.886000000000001,0.0027098794861131204,0.004507773181335217,0.010908766324697172,0.007953545848941479,4.195205981250005e-05,0.0004882568209212401
9.888,0.002708650520984568,0.004505896602596593,0.010908038510264229,0.007953013979701051,4.1894545594889365e-05,0.0004878914467085771
9.89,0.0027074221132061815,0.004504020805002007,0.010907310744251886,0.007952482146217799,4.183711022354153e-05,0.00048752634591409105
9.892,0.0027061942625252744,0.004502145788225942,0.010906583026657035,0.007951950348489056,4.177975359032082e-05,0.0004871615183332789
9.894,0.0027049669686889377,0.004500271551943769,0.010905855357476346,0.007951418586512604,4.172247558731357e-05,0.0004867969637616376
9.896,0.0027037402314447068,0.004498398095830414,0.010905127736706932,0.007950886860286,4.1665276106606086e-05,0.0004864326819948861
9.898,0.002702514050540339,0.004496525419561248,0.010904400164345684,0.007950355169806578,4.160815504072879e-05,0.0004860686728289654
9.9,0.0027012884257233694,0.004494653522811642,0.010903672640389273,0.007949823515072119,4.1551112281990044e-05,0.00048570493605981646
9.902000000000001,0.0027000633567415555,0.00449278240525719,0.01090294516483481,0.007949291896079957,4.1494147723142305e-05,0.0004853414714836024
9.904,0.0026988388433428767,0.0044909120665737046,0.010902217737678965,0.007948760312827652,4.1437261257160074e-05,0.00048497827889648626
9.906,0.0026976148852755344,0.004489042506437002,0.01090149035891863,0.00794822876531276,4.1380452776795806e-05,0.00048461535809507517
9.908,0.002696391482287508,0.004487173724522897,0.010900763028550697,0.007947697253532837,4.1323722175024e-05,0.00048425270887597627
9.91,0.0026951686341269987,0.0044853057205074265,0.010900035746572279,0.007947165777485443,4.126706934526325e-05,0.0004838903310357967
9.912,0.0026939463405426523,0.004483438494067071,0.010899308512980044,0.007946634337167913,4.1210494180932145e-05,0.00048352822437180976
9.914,0.00269272460128267,0.0044815720448780905,0.010898581327770662,0.007946102932578025,4.115399657544927e-05,0.0004831663886808446
9.916,0.0026915034160959195,0.004479706372616965,0.010897854190941247,0.007945571563713338,4.109757642245526e-05,0.00048280482376017453
9.918000000000001,0.002690282784730824,0.004477841476960176,0.01089712710248869,0.007945040230571188,4.10412336158128e-05,0.0004824435294070728
9.92,0.0026890627069364736,0.004475977357584648,0.010896400062409883,0.00794450893314913,4.098496804960661e-05,0.00048208250541903475
9.922,0.0026878431824617355,0.0044741140141673075,0.010895673070701495,0.007943977671444946,4.092877961769936e-05,0.00048172175159399977
9.924,0.0026866242110556993,0.0044722514463853,0.010894946127360638,0.00794344644545597,4.087266821461988e-05,0.00048136126772968524
9.926,0.0026854057924674546,0.004470389653915552,0.010894219232383984,0.007942915255179761,4.081663373467492e-05,0.00048100105362403056
9.928,0.002684187926446313,0.004468528636435654,0.010893492385768644,0.007942384100613875,4.076067607239331e-05,0.0004806411090751972
9.93,0.0026829706127418085,0.0044666683936227525,0.010892765587511288,0.00794185298175587,4.0704795122525894e-05,0.0004802814338813466
9.932,0.0026817538511032524,0.004464808925154662,0.010892038837608808,0.007941321898603082,4.0648990779823535e-05,0.0004799220278410843
9.934000000000001,0.0026805376412804005,0.004462950230708973,0.010891312136058096,0.00794079085115329,4.0593262939259134e-05,0.0004795628907527938
9.936,0.0026793219830230086,0.004461092309963499,0.010890585482856041,0.007940259839404051,4.053761149602764e-05,0.00047920402241552473
9.938,0.0026781068760810545,0.004459235162596276,0.010889858877999536,0.007939728863352702,4.048203634532399e-05,0.00047884542262788266
9.94,0.002676892320204294,0.00445737878828556,0.010889132321485473,0.007939197922996799,4.0426537382565186e-05,0.00047848709118913924
9.942,0.0026756783151429264,0.004455523186709387,0.01088840581331052,0.007938667018334122,4.037111450339026e-05,0.0004781290278983441
9.944,0.002674464860647152,0.004453668357546237,0.01088767935347179,0.007938136149362007,4.0315767603438246e-05,0.00047777123255476894
9.946,0.002673251956467171,0.004451814300474588,0.010886952941966177,0.007937605316078011,4.0260496578570226e-05,0.00047741370495790747
9.948,0.0026720396023534043,0.004449961015173143,0.010886226578790348,0.007937074518479692,4.020530132464728e-05,0.00047705644490747545
9.950000000000001,0.0026708277980564965,0.004448108501320602,0.010885500263941417,0.007936543756564607,4.015018173797458e-05,0.0004766994522034107
9.952,0.0026696165433270913,0.00444625675859589,0.010884773997416053,0.007936013030330313,4.009513771485729e-05,0.000476342726645429
9.954,0.0026684058379160547,0.004444405786678152,0.010884047779211148,0.007935482339774369,4.004016915160058e-05,0.00047598626803369015
9.956,0.0026671956815740305,0.004442555585246533,0.010883321609323815,0.00793495168489411,3.998527594473167e-05,0.00047563007616835407
9.958,0.002665986074052107,0.0044407061539804005,0.010882595487750724,0.007934421065687314,3.993045799099981e-05,0.00047527415085002467
9.96,0.0026647770151013717,0.004438857492559123,0.010881869414488765,0.007933890482151318,3.987571518715427e-05,0.00047491849187908386
9.962,0.002663568504473135,0.0044370096006622894,0.01088114338953483,0.007933359934283901,3.9821047430166345e-05,0.0004745630990561356
9.964,0.002662360541918707,0.004435162477969712,0.010880417412885812,0.0079328294220824,3.9766454617229385e-05,0.0004742079721822279
9.966000000000001,0.0026611531271893973,0.00443331612416098,0.0108796914845386,0.007932298945544591,3.971193664575878e-05,0.0004738531110581867
9.968,0.0026599462600369606,0.004431470538916349,0.010878965604490087,0.007931768504667813,3.9657493412947886e-05,0.0004734985154852822
9.97,0.0026587399402129286,0.004429625721915853,0.010878239772736942,0.007931238099449622,3.960312481643413e-05,0.00047314418526456237
9.972,0.0026575341674690556,0.004427781672839748,0.010877513989276277,0.007930707729887576,3.954883075385496e-05,0.00047279012019774136
9.974,0.0026563289415573177,0.004425938391368289,0.010876788254104985,0.007930177395979232,3.94946111228478e-05,0.00047243632008608927
9.976,0.002655124262229691,0.004424095877182177,0.010876062567219735,0.007929647097722148,3.944046582171623e-05,0.0004720827847315423
9.978,0.002653920129238374,0.004422254129962111,0.01087533692861764,0.00792911683511388,3.938639474831973e-05,0.0004717295139360367
9.98,0.0026527165423355648,0.004420413149388569,0.01087461133829537,0.007928586608151766,3.933239780096187e-05,0.0004713765075015086
9.982000000000001,0.0026515135012734614,0.004418572935142695,0.010873885796249816,0.007928056416833584,3.927847487816827e-05,0.00047102376523011635
9.984,0.0026503110058047064,0.004416733486905633,0.010873160302478091,0.007927526261156892,3.922462587824249e-05,0.00047067128692401816
9.986,0.00264910905568172,0.004414894804358305,0.010872434856976865,0.007926996141119025,3.91708506999322e-05,0.0004703190723858164
9.988,0.0026479076506573662,0.004413056887182076,0.010871709459743029,0.007926466056717762,3.911714924198506e-05,0.0004699671214183354
9.99,0.002646706790484288,0.004411219735058536,0.010870984110773474,0.00792593600795044,3.9063521403592816e-05,0.0004696154338241776
9.992,0.002645506474915349,0.004409383347669271,0.010870258810065092,0.007925405994814616,3.900996708350313e-05,0.0004692640094061673
9.994,0.002644306703703636,0.0044075477246958705,0.010869533557614774,0.007924876017308069,3.895648618112979e-05,0.000468912847967351
9.996,0.0026431074766024576,0.004405712865820144,0.010868808353419412,0.007924346075428135,3.890307859566455e-05,0.00046856194931099715
9.998,0.002641908793364678,0.004403878770724123,0.010868083197475897,0.00792381616917237,3.8849744226743255e-05,0.0004682113132405963
