time,joint_1,joint_2,joint_3,joint_4,joint_5,joint_6
0.0,-1.5706381967038248,-1.571273146076058,-1.5691367720844005,-1.5701040171740974,-1.5697061451590466,-1.5697243575771433
0.002,-1.5703145601873378,-1.5721927963351696,-1.5658772672031138,-1.5687380088603042,-1.5675430641170687,-1.5676119174325291
0.004,-1.5698289210711573,-1.5735338573660935,-1.5610851862084232,-1.5667255383655945,-1.5643349842743406,-1.5645001235851028
0.006,-1.5691809906448584,-1.575272644150109,-1.5548212493828528,-1.5640880602926353,-1.5601057233586544,-1.560425069448712
0.008,-1.5683703758506653,-1.5773867378353315,-1.5471434741119097,-1.5608451709198137,-1.5548786832660226,-1.555421546095682
0.01,-1.567396589931499,-1.5798548444599092,-1.5381074527567205,-1.5570148292903416,-1.548676845720971,-1.5495230887783598
0.012,-1.5662590594528185,-1.5826566569844829,-1.5277666246694794,-1.552613553927298,-1.54152276935235,-1.542762021776048
0.014,-1.5649571283187784,-1.5857727224597482,-1.5161725376868056,-1.5476565993897506,-1.5334385878328514,-1.5351695016313907
0.016,-1.5634900593213459,-1.589184315765617,-1.503375095450508,-1.5421581162309046,-1.5244460087830634,-1.5267755588374319
0.018000000000000002,-1.5618570336861035,-1.5928733210762036,-1.4894227876413502,-1.5361312973152694,-1.5145663131929352,-1.5176091380341143
0.02,-1.56005714901004,-1.5968221219978642,-1.4743629007521932,-1.529588512896708,-1.5038203551644074,-1.5076981367707927
0.022,-1.5580894159240772,-1.601013501169404,-1.4582417074410248,-1.5225414363499097,-1.4922285618284858,-1.4970694428893743
0.024,-1.5559527537558304,-1.6054305499828083,-1.4411046328478863,-1.5150011619812382,-1.4798109333379506,-1.4857489705808429
0.026000000000000002,-1.5536459854155802,-1.6100565889620377,-1.4229963965774501,-1.506978315919061,-1.4665870428829064,-1.473761695166157
0.028,-1.5511678316803394,-1.614875099213179,-1.4039611293753986,-1.4984831606981823,-1.4525760367200033,-1.4611316866507815
0.03,-1.548516905006973,-1.6198696652219207,-1.3840424638862063,-1.4895256938093142,-1.4377966342466821,-1.4478821421003627
0.032,-1.545691702965593,-1.625023929118073,-1.3632835992869048,-1.4801157401857845,-1.4222671281883101,-1.4340354168832865
0.034,-1.5426906013489894,-1.6303215563496034,-1.3417273400504974,-1.4702630383503026,-1.406005384997508,-1.4196130548240284
0.036000000000000004,-1.539511846982889,-1.635746212511999,-1.3194161095989103,-1.4599773197496309,-1.3890288455901563,-1.4046358173093065
0.038,-1.53615355023565,-1.6412815508678262,-1.2963919401447037,-1.4492683806692759,-1.37135452656043,-1.389123711387096
0.04,-1.5326136772047658,-1.6469112098742256,-1.2726964405715768,-1.438146146047521,-1.3529990220267762,-1.3730960168965534
0.042,-1.5288900415414937,-1.6526188198232326,-1.2483707447384824,-1.4266207244999682,-1.3339785062613672,-1.3565713126648615
0.044,-1.5249802958639627,-1.658388017503101,-1.223455443080166,-1.414702453921152,-1.3143087372470472,-1.3395675018049684
0.046,-1.5208819227031054,-1.6642024676202885,-1.1979905007871288,-1.4024019371443446,-1.2940050612883434,-1.3221018361461903
0.048,-1.5165922249242614,-1.6700458895926147,-1.172015166152255,-1.3897300673066364,-1.2730824187775873,-1.3041909398277332
0.05,-1.5121133486841305,-1.6757047772833475,-1.1461265279174149,-1.3766666372887197,-1.25155705807568,-1.2858504317829875
0.052000000000000005,-1.5074472544883897,-1.6810452139732968,-1.120701293840697,-1.3632135195387771,-1.2294433508605727,-1.2670955145709026
0.054,-1.5025940731785985,-1.686037860318856,-1.0958233366699819,-1.34939323157694,-1.2067540730004127,-1.2479410450285735
0.056,-1.4975533267191146,-1.6906792349654354,-1.0715040800566373,-1.3352317315037447,-1.1835014865463047,-1.228401393325638
0.058,-1.4923242706122903,-1.6949723214032966,-1.0477368062433068,-1.3207543951707021,-1.1596975947390669,-1.2084904227870497
0.06,-1.4869059934403315,-1.6989216785915071,-1.0245103648670895,-1.305985118869092,-1.1353542050470367,-1.1882214987118873
0.062,-1.481297447844614,-1.7025321833585838,-1.0018127149341505,-1.2909461765252552,-1.1104829466155959,-1.167607503957444
0.064,-1.475497461524646,-1.705808705566238,-0.9796318546930682,-1.2756582608262308,-1.085095276454995,-1.1466608557901479
0.066,-1.4695047420026175,-1.7087560288252663,-0.9579560630038818,-1.2601405674522266,-1.0592024826183284,-1.1253935226214762
0.068,-1.4633178791305488,-1.7113788371725023,-0.9367739549180374,-1.244410886831242,-1.0328156864074423,-1.1038170402840979
0.07,-1.456935346537241,-1.7136817195367589,-0.9160744863140989,-1.2284856943219917,-1.0059458441240432,-1.0819425277708685
0.07200000000000001,-1.4503555024059613,-1.7156691787447287,-0.8958469446773626,-1.2123802365840286,-0.9786037485015457,-1.059780702429598
0.074,-1.44357658973347,-1.7173456413445622,-0.8760809364502735,-1.1961086137095764,-0.950800029855575,-1.0373418946250839
0.076,-1.436596736146058,-1.7187154671925529,-0.8567663739222721,-1.179683857178297,-0.9225451569663294,-1.014636061884558
0.078,-1.4294139533227233,-1.7197829585151436,-0.8378934624912897,-1.1631180038227396,-0.8938494377006021,-0.9916728025435386
0.08,-1.4220261360653648,-1.720552368384746,-0.8194526885053535,-1.1464221660188145,-0.864723019381138,-0.9684613689088604
0.082,-1.4144310610505784,-1.7210279086165021,-0.8014348077094919,-1.1296065983141403,-0.8351758889124034,-0.9450106799551375
0.084,-1.4066263852941676,-1.7212137571146184,-0.7838308342709742,-1.1126807606978197,-0.8052178726737188,-0.9213293335703373
0.08600000000000001,-1.3986096443568,-1.7211140647039023,-0.766632030343378,-1.0956533787039706,-0.7748586361927735,-0.8974256183655493
0.088,-1.3903782503170155,-1.7207329614845939,-0.7498298961293997,-1.0785325005297937,-0.7441076836146742,-0.8733075250634649
0.09,-1.381929272905421,-1.7200747418318714,-0.7334162269625242,-1.0613261919524168,-0.7130746783617962,-0.8489827565299736
0.092,-1.3732594979225252,-1.7191437692401248,-0.717383045143703,-1.0440421145222776,-0.6819172168417079,-0.8244587431061702
0.094,-1.3643655504817962,-1.717944358932947,-0.7017225446099675,-1.0266871427046904,-0.6507781118333993,-0.7997426555965977
0.096,-1.3552439021433702,-1.7164807743865742,-0.6864270927143312,-1.0092674523274172,-0.619786227792281,-0.7748414145921281
0.098,-1.345890877683743,-1.7147572274406397,-0.6714892269647165,-0.9917886063013941,-0.5890572930739723,-0.7497616993466802
0.1,-1.3363026612845073,-1.712777880684533,-0.6569016502468693,-0.9742556366285126,-0.5586946880661754,-0.7245099562337981
0.10200000000000001,-1.3264753019591942,-1.710546851551755,-0.642657225834608,-0.9566731219336236,-0.5287902084003713,-0.6990924068114943
0.10400000000000001,-1.3164047180893335,-1.7080682178213122,-0.6287489726417368,-0.9390452599179141,-0.4994248025824455,-0.6735150555242932
0.106,-1.30608670099458,-1.7053460243174914,-0.615170060841522,-0.921375934275673,-0.47066928353370385,-0.6477836970708108
0.108,-1.295516917511282,-1.7023842906300746,-0.6019138078528695,-0.9036687757582501,-0.44258501367244185,-0.6219039234638781
0.11,-1.2846909115967815,-1.6991870196884142,-0.5889736746455404,-0.8859272172071667,-0.41522456329293167,-0.5958811308083972
0.112,-1.2736041060044667,-1.695758207616782,-0.5763432604706453,-0.8681545319990099,-0.3886323419498614,-0.5697458764474805
0.114,-1.2622518045698126,-1.692101854239786,-0.5640162973698988,-0.8503538571607582,-0.3628452016981141,-0.5436124047627369
0.116,-1.2506291877497362,-1.6882219700909917,-0.5519866567651335,-0.8325282743709282,-0.33789301208548617,-0.5175842252898066
0.11800000000000001,-1.238731310990438,-1.6841225881067072,-0.5402483430005218,-0.814680839692817,-0.31379921237756103,-0.4917547101583424
0.12,-1.2265531026438463,-1.6798077748321283,-0.5287954888123767,-0.7968146080242781,-0.2905813373765478,-0.46620767562909315
0.122,-1.2140893615438675,-1.675281641405201,-0.5176223516750096,-0.7789326527444648,-0.26825151715774,-0.4410179469215447
0.124,-1.201334754365366,-1.670548354404749,-0.5067233105316551,-0.7610380810077103,-0.24681695112173974,-0.416251905666027
0.126,-1.1882838128921365,-1.6656121465773084,-0.49609286267540154,-0.7431340451190374,-0.22628035682775693,-0.39196801944434734
0.128,-1.1749309313190646,-1.66047732743169,-0.48572562066475244,-0.725223750411128,-0.2066403941336512,-0.3682173530032624
0.13,-1.1612835310328664,-1.655147648340886,-0.47561943284099306,-0.7073099353467112,-0.1878906543525225,-0.34504407612194266
0.132,-1.1473551380723752,-1.6496273392269063,-0.4657716266324923,-0.6893956195831797,-0.17002089149444166,-0.32248592779357876
0.134,-1.1331591980849773,-1.6439213651793838,-0.4561775505519525,-0.671484372642171,-0.15301810365680568,-0.30057466285635015
0.136,-1.1187091003846306,-1.638035077330075,-0.44683154847660544,-0.6535801203886998,-0.1368668635591912,-0.27933648762593233
0.138,-1.104018191179017,-1.6319740294371874,-0.4377274587193283,-0.635687020296177,-0.12154962648318834,-0.2587924767342553
0.14,-1.0890997812421135,-1.625743877563893,-0.42885887392440436,-0.6178093728507759,-0.10704701668210026,-0.23895897123850163
0.14200000000000002,-1.0739671506345612,-1.6193503216995473,-0.4202192795549178,-0.599951552515717,-0.09333809322251829,-0.21984795815777525
0.14400000000000002,-1.0586335517466,-1.612799068669432,-0.4118021302324062,-0.5821179498679897,-0.08040059618208595,-0.20146743166514658
0.146,-1.0431122112728342,-1.606095805901388,-0.4036008939901865,-0.5643129207172168,-0.06821117411279487,-0.18382173621934217
0.148,-1.0274163313917144,-1.5992461807601366,-0.3956090798036702,-0.5465407401704014,-0.056745593669594196,-0.16691189196766554
0.15,-1.0115590902517084,-1.5922557827687494,-0.3878202563008091,-0.5288055607072175,-0.04597893229335037,-0.15073590279202742
0.152,-0.9955536417795907,-1.5851301273707232,-0.3802280657390851,-0.5111113738848256,-0.03588575482316125,-0.13528904740444614
0.154,-0.9794131147834348,-1.5778746405735087,-0.3728262353679217,-0.4934619755602574,-0.026440274895429994,-0.12056415392775244
0.156,-0.9631506113032332,-1.570494644170905,-0.36560858727393586,-0.4758609346381393,-0.017616501966309706,-0.10655185842201909
0.158,-0.9467792041550355,-1.5629953414276672,-0.3585690472727403,-0.45831156539323303,-0.009388374770721963,-0.09324084783782371
0.16,-0.9303119336146284,-1.555381803206744,-0.3517016531306598,-0.4408169034186131,-0.0017298820057241038,-0.0806180878941749
0.162,-0.913761803191154,-1.5476589545699204,-0.34500056225193454,-0.4233796852313776,0.005384829000899094,-0.06866903639209831
0.164,-0.8971417742418855,-1.53983156191033,-0.3384600588440241,-0.4060023315387349,0.011981314125137477,-0.057377842484600095
0.166,-0.8804647597845214,-1.5319042206704094,-0.33207456067290675,-0.38868693413152977,0.01808474060155052,-0.0467275324328007
0.168,-0.8637436173698548,-1.5238813437316971,-0.3258386253667507,-0.3714352463505113,0.02371981867178885,-0.03670018237839123
0.17,-0.8469911409265458,-1.5157671505526156,-0.31974695623396077,-0.35424867703269136,0.028910741624295744,-0.027277078665351118
0.17200000000000001,-0.8302200515760513,-1.5075656571230305,-0.3137944075789054,-0.33712828781519977,0.033681133662325946,-0.01843886624393698
0.17400000000000002,-0.8134429874272373,-1.499280666800611,-0.30797598949609917,-0.32007479364828173,0.03805400506374523,-0.01016568568723053
0.176,-0.7966724923717468,-1.4909157620888203,-0.30228687212344085,-0.30308856634613135,0.04205171412171027,-0.0024372993459467196
0.178,-0.7799210039126454,-1.4824742974101308,-0.2967223893362787,-0.2861696409842971,0.04569593538017336,0.004766792839039136
0.18,-0.7632008400712053,-1.47395939292092,-0.29127804186648865,-0.26931772493719586,0.04900763370229533,0.011467210649011461
0.182,-0.7465242529819637,-1.4653715459407717,-0.28593841356544814,-0.2526767693545513,0.05200710123427221,0.01768457743109897
0.184,-0.7299035440774236,-1.45670997605578,-0.2806929100447062,-0.23638027003530282,0.05471391922854196,0.023439451239690934
0.186,-0.7133509820556285,-1.4479735133762643,-0.27553528993149934,-0.22053478192346354,0.057146908347383674,0.028752254468269678
0.188,-0.6968787231400781,-1.439161044090243,-0.2704618736640523,-0.20522378469829894,0.05932409708233166,0.03364320892712436
0.19,-0.6804987499691965,-1.4302717207472586,-0.26547048627681,-0.19051096039581972,0.06126270499559494,0.03813227749875159
0.192,-0.6642228223778043,-1.4213050408978474,-0.26055982750557005,-0.1764430217258086,0.06297913722921966,0.04223911203616959
0.194,-0.6480624362415085,-1.4122608537186694,-0.2557290926235076,-0.16305217981953213,0.0644889877083823,0.045983007165836476
0.196,-0.6320287881900085,-1.4031393289688054,-0.25097774194221967,-0.15035831092374385,0.06580704909563728,0.04938285965708156
0.198,-0.6161327449079085,-1.3939409080287306,-0.24630535968349965,-0.1383708642971364,0.06694732797702807,0.05245713302304922
0.2,-0.6003848162463301,-1.384666248312852,-0.24171156751730694,-0.12709054320700197,0.06792306406200344,0.055223827023494154
0.202,-0.58479513164498,-1.3753161674192074,-0.23719597222783895,-0.11651078453718045,0.06874675240489703,0.05770045174688487
0.20400000000000001,-0.569373419514472,-1.3658915904972286,-0.23275813515769017,-0.10661905840974462,0.06943016783362732,0.059904005957803985
0.20600000000000002,-0.5541289893104251,-1.3563935026211276,-0.2283975558390512,-0.09739800641747287,0.06998439091671749,0.0618509594052945
0.20800000000000002,-0.5390701308980212,-1.3468228807058464,-0.22411357152498623,-0.08882642563419219,0.07041978148897132,0.06355723889234577
0.21,-0.5242027513611878,-1.3371805787878075,-0.21990520035681937,-0.08088009703629218,0.07074589309887025,0.06503821773310747
0.212,-0.5095329273524392,-1.3274673873275593,-0.21577169832984167,-0.07353254158669587,0.07097175714844894,0.06630870770865571
0.214,-0.4950669084310402,-1.3176840527854132,-0.2117124212462307,-0.06675571295209415,0.07110589958454594,0.06738295451585286
0.216,-0.48081112305108564,-1.3078312829571321,-0.2077267470575621,-0.060520570518959094,0.07115635816956689,0.06827463580772108
0.218,-0.46677218652752206,-1.2979097453287842,-0.20381403456395208,-0.054797554474686594,0.07113069997270616,0.06899686159277074
0.22,-0.4529569105404101,-1.2879200626523593,-0.19997360388019292,-0.04955697921280011,0.07103603884358534,0.0695621767726593
0.222,-0.4393723138841146,-1.277862808125483,-0.19620472977528602,-0.044769357671156085,0.07087905271033024,0.06998256560948013
0.224,-0.42602563426153783,-1.2677385014800149,-0.19250664244316495,-0.040405666713696275,0.07066600059768047,0.07026945792576722
0.226,-0.41292434098383546,-1.2575476066481253,-0.18887853236423635,-0.036437561891472514,0.07040273929687668,0.07043373685186394
0.228,-0.4000750013081704,-1.2472904484308531,-0.18531940596027696,-0.0328375296958181,0.07009464821538214,0.0704857478413905
0.23,-0.387481141718067,-1.2369670302514915,-0.1818279020400264,-0.029578965341760854,0.06974649256993071,0.0704353086561611
0.232,-0.3751458075006642,-1.2265771833395107,-0.17840282736090352,-0.026636272883248546,0.06936268081694585,0.07029172083647062
0.234,-0.36307156491032067,-1.216120592533,-0.17504309853579336,-0.023984976033066374,0.06894728465212241,0.07006378199081276
0.23600000000000002,-0.35126050509628914,-1.2055968153126582,-0.17174770690806818,-0.021601791074181476,0.06850405846489505,0.06975979887178729
0.23800000000000002,-0.3397142494566574,-1.1950052967761569,-0.16851569730016602,-0.01946467053240264,0.06803645816793646,0.06938760111470188
0.24,-0.32843395619925486,-1.1843453821470242,-0.16534615509010586,-0.01755282394832469,0.06754765936075358,0.06895455552435803
0.242,-0.31742032796549724,-1.1736163277412053,-0.16223819824193564,-0.015846720532681324,0.06704057480991832,0.06846758080412618
0.244,-0.30667362042137114,-1.1628173109130275,-0.15919097224621792,-0.014328077425255437,0.06651787124238195,0.06793316262965643
0.246,-0.29619365175100465,-1.1519474392646503,-0.1562036467415906,-0.01297983652551249,0.06598198545633727,0.06735736897741407
0.248,-0.28597981300876874,-1.1410057592648635,-0.1532754130873486,-0.011786132312883835,0.06543513975850201,0.06674586562569518
0.25,-0.2760310792995009,-1.129991264345108,-0.15040548246167829,-0.01073225265747979,0.06487935673891099,0.06610393175284401
0.252,-0.266346021765655,-1.1189029024988928,-0.1475930842452975,-0.009804594294881008,0.06431647339520885,0.0654364755640977
0.254,-0.2569228203664542,-1.1077395833907722,-0.14483746456168656,-0.008990614374327466,0.06374815461859495,0.06474804988480187
0.256,-0.24775927743836745,-1.0965001849737737,-0.14213788491107837,-0.008278779270632697,0.0631759060533168,0.0640428676637117
0.258,-0.23885283202900198,-1.0851835596141832,-0.13949362087335238,-0.007658511665157741,0.0626010863411679,0.06332481733570638
0.26,-0.23020057499808133,-1.0737885397265428,-0.1369039608757432,-0.007120136742647665,0.06202491876193106,0.062597477998527
0.262,-0.2217992648797471,-1.0623139429275668,-0.13436820503152114,-0.006654828213508157,0.06144850228021426,0.0618641343630979
0.264,-0.21364534450000328,-1.0507585767241803,-0.1318856640597128,-0.006254554751563779,0.060872822008681604,0.06112779144163327
0.266,-0.20573495834170874,-1.0391212427572558,-0.12945565829609418,-0.005912027332847902,0.06029875909732052,0.060391188942066076
0.268,-0.19806397064706283,-1.0274007406284444,-0.12707751680375123,-0.005620647869504669,0.059727100058115434,0.05965681534138634
0.27,-0.1906279842439189,-1.015595871342434,-0.12475057658848265,-0.005374459452859748,0.05915854553432309,0.0589269216142454
0.272,-0.18342236007742163,-1.0037054404009116,-0.12247418192086501,-0.005168098449841674,0.0585937185234624,0.05820353459668648
0.274,-0.17644223742228227,-0.9917282605873101,-0.12024768376332529,-0.004996748636111992,0.05803317206315639,0.05748846996811352
0.276,-0.169682554743408,-0.9796631544830814,-0.11807043929732264,-0.004856097496554801,0.05747739638908134,0.05678334483762004
0.278,-0.16313807116350731,-0.9675089567567006,-0.11594181154290029,-0.004742294778361522,0.05692682557450146,0.05608958992357338
0.28,-0.15680338848568787,-0.9552645162659043,-0.11386116906053223,-0.004651913343084457,0.05638184366120291,0.055408461317913105
0.28200000000000003,-0.15067297370694077,-0.9429286980118099,-0.11182788572340918,-0.004581912331067528,0.055842790292091715,0.054741051828966825
0.28400000000000003,-0.14474118194485652,-0.9305003849806085,-0.10984134054713635,-0.00452960262400115,0.05530996585630166,0.05408830189874059
0.28600000000000003,-0.13900227968507473,-0.917978479904533,-0.10790091756324172,-0.004492614568441411,0.05478363615837578,0.053451010092604445
0.28800000000000003,-0.1334504682410662,-0.9053619069688723,-0.10600600572292707,-0.004468867904497964,0.0542640366239624,0.05282984316107875
0.29,-0.12807990730121,-0.8926496134860443,-0.10415599881811732,-0.0044565438290706805,0.05375137605549818,0.05222534567504655
0.292,-0.12288473842118774,-0.8798405715513002,-0.10235029540802443,-0.004454059111594244,0.05324583995256571,0.051637949237181235
0.294,-0.11785910830302693,-0.8669337796876923,-0.1005882987411102,-0.004460042171842815,0.052747593412994176,0.0510679812736885
0.296,-0.11299719168633349,-0.8539282644806915,-0.09886941666443128,-0.004473311023609261,0.0522567836323411,0.05051567341164165
0.298,-0.10829321366314182,-0.8408230821955441,-0.09719306151479601,-0.004492852984666618,0.051773542021118946,0.04998116944823372
0.3,-0.10374147121622479,-0.827617320363354,-0.09555864998886632,-0.004517806052036111,0.05129798596100721,0.04946453291919606
0.302,-0.0993363537725862,-0.8143100993152798,-0.0939656029921716,-0.0045474418419368945,0.05083022022327888,0.04896575427445171
0.304,-0.09508121054648244,-0.8009221359660553,-0.09239456105227895,-0.004578555122096706,0.05037058026625818,0.048484764530660085
0.306,-0.09098323933342378,-0.7874821537319059,-0.09082368622993942,-0.004604650808391231,0.049919413171754856,0.04802143736696052
0.308,-0.08704752091091983,-0.7740135697307372,-0.08924067047322315,-0.004617716761453394,0.04947689902991059,0.0475755902733328
0.31,-0.08327718915199811,-0.7605360299395646,-0.08763903544235574,-0.004609777700175233,0.049043080906502334,0.04714699047615767
0.312,-0.07967360219681296,-0.7470663976835229,-0.08601585723666716,-0.004573712864252233,0.04861789440435804,0.04673536050867355
0.314,-0.07623651651518948,-0.7336194032469289,-0.08437036633999839,-0.004503636133238009,0.04820119532996148,0.04634038344406344
0.316,-0.0729642644809374,-0.720208082380126,-0.08270308566554929,-0.0043950207449685585,0.04779278461222258,0.04596170780619335
0.318,-0.06985393472917623,-0.7068440823144602,-0.08101529966321608,-0.004244679341942614,0.04739243001457738,0.04559895217076049
0.32,-0.06690155338140191,-0.6935378836235221,-0.07930872723696836,-0.0040506662988331055,0.0469998844404127,0.04525170946781021
0.322,-0.06410226336150959,-0.6802989676116963,-0.07758532022587028,-0.0038121424609802723,0.04661490081369313,0.04491955099525713
0.324,-0.06145049855463447,-0.6671359474263997,-0.07584713932917997,-0.0035292260095860506,0.046237243651902515,0.04460203015219322
0.326,-0.05894014947771087,-0.6540566740469843,-0.07409627788290418,-0.003202843149957113,0.045866697551393054,0.044298685900362234
0.328,-0.056564717388797314,-0.6410683240146965,-0.07233481528642938,-0.0028345862279148815,0.04550307288201827,0.04400904596217292
0.33,-0.05431745428546586,-0.6281774731875469,-0.07056478887651041,-0.002426583199433008,0.04514620904079347,0.04373262976393222
0.332,-0.052191486940427856,-0.6153901592778515,-0.06878817734033693,-0.0019813801763619576,0.044795975644438935,0.0434689511334978
0.334,-0.05017992390240611,-0.602711935048116,-0.06700689139031168,-0.0015018374726065709,0.044452272049534836,0.04321752076220231
0.336,-0.04827594516752631,-0.590147913544086,-0.06522276903279156,-0.0009910388275014004,0.0441150255790177,0.04297784844155461
0.338,-0.04647287493231622,-0.5777028064691779,-0.06343757374780745,-0.0004522130699378124,0.04378418880821422,0.04274944508582612
0.34,-0.0447642384250424,-0.5653809566505716,-0.06165299450117123,0.00011133272434116215,0.04345973622652788,0.04253182455209226
0.342,-0.043143804250319606,-0.553186365452248,-0.05987064688463484,0.0006962696195906837,0.04314166054648294,0.042324505269596635
0.34400000000000003,-0.04160561396536333,-0.5411227159185987,-0.05809207491559287,0.0012992938056575198,0.042829968884149805,0.04212701169041
0.34600000000000003,-0.0401440007438989,-0.5291933923652512,-0.056318753180571335,0.001917165211372751,0.04252467898751511,0.04193887557327969
0.34800000000000003,-0.038753598996123184,-0.5174014970635252,-0.05455208910933407,0.0025467387243998107,0.042225815644871156,0.041759637112319226
0.35000000000000003,-0.0374293467272766,-0.5057498645899063,-0.052793425238083946,0.00318498893188246,0.0419334073656672,0.041588845921811224
0.352,-0.03616648226234731,-0.4942410743339394,-0.051044041371935744,0.0038290292248479574,0.0416474833925613,0.04142606188790987
0.354,-0.03496053676764754,-0.4828774615801792,-0.04930515659485568,0.004476126035175776,0.0413680710759845,0.041270855897487246
0.356,-0.03380732378500739,-0.4716611275055733,-0.04757793110322406,0.005123708899926971,0.04109519362118541,0.041122810453780634
0.358,-0.03270292677951736,-0.46059394836555523,-0.045863467859301066,0.005769376975878426,0.040828868201904234,0.040981520187904685
0.36,-0.03164368550016006,-0.44967758408196623,-0.04416281407472877,0.00641090255853527,0.040569104423742175,0.04084659227471099
0.362,-0.030626181772398287,-0.4389134863945483,-0.042476962543002816,0.007046232095598404,0.0403159031130933,0.04071764676091494
0.364,-0.029647225186833825,-0.4283029066952313,-0.040806852844665675,0.007673485125381241,0.04006925540335238,0.04059431681288306
0.366,-0.028703839019341926,-0.41784690363025634,-0.03915337245076356,0.00829095151626813,0.03982914208824462,0.04047624889098089
0.368,-0.02779324661437199,-0.40754635052844823,-0.037517357749705216,0.00889708733405925,0.03959553321189202,0.040363102856924016
0.37,-0.02691285838189561,-0.39740194269361595,-0.03589959502079676,0.009490509619835663,0.03936838786611929,0.0402545520201516
0.372,-0.026060259496609728,-0.387414204583999,-0.03430082137497803,0.010069990321581956,0.039147654167100754,0.0401502831288536
0.374,-0.025233198342200724,-0.3775834968908476,-0.032721725680115554,0.010634449587916261,0.03893326938544872,0.040049996310919767
0.376,-0.02442957571057547,-0.367910023520686,-0.031162949484948577,0.011182948601531129,0.03872516020604677,0.03995340496973987
0.378,-0.023647434743190976,-0.3583938384807632,-0.02962508795266472,0.011714682102970775,0.03852324309616484,0.03986023563947616
0.38,-0.02288495158655568,-0.34903485266399814,-0.028108690812238102,0.012228970731776645,0.03832742476258444,0.03977022780412698
0.382,-0.02214042672467942,-0.3398328405278588,-0.02661426333317074,0.012725253291461236,0.0381376026805349,0.03968313368442922
0.384,-0.02141227694613601,-0.3307874466606855,-0.025142267327165735,0.01320307902686535,0.0379536656791819,0.039598717996379484
0.386,-0.020699027901260658,-0.3218981922286761,-0.023693122178510606,0.013662099986917253,0.03777549457018137,0.039516757684907367
0.388,-0.019999307204898287,-0.31316448129688257,-0.02226720590354625,0.01410206353234722,0.03760296280743858,0.03943704163599726
0.39,-0.019311838041365714,-0.3045856070179662,-0.02086485623848966,0.014522805036268682,0.03743593716767668,0.039359370370327884
0.392,-0.018635433230375753,-0.29616075768301586,-0.019486371754039444,0.014924240815498369,0.03727427844274356,0.0392835557212845
0.394,-0.01796898971524885,-0.28788902262936933,-0.018132012994561908,0.01530636132184493,0.037117842135780066,0.03920942049999443
0.396,-0.01731148343753941,-0.27976939800105516,-0.01680200363921447,0.015669224615191935,0.03696647915443907,0.039136798149839835
0.398,-0.016661964565074294,-0.27180079235814025,-0.015496531682061665,0.016012950133865278,0.03682003649530774,0.03906553239271515
0.4,-0.016019553043220336,-0.26398203213193083,-0.014215750628049584,0.016337712772394264,0.03667835791454577,0.03899547686912164
0.402,-0.015383434441889277,-0.25631186692359487,-0.012959780701617518,0.01664373727221924,0.03654128458052375,0.03892649477401777
0.404,-0.014752856073326104,-0.24878897464436456,-0.011728710064695669,0.016931292927070185,0.03640865570493723,0.038858458490190095
0.406,-0.014127123358076865,-0.2414119664960297,-0.01052259604087169,0.017200688601546776,0.03628030914949054,0.03879124922075028
0.40800000000000003,-0.013505596418691201,-0.23417939179094294,-0.009341466342577487,0.017452268058796516,0.03615608200579912,0.03872475662222552
0.41000000000000003,-0.01288768688268438,-0.22708974261122905,-0.008185320298254029,0.01768640559103485,0.03603581114665033,0.0386588784395685
0.41200000000000003,-0.0122728548780775,-0.220141458307328,-0.007054130076568965,0.017903501944923628,0.035919333747207016,0.038593520144285964
0.41400000000000003,-0.011660606206448598,-0.21333292983640373,-0.005947841904909712,0.01810398053246165,0.03580648777512807,0.03852859457676461
0.41600000000000004,-0.011050489679887976,-0.20666250394151198,-0.004866377279519218,0.01828828391699755,0.03569711244892915,0.03846402159375417
0.418,-0.0104420946095658,-0.20012848717276666,-0.0038096341648024,0.01845687056320333,0.03559104866421703,0.03839972772186462
0.42,-0.009835048434797544,-0.19372914975204014,-0.002777488179494636,0.018610211839309443,0.0354881393876989,0.03833564581782967
0.422,-0.009229014482554643,-0.18746272928302332,-0.0017697937675436037,0.018748789259565468,0.03538823001911218,0.03827171473619595
0.424,-0.008623689848313854,-0.18132743430871723,-0.0007863853517244834,0.018873091954720644,0.03529116872142479,0.038207879005007994
0.426,-0.008018803389994389,-0.17532144771865998,0.0001729215318344579,0.018983614358289547,0.035196806719838714,0.03814408850997708
0.428,-0.007414113827490132,-0.16944293000840127,0.0011083291198745737,0.01908085409646265,0.035104998570288704,0.03808029818754477
0.43,-0.006809407940991941,-0.16369002239391728,0.0020200563304821895,0.019165310069704233,0.035015602398255075,0.03801646772718015
0.432,-0.006204498861903218,-0.15806084978382473,0.002908337695169072,0.019237480714346944,0.03492848010882832,0.03795256128318569
0.434,-0.00559922445070149,-0.15255352361239716,0.0037734223157614988,0.019297862432823054,0.034843497569053916,0.03788854719622381
0.436,-0.004993445756590997,-0.14716614453651267,0.00461557284716041,0.0193469481815447,0.03476052476366265,0.03782439772471902
0.438,-0.004387045554228974,-0.1418968049997702,0.00543506450689657,0.019385226205859585,0.03467943592535261,0.03776008878624282
0.44,-0.003779926953202395,-0.13674359166710248,0.006232184112272554,0.019413178911949824,0.034600109640837706,0.03769559970893677
0.442,-0.0031720120762877,-0.13170458773329452,0.007007229145759908,0.019431281865994965,0.03452242893390878,0.03763091299298882
0.444,-0.002563240802838651,-0.1267778751088724,0.007760506849197046,0.019440002911389476,0.03444628132677874,0.037566014082137444
0.446,-0.0019535695739334447,-0.1219615364868809,0.008492333347221326,0.019439801395271905,0.034371558880993636,0.037500891145143544
0.448,-0.001342970256167364,-0.11725365729409964,0.009203032800258582,0.019431127496094547,0.034298158219197905,0.0374355348671358
0.45,-0.0007314290612023822,-0.11265232753027421,0.009892936587294843,0.019414421644422752,0.03422598052903303,0.037369938250710444
0.452,-0.00011894551839541911,-0.10815564349894746,0.010562382518555236,0.01939011402960844,0.034154931550441026,0.037304096426636235
0.454,0.0004944685019958595,-0.1037617094334804,0.011211714078128043,0.019358624185422002,0.03408492154762288,0.037238006473994556
0.456,0.0011087881472358063,-0.09946863941428896,0.011841279995556064,0.019320360676861492,0.034015865174169324,0.03717166725155474
0.458,0.0017239764016738768,-0.0952745587443724,0.012451433432491221,0.01927572085932394,0.033947681420537945,0.037105079236085414
0.46,0.002339985240703779,-0.09117760515153672,0.013042531167879678,0.019225090669901634,0.033880293572614795,0.0370382443690056
0.462,0.0029567566737609408,-0.08717592994353063,0.013614932883174946,0.019168844454532596,0.03381362915422059,0.0369711659117542
0.464,0.0035742236960936147,-0.08326769910426401,0.014169000517366248,0.01910734483837584,0.03374761985594987,0.0369038483095967
0.466,0.004192311163526918,-0.07945109432487918,0.014705097673599399,0.019040942641319614,0.03368220145231571,0.03683629706359204
0.468,0.004810936600764704,-0.07572431396689305,0.015223589066404752,0.018969976837511338,0.03361731370887622,0.03676851861043873
0.47000000000000003,0.005430010951273712,-0.0720855739567543,0.015724840002882212,0.01889477455620847,0.03355290028080504,0.03670052020991932
0.47200000000000003,0.006049439275055191,-0.06853310861247297,0.016209215893782325,0.01881565112050998,0.033488908604204726,0.03663230983966237
0.47400000000000003,0.0066691213993672616,-0.06506517140378021,0.01667708179195171,0.018732910120278223,0.03342528978132542,0.03656389609694144
0.47600000000000003,0.007288952526558035,-0.06168003564776692,0.017128801956497464,0.018646843515572442,0.033361998460749165,0.03649528810722691
0.47800000000000004,0.007908823802492693,-0.058375995142238235,0.017564739441537025,0.01855773176708575,0.033298992713499675,0.03642649543921328
0.48,0.008528622848544165,-0.05515136473918725,0.01798525570867837,0.01846584399030493,0.0332362339059622,0.03635752802604264
0.482,0.009148234259711785,-0.052004480860869506,0.018390710262521814,0.01837143813037545,0.03317368657041753,0.036288396092448494
0.484,0.009767540071119907,-0.048933701960997666,0.018781460308546327,0.018274761154915886,0.03311131827393288,0.03621911008754841
0.486,0.010386420194888668,-0.04593740893356779,0.019157860432770457,0.018176049262278227,0.03304909948628354,0.036149680623016156
0.488,0.01100475282916058,-0.04301400547180334,0.019520262302580083,0.018075528102989846,0.032987003447526364,0.03608011841637082
0.49,0.011622414840898543,-0.04016191837966421,0.019869014388109063,0.017973413012325246,0.03292500603578907,0.03601043423912431
0.492,0.012239282123921447,-0.03737959783831246,0.020204461703547505,0.01786990925216192,0.03286308563578744,0.035940638869532915
0.494,0.01285522993352517,-0.03466551762987047,0.020526945567738153,0.017765212260446583,0.03280122300853594,0.035870743049708276
0.496,0.013470133198934864,-0.03201817532073936,0.02083680338341254,0.017659507906767846,0.0327394011626696,0.03580075744684397
0.498,0.01408386681474072,-0.029436092406681658,0.021134368434408746,0.017552972752673313,0.03267760522775398,0.03573069261832784
0.5,0.01469630591239679,-0.02691781442179897,0.021419969700205543,0.017445774315506535,0.032615822329917776,0.035660558980508794
0.502,0.015307326112793396,-0.024461911013467175,0.021693931687108314,0.017338071334656258,0.03255404147010532,0.03559036678090255
0.504,0.015916803760853027,-0.02206697598521523,0.021956574275419083,0.017230014039219865,0.03249225340520967,0.035520126073619096
0.506,0.01652461614304812,-0.01973162730946809,0.022208212581925846,0.017121744416184415,0.03243045053231208,0.035449846697811704
0.508,0.01713064168869116,-0.01745450711199381,0.022449156837052398,0.017013396478313236,0.03236862677622443,0.035379538258945464
0.51,0.017734760155803775,-0.015234281629832758,0.022679712276016506,0.01690509653101513,0.03230677748049793,0.035309210112699274
0.512,0.018336852802334658,-0.01306964114440734,0.022900179043352065,0.01679696343753867,0.032244899302036556,0.03523887135131454
0.514,0.018936802543456643,-0.010959299891447616,0.023110852110160618,0.01668910888191033,0.03218299010942571,0.035168530792220265
0.516,0.01953449409564345,-0.008901995949296193,0.023312021203472533,0.016581637629092594,0.0321210488850614,0.03509819696876404
0.518,0.020129814108194255,-0.006896491107090119,0.023503970747107417,0.016474647781895557,0.03205907563114696,0.035027878122889655
0.52,0.020722651282844895,-0.0049415707142512755,0.023686979813438258,0.01636823103423013,0.03199707127959783,0.034957582199610426
0.522,0.02131289648207879,-0.003036043512653519,0.023861322085478864,0.016262472920336446,0.03193503760587979,0.034887316843130955
0.524,0.02190044282672443,-0.0011787414527706375,0.024027265828729938,0.016157453059665983,0.03187297714678761,0.03481708939448036
0.526,0.022485185783400752,0.0006314805049492112,0.024185073872233787,0.01605324539713715,0.031810893122152795,0.03474690689052684
0.528,0.023067022816665173,0.0023957435525940873,0.02433500447187087,0.015949918571621202,0.03174878933127401,0.03467677606478592
0.53,0.02364585284297771,0.00411514360302534,0.024477312462863,0.01584753647081527,0.03168667004320347,0.03460670334955074
0.532,0.024221576682553536,0.005790752160839574,0.024612248214847865,0.015746158616708916,0.03162453996427561,0.03453669487769462
0.534,0.024794097377126567,0.007423617013948336,0.02474005701633053,0.015645840377966236,0.031562404197415406,0.03446675648561803
0.536,0.025363320417272295,0.009014762812404875,0.024860978725298466,0.015546633091587436,0.03150026819725271,0.0343968937171657
0.538,0.025929153907183755,0.010565191575815813,0.024975247585065974,0.015448584142313315,0.03143813772359039,0.034327111828373225
0.54,0.026491508684956866,0.012075883155019396,0.025083092142919927,0.015351737027555101,0.03137601879484753,0.03425741579292674
0.542,0.02705029841026141,0.013547795663995554,0.02518473523293463,0.015256131423094565,0.03131391764250613,0.034187810308232924
0.544,0.027605439627363948,0.014981865891950719,0.025280393999033368,0.015161803257271789,0.03125184066721198,0.03411829980200887
0.546,0.028156851808980088,0.01637900970176931,0.025370279943468743,0.015068784796934409,0.031189794396938142,0.034048888439314196
0.548,0.028704457384820525,0.017740122418689053,0.02545459899150515,0.01497710474585312,0.031127785447456313,0.03397958012995006
0.55,0.029248181757640657,0.019066079211600417,0.02553355156656245,0.014886788354888658,0.031065820485258078,0.033910378536161634
0.552,0.02978795330890227,0.020357735468455207,0.025607332672217487,0.014797857542465431,0.031003906192991648,0.03384128708058265
0.554,0.03032370339567181,0.0216159271666978,0.025676131978786376,0.014710331023589207,0.030942049237434155,0.033772308954369334
0.556,0.030855366340046375,0.022841471239265942,0.025740133913024987,0.014624224445564549,0.03088025623998103,0.03370344712547113
0.558,0.031382879412158005,0.024035165936483693,0.025799517749992118,0.014539550528631429,0.030818533749610744,0.03363470434699534
0.56,0.03190618280762436,0.02519779118401888,0.025854457706427025,0.014456319209863011,0.0307568882182645,0.033566083165622373
0.562,0.03242521962018374,0.026330108936986507,0.025905123035192323,0.014374537788836239,0.03069532597856628,0.03349758593003571
0.5640000000000001,0.03293993581014165,0.027432863530218565,0.025951678120449406,0.0142942110737585,0.030633853223799967,0.033429214799330254
0.5660000000000001,0.03345028016917273,0.02850678202468493,0.025994282573311045,0.014215341526908398,0.030572475990054304,0.03336097175137143
0.5680000000000001,0.03395620428195523,0.02955257455002447,0.026033091327764657,0.014137929408415184,0.030511200140438177,0.03329285859107434
0.5700000000000001,0.03445766248505322,0.030570934643132208,0.02606825473669172,0.014061972917554177,0.030450031351267892,0.033224876958580785
0.5720000000000001,0.03495461182341675,0.03156253958274169,0.026099918667829902,0.013987468330871167,0.030388975100126725,0.03315702833731016
0.5740000000000001,0.03544701200482736,0.032528050719934365,0.026128224599542893,0.013914410136580457,0.030328036655692614,0.033089314061866215
0.5760000000000001,0.035934825352581745,0.03346811380451098,0.02615330971627028,0.013842791164786927,0.03026722106923474,0.0330217353257829
0.578,0.03641801675667411,0.03438335930715941,0.026175307003546422,0.013772602713182147,0.03020653316767552,0.03295429318909315
0.58,0.03689655362371269,0.03527440273735638,0.02619434534247933,0.013703834667953219,0.03014597754811832,0.032886988585708155
0.582,0.037370405825780884,0.03614184495694306,0.02621054960359226,0.013636475619714927,0.030085558573744287,0.032819822330598214
0.584,0.037839545648433726,0.03698627248932129,0.026224040739938115,0.01357051297434353,0.030025280370979957,0.032752795126763656
0.586,0.03830394773800161,0.03780825782422137,0.026234935879400068,0.01350593305864467,0.02996514682784346,0.03268590757198986
0.588,0.03876358904835575,0.03860835971799603,0.026243348416103318,0.013442721220838116,0.029905161593378082,0.03261916016538002
0.59,0.03921844878727798,0.03938712348940365,0.02624938810086408,0.01338086192588106,0.02984532807808571,0.03255255331366169
0.592,0.03966850836256142,0.0401450813108466,0.026253161130612712,0.01332033884568773,0.02978564945527551,0.03248608733726366
0.594,0.04011375132795969,0.040882752495038366,0.026254770236729508,0.013261134944330122,0.0297261286632462,0.03241976247616063
0.596,0.04055416332908801,0.04160064377707884,0.026254314772241383,0.013203232558329558,0.02966676840822502,0.0323535788954854
0.598,0.040989732049374616,0.04229924959191944,0.026251890797828636,0.013146613472168722,0.0296075711679884,0.03228753669090967
0.6,0.041420447156148565,0.04297905234721089,0.026247591166600026,0.013091258989166743,0.029548539196093904,0.03222163589379168
0.602,0.04184630024694358,0.04364052269152574,0.026241505607596638,0.01303714999787342,0.029489674526655962,0.03215587647609475
0.604,0.042267284796090765,0.04428411977795821,0.026233720807992356,0.012984267034149788,0.029430978979601674,0.032090258355078394
0.606,0.04268339610166594,0.04491029152310455,0.02622432049395873,0.01293259033910199,0.029372454166347817,0.032024781397765656
0.608,0.0430946312328504,0.04551947486143426,0.02621338551017094,0.012882099913048561,0.02931410149583913,0.03195944542518925
0.61,0.043500988977760224,0.04611209599506627,0.026200993897933733,0.012832775565695176,0.02925592218089834,0.03189425021642123
0.612,0.04390246979179402,0.04668857063896925,0.0261872209719074,0.012784596962696515,0.02919791724483556,0.031829195512391495
0.614,0.04429907574654135,0.047249304261608005,0.026172139395422622,0.01273754366878177,0.02914008752827013,0.03176428101949935
0.616,0.0446908104792938,0.04779469232106126,0.026155819254370494,0.01269159518762053,0.029082433696122623,0.03169950641302344
0.618,0.04507767914319416,0.04832512049664284,0.02613832812966166,0.012646730998599587,0.029024956244736,0.031634871340335824
0.62,0.04545968835805625,0.04884096491605727,0.02611973116824773,0.012602930590679629,0.028967655509086532,0.03157037542392649
0.622,0.04583684616188388,0.04934259237812788,0.026100091152704508,0.012560173493495919,0.028910531670053308,0.03150601826424371
0.624,0.04620916196311442,0.04983036057113499,0.026079468569375486,0.012518439305863494,0.02885358476170974,0.03144179944235659
0.626,0.04657664649361082,0.0503046182868061,0.026057921675078255,0.012477707721837206,0.028796814678612392,0.03137771852244642
0.628,0.046939311762421276,0.05076570563000349,0.026035506562378297,0.012437958554477602,0.02874022118305586,0.03131377505413191
0.63,0.04729717101032249,0.051213954224154756,0.026012277223435687,0.012399171757464078,0.02868380391227321,0.031249968574637244
0.632,0.04765023866516449,0.051649687412473666,0.025988285612434714,0.012361327444690762,0.028627562385556082,0.03118629861080624
0.634,0.04799853029802592,0.052073220455023383,0.0259635817066024,0.012324405907975455,0.02857149601127751,0.031122764680972193
0.636,0.0483420625801938,0.05248486072167302,0.02593821356583148,0.012288387633006437,0.028515604093797275,0.031059366296686042
0.638,0.04868085324097349,0.05288490788100009,0.025912227390916254,0.012253253313643686,0.028459885840235843,0.030996102964313543
0.64,0.04901492102633731,0.05327365408519524,0.02588566758041777,0.012218983864688227,0.028404340367100822,0.03093297418650387
0.642,0.04934428565841609,0.05365138415102333,0.025858576786171428,0.012185560433223497,0.028348966706754686,0.030869979463537645
0.644,0.04966896779583729,0.05401837573689883,0.02583099596745453,0.012152964408631561,0.02829376381371329,0.030807118294560842
0.646,0.04998898899491122,0.054374899516131725,0.025802964443828014,0.012121177431377195,0.028238730570764314,0.03074439017870856
0.648,0.05030437167166668,0.054721219346404615,0.025774519946672347,0.012090181400650213,0.028183865794900953,0.030681794616126856
0.65,0.05061513906473447,0.055057592435536984,0.02574569866943377,0.012059958480949318,0.02812916824306022,0.03061933110889603
0.652,0.050921315199078165,0.05538426950359798,0.025716535316601563,0.012030491107688057,0.028074636617665405,0.03055699916186283
0.654,0.051222924850566454,0.0557014949414274,0.02568706315143343,0.01200176199189551,0.028020269571964462,0.030494798283385194
0.656,0.05151999351138725,0.0560095069656239,0.025657314042451862,0.011973754124083191,0.0279660657151648,0.030432727985995944
0.658,0.05181254735629426,0.05630853777006117,0.025627318508727903,0.011946450777342577,0.027912023617359782,0.030370787786990094
0.66,0.05210061320968262,0.05659881367399233,0.025597105763976558,0.011919835509734744,0.027858141814248505,0.03030897720893977
0.662,0.05238421851348751,0.056880555266803245,0.025566703759482223,0.011893892166028541,0.02780441881164597,0.03024729578014318
0.664,0.052663391295896256,0.057153977549472934,0.02553613922587661,0.011868604878842559,0.027750853089787864,0.030185743035010315
0.666,0.05293816014086761,0.05741929007280411,0.025505437713789103,0.011843958069239324,0.027697443107427056,0.030124318514391124
0.668,0.053208554158448385,0.05767669707248024,0.0254746236333927,0.011819936446817891,0.027644187305727153,0.03006302176584863
0.67,0.05347460295588036,0.057926397601011814,0.02544372029286479,0.01179652500934969,0.02759108411195421,0.030001852343883195
0.672,0.05373633660948496,0.05816858565662786,0.025412749935786128,0.011773709041997371,0.02753813194296928,0.02994080981010927
0.674,0.05399378563731716,0.05840345030917393,0.025381733777499083,0.011751474116152849,0.027485329208526865,0.02987989373339084
0.676,0.05424698097257852,0.05863117582307242,0.025350692040445155,0.01172980608793095,0.0274326743143809,0.02981910368993601
0.678,0.054495953937777175,0.0588519417774056,0.025319643988505725,0.011708691096350643,0.02738016566520529,0.02975843926335675
0.68,0.05474073621962461,0.05906592318317605,0.02528860796036536,0.011688115561233836,0.027327801667330842,0.029697900044695524
0.682,0.054981359844656685,0.05927329059780284,0.025257601401918794,0.011668066180848813,0.02727558073130565,0.02963748563242219
0.684,0.05521785715556815,0.05947421023690791,0.025226640897744845,0.011648529929325413,0.02722350127428208,0.029577195632402464
0.686,0.05545026078824811,0.0596688440834503,0.025195742201665094,0.011629494053865042,0.02717156172223789,0.029517029657844196
0.6880000000000001,0.05567860364950472,0.05985734999426073,0.025164920266410817,0.011610946071767492,0.027119760512035018,0.02945698732921964
0.6900000000000001,0.055902918895465614,0.06003988180403108,0.02513418927241662,0.011592873767294787,0.027068096093321392,0.02939706827416888
0.6920000000000001,0.056123239910643274,0.06021658942681385,0.0251035626557623,0.011575265188392247,0.02701656693028398,0.02933727212738546
0.6940000000000001,0.05633960028765239,0.06038761895508116,0.025073053135282075,0.011558108643283216,0.02696517150325528,0.029277598530487392
0.6960000000000001,0.05655203380756535,0.06055311275639852,0.025042672738862404,0.01154139269695209,0.026913908310181922,0.02921804713187326
0.6980000000000001,0.056760574420894105,0.060713209567761384,0.025012432828946496,0.011525106167534327,0.026862775867959154,0.029158617586567903
0.7000000000000001,0.056965256229187355,0.060868044587647496,0.024982344127265188,0.011509238122622278,0.02681177271363766,0.029099309556057884
0.7020000000000001,0.057166113467226554,0.06101774956583261,0.024952416738813765,0.011493777875503985,0.026760897405509132,0.02904012270811762
0.704,0.05736318048581235,0.06116245289101996,0.024922660175092703,0.011478714981342453,0.02671014852407505,0.02898105671662976
0.706,0.05755649173512567,0.061302279676330285,0.024893083376631875,0.01146403923330963,0.026659524672904222,0.02892211126139932
0.708,0.0577460817486517,0.061437351842700716,0.02486369473481509,0.01144974065868154,0.026609024479385956,0.028863286027962953
0.71,0.05793198512765607,0.061567788200238116,0.02483450211302274,0.011435809514906747,0.02655864659538376,0.028804580707395777
0.712,0.058114236526197516,0.06169370452757317,0.0248055128671123,0.011422236285653087,0.0265083896977929,0.028745994996115742
0.714,0.05829287063666744,0.06181521364925979,0.024776733865251366,0.011409011676843717,0.02645825248901046,0.028687528595686684
0.716,0.05846792217584329,0.06193242551126388,0.024748171507120942,0.011396126612685409,0.02640823369732015,0.028629181212620702
0.718,0.058639425871442,0.06204544725458527,0.02471983174250636,0.01138357223169928,0.026358332077198288,0.028570952558181206
0.72,0.05880741644916476,0.062154383287054804,0.02469172008929088,0.01137133988275707,0.026308546409545608,0.02851284234818796
0.722,0.05897192862021772,0.062259335353348266,0.024663841650869767,0.011359421121129198,0.02625887550184869,0.028454850302822132
0.724,0.05913299706929931,0.06236040260325848,0.024636201132998137,0.011347807704548796,0.0262093181882761,0.02839697614643555
0.726,0.05929065644304132,0.06245768165826515,0.024608802860089707,0.011336491589297282,0.02615987332971481,0.0283392196073613
0.728,0.05944494133889311,0.06255126667644362,0.024581650790980847,0.011325464926313922,0.02611053981374889,0.028281580417729213
0.73,0.059595886294436795,0.06264124941574778,0.02455474853417483,0.011314720057333805,0.02606131655458599,0.028224058313283784
0.732,0.059743525777122386,0.0627277192957092,0.02452809936258049,0.011304249511057352,0.026012202492935232,0.0281666530332072
0.734,0.05988789417441276,0.06281076345758563,0.024501706227759934,0.011294045999354463,0.025963196595840232,0.02810936431994593
0.736,0.06002902578432723,0.06289046682299881,0.024475571773697746,0.011284102413504637,0.025914297856471036,0.028052191919043068
0.738,0.06016695480637191,0.06296691215109407,0.02444969835010724,0.011274411820477503,0.0258655052938781,0.027995135578974706
0.74,0.06030171533284778,0.06304018009425927,0.02442408802528484,0.011264967459254205,0.0258168179527114,0.0279381950509916
0.742,0.06043334134052669,0.06311034925243586,0.024398742598527257,0.011255762737192088,0.02576823490290936,0.027881370088966184
0.744,0.06056186668268304,0.06317749622605584,0.02437366361212323,0.011246791226434016,0.025719755239357545,0.027824660449245364
0.746,0.06068732508147279,0.06324169566763715,0.02434885236293116,0.011238046660364542,0.025671378081523866,0.02776806589050773
0.748,0.060809750120650374,0.0633030203320708,0.024324309913557274,0.011229522930113811,0.025623102573069767,0.027711586173627234
0.75,0.06092917523861274,0.06336154112562986,0.024300037103143213,0.01122121408110921,0.025574927881441445,0.02765522106154128
0.752,0.06104563372176153,0.06341732715373194,0.024276034557776383,0.011213114309677641,0.025526853197443078,0.02759897031912595
0.754,0.06115915869817545,0.06347044576748417,0.024252302700533912,0.011205217959697755,0.025478877734795402,0.0275428337130752
0.756,0.0612697831315816,0.06352096260904183,0.024228841761169573,0.011197519519303478,0.02543100072967941,0.027486811011785628
0.758,0.06137753981561889,0.06356894165580829,0.024205651785456972,0.011190013617639494,0.025383221440270276,0.02743090198524789
0.76,0.06148246136838398,0.06361444526350479,0.02418273264419768,0.011182695021667799,0.025335539146260855,0.027375106404942118
0.762,0.06158458022725144,0.06365753420813713,0.02416008404190384,0.011175558633027993,0.025287953148378062,0.027319424043739104
0.764,0.06168392864396033,0.0636982677268878,0.02413770552516703,0.011168599484949304,0.025240462767892824,0.027263854675806387
0.766,0.06178053867995836,0.06373670355795724,0.02411559649072137,0.011161812739216126,0.025193067346126252,0.027208398076519646
0.768,0.061874442201996116,0.06377289797938368,0.024093756193211524,0.011155193683185516,0.025145766243951817,0.02715305402237944
0.77,0.061965670877963674,0.06380690584686288,0.02407218375267317,0.01114873772685887,0.025098558841297525,0.02709782229093105
0.772,0.06205425617296223,0.06383878063059578,0.0240508781617359,0.011142440400005116,0.025051444536645873,0.027042702660690754
0.774,0.062140229345602815,0.06386857445118554,0.02402983829255767,0.011136297349336965,0.025004422746536248,0.02698769491107611
0.776,0.062223621444525534,0.0638963381146096,0.024009062903497247,0.011130304335740249,0.02495749290506777,0.02693279882234023
0.778,0.06230446330513173,0.06392212114628792,0.02398855064553551,0.01112445723155453,0.0249106544634059,0.02687801417551028
0.78,0.06238278554652288,0.06394597182427164,0.02396830006845141,0.011118752017906575,0.02486390688929263,0.02682334075233017
0.782,0.06245861856863866,0.06396793721157268,0.023948309626761644,0.011113184782094443,0.02481724966656107,0.026768778335208188
0.784,0.06253199254958841,0.06398806318765704,0.023928577685430108,0.011107751715023317,0.024770682294655177,0.026714326707166114
0.786,0.06260293744316958,0.06400639447912138,0.02390910252535683,0.011102449108691959,0.02472420428815547,0.02665998565179417
0.788,0.062671482976566,0.06402297468957396,0.023889882348651303,0.011097273353729564,0.024677815176311402,0.026605754953208383
0.79,0.06273765864822178,0.06403784632874143,0.02387091528369889,0.011092220936982589,0.02463151450258083,0.02655163439601127
0.792,0.06280149372588295,0.06405105084081764,0.02385219939002492,0.011087288439150411,0.02458530182417684,0.026497623765255884
0.794,0.0628630172448017,0.0640626286320769,0.0238337326629654,0.0110824725324703,0.02453917671162298,0.026443722846413165
0.796,0.0629222580060993,0.06407261909776918,0.02381551303814966,0.011077769978450114,0.024493138748316268,0.026389931425341295
0.798,0.06297924457527948,0.06408106064831354,0.023797538395800677,0.011073177625649189,0.024447187530099113,0.026336249288258617
0.8,0.06303400528088865,0.0640879907348113,0.023779806564859562,0.011068692407505853,0.024401322664840075,0.02628267622171876
0.802,0.06308656821331793,0.06409344587389243,0.023762315326941064,0.011064311340211574,0.02435554377202398,0.02622921201258821
0.804,0.06313696122374113,0.06409746167191477,0.02374506242012342,0.011060031520630842,0.024309850482351125,0.02617585644802589
0.806,0.06318521192318438,0.06410007284853214,0.02372804554258079,0.011055850124266131,0.024264242437346262,0.02612260931546584
0.808,0.0632313476817219,0.0641013132596453,0.023711262356060914,0.01105176440326816,0.024218719288976898,0.02606947040260099
0.81,0.06327539562779472,0.06410121591975515,0.023694710489216453,0.011047771684488561,0.02417328069928093,0.026016439497369204
0.812,0.0633173826476463,0.06409981302373025,0.0236783875407911,0.011043869367576953,0.024127926340004935,0.025963516387941254
0.8140000000000001,0.06335733538487132,0.06409713596800493,0.023662291082669373,0.011040054923120657,0.024082655892251337,0.02591070086271019
0.8160000000000001,0.0633952802400739,0.0640932153712237,0.023646418662792046,0.011036325890825038,0.024037469046135795,0.02585799271028244
0.8180000000000001,0.06343124337063033,0.06408808109434405,0.0236307678079426,0.011032679877736262,0.023992365500453916,0.025805391719470494
0.8200000000000001,0.06346525069055176,0.064081762260213,0.023615336026410194,0.011029114556504016,0.023947344962357953,0.02575289767928668
0.8220000000000001,0.06349732787044582,0.06407428727263054,0.023600120810531866,0.011025627663684423,0.023902407147042837,0.02570051037893828
0.8240000000000001,0.06352750033756882,0.0640656838349134,0.023585119639119467,0.011022216998081369,0.023857551777441754,0.025648229607824202
0.8260000000000001,0.06355579327596916,0.064055978967972,0.023570329979774707,0.011018880419126909,0.02381277858393105,0.02559605515553187
0.8280000000000001,0.06358223162671606,0.06404519902791272,0.023555749291096495,0.011015615845299642,0.023768087304044228,0.025543986811835895
0.8300000000000001,0.06360684008821038,0.06403336972317875,0.023541375024784816,0.011012421252578841,0.02372347768219596,0.025492024366697397
0.8320000000000001,0.0636296431165746,0.06402051613123994,0.023527204627643794,0.011009294672937209,0.023678949469413624,0.02544016761026424
0.834,0.06365066492611882,0.06400666271484523,0.023513235543489275,0.01100623419286717,0.023634502423079073,0.025388416332871477
0.836,0.06366992948987837,0.06399183333784775,0.023499465214962045,0.011003237951943579,0.023590136306677723,0.025336770325043334
0.838,0.06368746054022223,0.06397605128061401,0.02348589108525312,0.01100030414142017,0.023545850889557185,0.025285229377495
0.84,0.06370328156952687,0.06395933925502839,0.023472510599741092,0.010997431002860436,0.023501645946694127,0.02523379328113573
0.842,0.06371741583091439,0.06394171941910254,0.023459321207547568,0.010994616826800474,0.023457521258468006,0.025182461827071734
0.844,0.06372988633905097,0.0639232133912011,0.023446320363011752,0.010991859951445582,0.023413476610444794,0.025131234806609948
0.846,0.06374071587100327,0.06390384226389312,0.02343350552708845,0.0109891587613975,0.023369511793166486,0.025080112011262035
0.848,0.06374992696715132,0.06388362661743918,0.02342087416867189,0.01098651168641318,0.023325626601949256,0.0250290932327486
0.85,0.06375754193215255,0.06386258653292387,0.02340842376584784,0.010983917200194426,0.02328182083668895,0.02497817826300408
0.852,0.06376358283595818,0.06384074160504238,0.023396151807077326,0.010981373819207052,0.023238094301673007,0.024927366894181402
0.854,0.06376807151487585,0.06381811095455081,0.023384055792314395,0.010978880101528699,0.023194446805399727,0.02487665891865687
0.856,0.06377102957267944,0.06379471324038843,0.0233721332340604,0.010976434645726618,0.023150878160405064,0.024826054129035935
0.858,0.06377247838176103,0.06377056667148207,0.02336038165835652,0.010974036089762551,0.023107388183094546,0.02477555231815831
0.86,0.06377243908432528,0.06374568901823885,0.02334879860571859,0.010971683109925134,0.02306397669358229,0.024725153279103074
0.862,0.06377093259362199,0.0637200976237362,0.023337381632015486,0.010969374419789402,0.023020643515536676,0.024674856805194878
0.864,0.0637679795952164,0.06369380941461888,0.023326128309292704,0.01096710876920226,0.022977388476030702,0.024624662690008847
0.866,0.06376360054829466,0.06366684091170738,0.023315036226544184,0.010964884943293951,0.02293421140539964,0.024574570727376566
0.868,0.063757815687002,0.06363920824032832,0.023304102990434394,0.010962701761514149,0.022891112137102487,0.02452458071139163
0.87,0.06375064502181305,0.06361092714037286,0.02329332622597291,0.010960558076693605,0.022848090507590957,0.024474692436415202
0.872,0.06374210834093086,0.06358201297609067,0.02328270357714235,0.01095845277412888,0.022805146356181583,0.024424905697081334
0.874,0.06373222521171495,0.06355248074562514,0.02327223270748191,0.010956384770690386,0.02276227952493448,0.0243752202883023
0.876,0.06372101498213478,0.0635223450902993,0.023261911300630045,0.010954353013954421,0.02271948985853567,0.024325636005274598
0.878,0.06370849678224744,0.06349162030365663,0.02325173706082495,0.01095235648135695,0.02267677720418515,0.024276152643483595
0.88,0.06369468952569979,0.06346032034026439,0.023241707713367754,0.01095039417936916,0.022634141411489006,0.024226769998708875
0.882,0.06367961191125082,0.06342845882428505,0.023231821005047282,0.010948465142694985,0.022591582332355697,0.024177487867029335
0.884,0.06366328242431507,0.06339604905782381,0.02322207470452975,0.010946568433489068,0.022549099820897034,0.024128306044828074
0.886,0.06364571933852381,0.06336310402905476,0.023212466602714255,0.010944703140595369,0.022506693733332472,0.024079224328797277
0.888,0.06362694071730446,0.06332963642013545,0.023202994513056296,0.010942868378805759,0.02246436392789808,0.024030242515942435
0.89,0.06360696441547575,0.06329565861491249,0.023193656271858654,0.010941063288137487,0.02242211026475882,0.02398136040358745
0.892,0.0635858080808569,0.06326118270642511,0.02318444973853362,0.010939287033131073,0.022379932605924413,0.02393257778937885
0.894,0.06356348915589205,0.063226220504212,0.02317537279583637,0.010937538802164859,0.02233783081516849,0.02388389447128958
0.896,0.06354002487928545,0.06319078354142627,0.02316642335007124,0.01093581780678976,0.022295804757951565,0.02383531024762342
0.898,0.06351543228764878,0.06315488308176387,0.023157599331271816,0.01093412328108001,0.022253854301347076,0.023786824917018556
0.9,0.06348972821715804,0.06311853012621027,0.0231488986933559,0.010932454481001885,0.0222119793139699,0.023738438278452012
0.902,0.0634629293052209,0.06308173541961049,0.02314031941425765,0.010930810683799086,0.022170179665908174,0.023690150131242316
0.904,0.06343505199215027,0.06304450945706663,0.023131859496036355,0.010929191187395437,0.022128455228658694,0.023641960275053275
0.906,0.06340611252284645,0.06300686249016918,0.02312351696496373,0.010927595309811577,0.02208680587506362,0.02359386850989731
0.908,0.06337612694848516,0.06296880453306297,0.023115289871591616,0.010926022388599854,0.02204523147925075,0.023545874636138553
0.91,0.0633451111282104,0.06293034536835718,0.02310717629079906,0.010924471780292322,0.022003731916576008,0.023497978454495527
0.912,0.06331308073083264,0.06289149455287846,0.023099174321821625,0.010922942859864726,0.021962307063568165,0.02345017976604402
0.914,0.06328005123652969,0.06285226142327538,0.023091282088262277,0.010921435020215142,0.02192095679787598,0.02340247837221998
0.916,0.06324603793855088,0.06281265510147538,0.02308349773808671,0.010919947671655716,0.02187968099821802,0.023354874074821286
0.918,0.06321105594492327,0.06277268450000029,0.023075819443601375,0.01091848024141906,0.0218384795443336,0.02330736667601041
0.92,0.06317512018015936,0.06273235832714241,0.02306824540141772,0.01091703217317841,0.021797352316936358,0.023259955978317093
0.922,0.06313824538696489,0.06269168509200607,0.02306077383240135,0.01091560292657956,0.02175629919766986,0.023212641784639665
0.924,0.06310044612794674,0.06265067310941785,0.023053402981607407,0.01091419197678678,0.021715320069064736,0.02316542389824705
0.926,0.0630617367873203,0.06260933050470885,0.023046131118204194,0.01091279881404117,0.021674414814497833,0.023118302122780765
0.928,0.06302213157261538,0.06256766521837243,0.02303895653538346,0.010911422943229665,0.021633583318152683,0.023071276262256246
0.93,0.06298164451638,0.0625256850106013,0.02303187755026026,0.010910063883468268,0.0215928254649822,0.02302434612106463
0.932,0.06294028947788166,0.06248339746570619,0.023024892503761496,0.010908721167694369,0.0215521411406725,0.022977511503973647
0.934,0.06289808014480625,0.062440809996420654,0.023017999760504004,0.01090739434227217,0.02151153023160801,0.02293077221612938
0.936,0.06285503003495174,0.06239792984809256,0.023011197708663778,0.010906082966607666,0.02147099262483909,0.022884128063057174
0.9380000000000001,0.06281115249791935,0.0623547641027693,0.023004484759835853,0.010904786612775608,0.02143052820804936,0.022837578850662732
0.9400000000000001,0.06276646071679903,0.06231131968317505,0.02299785934888532,0.010903504865155123,0.021390136869526177,0.022791124385232564
0.9420000000000001,0.06272096770985103,0.06226760335658632,0.02299131993379122,0.010902237320077557,0.021349818498130446,0.02274476447343554
0.9440000000000001,0.0626746863321801,0.06222362173860718,0.022984864995482246,0.010900983585482305,0.021309572983269742,0.022698498922323118
0.9460000000000001,0.06262762927740573,0.0621793812968463,0.022978493037666414,0.010899743280582852,0.021269400214870338,0.022652327539329775
0.9480000000000001,0.06257980907932503,0.06213488835449987,0.022972202586653,0.010898516035542816,0.021229300083352776,0.022606250132274353
0.9500000000000001,0.06253123811356898,0.06209014909384214,0.02296599219116957,0.010897301491159972,0.021189272479605892,0.022560266509359383
0.9520000000000001,0.0624819285992515,0.06204516955962491,0.022959860422173017,0.010896099298559836,0.02114931729496461,0.022514376479172427
0.9540000000000001,0.06243189260061133,0.06199995566239114,0.022953805872655275,0.0108949091188979,0.021109434421185957,0.022468579850685844
0.9560000000000001,0.06238114202864664,0.06195451318170209,0.02294782715744481,0.01089373062306942,0.021069623750428423,0.022422876433257022
0.9580000000000001,0.06232968864274002,0.06190884776928218,0.022941922913002344,0.01089256349142853,0.02102988517523041,0.022377266036628596
0.96,0.062277544052277145,0.06186296495208299,0.022936091797214786,0.010891407413514687,0.02099021858849115,0.022331748470928448
0.962,0.06222471971825483,0.06181687013526882,0.02293033248918297,0.010890262087785985,0.020950623883450703,0.02228632354666993
0.964,0.06217122695488153,0.061770568605125975,0.022924643689007818,0.01088912722136226,0.020911100953672213,0.022240991074751415
0.966,0.062117076931168524,0.061724065531896466,0.02291902411757274,0.010888002529773066,0.020871649693024574,0.02219575086645653
0.968,0.06206228067251063,0.06167736597254114,0.022913472516323585,0.010886887736714312,0.020832269995664898,0.022150602733453706
0.97,0.06200684906225873,0.061630474873431096,0.02290798764704527,0.01088578257381112,0.020792961756023187,0.022105546487796168
0.972,0.0619507928432812,0.06158339707297045,0.022902568291637726,0.010884686780387787,0.02075372486878635,0.02206058194192151
0.974,0.06189412261951621,0.06153613730415275,0.022897213251888315,0.010883600103244184,0.02071455922888421,0.022015708908651677
0.976,0.06183684885751339,0.06148870019705255,0.02289192134924356,0.010882522296438157,0.020675464731474413,0.021970927201192314
0.978,0.061778981887965045,0.061441090281253,0.022886691424579553,0.010881453121075024,0.02063644127192954,0.021926236633132312
0.98,0.061720531907226706,0.06139331198821196,0.02288152233797036,0.010880392345102408,0.02059748874582401,0.02188163701844381
0.982,0.06166150897882772,0.06134536965356907,0.022876412968456217,0.010879339743110616,0.020558607048921873,0.02183712817148109
0.984,0.061601923034969586,0.06129726751939302,0.022871362213810364,0.010878295096140134,0.020519796077164587,0.02179270990698079
0.986,0.061541783878014567,0.06124900973637293,0.022866368990305475,0.010877258191492878,0.020481055726660147,0.021748382040060577
0.988,0.061481101181962705,0.06120060036595465,0.02286143223248005,0.010876228822549905,0.020442385893671977,0.021704144386219593
0.99,0.06141988449391711,0.06115204338242175,0.02285655089290417,0.010875206788594882,0.020403786474608276,0.021659996761336675
0.992,0.06135814323553901,0.06110334267492612,0.022851723941945234,0.010874191894640894,0.020365257366012912,0.021615938981671023
0.994,0.061295886704490155,0.06105450204946594,0.022846950367534147,0.01087318395126391,0.02032679846455543,0.021571970863860646
0.996,0.06123312407586434,0.06100552523081415,0.022842229174931283,0.010872182774440686,0.020288409667021723,0.021528092224922135
0.998,0.06116986440360783,0.060956415864399816,0.022837559386493123,0.010871188185390457,0.02025009087030627,0.021484302882249562
1.0,0.06110611662192644,0.060907177518140454,0.022832940041439764,0.01087020001042216,0.020211841971403466,0.02144060265361447
1.002,0.06104188954668266,0.060857813684230155,0.022828370195622227,0.010869218080785892,0.02017366286739941,0.021396991357164774
1.004,0.06097719187678008,0.06080832778088241,0.0228238489212913,0.01086824223252858,0.02013555345546525,0.02135346881142408
1.006,0.06091203219553609,0.06075872315402897,0.022819375306867506,0.010867272306353426,0.020097513632849617,0.021310034835291036
1.008,0.06084641897204279,0.06070900307897764,0.02281494845671106,0.01086630814748446,0.02005954329687154,0.02126668924803865
1.01,0.06078036056251568,0.06065917076202787,0.022810567490893607,0.010865349605533758,0.02002164234491466,0.021223431869313192
1.012,0.06071386521163058,0.060609229342045934,0.022806231544971745,0.010864396534373766,0.019983810674420788,0.02118026251913374
1.014,0.060646941053849046,0.0605591818920026,0.02280193976976075,0.010863448792012065,0.019946048182883924,0.02113718101789175
1.016,0.06057959611473063,0.06050903142047104,0.022797691331110315,0.010862506240471026,0.01990835476784536,0.021094187186349478
1.018,0.060511838312234056,0.060458780873088536,0.022793485409681402,0.010861568745670347,0.019870730326887687,0.021051280845640008
1.02,0.06044367545800644,0.060408433133982475,0.02278932120072552,0.0108606361773127,0.019833174757630134,0.021008461817266122
1.022,0.06037511525865957,0.06035799102716011,0.02278519791386424,0.010859708408773594,0.01979568795772435,0.020965729923099197
1.024,0.060306165317035365,0.06030745731786524,0.022781114772872035,0.010858785316993691,0.019758269824849295,0.020923084985379203
1.026,0.060236833133457734,0.0602568347139012,0.022777071015459116,0.010857866782374437,0.01972092025670724,0.020880526826713153
1.028,0.06016712610697428,0.06020612586692087,0.02277306589305761,0.01085695268867748,0.019683639151020227,0.020838055270074873
1.03,0.06009705153658462,0.06015533337368595,0.022769098670608612,0.010856042922925413,0.019646426405525608,0.020795670138803457
1.032,0.06002661662245723,0.06010445977729484,0.022765168626351695,0.010855137375307411,0.019609281917973398,0.020753371256603703
1.034,0.05995582846713399,0.06005350756838124,0.022761275051615737,0.010854235939086188,0.019572205586122493,0.020711158447543898
1.036,0.0598846940767237,0.06000247918628254,0.022757417250612866,0.010853338510508292,0.019535197307737562,0.02066903153605626
1.038,0.05981322036208225,0.05995137702018094,0.022753594540232847,0.010852444988716847,0.019498256980586604,0.02062699034693516
1.04,0.059741414139982796,0.05990020341021607,0.022749806249841242,0.010851555275666724,0.019461384502437618,0.020585034705337124
1.042,0.05966928213427214,0.059848960648570815,0.022746051721078242,0.010850669276043057,0.019424579771056827,0.020543164436779504
1.044,0.05959683097701651,0.059797650980531136,0.022742330307660374,0.010849786897180858,0.01938784268420579,0.020501379367139805
1.046,0.05952406720963532,0.05974627660552012,0.022738641375184665,0.01084890804898797,0.019351173139639855,0.020459679322655022
1.048,0.059450997284023144,0.05969483967810718,0.02273498430093368,0.010848032643869798,0.019314571035105477,0.020418064129920754
1.05,0.05937762756366061,0.0596433423089926,0.022731358473684127,0.01084716059665669,0.019278036268338905,0.020376533615890313
1.052,0.05930396432471241,0.05959178656596942,0.022727763293517,0.010846291824533116,0.019241568737064396,0.02033508760787428
1.054,0.0592300137571149,0.05954017447486093,0.022724198171630183,0.010845426246968826,0.019205168338992884,0.020293725933539175
1.056,0.059155781965651855,0.059488508020436814,0.022720662530153035,0.010844563785652683,0.019168834971820425,0.020252448420907454
1.058,0.05908127497101878,0.05943678914730666,0.022717155801963207,0.010843704364427387,0.019132568533226868,0.020211254898355735
1.06,0.0590064987108756,0.05938501976079302,0.02271367743050612,0.010842847909227737,0.019096368920874962,0.02017014519461502
1.062,0.05893145904088892,0.059333201727783,0.022710226869616434,0.010841994348018691,0.01906023603240925,0.020129119138768914
1.064,0.05885616173576147,0.05928133687755932,0.022706803583341983,0.010841143610736959,0.019024169765455623,0.020088176560253856
1.066,0.05878061249025213,0.05922942700261302,0.02270340704576901,0.010840295629233276,0.018988170017619987,0.020047317288857558
1.068,0.058704816920183145,0.0591774738594355,0.022700036740851415,0.01083945033721756,0.018952236686488266,0.020006541154718782
1.07,0.05862878056343779,0.05912547916929256,0.02269669216224046,0.010838607670204059,0.018916369669625288,0.019965847988326013
1.072,0.05855250888094643,0.05907344461898045,0.022693372813118673,0.010837767565459178,0.01888056886457523,0.019925237620517233
1.074,0.05847600725766089,0.05902137186156309,0.022690078206033526,0.010836929961951292,0.01884483416886029,0.019884709882479035
1.076,0.058399281003519876,0.058969262517093224,0.022686807862736025,0.010836094800300566,0.01880916547998157,0.01984426460574551
1.078,0.05832233535440112,0.05891711817331613,0.022683561314019718,0.010835262022731662,0.01877356269541819,0.019803901622197806
1.08,0.058245175473065736,0.05886494038635659,0.02268033809956216,0.010834431573027103,0.018738025712627726,0.01976362076406346
1.082,0.05816780645008901,0.058812730681390146,0.022677137767769917,0.01083360339648265,0.01870255442904578,0.01972342186391529
1.084,0.058090233304783245,0.05876049055329857,0.02267395987562426,0.010832777439862662,0.01866714874208708,0.01968330475467095
1.086,0.05801246098610835,0.058708221467310695,0.022670803988529498,0.010831953651358583,0.018631808549144813,0.019643269269592034
1.088,0.05793449437357312,0.05865592485962745,0.022667669680163982,0.010831131980547637,0.01859653374759107,0.019603315242283648
1.09,0.0578563382781252,0.05860360213803273,0.022664556532333346,0.010830312378352192,0.018561324234777965,0.019563442506693063
1.092,0.05777799744303236,0.058551254682490894,0.022661464134824616,0.010829494797002237,0.0185261799080374,0.0195236508971095
1.094,0.057699476544751827,0.05849888384572943,0.022658392085264323,0.010828679189996526,0.018491100664681515,0.019483940248163245
1.096,0.05762078019379091,0.058446490953808494,0.02265533998897773,0.010827865512066825,0.018456086402003802,0.01944431039482475
1.098,0.05754191293555744,0.05839407730667778,0.02265230745884983,0.010827053719142832,0.018421137017279543,0.019404761172403973
1.1,0.05746287925119975,0.058341644178720786,0.022649294115189456,0.010826243768316646,0.01838625240776648,0.01936529241655016
1.102,0.05738368355843715,0.05828919281928524,0.022646299585594942,0.010825435617810797,0.018351432470705475,0.01932590396325007
1.104,0.05730433021238124,0.05823672445320338,0.02264332350482201,0.01082462922694516,0.018316677103321632,0.019286595648828175
1.106,0.05722482350634661,0.05818424028129887,0.022640365514653205,0.010823824556105421,0.01828198620282473,0.019247367309945584
1.108,0.05714516767265243,0.058131741480882626,0.022637425263769995,0.010823021566713331,0.01824735966641078,0.01920821878359935
1.11,0.057065366883415125,0.0580792292062382,0.0226345024076271,0.010822220221196721,0.018212797391262026,0.01916914990712182
1.112,0.05698542525133066,0.05802670458909476,0.02263159660832792,0.010821420482960864,0.01817829927454917,0.01913016051817973
1.114,0.05690534683044857,0.05797416873909067,0.022628707534502857,0.010820622316360717,0.018143865213431143,0.019091250454773556
1.116,0.056825135616935585,0.05792162274422519,0.022625834861188743,0.010819825686673834,0.018109495105057327,0.019052419555237066
1.118,0.05674479554983103,0.057869067671302066,0.022622978269711158,0.010819030560074605,0.018075188846568002,0.0190136676582362
1.12,0.05666433051179354,0.057816504566361004,0.022620137447567634,0.010818236903608502,0.018040946335095454,0.018974994602768858
1.122,0.05658374432983737,0.05776393445510131,0.022617312088313968,0.010817444685167432,0.018006767467765528,0.018936400228163786
1.124,0.05650304077606094,0.05771135834329422,0.022614501891451422,0.010816653873465754,0.01797265214169874,0.018897884374079688
1.1260000000000001,0.0564222235683669,0.05765877721718793,0.022611706562315925,0.010815864438017186,0.017938600254011394,0.018859446880505448
1.1280000000000001,0.056341296371172245,0.05760619204390216,0.022608925811969716,0.010815076349112607,0.017904611701816897,0.018821087587758134
1.1300000000000001,0.05626026279611085,0.057553603771814954,0.022606159357094313,0.010814289577797842,0.017870686382226886,0.018782806336483437
1.1320000000000001,0.05617912640272715,0.057501013330940154,0.022603406919884828,0.010813504095852133,0.017836824192353218,0.018744602967654567
1.1340000000000001,0.05609789069916116,0.057448421633296665,0.022600668227947374,0.010812719875768373,0.017803025029308195,0.018706477322571136
1.1360000000000001,0.05601655914282544,0.05739582957327016,0.022597943014197153,0.010811936890732676,0.017769288790207227,0.01866842924285894
1.1380000000000001,0.055935135141073955,0.05734323802796637,0.02259523101675831,0.010811155114604842,0.017735615372168834,0.01863045857046952
1.1400000000000001,0.05585362205186195,0.05729064785755633,0.022592531978866015,0.010810374521899702,0.017702004672317084,0.01859256514767882
1.1420000000000001,0.05577202318439878,0.05723805990561459,0.02258984564877009,0.010809595087769353,0.01766845658778271,0.01855474881708674
1.1440000000000001,0.05569034179979182,0.057185474999449815,0.02258717177963976,0.01080881678798451,0.017634971015704437,0.018517009421616715
1.1460000000000001,0.055608581111682875,0.05713289395042809,0.022584510129470603,0.010808039598918073,0.017601547853230315,0.018479346804514796
1.1480000000000001,0.05552674428687654,0.05708031755428933,0.022581860460993308,0.010807263497528252,0.017568186997519275,0.018441760809348784
1.1500000000000001,0.055444834445961044,0.05702774659145682,0.02257922254158351,0.010806488461342134,0.017534888345742905,0.018404251280008
1.1520000000000001,0.055362854663921324,0.05697518182733963,0.022576596143172978,0.010805714468440586,0.017501651795086337,0.018366818060702395
1.154,0.05528080797074386,0.056922624012629264,0.022573981042163238,0.010804941497442044,0.017468477242750025,0.018329460995961666
1.156,0.05519869735201488,0.05687007388358922,0.02257137701934031,0.01080416952748875,0.017435364585951296,0.018292179930635033
1.158,0.05511652574951098,0.056817532162338535,0.022568783859790553,0.010803398538231646,0.01740231372192569,0.018254974709889904
1.16,0.05503429606178156,0.0567649995571291,0.022566201352818505,0.010802628509816836,0.01736932454792872,0.018217845179211656
1.162,0.05495201114472503,0.0567124767626177,0.02256362929186606,0.010801859422871818,0.01733639696123679,0.01818079118440319
1.164,0.054869673812156794,0.056659964460130885,0.02256106747443276,0.010801091258492379,0.017303530859149152,0.018143812571583817
1.166,0.05478728683637102,0.05660746331792588,0.022558515701998516,0.010800323998230166,0.017270726138989723,0.018106909187188824
1.168,0.05470485294869509,0.05655497399144438,0.022555973779946115,0.010799557624080025,0.017237982698107723,0.018070080877968575
1.17,0.05462237484003607,0.056502497123562145,0.022553441517486617,0.010798792118467793,0.01720530043387969,0.01803332749098785
1.172,0.05453985516142201,0.05645003334483212,0.02255091872758541,0.01079802746423919,0.01717267924371102,0.017996648873625842
1.174,0.054457296524535126,0.05639758327372357,0.022548405226889612,0.010797263644647837,0.017140119025037537,0.017960044873574388
1.176,0.054374701502238665,0.05634514751685549,0.022545900835656774,0.010796500643344809,0.01710761967532637,0.01792351533883818
1.178,0.054292072629096966,0.056292726669225246,0.0225434053776854,0.010795738444367764,0.017075181092078395,0.01788706011773389
1.18,0.054209412401889256,0.05624032131443246,0.02254091868024566,0.010794977032130504,0.017042803172828913,0.017850679058889263
1.182,0.054126723280116584,0.05618793202489791,0.022538440574012553,0.01079421639141298,0.017010485815149634,0.017814372011242474
1.184,0.054044007686502304,0.05613555936207826,0.022535970892999746,0.01079345650735175,0.016978228916650018,0.01777813882404211
1.186,0.05396126800748635,0.05608320387667609,0.02253350947449473,0.010792697365429982,0.01694603237497838,0.01774197934684585
1.188,0.05387850659371329,0.056030866108845334,0.022531056158994645,0.010791938951468794,0.016913896087824343,0.01770589342951978
1.19,0.0537957257605135,0.055978546588393296,0.02252861079014412,0.010791181251618154,0.01688181995291904,0.01766988092223798
1.192,0.05371292778837944,0.05592624583497696,0.022526173214673983,0.010790424252347774,0.016849803868037583,0.017633941675482268
1.194,0.05363011492343417,0.05587396435829661,0.022523743282340858,0.01078966794043934,0.016817847731000146,0.01759807554004067
1.196,0.05354728937789566,0.05582170265828501,0.022521320845867887,0.010788912302977627,0.016785951439673097,0.01756228236700741
1.198,0.05346445333053351,0.05576946122529236,0.022518905760887442,0.010788157327343395,0.016754114891971206,0.01752656200778202
1.2,0.05338160892712107,0.05571724054026772,0.022516497885883613,0.010787403001204954,0.016722337985858315,0.017490914314068906
1.202,0.0532987582808806,0.05566504107493664,0.022514097082136253,0.010786649312510832,0.016690620619349117,0.017455339137876225
1.204,0.05321590347292382,0.055612863291975456,0.022511703213666356,0.010785896249482674,0.01665896269051048,0.017419836331516114
1.206,0.053133046552686025,0.05556070764518117,0.022509316147182767,0.01078514380060791,0.016627364097463015,0.017384405747603138
1.208,0.05305018953835505,0.05550857457963887,0.022506935752028667,0.010784391954633321,0.016595824738382392,0.01734904723905406
1.21,0.05296733441729384,0.05545646453188535,0.022504561900130282,0.010783640700557928,0.016564344511500684,0.017313760659087185
1.212,0.052884483146458994,0.055404377930069026,0.022502194465945813,0.010782890027626335,0.016532923315107473,0.017278545861221906
1.214,0.05280163765281243,0.05535231519410666,0.022499833326416363,0.010782139925323175,0.016501561047551627,0.0172434026992776
1.216,0.05271879983372885,0.05530027673583793,0.022497478360915757,0.01078139038336623,0.016470257607242633,0.01720833102737318
1.218,0.052635971557396743,0.05524826295917551,0.022495129451204132,0.010780641391700874,0.016439012892651483,0.01717333069992688
1.22,0.05255315466321586,0.055196274260252975,0.022492786481379534,0.010779892940494307,0.016407826802312675,0.017138401571655137
1.222,0.05247035096218733,0.05514431102756889,0.02249044933783284,0.010779145020129777,0.0163766992348251,0.017103543497571927
1.224,0.05238756223730068,0.0550923736421296,0.02248811790920202,0.01077839762120103,0.01634563008885337,0.017068756332988544
1.226,0.05230479024391488,0.05504046247758687,0.022485792086327505,0.010777650734507205,0.01631461926312916,0.017034039933512712
1.228,0.05222203671013448,0.054988577900375146,0.02248347176220955,0.010776904351047722,0.016283666656452533,0.01699939415504792
1.23,0.052139303337180865,0.05493672026984453,0.02248115683196472,0.010776158462017182,0.016252772167693053,0.016964818853792973
1.232,0.052056591799758856,0.05488488993839091,0.022478847192784146,0.010775413058800476,0.016221935695791556,0.01693031388624111
1.234,0.05197390374641797,0.05483308725158498,0.022476542743893102,0.010774668132967902,0.016191157139760604,0.016895879109179557
1.236,0.05189124079990992,0.054781312548297656,0.02247424338650994,0.010773923676270947,0.016160436398686473,0.01686151437968908
1.238,0.05180860455754055,0.054729566160822474,0.022471949023807003,0.01077317968063718,0.016129773371729828,0.01682721955514288
1.24,0.05172599659151733,0.05467784841499723,0.02246965956087199,0.010772436138166697,0.016099167958127047,0.016792994493206592
1.242,0.051643418449292655,0.05462615963032147,0.022467374904669768,0.010771693041127461,0.016068620057191563,0.01675883905183695
1.244,0.05156087165390244,0.05457450012007281,0.022465094964005283,0.010770950381951083,0.016038129568315185,0.016724753089282007
1.246,0.05147835770430009,0.054522870191420436,0.02246281964948671,0.010770208153229044,0.016007696390968995,0.016690736464079814
1.248,0.05139587807568646,0.05447127014553699,0.02246054887349036,0.010769466347708478,0.015977320424704455,0.01665678903505796
1.25,0.0513134342198347,0.05441970027770693,0.02245828255012472,0.010768724958289067,0.01594700156915474,0.016622910661333368
1.252,0.05123102756541198,0.054368160877434235,0.02245602059519669,0.010767983978018592,0.015916739724035844,0.016589101202311385
1.254,0.05114865951829617,0.054316652228547424,0.022453762926177845,0.010767243400090054,0.015886534789147477,0.016555360517684914
1.256,0.051066331461888215,0.05426517460930236,0.02245150946217067,0.010766503217837231,0.01585638666437461,0.01652168846743418
1.258,0.05098404475742124,0.054213728292483276,0.022449260123876824,0.010765763424732677,0.015826295249687927,0.01648808491182585
1.26,0.050901800744264536,0.05416231354550183,0.022447014833564927,0.01076502401438284,0.015796260445145816,0.016454549711413025
1.262,0.05081960074022418,0.05411093063049366,0.022444773515039707,0.010764284980526284,0.015766282150894373,0.01642108272703391
1.264,0.05073744604183972,0.05405957980441434,0.022442536093611354,0.010763546317029693,0.01573636026716918,0.016387683819811594
1.266,0.05065533792467658,0.05400826131913239,0.0224403024960651,0.010762808017885206,0.01570649469429619,0.016354352851153386
1.268,0.05057327764361452,0.05395697542152078,0.022438072650632357,0.010762070077207309,0.01567668533269284,0.016321089682750145
1.27,0.050491266433133175,0.05390572235354685,0.02243584648696184,0.010761332489229947,0.015646932082868492,0.016287894176575612
1.272,0.05040930550759226,0.05385450235236,0.022433623936091385,0.010760595248303861,0.015617234845425987,0.016254766194886194
1.274,0.05032739606150982,0.05380331565037877,0.02243140493041973,0.010759858348893925,0.01558759352106276,0.01622170560021985
1.276,0.050245539269835104,0.053752162475374954,0.022429189403680105,0.010759121785576253,0.015558008010571278,0.016188712255396087
1.278,0.05016373628821902,0.053701043050556896,0.022426977290913364,0.010758385553035543,0.01552847821484038,0.01615578602351464
1.28,0.050081988253280585,0.05364995759465119,0.022424768528441552,0.010757649646063072,0.015499004034856156,0.01612292676795568
1.282,0.050000296282869616,0.053598906321982165,0.022422563053843048,0.010756914059554035,0.015469585371702843,0.016090134352378493
1.284,0.04991866147632651,0.05354788944255118,0.02242036080592702,0.010756178788504878,0.015440222126563485,0.01605740864072147
1.286,0.04983708491473804,0.05349690716211253,0.022418161724709007,0.01075544382801108,0.01541091420072127,0.01602474949720123
1.288,0.04975556766118938,0.053445959682249855,0.022415965751386935,0.010754709173265153,0.015381661495560195,0.01599215678631194
1.29,0.049674110761014134,0.05339504720044963,0.022413772828317358,0.010753974819554424,0.01535246391256595,0.015959630372824885
1.292,0.049592715242039453,0.053344169910173767,0.022411582898992366,0.010753240762258587,0.015323321353327035,0.015927170121788237
1.294,0.049511382114829416,0.05329332800093178,0.02240939590801716,0.010752506996847933,0.0152942337195352,0.015894775898525726
1.296,0.049430112372923274,0.05324252165834964,0.022407211801087623,0.010751773518881125,0.015265200912986554,0.015862447568636417
1.298,0.049348906993072594,0.05319175106423901,0.02240503052496856,0.010751040324003203,0.015236222835582236,0.01583018499799449
1.3,0.049267766935473745,0.053141016396664575,0.022402852027472386,0.010750307407943804,0.01520729938932952,0.015797988052748124
1.302,0.04918669314399793,0.05309031783001017,0.022400676257438246,0.01074957476651539,0.015178430476342486,0.015765856599319283
1.304,0.04910568654641745,0.053039655535043195,0.022398503164711814,0.010748842395611025,0.015149615998842236,0.015733790504402823
1.306,0.04902474805463042,0.05298902967897878,0.02239633270012442,0.010748110291202817,0.0151208558591589,0.015701789634966046
1.308,0.04894387856488058,0.05293844042554219,0.022394164815474404,0.010747378449340372,0.01509214995973096,0.01566985385824826
1.31,0.048863078957975814,0.052887887935029854,0.022391999463506895,0.01074664686614879,0.015063498203107484,0.01563798304176034
1.312,0.0487823500995026,0.052837372364369806,0.022389836597895396,0.010745915537827333,0.015034900491947667,0.015606177053283599
1.314,0.04870169284003811,0.05278689386718027,0.022387676173223348,0.010745184460647428,0.015006356729021952,0.01557443576086981
1.316,0.04862110801535913,0.05273645259382809,0.0223855181449657,0.010744453630951112,0.014977866817213137,0.015542759032840081
1.318,0.04854059644664921,0.05268604869148552,0.022383362469471146,0.010743723045150144,0.014949430659516594,0.015511146737785086
1.32,0.04846015894070099,0.052635682304185805,0.02238120910394481,0.010742992699723786,0.014921048159041161,0.015479598744563505
1.322,0.04837979629011824,0.05258535357287841,0.02237905800643092,0.010742262591217688,0.014892719219010031,0.015448114922302247
1.324,0.04829950927351323,0.052535062635482355,0.022376909135796597,0.010741532716242341,0.014864443742760747,0.015416695140395786
1.326,0.0482192986557024,0.052484809626939244,0.02237476245171477,0.01074080307147196,0.014836221633746538,0.01538533926850505
1.328,0.04813916518789951,0.05243459467926481,0.022372617914648618,0.010740073653642712,0.014808052795536986,0.01535404717655764
1.33,0.04805910960790527,0.052384417921600424,0.022370475485835595,0.010739344459551825,0.014779937131818022,0.015322818734746502
1.332,0.04797913264029563,0.05233427948026259,0.022368335127271877,0.010738615486055814,0.014751874546393262,0.015291653813529926
1.334,0.04789923499660653,0.05228417947879205,0.02236619680169749,0.010737886730069812,0.014723864943184006,0.01526055228363088
1.336,0.04781941737551687,0.05223411803800171,0.022364060472581215,0.010737158188565799,0.01469590822623057,0.015229514016036338
1.338,0.047739680463028344,0.05218409527602441,0.022361926104106367,0.01073642985857215,0.014668004299692283,0.015198538881996626
1.34,0.04766002493264376,0.05213411130835888,0.022359793661156147,0.010735701737171421,0.014640153067848383,0.015167626753025187
1.342,0.04758045144554157,0.052084166247915675,0.022357663109300097,0.010734973821500127,0.01461235443509823,0.015136777500897924
1.344,0.047500960650749935,0.05203426020506141,0.02235553441478033,0.01073424610874718,0.014584608305962199,0.015105990997652752
1.346,0.0474215531853166,0.051984393287663355,0.022353407544497772,0.010733518596153013,0.014556914585082126,0.015075267115588487
1.348,0.04734222967447721,0.051934565601131855,0.02235128246599949,0.010732791281008236,0.01452927317722219,0.015044605727264848
1.35,0.047262990731822274,0.05188477724846341,0.022349159147465825,0.010732064160653199,0.014501683987268699,0.015014006705501792
1.352,0.047183836959459935,0.05183502833028153,0.02234703755769729,0.010731337232476212,0.01447414692023119,0.014983469923379289
1.354,0.0471047689481785,0.051785318944878034,0.02234491766610258,0.010730610493913106,0.014446661881243106,0.01495299525423599
1.356,0.04702578727760498,0.05173564918825324,0.0223427994426868,0.010729883942446117,0.014419228775561566,0.014922582571669452
1.358,0.046946892516363414,0.05168601915415505,0.022340682858038807,0.010729157575602777,0.014391847508568478,0.014892231749535023
1.36,0.04686808522222918,0.051636428934117795,0.022338567883320115,0.010728431390955473,0.014364517985770764,0.014861942661945848
1.362,0.046789365942282446,0.0515868786175,0.022336454490253566,0.01072770538611989,0.01433724011280102,0.014831715183271976
1.364,0.04671073521305891,0.05153736829152189,0.022334342651111783,0.010726979558755012,0.014310013795417742,0.014801549188139917
1.366,0.04663219356069925,0.05148789804130227,0.022332232338706737,0.010726253906561123,0.014282838939505993,0.014771444551431978
1.368,0.04655374150109526,0.05143846794989404,0.02233012352637842,0.010725528427280251,0.014255715451077844,0.014741401148286037
1.37,0.046475379540035666,0.05138907809831972,0.022328016187985078,0.01072480311869417,0.014228643236272376,0.01471141885409466
1.372,0.0463971081733483,0.05133972856560631,0.022325910297892326,0.010724077978624402,0.01420162220135679,0.014681497544504873
1.374,0.04631892788704173,0.05129041942881929,0.022323805830963384,0.010723353004931102,0.014174652252726405,0.014651637095417502
1.3760000000000001,0.046240839157443814,0.05124115076309588,0.022321702762548856,0.010722628195512396,0.014147733296905107,0.014621837382986724
1.3780000000000001,0.046162842451339614,0.05119192264167838,0.022319601068477413,0.010721903548303713,0.014120865240545788,0.014592098283619181
1.3800000000000001,0.04608493822610593,0.05114273513594636,0.022317500725046235,0.01072117906127712,0.014094047990431013,0.014562419673973759
1.3820000000000001,0.04600712692984543,0.05109358831544797,0.022315401709011917,0.010720454732439988,0.01406728145347258,0.014532801430961362
1.3840000000000001,0.04592940900151832,0.05104448224793168,0.02231330399758069,0.010719730559834995,0.014040565536713068,0.014503243431743806
1.3860000000000001,0.04585178487107178,0.05099541699937671,0.022311207568399993,0.010719006541539233,0.014013900147325398,0.014473745553733597
1.3880000000000001,0.04577425495956877,0.05094639263402301,0.022309112399550024,0.01071828267566377,0.013987285192613053,0.014444307674593482
1.3900000000000001,0.04569681967931416,0.050897409214401224,0.022307018469534645,0.010717558960352536,0.01396072058001141,0.014414929672235566
1.3920000000000001,0.04561947943397904,0.050848466801361125,0.022304925757272942,0.010716835393781654,0.013934206217086853,0.01438561142482131
1.3940000000000001,0.0455422346187242,0.05079956545410047,0.02230283424209145,0.01071611197415967,0.013907742011537882,0.014356352810760864
1.3960000000000001,0.04546508562032159,0.05075070523019343,0.022300743903715947,0.010715388699725992,0.013881327871195337,0.01432715370871196
1.3980000000000001,0.04538803281727333,0.05070188618561722,0.022298654722263223,0.01071466556875067,0.013854963704022394,0.01429801399758035
1.4000000000000001,0.045311076579930054,0.0506531083747801,0.022296566678233987,0.010713942579533953,0.013828649418115457,0.014268933556518482
1.4020000000000001,0.045234217270607724,0.05060437185054756,0.022294479752504426,0.010713219730405621,0.013802384921703936,0.014239912264925492
1.4040000000000001,0.04515745524370218,0.05055567666426808,0.022292393926319765,0.010712497019724099,0.013776170123150688,0.014210950002446321
1.4060000000000001,0.04508079084580219,0.050507022865799556,0.02229030918128605,0.010711774445876676,0.013750004930952464,0.014182046648971935
1.408,0.04500422441580132,0.05045841050353417,0.022288225499363712,0.010711052007277955,0.01372388925374013,0.014153202084637773
1.41,0.044927756285008336,0.0504098396244228,0.022286142862860236,0.010710329702370291,0.013697823000278442,0.01412441618982374
1.412,0.04485138677725575,0.050361310273999926,0.022284061254423282,0.010709607529622689,0.013671806079467164,0.014095688845153997
1.414,0.04477511620900709,0.05031282249640734,0.02228198065703424,0.010708885487530573,0.013645838400340837,0.014067019931496283
1.416,0.04469894488946258,0.050264376334417715,0.022279901054001572,0.010708163574615126,0.013619919872069008,0.01403840932996081
1.418,0.04462287312066371,0.050215971829457695,0.022277822428954153,0.010707441789422845,0.01359405040395667,0.01400985692190071
1.42,0.044546901197595856,0.05016760902163053,0.022275744765835048,0.010706720130525316,0.013568229905444262,0.013981362588910917
1.422,0.04447102940828973,0.05011928794973852,0.022273668048895523,0.010705998596518329,0.013542458286108117,0.013952926212827732
1.424,0.04439525803392175,0.05007100865130498,0.022271592262688822,0.010705277186021878,0.013516735455660678,0.013924547675728594
1.426,0.044319587348912615,0.05002277116259557,0.022269517392064397,0.01070455589767949,0.013491061323950726,0.013896226859931415
1.428,0.04424401762102481,0.04997457551863982,0.02226744342216147,0.01070383473015779,0.013465435800963155,0.013867963647993697
1.43,0.04416854911145829,0.04992642175325135,0.022265370338404367,0.010703113682145826,0.013439858796819859,0.01383975792271297
1.432,0.044093182074945725,0.04987830989904918,0.02226329812649608,0.010702392752355516,0.013414330221779736,0.013811609567125238
1.434,0.044017916759845566,0.049830239987477265,0.022261226772412934,0.010701671939520097,0.01338884998623846,0.013783518464505207
1.436,0.04394275340823439,0.04978221204882449,0.022259156262399715,0.010700951242394563,0.013363418000728933,0.013755484498365611
1.438,0.04386769225599774,0.04973422611224376,0.02225708658296388,0.010700230659754784,0.01333803417592172,0.013727507552456775
1.44,0.04379273353291979,0.04968628220577154,0.022255017720870462,0.01069951019039772,0.013312698422624836,0.01369958751076572
1.442,0.04371787746277178,0.04963838035634649,0.0222529496631374,0.01069878983314032,0.013287410651784182,0.013671724257516393
1.444,0.043643124263399224,0.04959052058982749,0.022250882397030214,0.010698069586819958,0.01326217077448355,0.013643917677168327
1.446,0.04356847414680809,0.049542702931012705,0.022248815910057118,0.010697349450293103,0.013236978701944846,0.013616167654416866
1.448,0.043493927319249615,0.049494927403656463,0.022246750189964803,0.010696629422435766,0.013211834345528306,0.01358847407419228
1.45,0.04341948398130335,0.04944719403048725,0.022244685224733107,0.01069590950214283,0.013186737616732502,0.013560836821659539
1.452,0.04334514432796088,0.049399502833224807,0.022242621002570795,0.010695189688327833,0.013161688427194562,0.013533255782217646
1.454,0.04327090854870619,0.049351853832597214,0.02224055751191134,0.010694469979922738,0.013136686688690169,0.013505730841498975
1.456,0.043196776827596484,0.04930424704835756,0.02223849474140782,0.010693750375877054,0.013111732313134006,0.013478261885369491
1.458,0.04312274934334126,0.04925668249929993,0.022236432679929363,0.01069303087515805,0.013086825212579312,0.013450848799927417
1.46,0.04304882626938045,0.049209160203275815,0.022234371316556256,0.010692311476750538,0.013061965299218992,0.013423491471503235
1.462,0.04297500777396124,0.04916168017720968,0.022232310640576625,0.010691592179656206,0.013037152485384729,0.01339618978665924
1.464,0.04290129402021403,0.04911424243711515,0.022230250641481764,0.010690872982893174,0.013012386683547428,0.013368943632188657
1.466,0.042827685166227925,0.04906684699810926,0.022228191308962586,0.010690153885496434,0.012987667806317438,0.013341752895115633
1.468,0.04275418136512421,0.04901949387442839,0.022226132632905182,0.010689434886516969,0.012962995766444552,0.013314617462694578
1.47,0.04268078276512899,0.04897218307944273,0.02222407460338749,0.010688715985021302,0.012938370476818228,0.013287537222409496
1.472,0.042607489509645324,0.04892491462567072,0.022222017210675515,0.010687997180091946,0.012913791850467371,0.013260512061973984
1.474,0.04253430173732431,0.04887768852479302,0.02221996044521979,0.010687278470826289,0.01288925980056077,0.013233541869330123
1.476,0.042461219582135,0.04883050478766737,0.022217904297651137,0.010686559856337263,0.012864774240407106,0.013206626532648702
1.478,0.042388243173432816,0.04878336342434175,0.022215848758778245,0.010685841335752011,0.012840335083454946,0.013179765940328103
1.48,0.04231537263602814,0.04873626444406809,0.022213793819582994,0.010685122908212774,0.012815942243292522,0.013152959980994305
1.482,0.042242608090253375,0.04868920785531583,0.022211739471218017,0.010684404572875561,0.0127915956336484,0.013126208543500217
1.484,0.04216994965202847,0.048642193665784594,0.022209685705003368,0.010683686328910591,0.012767295168391035,0.013099511516925011
1.486,0.042097397432927064,0.048595221882417716,0.022207632512422526,0.010682968175502072,0.01274304076152899,0.013072868790574343
1.488,0.04202495154024022,0.04854829251141424,0.022205579885119953,0.010682250111847313,0.012718832327211382,0.013046280253978804
1.49,0.04195261207703971,0.048501405558242006,0.02220352781489776,0.01068153213715739,0.012694669779727219,0.013019745796894577
1.492,0.04188037914224152,0.04845456102764922,0.022201476293712386,0.010680814250656034,0.012670553033505616,0.012993265309302338
1.494,0.04180825283066647,0.048407758923677546,0.02219942531367236,0.010680096451580301,0.012646482003116466,0.012966838681406578
1.496,0.04173623323310194,0.04836099924967274,0.022197374867034547,0.010679378739179457,0.012622456603269772,0.012940465803636059
1.498,0.04166432043636137,0.04831428200829735,0.022195324946201467,0.010678661112715426,0.01259847674881609,0.01291414656664247
1.5,0.04159251452334356,0.04826760720154177,0.022193275543719082,0.010677943571462123,0.012574542354746088,0.012887880861300216
1.502,0.04152081557309151,0.048220974830735175,0.02219122665227302,0.010677226114705896,0.012550653336190987,0.012861668578706187
1.504,0.041449223660849466,0.048174384896557454,0.022189178264687026,0.010676508741744417,0.012526809608422562,0.012835509610179097
1.506,0.041377738858119795,0.04812783739904902,0.022187130373919395,0.010675791451887351,0.012503011086853144,0.012809403847258816
1.508,0.041306361232719135,0.04808133233762257,0.022185082973060766,0.01067507424445524,0.012479257687035172,0.012783351181706593
1.51,0.0412350908488337,0.04803486971107307,0.022183036055331673,0.010674357118780398,0.012455549324661863,0.012757351505503944
1.512,0.04116392776707367,0.04798844951758818,0.02218098961407966,0.010673640074206014,0.012431885915566987,0.012731404710852434
1.514,0.04109287204452672,0.04794207175475851,0.022178943642777282,0.010672923110085941,0.012408267375724424,0.012705510690173227
1.516,0.04102192373481106,0.047895736419588,0.02217689813501944,0.010672206225784686,0.012384693621249054,0.012679669336106647
1.518,0.0409510828881281,0.047849443508503064,0.02217485308452094,0.010671489420677416,0.012361164568395866,0.01265388054151173
1.52,0.04088034955131348,0.0478031930173628,0.022172808485114714,0.01067077269414951,0.012337680133560402,0.012628144199465785
1.522,0.04080972376788816,0.04775698494146852,0.022170764330748938,0.010670056045596343,0.012314240233278761,0.012602460203263721
1.524,0.040739205578108395,0.04771081927557308,0.02216872061548525,0.0106693394744235,0.012290844784227373,0.012576828446418054
1.526,0.04066879501901499,0.04766469601389001,0.02216667733349631,0.010668622980046116,0.012267493703222998,0.012551248822658012
1.528,0.04059849212448263,0.04761861515010257,0.022164634479063805,0.010667906561889096,0.012244186907223176,0.01252572122592932
1.53,0.04052829692526694,0.047572576677373135,0.022162592046576224,0.010667190219386669,0.012220924313325332,0.012500245550393752
1.532,0.040458209449053095,0.04752658058835113,0.022160550030527304,0.010666473951982613,0.012197705838767448,0.012474821690428683
1.534,0.0403882297205016,0.04748062687518262,0.022158508425513368,0.01066575775912959,0.012174531400928057,0.012449449540626656
1.536,0.04031835776129489,0.04743471552951806,0.02215646722623177,0.010665041640289585,0.012151400917325583,0.012424128995794703
1.538,0.040248593590182624,0.04738884654252096,0.02215442642747889,0.010664325594933022,0.012128314305618781,0.012398859950954133
1.54,0.040178937223026345,0.04734301990487633,0.022152386024148152,0.010663609622539205,0.012105271483606739,0.012373642301340082
1.542,0.04010938867284386,0.04729723560679844,0.022150346011228228,0.0106628937225961,0.012082272369228653,0.012348475942401294
1.544,0.040039947949852994,0.04725149363803882,0.022148306383801275,0.010662177894600111,0.01205931688056383,0.012323360769799008
1.546,0.039970615061514225,0.04720579398789426,0.022146267137041153,0.010661462138055855,0.012036404935831246,0.012298296679407406
1.548,0.039901390012573534,0.047160136645214346,0.022144228266211652,0.010660746452475944,0.012013536453390428,0.012273283567312276
1.55,0.03983227280510371,0.04711452159840923,0.022142189766664933,0.010660030837380985,0.011990711351740568,0.01224832132981124
1.552,0.03976326343854564,0.04706894883545676,0.022140151633839533,0.010659315292299798,0.01196792954952075,0.012223409863413304
1.554,0.0396943619097494,0.047023418343909995,0.022138113863258813,0.010658599816768755,0.011945190965509944,0.012198549064837971
1.556,0.03962556821301422,0.04697793011090434,0.02213607645052984,0.010657884410331775,0.011922495518626786,0.012173738831015024
1.558,0.03955688234012733,0.046932484123165086,0.022134039391340954,0.010657169072540329,0.011899843127929577,0.012148979059084297
1.56,0.03948830428040373,0.04688708036701361,0.02213200268146087,0.010656453802953214,0.011877233712616286,0.012124269646394792
1.562,0.039419834020724576,0.046841718828374734,0.022129966316737137,0.010655738601136555,0.011854667192024548,0.012099610490504897
1.564,0.03935147154557472,0.04679639949278358,0.022127930293094344,0.010655023466663582,0.011832143485631219,0.012075001489181503
1.566,0.03928321683708025,0.04675112234539203,0.022125894606532803,0.01065430839911441,0.011809662513052821,0.012050442540399553
1.568,0.039215069875045305,0.04670588737097492,0.022123859253126987,0.010653593398076477,0.011787224194045098,0.012025933542341827
1.57,0.039147030636988545,0.046660694553936954,0.022121824229024423,0.010652878463143445,0.011764828448502795,0.012001474393398492
1.572,0.03907909909817886,0.04661554387831912,0.022119789530444134,0.010652163593915853,0.0117424751964601,0.011977064992166442
1.574,0.03901127523167092,0.04657043532780447,0.022117755153675533,0.010651448790001128,0.011720164358090202,0.011952705237449068
1.576,0.03894355900834001,0.04652536888572434,0.022115721095076646,0.010650734051012689,0.011697895853705287,0.011928395028256045
1.578,0.03887595039691605,0.04648034453506478,0.022113687351072997,0.010650019376570619,0.0116756696037561,0.011904134263802213
1.58,0.03880844936401773,0.04643536225847189,0.022111653918156504,0.010649304766300993,0.01165348552883283,0.011879922843508028
1.582,0.03874105587418608,0.04639042203825805,0.022109620792884144,0.01064859021983633,0.011631343549663775,0.011855760666998671
1.584,0.03867376988991733,0.04634552385640767,0.02210758797187662,0.010647875736815138,0.011609243587116014,0.011831647634103382
1.586,0.03860659137169509,0.04630066769458252,0.022105555451817693,0.010647161316881704,0.01158718556219518,0.01180758364485568
1.588,0.03853952027802299,0.046255853534127755,0.02210352322945197,0.010646446959686084,0.011565169396045238,0.011783568599492478
1.59,0.03847255656545556,0.046211081356076766,0.022101491301584675,0.010645732664884555,0.011543195009948493,0.011759602398453861
1.592,0.03840570018862999,0.04616635114115719,0.022099459665080312,0.010645018432138498,0.011521262325325576,0.011735684942382418
1.594,0.0383389511002965,0.04612166286979558,0.022097428316861345,0.01064430426111529,0.011499371263735014,0.011711816132123465
1.596,0.03827230925134906,0.04607701652212337,0.02209539725390708,0.010643590151487636,0.011477521746873443,0.01168799586872371
1.598,0.03820577459085461,0.046032412077981366,0.022093366473252773,0.010642876102933796,0.011455713696575165,0.01166422405343126
1.6,0.03813934706608313,0.045987849516924806,0.02209133597198898,0.01064216211513691,0.011433947034812597,0.011640500587695835
1.602,0.03807302662253642,0.04594332881822871,0.022089305747259536,0.010641448187785896,0.011412221683695378,0.011616825373167217
1.604,0.038006813203976364,0.04589884996089255,0.022087275796261574,0.01064073432057433,0.011390537565470815,0.011593198311695696
1.606,0.03794070675245398,0.045854412923644894,0.02208524611624374,0.01064002051320112,0.011368894602523882,0.011569619305331402
1.608,0.037874707208336744,0.04581001768494852,0.022083216704505748,0.01063930676537006,0.011347292717376556,0.011546088256323639
1.61,0.03780881451033591,0.045765664223004654,0.022081187558397497,0.010638593076789826,0.011325731832688035,0.011522605067120884
1.612,0.0377430285955338,0.04572135251575782,0.022079158675317512,0.010637879447173981,0.011304211871254521,0.0114991696403699
1.614,0.0376773493994107,0.04567708254090008,0.0220771300527125,0.01063716587624075,0.011282732756009217,0.01147578187891618
1.616,0.037611776855871026,0.045632854275875934,0.022075101688076693,0.010636452363713023,0.011261294410022105,0.011452441685802617
1.618,0.0375463108972689,0.045588667697886054,0.022073073578950497,0.01063573890931857,0.011239896756499945,0.011429148964269276
1.62,0.03748095145443431,0.045544522783892205,0.022071045722919624,0.010635025512789165,0.011218539718785614,0.011405903617753621
1.622,0.03741569845669801,0.045500419510621004,0.022069018117614636,0.010634312173861238,0.011197223220358987,0.011382705549889627
1.624,0.0373505518319166,0.04545635785456814,0.02206699076071006,0.010633598892275886,0.011175947184835833,0.01135955466450711
1.6260000000000001,0.037285511506496505,0.0454123377920026,0.022064963649923053,0.01063288566777798,0.011154711535968032,0.011336450865631953
1.6280000000000001,0.037220577405419064,0.04536835929897087,0.02206293678301341,0.010632172500117054,0.011133516197643578,0.011313394057485215
1.6300000000000001,0.03715574945226363,0.0453244223513003,0.022060910157782,0.010631459389046416,0.01111236109388658,0.011290384144482912
1.6320000000000001,0.03709102756923133,0.045280526924603715,0.022058883772070548,0.010630746334324037,0.01109124614885637,0.01126742103123557
1.6340000000000001,0.03702641167716836,0.04523667299428258,0.02205685762376053,0.01063003333571122,0.011070171286848174,0.011244504622548224
1.6360000000000001,0.036961901695588883,0.0451928605355314,0.022054831710772715,0.010629320392973929,0.011049136432292661,0.011221634823419313
1.6380000000000001,0.036897497542697,0.045149089523340846,0.02205280603106652,0.01062860750588146,0.011028141509755729,0.011198811539040676
1.6400000000000001,0.03683319913540961,0.045105359932501976,0.022050780582639096,0.010627894674207328,0.0110071864439385,0.01117603467479733
1.6420000000000001,0.03676900638937819,0.04506167173760933,0.02204875536352424,0.0106271818977286,0.010986271159676875,0.011153304136266806
1.6440000000000001,0.03670491921901009,0.045018024913064725,0.02204673037179261,0.010626469176226117,0.010965395581942206,0.011130619829218702
1.6460000000000001,0.036640937537490315,0.04497441943308078,0.022044705605550163,0.010625756509484274,0.010944559635839957,0.011107981659614463
1.6480000000000001,0.03657706125680171,0.04493085527168428,0.022042681062938163,0.010625043897291464,0.010923763246610374,0.011085389533606937
1.6500000000000001,0.03651329028774675,0.04488733240271947,0.022040656742132292,0.010624331339439186,0.010903006339628263,0.011062843357539931
1.6520000000000001,0.03644962453996725,0.04484385079985165,0.022038632641342204,0.010623618835722715,0.010882288840402765,0.011040343037947986
1.6540000000000001,0.03638606392196442,0.04480041043656979,0.022036608758810194,0.010622906385940656,0.010861610674576694,0.011017888481555715
1.6560000000000001,0.036322608341119,0.044757011286190806,0.02203458509281142,0.010622193989894946,0.010840971767927421,0.010995479595277802
1.6580000000000001,0.036259257703710635,0.0447136533218615,0.022032561641653237,0.010621481647390851,0.010820372046365545,0.01097311628621811
1.6600000000000001,0.0361960119149376,0.0446703365165626,0.02203053840367386,0.01062076935823697,0.010799811435936002,0.010950798461669908
1.6620000000000001,0.03613287087893502,0.04462706084311163,0.02202851537724282,0.01062005712224523,0.01077928986281651,0.01092852602911476
1.6640000000000001,0.036069834498794195,0.04458382627416557,0.022026492560759392,0.010619344939230446,0.01075880725331868,0.010906298896222744
1.666,0.03600690267658124,0.04454063278222442,0.02202446995265306,0.010618632809010764,0.01073836353388713,0.010884116970851787
1.668,0.03594407531335464,0.04449748033963341,0.02202244755138194,0.010617920731407215,0.010717958631099478,0.010861980161047446
1.67,0.035881352309183656,0.04445436891858634,0.02202042535543325,0.010617208706244163,0.01069759247166635,0.01083988837504224
1.672,0.035818733563165894,0.04441129849112846,0.022018403363321948,0.010616496733348413,0.010677264982430934,0.010817841521255644
1.674,0.03575621897344505,0.04436826902915891,0.02201638157359076,0.010615784812550322,0.010656976090368975,0.010795839508293437
1.676,0.03569380843722758,0.04432528050443407,0.022014359984809495,0.01061507294368269,0.010636725722588558,0.010773882244947242
1.678,0.03563150185080022,0.04428233288856931,0.022012338595574388,0.010614361126581429,0.010616513806330108,0.010751969640194536
1.68,0.035569299109546426,0.04423942615304277,0.022010317404508095,0.010613649361085109,0.010596340268966165,0.010730101603197761
1.682,0.03550720010796282,0.04419656026919716,0.022008296410258588,0.010612937647034748,0.010576205038000941,0.010708278043304542
1.684,0.035445204739675606,0.044153735208242395,0.02200627561149915,0.010612225984274692,0.010556108041070544,0.010686498870046801
1.686,0.035383312897456554,0.04411095094125872,0.02200425500692793,0.01061151437265151,0.010536049205942755,0.010664763993140536
1.688,0.035321524473238775,0.04406820743919848,0.022002234595267067,0.01061080281201443,0.010516028460516358,0.010643073322485597
1.69,0.03525983935813226,0.044025504672889015,0.022000214375262672,0.010610091302215352,0.010496045732821813,0.010621426768165021
1.692,0.03519825744243921,0.04398284261303509,0.021998194345684174,0.010609379843108613,0.01047610095102014,0.010599824240445033
1.694,0.03513677861566933,0.04394022123022112,0.021996174505324095,0.010608668434550994,0.010456194043403588,0.010578265649774377
1.696,0.03507540276655452,0.043897640494913404,0.021994154852997605,0.010607957076401942,0.010436324938395192,0.010556750906783874
1.698,0.03501412978306395,0.04385510037746276,0.021992135387541856,0.010607245768523343,0.010416493564548102,0.010535279922286422
1.7,0.03495295955241806,0.04381260084810634,0.02199011610781554,0.010606534510779086,0.010396699850546254,0.01051385260727633
1.702,0.03489189196110343,0.0437701418769707,0.021988097012699104,0.010605823303035722,0.010376943725203702,0.010492468872929095
1.704,0.03483092689488654,0.04372772343407294,0.021986078101093876,0.010605112145162021,0.010357225117464175,0.010471128630600957
1.706,0.03477006423882756,0.043685345489323346,0.021984059371921827,0.010604401037029199,0.010337543956401518,0.010449831791828457
1.708,0.034709303877294095,0.04364300801252785,0.021982040824124915,0.010603689978510245,0.010317900171219474,0.010428578268327993
1.71,0.034648645693974967,0.0436007109733898,0.021980022456665083,0.010602978969480814,0.010298293691250793,0.01040736797199604
1.712,0.0345880895718933,0.043558454341511954,0.021978004268524032,0.010602268009818339,0.010278724445957899,0.010386200814908042
1.714,0.03452763539341963,0.043516238086398484,0.021975986258702118,0.010601557099402692,0.010259192364932002,0.01036507670931841
1.716,0.03446728304028479,0.04347406217745742,0.021973968426219015,0.010600846238115746,0.010239697377893764,0.01034399556766008
1.718,0.034407032393592996,0.04343192658400197,0.021971950770112603,0.010600135425841373,0.01022023941469219,0.010322957302544289
1.72,0.034346883333833844,0.04338983127525298,0.02196993328943897,0.010599424662465662,0.010200818405305068,0.010301961826759909
1.722,0.034286835740895194,0.043347776220340695,0.02196791598327197,0.01059871394787626,0.010181434279838752,0.010281009053273449
1.724,0.03422688949407515,0.04330576138830655,0.021965898850702992,0.010598003281963253,0.010162086968527495,0.010260098895228387
1.726,0.034167044472094066,0.04326378674810494,0.021963881890840753,0.010597292664618285,0.010142776401733666,0.01023923126594517
1.728,0.03410730055310651,0.04322185226860542,0.021961865102810618,0.010596582095735219,0.01012350250994798,0.010218406078920328
1.73,0.03404765761471307,0.0431799579185943,0.021959848485754607,0.010595871575209692,0.010104265223788156,0.01019762324782647
1.732,0.03398811553397141,0.04313810366677595,0.02195783203883117,0.010595161102939121,0.010085064474000038,0.010176882686511846
1.734,0.0339286741874083,0.04309628948177546,0.021955815761214748,0.010594450678822698,0.010065900191456478,0.010156184309000338
1.736,0.03386933345103005,0.043054515332139554,0.021953799652095096,0.01059374030276139,0.010046772307157337,0.01013552802949036
1.738,0.03381009320033446,0.043012781186338556,0.021951783710677963,0.010593029974658164,0.010027680752229928,0.010114913762355071
1.74,0.03375095331032063,0.042971087012768194,0.02194976793618375,0.010592319694417318,0.010008625457927911,0.010094341422141717
1.742,0.03369191365550073,0.04292943277975092,0.02194775232784818,0.01059160946194515,0.00998960635563173,0.010073810923571624
1.744,0.03363297410990995,0.04288781845553791,0.021945736884921185,0.010590899277149735,0.009970623376848176,0.010053322181539537
1.746,0.033574134547116774,0.042846244008310164,0.021943721606667355,0.010590189139940476,0.009951676453210379,0.010032875111113393
1.748,0.0335153948402338,0.04280470940618075,0.021941706492365487,0.010589479050228556,0.009932765516477371,0.010012469627533882
1.75,0.03345675486192756,0.042763214617195455,0.021939691541307704,0.010588769007926935,0.009913890498534084,0.009992105646214222
1.752,0.03339821448442848,0.042721759609335,0.02193767675280034,0.01058805901294968,0.009895051331391125,0.009971783082739716
1.754,0.033339773579540655,0.042680344350516375,0.021935662126162603,0.010587349065212859,0.00987624794718478,0.009951501852867306
1.756,0.033281432018651635,0.04263896880859397,0.02193364766072703,0.010586639164633871,0.009857480278176123,0.009931261872525576
1.758,0.03322318967274218,0.04259763295136154,0.021931633355839253,0.01058592931113167,0.009838748256751906,0.009911063057813863
1.76,0.03316504641239493,0.0425563367465529,0.021929619210857343,0.010585219504626542,0.009820051815423447,0.009890905325002475
1.762,0.03310700210780482,0.042515080161844354,0.021927605225151803,0.010584509745040327,0.009801390886826855,0.009870788590532031
1.764,0.0330490566287871,0.04247386316485491,0.02192559139810557,0.01058380003229642,0.009782765403723026,0.009850712771013015
1.766,0.032991209844787095,0.04243268572314851,0.02192357772911313,0.010583090366319547,0.009764175298996758,0.009830677783225772
1.768,0.03293346162488864,0.04239154780423515,0.021921564217581402,0.010582380747035547,0.009745620505657415,0.009810683544119847
1.77,0.03287581183782318,0.04235044937557175,0.021919550862928405,0.010581671174372032,0.009727100956838042,0.00979072997081376
1.772,0.03281826035197821,0.04230939040456394,0.02191753766458371,0.010580961648257725,0.009708616585795804,0.009770816980594565
1.774,0.032760807035405515,0.04226837085856738,0.021915524621988203,0.010580252168622684,0.009690167325911103,0.009750944490917846
1.776,0.032703451755830226,0.04222739070488868,0.021913511734593438,0.010579542735398295,0.009671753110687797,0.009731112419406829
1.778,0.03264619438065841,0.04218644991078668,0.021911499001862067,0.01057883334851728,0.009653373873753424,0.009711320683852609
1.78,0.03258903477698527,0.042145548443473624,0.021909486423267177,0.01057812400791347,0.009635029548857865,0.00969156920221348
1.782,0.032531972811603804,0.042104686270116876,0.021907473998292293,0.010577414713522248,0.00961672006987424,0.009671857892614488
1.784,0.03247500835101169,0.042063863357839404,0.021905461726431152,0.01057670546527989,0.009598445370798236,0.00965218667334744
1.786,0.032418141261420175,0.0420230796737211,0.021903449607187486,0.010575996263123777,0.009580205385748108,0.009632555462870451
1.788,0.03236137140876072,0.041982335184800545,0.02190143764007524,0.010575287106992848,0.009562000048964236,0.00961296417980706
1.79,0.03230469865869301,0.041941629858075036,0.02189942582461768,0.01057457799682715,0.009543829294808903,0.009593412742946894
1.792,0.03224812287661272,0.04190096366050278,0.021897414160347628,0.01057386893256762,0.009525693057766516,0.009573901071244784
1.794,0.03219164392765839,0.04186033655900334,0.02189540264680745,0.010573159914156527,0.009507591272443161,0.009554429083819871
1.796,0.03213526167671876,0.04181974852045878,0.021893391283548835,0.010572450941537248,0.009489523873566164,0.0095349966999565
1.798,0.03207897598844012,0.041779199511714715,0.021891380070132138,0.01057174201465405,0.009471490795984527,0.009515603839103104
1.8,0.03202278672723269,0.041738689499581705,0.021889369006126813,0.010571033133452312,0.009453491974668049,0.009496250420871544
1.802,0.03196669375727845,0.041698218450835656,0.021887358091110976,0.010570324297878742,0.00943552734470754,0.00947693636503777
1.804,0.03191069694253734,0.041657786332219615,0.02188534732467118,0.010569615507880936,0.009417596841314602,0.009457661591540711
1.806,0.03185479614675413,0.04161739311044377,0.021883336706402634,0.010568906763407382,0.009399700399821187,0.00943842602048206
1.808,0.03179899123346486,0.041577038752187434,0.021881326235908993,0.010568198064407675,0.009381837955679595,0.009419229572126264
1.81,0.03174328206600374,0.041536723224099514,0.021879315912801456,0.01056748941083252,0.009364009444462473,0.009400072166899864
1.812,0.03168766850750937,0.041496446492799155,0.02187730573669966,0.010566780802633513,0.009346214801862374,0.009380953725391494
1.814,0.03163215042093115,0.04145620852487708,0.021875295707231013,0.010566072239763136,0.00932845396369153,0.009361874168350992
1.816,0.031576727669035076,0.041416009286896704,0.021873285824030475,0.010565363722174759,0.009310726865881636,0.009342833416689622
1.818,0.031521400114410625,0.04137584874539457,0.021871276086740776,0.010564655249822863,0.009293033444483845,0.009323831391479631
1.82,0.03146616761947607,0.04133572686688147,0.021869266495011974,0.010563946822662817,0.009275373635668549,0.009304868013953804
1.822,0.031411030046485156,0.0412956436178431,0.021867257048501454,0.01056323844065088,0.009257747375724934,0.00928594320550502
1.824,0.03135598725753219,0.0412555989647414,0.021865247746873706,0.010562530103743972,0.009240154601061201,0.009267056887686254
1.826,0.031301039114558726,0.041215592874014995,0.02186323858980055,0.010561821811900352,0.009222595248203902,0.009248208982209905
1.828,0.031246185479358424,0.041175625312079855,0.02186122957696046,0.010561113565078717,0.00920506925379816,0.00922939941094758
1.83,0.031191426213583284,0.041135696245330644,0.021859220708038807,0.010560405363238656,0.009187576554607224,0.009210628095930096
1.832,0.03113676117874875,0.04109580564014137,0.02185721198272783,0.010559697206340868,0.009170117087512475,0.009191894959346802
1.834,0.031082190236239482,0.041055953462865835,0.02185520340072622,0.010558989094346494,0.009152690789512752,0.009173199923545372
1.836,0.03102771324731446,0.04101613967983897,0.021853194961738875,0.010558281027217786,0.009135297597725023,0.009154542911031127
1.838,0.030973330073112537,0.04097636425737683,0.021851186665477584,0.010557573004917886,0.009117937449383273,0.009135923844467486
1.84,0.03091904057465733,0.04093662716177837,0.021849178511659906,0.010556865027410156,0.009100610281838728,0.009117342646674853
1.842,0.03086484461286254,0.040896928359325235,0.021847170500009616,0.01055615709465929,0.009083316032559852,0.009098799240631061
1.844,0.030810742048537065,0.040857267816283294,0.02184516263025671,0.010555449206630652,0.009066054639131904,0.009080293549470042
1.846,0.030756732742390103,0.040817645498902655,0.021843154902137174,0.010554741363290043,0.009048826039256719,0.00906182549648249
1.848,0.030702816555035817,0.04077806137341877,0.02184114731539233,0.01055403356460416,0.00903163017075248,0.009043395005115196
1.85,0.030648993346998,0.04073851540605311,0.021839139869769708,0.010553325810540581,0.009014466971553947,0.009025001998970605
1.852,0.030595262978715176,0.040699007563014034,0.0218371325650224,0.010552618101067335,0.008997336379711562,0.009006646401806373
1.854,0.03054162531054505,0.040659537810497026,0.021835125400908817,0.010551910436153333,0.008980238333391899,0.008988328137535362
1.856,0.030488080202769607,0.040620106114685584,0.021833118377192706,0.010551202815768157,0.008963172770877215,0.008970047130225423
1.858,0.03043462751559889,0.040580712441751876,0.021831111493643585,0.010550495239882052,0.008946139630565009,0.008951803304098727
1.86,0.030381267109176102,0.04054135675785764,0.021829104750035855,0.010549787708465708,0.008929138850968243,0.008933596583531545
1.862,0.030327998843581838,0.04050203902915439,0.021827098146149027,0.010549080221490703,0.0089121703707149,0.008915426893054024
1.864,0.03027482257883829,0.04046275922178433,0.02182509168176794,0.010548372778929282,0.00889523412854798,0.008897294157349966
1.866,0.030221738174913693,0.04042351730188076,0.021823085356682315,0.010547665380754134,0.008878330063324835,0.008879198301256164
1.868,0.030168745491726323,0.04038431323556879,0.02182107917068654,0.010546958026938835,0.00886145811401784,0.008861139249762395
1.87,0.03011584438914916,0.04034514698896641,0.021819073123580113,0.010546250717457406,0.008844618219713274,0.008843116928011208
1.872,0.030063034727013216,0.04030601852818405,0.021817067215166963,0.010545543452284534,0.008827810319611551,0.008825131261297026
1.874,0.03001031636511242,0.04026692781932595,0.021815061445255912,0.01054483623139535,0.008811034353027214,0.008807182175066819
1.8760000000000001,0.029957689163206513,0.04022787482849077,0.02181305581366022,0.01054412905476565,0.008794290259388493,0.00878926959491877
1.8780000000000001,0.02990515298102614,0.04018885952177165,0.02181105032019759,0.010543421922371898,0.008777577978237083,0.008771393446602493
1.8800000000000001,0.029852707678275747,0.04014988186525725,0.02180904496469016,0.010542714834191003,0.008760897449228144,0.008753553656018598
1.8820000000000001,0.0298003531146378,0.04011094182503183,0.02180703974696452,0.010542007790200536,0.008744248612129635,0.00873575014921868
1.8840000000000001,0.029748089149776558,0.04007203936717629,0.021805034666851242,0.010541300790378516,0.008727631406822756,0.008717982852404438
1.8860000000000001,0.02969591564334162,0.04003317445776822,0.02180302972418513,0.010540593834703627,0.008711045773301507,0.008700251691927896
1.8880000000000001,0.029643832454971486,0.03999434706288252,0.021801024918805423,0.010539886923154995,0.008694491651672243,0.008682556594290958
1.8900000000000001,0.029591839444297108,0.03995555714859256,0.021799020250554912,0.010539180055712194,0.008677968982153894,0.008664897486144962
1.8920000000000001,0.02953993647094566,0.0399168046809697,0.02179701571928061,0.01053847323235546,0.008661477705077525,0.008647274294290241
1.8940000000000001,0.029488123394543653,0.039878089626084634,0.021795011324833302,0.010537766453065478,0.008645017760886109,0.00862968694567634
1.8960000000000001,0.02943640007472026,0.039839411950007175,0.02179300706706777,0.010537059717823372,0.008628589090134309,0.008612135367401352
1.8980000000000001,0.029384766371111315,0.03980077161880713,0.021791002945842575,0.010536353026610934,0.008612191633488475,0.008594619486711474
1.9000000000000001,0.02933322214336176,0.03976216859855475,0.0217889989610196,0.01053564637941018,0.008595825331726648,0.00857713923100123
1.9020000000000001,0.02928176725112941,0.03972360285532117,0.021786995112464735,0.010534939776203789,0.008579490125737665,0.008559694527812356
1.9040000000000001,0.02923040155408807,0.03968507435517887,0.021784991400047415,0.010534233216974664,0.008563185956521613,0.008542285304834474
1.9060000000000001,0.02917912491193042,0.0396465830642021,0.021782987823640187,0.010533526701706597,0.008546912765189152,0.008524911489903975
1.9080000000000001,0.029127937184371566,0.039608128948467325,0.021780984383119595,0.010532820230383377,0.008530670492961967,0.008507573011004022
1.9100000000000001,0.029076838231151703,0.039569711974053456,0.02177898107836529,0.010532113802989462,0.008514459081171877,0.008490269796264549
1.9120000000000001,0.029025827912039004,0.03953133210704296,0.02177697790926003,0.010531407419509753,0.008498278471261056,0.008473001773961597
1.9140000000000001,0.028974906086832952,0.03949298931352141,0.021774974875690134,0.010530701079929594,0.008482128604781591,0.008455768872516867
1.9160000000000001,0.028924072615367002,0.039454683559578596,0.02177297197754524,0.010529994784234775,0.008466009423395704,0.008438571020497942
1.9180000000000001,0.02887332735751169,0.03941641481130853,0.021770969214717883,0.010529288532411307,0.008449920868875083,0.008421408146617626
1.92,0.02882267017317708,0.03937818303480989,0.0217689665871037,0.010528582324445868,0.008433862883100884,0.008404280179733714
1.922,0.028772100922315635,0.03933998819618667,0.02176696409460166,0.010527876160325134,0.008417835408063734,0.008387187048848777
1.924,0.02872161946492513,0.03930183026154843,0.021764961737113175,0.01052717004003667,0.00840183838586328,0.008370128683109712
1.926,0.02867122566105107,0.03926370919701028,0.021762959514543212,0.010526463963568267,0.008385871758707975,0.008353105011807527
1.928,0.028620919370789588,0.039225624968694195,0.0217609574267994,0.010525757930907709,0.008369935468915068,0.008336115964377111
1.93,0.02857070045429011,0.03918757754272839,0.02175895547379203,0.010525051942043673,0.008354029458910173,0.008319161470396796
1.932,0.028520568771757127,0.03914956688524862,0.021756953655434286,0.010524345996965057,0.008338153671227477,0.008302241459588355
1.934,0.02847052418345397,0.03911159296239752,0.021754951971642233,0.010523640095661202,0.008322308048509086,0.008285355861816557
1.936,0.02842056654970415,0.03907365574032573,0.021752950422334605,0.01052293423812145,0.008306492533505239,0.0082685046070885
1.938,0.028370695730894235,0.03903575518519209,0.021750949007432574,0.010522228424335811,0.008290707069073866,0.00825168762555406
1.94,0.028320911587476516,0.038997891263163664,0.02174894772685998,0.010521522654294513,0.008274951598180369,0.008234904847504776
1.942,0.02827121397997079,0.03896006394041662,0.021746946580543325,0.01052081692798823,0.008259226063897618,0.008218156203374294
1.944,0.028221602768967236,0.038922273183136014,0.021744945568411778,0.01052011124540786,0.00824353040940573,0.008201441623737704
1.946,0.028172077815128205,0.038884518957516656,0.021742944690396726,0.01051940560654474,0.008227864577991628,0.008184761039311095
1.948,0.028122638979190873,0.03884680122976292,0.02174094394643178,0.010518700011390436,0.008212228513049258,0.008168114380951996
1.95,0.028073286121969243,0.03880911996608938,0.02173894333645343,0.01051799445993673,0.008196622158079148,0.00815150157965805
1.952,0.028024019104356146,0.038771475132721056,0.0217369428604004,0.010517288952176074,0.008181045456688185,0.008134922566567448
1.954,0.02797483778732568,0.038733866695893626,0.021734942518213396,0.010516583488100917,0.008165498352589395,0.008118377272958499
1.956,0.027925742031935208,0.038696294621853866,0.02173294230983558,0.010515878067703932,0.00814998078960194,0.008101865630249394
1.958,0.027876731699327584,0.03865875887685988,0.021730942235212325,0.010515172690978458,0.008134492711650898,0.008085387569997549
1.96,0.02782780665073248,0.03862125942718153,0.02172894229429123,0.010514467357917834,0.008119034062767039,0.008068943023899822
1.962,0.02777896674746949,0.03858379623910024,0.021726942487021894,0.010513762068515842,0.008103604787086383,0.00805253192379185
1.964,0.027730211850949038,0.038546369278910086,0.02172494281335635,0.010513056822766487,0.008088204828850643,0.00803615420164805
1.966,0.027681541822675237,0.03850897851291735,0.021722943273248196,0.010512351620663996,0.008072834132406115,0.008019809789581389
1.968,0.0276329565242468,0.03847162390744119,0.021720943866653686,0.01051164646220304,0.008057492642204567,0.008003498619842508
1.97,0.027584455817359688,0.03843430542881365,0.02171894459353041,0.010510941347378289,0.008042180302802127,0.007987220624819935
1.972,0.0275360395638089,0.03839702304338011,0.0217169454538384,0.010510236276184859,0.008026897058859728,0.007970975737040087
1.974,0.0274877076254898,0.03835977671749968,0.021714946447539685,0.010509531248618087,0.008011642855142442,0.007954763889166161
1.976,0.027439459864400106,0.03832256641754528,0.02171294757459763,0.010508826264673532,0.007996417636519482,0.007938585013998578
1.978,0.027391296142641908,0.03828539210990378,0.02171094883497804,0.010508121324347197,0.007981221347964196,0.007922439044474539
1.98,0.02734321632242298,0.03824825376097629,0.02170895022864805,0.010507416427635086,0.007966053934553852,0.007906325913667356
1.982,0.027295220266058795,0.03821115133717856,0.02170695175557702,0.010506711574533423,0.007950915341468967,0.007890245554786901
1.984,0.027247307835973844,0.038174084804941444,0.02170495341573586,0.010506006765038878,0.007935805513993754,0.007874197901178492
1.986,0.027199478894703644,0.038137054130710446,0.021702955209097263,0.010505301999148342,0.007920724397515455,0.007858182886323117
1.988,0.027151733304896064,0.03810005928094662,0.02170095713563569,0.010504597276858929,0.007905671937524561,0.00784220044383721
1.99,0.027104070929313107,0.038063100222126334,0.02169895919532716,0.010503892598167752,0.00789064807961437,0.00782625050747221
1.992,0.027056491630832236,0.03802617692074173,0.02169696138814947,0.010503187963072147,0.007875652769480768,0.007810333011114112
1.994,0.02700899527244771,0.037989289343300925,0.02169496371408175,0.010502483371570115,0.00786068595292222,0.007794447888783695
1.996,0.02696158171727281,0.03795243745632848,0.02169296617310512,0.010501778823659436,0.007845747575839335,0.00777859507463563
1.998,0.02691425082854071,0.03791562122636494,0.021690968765201823,0.01050107431933811,0.007830837584235306,0.0077627745029587025
2.0,0.02686700246960605,0.037878840619967935,0.02168897149035609,0.010500369858604808,0.007815955924214801,0.007746986108175369
2.0020000000000002,0.02681983650394626,0.03784209560371132,0.021686974348553267,0.01049966544145775,0.007801102541984184,0.0077312298248415345
2.004,0.026772752795163335,0.03780538614418649,0.021684977339780476,0.010498961067895829,0.007786277383851958,0.00771550558764611
2.0060000000000002,0.026725751206984505,0.03776871220800171,0.021682980464025947,0.010498256737917933,0.007771480396227437,0.0076998133314107875
2.008,0.02667883160326423,0.037732073761783,0.02168098372127969,0.010497552451523395,0.007756711525621407,0.007684152991089821
2.0100000000000002,0.026631993847985536,0.03769547077217372,0.02167898711153282,0.010496848208711329,0.007741970718645685,0.007668524501769802
2.012,0.026585237805260453,0.03765890320583498,0.021676990634778237,0.01049614400948129,0.007727257922012676,0.007652927798669662
2.0140000000000002,0.026538563339332466,0.03762237102944632,0.02167499429100972,0.010495439853833055,0.007712573082535812,0.007637362817139781
2.016,0.02649197031457695,0.03758587420970505,0.021672998080222605,0.010494735741766403,0.0076979161471286695,0.007621829492661991
2.0180000000000002,0.026445458595502735,0.0375494127133269,0.021671002002413564,0.010494031673281334,0.007683287062805411,0.007606327760849574
2.02,0.026399028046753203,0.037512986507046264,0.021669006057580376,0.01049332764837807,0.0076686857766801175,0.007590857557446595
2.0220000000000002,0.026352678533107188,0.03747659555761618,0.02166701024572215,0.010492623667057055,0.00765411223596657,0.007575418818327906
2.024,0.026306409919480744,0.037440239831808775,0.021665014566839336,0.010491919729318955,0.007639566387978913,0.007560011479498918
2.0260000000000002,0.02626022207092804,0.03740391929641507,0.021663019020933705,0.010491215835164436,0.007625048180130323,0.007544635477094941
2.028,0.026214114852642245,0.03736763391824516,0.0216610236080077,0.010490511984594386,0.007610557559933451,0.007529290747381401
2.0300000000000002,0.026168088129956857,0.037331383664128914,0.021659028328065544,0.010489808177609694,0.0075960944750002035,0.007513977226753177
2.032,0.026122141768346596,0.0372951685009153,0.021657033181112118,0.010489104414211692,0.007581658873041519,0.0074986948517346
2.0340000000000003,0.026076275633428736,0.03725898839547348,0.02165503816715364,0.010488400694401712,0.007567250701867145,0.00748344355897923
2.036,0.02603048959096399,0.03722284331469217,0.02165304328619766,0.010487697018181308,0.007552869909385418,0.007468223285269415
2.0380000000000003,0.0259847835068574,0.03718673322548005,0.021651048538252393,0.010486993385552035,0.007538516443603482,0.007453033967515843
2.04,0.025939157247159672,0.037150658094766253,0.021649053923327388,0.01048628979651589,0.007524190252626406,0.007437875542757988
2.0420000000000003,0.025893610678067613,0.03711461788950032,0.02164705944143308,0.010485586251074652,0.0075098912846573995,0.007422747948163
2.044,0.025848143665925694,0.03707861257665179,0.021645065092581017,0.010484882749230318,0.007495619487997818,0.007407651121025927
2.0460000000000003,0.025802756077226707,0.03704264212321107,0.021643070876783854,0.01048417929098533,0.007481374811046493,0.007392584998769491
2.048,0.025757447778612885,0.03700670649618942,0.021641076794054914,0.010483475876341908,0.007467157202300179,0.007377549518943649
2.05,0.025712218636876116,0.03697080566261901,0.021639082844408852,0.010482772505302496,0.007452966610352663,0.007362544619225142
2.052,0.025667068518959946,0.03693493958955285,0.02163708902786121,0.010482069177869757,0.00743880298389521,0.007347570237417722
2.054,0.025621997291959353,0.03689910824406506,0.0216350953444282,0.010481365894046357,0.007424666271716118,0.0073326263114517065
2.056,0.02557700482312253,0.03686331159325151,0.021633101794127363,0.010480662653835182,0.007410556422700276,0.007317712779383534
2.058,0.025532090979850874,0.03682754960422896,0.021631108376976904,0.01047995945723934,0.007396473385829605,0.007302829579395542
2.06,0.025487255629700778,0.03679182224413591,0.0216291150929957,0.01047925630426172,0.007382417110182393,0.007287976649796191
2.062,0.025442498640383393,0.03675612948013263,0.021627121942203953,0.010478553194905649,0.007368387544933297,0.0072731539290189495
2.064,0.02539781987976597,0.03672047127940137,0.021625128924622317,0.010477850129174682,0.007354384639353118,0.007258361355622522
2.066,0.02535321921587297,0.0366848476091457,0.02162313604027255,0.010477147107071927,0.00734040834280858,0.007243598868291068
2.068,0.025308696516886053,0.036649258436591836,0.021621143289177303,0.010476444128601159,0.007326458604762109,0.00722886640583309
2.07,0.02526425165114521,0.036613703728987756,0.021619150671359666,0.01047574119376593,0.007312535374772056,0.007214163907181437
2.072,0.025219884487149624,0.03657818345360386,0.021617158186843843,0.010475038302570017,0.007298638602491803,0.007199491311393524
2.074,0.02517559489355814,0.03654269757773276,0.021615165835654482,0.010474335455017414,0.007284768237670436,0.007184848557650669
2.076,0.025131382739190133,0.036507246068689936,0.02161317361781734,0.010473632651111897,0.007270924230151854,0.007170235585257645
2.078,0.025087247893026188,0.03647182889381306,0.021611181533358836,0.010472929890857685,0.00725710652987499,0.007155652333642903
2.08,0.02504319022420831,0.0364364460204627,0.021609189582306065,0.010472227174258997,0.007243315086873592,0.00714109874235791
2.082,0.024999209602041494,0.036401097416022266,0.02160719776468678,0.01047152450132005,0.007229549851275996,0.0071265747510771416
2.084,0.024955305895993263,0.03636578304789784,0.021605206080529404,0.010470821872045288,0.007215810773304687,0.007112080299597867
2.086,0.024911478975695234,0.0363305028835188,0.021603214529863246,0.01047011928643915,0.007202097803276519,0.007097615327839701
2.088,0.024867728710943116,0.036295256890337635,0.021601223112718282,0.010469416744506077,0.00718841089160227,0.007083179775844606
2.09,0.024824054971697818,0.03626004503582969,0.021599231829124932,0.010468714246250954,0.007174749988786866,0.007068773583776444
2.092,0.024780457628085673,0.036224867287493856,0.021597240679114504,0.010468011791678222,0.007161115045428934,0.007054396691920539
2.094,0.02473693655039888,0.03618972361285233,0.021595249662718752,0.010467309380792988,0.0071475060122203615,0.007040049040684115
2.096,0.024693491609096396,0.03615461397945108,0.021593258779970315,0.010466607013599916,0.007133922839946516,0.00702573057059519
2.098,0.024650122674804376,0.03611953835485915,0.021591268030902278,0.01046590469010411,0.007120365479486024,0.0070114412223030165
2.1,0.02460682961831684,0.03608449670666958,0.02158927741554817,0.010465202410310681,0.007106833881810326,0.0069971809365774185
2.102,0.024563612310595673,0.036049489002498936,0.021587286933942407,0.010464500174224733,0.0070933279979839,0.00698294965430879
2.104,0.02452047062277196,0.036014515209987774,0.02158529658611963,0.010463797981851375,0.007079847779163817,0.006968747316507651
2.106,0.024477404426145766,0.035979575296800625,0.021583306372115363,0.010463095833195935,0.007066393176599739,0.006954573864304425
2.108,0.024434413592186788,0.03594466923062578,0.021581316291965802,0.010462393728263963,0.007052964141633478,0.006940429238949664
2.11,0.02439149799253526,0.035909796979175956,0.02157932634570736,0.01046169166706079,0.007039560625698993,0.006926313381813154
2.112,0.024348657499001947,0.03587495851018763,0.0215773365333769,0.010460989649591967,0.007026182580322393,0.0069122262343837
2.114,0.024305891983568584,0.03584015379142169,0.02157534685501239,0.010460287675863045,0.007012829957121713,0.006898167738269567
2.116,0.02426320131838855,0.035805382790663254,0.021573357310651575,0.010459585745879574,0.006999502707806249,0.006884137835197368
2.118,0.024220585375787085,0.03577064547572184,0.021571367900333316,0.010458883859647328,0.006986200784176999,0.006870136467012511
2.12,0.02417804402826218,0.035735941814431404,0.02156937862409669,0.01045818201717208,0.006972924138126224,0.006856163575678753
2.122,0.024135577148484355,0.035701271774650545,0.021567389481981225,0.010457480218459825,0.006959672721637444,0.006842219103277758
2.124,0.024093184609297547,0.035666635324262286,0.021565400474026886,0.010456778463516336,0.006946446486784996,0.006828302992008872
2.126,0.024050866283719108,0.03563203243117452,0.021563411600274307,0.01045607675234761,0.006933245385734033,0.0068144151841891265
2.128,0.024008622044940475,0.03559746306331957,0.021561422860764567,0.01045537508495964,0.0069200693707403005,0.006800555622253013
2.13,0.023966451766327168,0.035562927188654614,0.021559434255538967,0.010454673461358643,0.006906918394149919,0.006786724248751819
2.132,0.0239243553214199,0.03552842477516194,0.02155744578463925,0.010453971881550617,0.006893792408399602,0.006772921006353849
2.134,0.023882332583933907,0.035493955790848464,0.02155545744810783,0.010453270345541776,0.00688069136601599,0.006759145837844205
2.136,0.023840383427760292,0.03545952020374599,0.021553469245987333,0.01045256885333834,0.006867615219615653,0.0067453986861238935
2.138,0.023798507726965346,0.035425117981911836,0.021551481178321064,0.010451867404946746,0.006854563921905088,0.006731679494210496
2.14,0.023756705355791885,0.03539074909342799,0.021549493245152318,0.010451166000373213,0.0068415374256802775,0.00671798820523728
2.142,0.02371497618865881,0.03535641350640173,0.02154750544652506,0.01045046463962418,0.006828535683826686,0.006704324762453195
2.144,0.023673320100161765,0.035322111188965444,0.021545517782483703,0.010449763322706085,0.006815558649319042,0.006690689109222658
2.146,0.023631736965073147,0.035287842109277046,0.021543530253072873,0.01044906204962559,0.0068026062752211125,0.0066770811890251025
2.148,0.02359022665834276,0.03525360623551954,0.021541542858337426,0.010448360820389135,0.006789678514685926,0.006663500945455203
2.15,0.02354878905509783,0.03521940353590125,0.02153955559832288,0.01044765963500316,0.0067767753209548864,0.006649948322222432
2.152,0.02350742403064321,0.03518523397865603,0.021537568473074975,0.010446958493474545,0.006763896647358436,0.006636423263150393
2.154,0.02346613146046206,0.03515109753204326,0.021535581482639676,0.010446257395809955,0.006751042447315392,0.006622925712177041
2.156,0.023424911220215394,0.03511699416434766,0.021533594627063612,0.010445556342016049,0.0067382126743325,0.006609455613354465
2.158,0.0233837631857432,0.0350829238438799,0.021531607906393413,0.01044485533209949,0.0067254072820048805,0.006596012910848659
2.16,0.023342687233063764,0.035048886538975754,0.02152962132067615,0.01044415436606716,0.006712626224015805,0.006582597548938862
2.162,0.023301683238374782,0.03501488221799698,0.021527634869959122,0.010443453443925943,0.0066998694541360315,0.0065692094720177785
2.164,0.0232607510780527,0.03498091084933086,0.021525648554290067,0.010442752565682722,0.006687136926224246,0.006555848624591354
2.166,0.023219890628653594,0.034946972401390664,0.021523662373716945,0.010442051731344382,0.0066744285942264,0.006542514951278333
2.168,0.023179101766912957,0.03491306684261519,0.021521676328288164,0.010441350940917804,0.0066617444121757075,0.006529208396810038
2.17,0.023138384369746134,0.03487919414146945,0.02151969041805213,0.010440650194410095,0.006649084334192645,0.006515928906030366
2.172,0.02309773831424855,0.03484535426644375,0.02151770464305769,0.010439949491828138,0.006636448314484733,0.006502676423895126
2.174,0.023057163477695708,0.034811547186054836,0.02151571900335414,0.010439248833179038,0.006623836307346309,0.00648945089547226
2.176,0.023016659737543632,0.0347777728688452,0.021513733498990772,0.0104385482184699,0.0066112482671580874,0.006476252265941396
2.178,0.022976226971428426,0.03474403128338355,0.021511748130017105,0.010437847647708054,0.006598684148387601,0.00646308048059363
2.18,0.022935865057166938,0.034710322398264104,0.02150976289648332,0.01043714712090038,0.006586143905588759,0.006449935484831304
2.182,0.02289557387275698,0.03467664618210775,0.021507777798439376,0.010436446638054209,0.006573627493401402,0.006436817224168001
2.184,0.022855353296377334,0.034643002603561124,0.021505792835935678,0.010435746199176643,0.006561134866551299,0.0064237256442281065
2.186,0.022815203206387746,0.03460939163129706,0.02150380800902285,0.010435045804275012,0.006548665979850377,0.0064106606907463615
2.188,0.02277512348132915,0.034575813234014596,0.021501823317751745,0.01043434545335642,0.0065362207881960455,0.006397622309568085
2.19,0.022735113999923895,0.034542267380438973,0.02149983876217343,0.010433645146428194,0.006523799246571427,0.006384610446648509
2.192,0.022695174641075733,0.03450875403932163,0.021497854342339195,0.010432944883497663,0.006511401310044906,0.00637162504805322
2.194,0.022655305283870275,0.03447527317944021,0.02149587005830056,0.010432244664572377,0.006499026933770136,0.006358666059957052
2.196,0.02261550580757432,0.03444182476959878,0.021493885910109256,0.010431544489659439,0.006486676072985587,0.006345733428644529
2.198,0.022575776091636746,0.03440840877862783,0.021491901897817023,0.0104308443587664,0.0064743486830149966,0.0063328271005094194
2.2,0.02253611601568828,0.034375025175384044,0.021489918021476262,0.010430144271900588,0.00646204471926648,0.006319947022054295
2.202,0.022496525459541505,0.03434167392875054,0.021487934281139154,0.010429444229069329,0.006449764137232972,0.0063070931398909735
2.204,0.022457004303191086,0.034308355007636626,0.021485950676858323,0.010428744230280174,0.006437506892491784,0.006294265400739629
2.206,0.02241755242681398,0.03427506838097849,0.021483967208686172,0.010428044275540671,0.006425272940704385,0.006281463751428795
2.208,0.022378169710769225,0.034241814017738514,0.02148198387667577,0.010427344364858149,0.006413062237616396,0.00626868813889514
2.21,0.022338856035598154,0.034208591886905504,0.021480000680880185,0.010426644498240156,0.006400874739057372,0.006255938510183245
2.212,0.0222996112820244,0.03417540195749491,0.021478017621352485,0.010425944675694243,0.0063887104009408,0.006243214812445386
2.214,0.022260435330953898,0.03414224419854861,0.021476034698146185,0.010425244897227959,0.006376569179263436,0.006230516992941304
2.216,0.0222213280634751,0.034109118579135345,0.021474051911314573,0.010424545162848853,0.0063644510301059665,0.006217844999038213
2.218,0.022182289360858753,0.03407602506835006,0.021472069260911386,0.010423845472564253,0.006352355909632124,0.006205198778210352
2.22,0.02214331910455858,0.03404296363531434,0.02147008674699058,0.010423145826382152,0.006340283774088684,0.006192578278038541
2.222,0.022104417176210367,0.03400993424917664,0.02146810436960589,0.010422446224309878,0.006328234579805914,0.00617998344621018
2.224,0.022065583457632876,0.03397693687911185,0.021466122128811715,0.01042174666635498,0.006316208283196234,0.006167414230519475
2.226,0.02202681783082716,0.03394397149432149,0.021464140024662015,0.010421047152525231,0.006304204840755334,0.006154870578866545
2.228,0.021988120177977244,0.03391103806403395,0.02146215805721119,0.010420347682828401,0.006292224209061059,0.006142352439257426
2.23,0.021949490381449444,0.03387813655750427,0.02146017622651386,0.010419648257271819,0.006280266344774077,0.006129859759804068
2.232,0.021910928323792822,0.03384526694401391,0.021458194532624653,0.010418948875863476,0.006268331204636768,0.006117392488723894
2.234,0.021872433887739184,0.03381242919287142,0.021456212975598188,0.010418249538610702,0.006256418745473891,0.006104950574339574
2.236,0.021834006956203078,0.03377962327341222,0.021454231555489534,0.01041755024552149,0.006244528924192139,0.006092533965079028
2.238,0.02179564741228157,0.03374684915499793,0.021452250272353313,0.010416850996603388,0.006232661697779696,0.006080142609474981
2.24,0.021757355139254253,0.033714106807017474,0.021450269126244814,0.010416151791863948,0.0062208170233066795,0.006067776456164742
2.242,0.0217191300205839,0.033681396198886215,0.021448288117219327,0.010415452631311162,0.006208994857924477,0.006055435453890201
2.244,0.02168097193991536,0.03364871730004659,0.02144630724533192,0.01041475351495258,0.006197195158865965,0.006043119551497611
2.246,0.021642880781076235,0.033616070079967475,0.0214443265106381,0.01041405444279575,0.006185417883444844,0.006030828697937141
2.248,0.021604856428076857,0.03358345450814504,0.02144234591319316,0.010413355414848668,0.0061736629890560835,0.006018562842262654
2.25,0.021566898765110087,0.03355087055410211,0.021440365453052834,0.010412656431118883,0.006161930433175478,0.006006321933631931
2.2520000000000002,0.021529007676551304,0.033518318187388374,0.02143838513027263,0.010411957491614388,0.006150220173359422,0.005994105921305781
2.254,0.021491183046958184,0.03348579737758017,0.021436404944908505,0.010411258596342732,0.0061385321672449145,0.0059819147546487095
2.2560000000000002,0.02145342476107115,0.03345330809428115,0.02143442489701597,0.010410559745311687,0.006126866372549333,0.005969748383127804
2.258,0.021415732703812917,0.033420850307121386,0.021432444986650978,0.010409860938528803,0.006115222747070437,0.005957606756312961
2.2600000000000002,0.021378106760288507,0.03338842398575803,0.02143046521386971,0.010409162176002074,0.006103601248685697,0.005945489823876882
2.262,0.021340546815785233,0.03335602909987534,0.021428485578727896,0.01040846345773927,0.006092001835352967,0.005933397535594409
2.2640000000000002,0.021303052755772933,0.033323665619184206,0.021426506081281937,0.010407764783748163,0.006080424465109369,0.005921329841342526
2.266,0.02126562446590352,0.033291333513422616,0.02142452672158779,0.010407066154036304,0.0060688690960721825,0.005909286691100579
2.2680000000000002,0.021228261832010764,0.03325903275235542,0.021422547499701627,0.010406367568611685,0.006057335686437959,0.005897268034948944
2.27,0.02119096474011095,0.03322676330577434,0.021420568415679853,0.010405669027481856,0.006045824194482741,0.005885273823070136
2.2720000000000002,0.021153733076402004,0.033194525143497966,0.02141858946957864,0.010404970530654811,0.0060343345785613955,0.005873304005747926
2.274,0.02111656672726414,0.03316231823537219,0.021416610661454616,0.0104042720781381,0.006022866797108062,0.005861358533366667
2.2760000000000002,0.021079465579258994,0.03313014255126934,0.021414631991363953,0.010403573669939714,0.0060114208086357035,0.00584943735641219
2.278,0.02104242951913049,0.03309799806108926,0.021412653459363273,0.010402875306067205,0.005999996571736332,0.005837540425470911
2.2800000000000002,0.02100545843380397,0.033065884734758466,0.021410675065508977,0.010402176986528344,0.00598859404508012,0.005825667691229608
2.282,0.020968552210386404,0.03303380254223032,0.021408696809857686,0.010401478711331125,0.005977213187415842,0.005813819104475648
2.2840000000000003,0.020931710736166398,0.03300175145348527,0.02140671869246602,0.010400780480483096,0.005965853957570655,0.005801994616096096
2.286,0.020894933898613965,0.03296973143853088,0.021404740713390824,0.01040008229399203,0.005954516314449876,0.005790194177077934
2.2880000000000003,0.02085822158538031,0.032937742467401554,0.021402762872688497,0.010399384151865698,0.005943200217036537,0.00577841773850829
2.29,0.020821573684298267,0.032905784510158576,0.02140078517041566,0.010398686054111872,0.005931905624392053,0.005766665251573322
2.2920000000000003,0.020784990083381416,0.03287385753689054,0.021398807606629378,0.010397988000738323,0.005920632495654887,0.005754936667558663
2.294,0.020748470670824526,0.03284196151771268,0.02139683018138605,0.010397289991752823,0.005909380790041663,0.0057432319378489805
2.2960000000000003,0.020712015335003553,0.03281009642276733,0.021394852894742744,0.010396592027163143,0.005898150466846275,0.005731551013927749
2.298,0.020675623964474976,0.032778262222223686,0.02139287574675608,0.010395894106976833,0.005886941485439667,0.005719893847377255
2.3000000000000003,0.02063929644797624,0.03274645888627825,0.0213908987374829,0.010395196231201886,0.005875753805270056,0.00570826038987815
2.302,0.020603032674425314,0.03271468638515418,0.02138892186698005,0.010394498399845853,0.005864587385862707,0.005696650593209451
2.3040000000000003,0.020566832532920687,0.032682944689101934,0.02138694513530437,0.010393800612916504,0.005853442186819491,0.005685064409248319
2.306,0.020530695912741148,0.032651233768398624,0.021384968542512706,0.010393102870421611,0.005842318167819105,0.005673501789969615
2.308,0.02049462270334579,0.03261955359334845,0.021382992088662123,0.010392405172368724,0.005831215288616853,0.005661962687445898
2.31,0.020458612794373998,0.03258790413428292,0.021381015773809242,0.010391707518765614,0.005820133509044423,0.005650447053847207
2.312,0.020422666075645024,0.03255628536155997,0.02137903959801113,0.010391009909620053,0.005809072789009884,0.005638954841441057
2.314,0.02038678243715797,0.03252469724556484,0.021377063561324627,0.01039031234493959,0.005798033088497023,0.005627486002591775
2.316,0.020350961769092013,0.032493139756709866,0.02137508766380658,0.010389614824732218,0.005787014367566012,0.005616040489760721
2.318,0.020315203961805528,0.03246161286543403,0.02137311190551383,0.010388917349005267,0.005776016586352517,0.005604618255506066
2.32,0.02027950890583674,0.0324301165422034,0.021371136286503223,0.010388219917766506,0.005765039705068142,0.005593219252482351
2.322,0.020243876491902846,0.03239865075751114,0.02136916080683182,0.010387522531023707,0.005754083683999989,0.005581843433440259
2.324,0.020208306610900673,0.032367215481877265,0.02136718546655625,0.010386825188784421,0.00574314848351043,0.00557049075122662
2.326,0.020172799153906018,0.032335810685848676,0.02136521026573357,0.010386127891056418,0.005732234064037112,0.005559161158784409
2.328,0.020137354012173425,0.032304436339999576,0.021363235204420628,0.010385430637847248,0.005721340386092955,0.005547854609152081
2.33,0.020101971077136183,0.03227309241493059,0.021361260282674266,0.010384733429164461,0.005710467410265707,0.00553657105546379
2.332,0.020066650240406547,0.03224177888126989,0.021359285500551328,0.010384036265015828,0.005699615097218169,0.005525310450948728
2.334,0.0200313913937753,0.03221049570967205,0.021357310858108658,0.010383339145408899,0.0056887834076875254,0.005514072748931564
2.336,0.019996194429211078,0.03217924287081875,0.021355336355402876,0.010382642070351222,0.005677972302485568,0.005502857902831559
2.338,0.019961059238861045,0.03214802033541875,0.02135336199249105,0.01038194503985057,0.005667181742498695,0.005491665866163009
2.34,0.019925985715050443,0.03211682807420768,0.021351387769429797,0.010381248053914272,0.005656411688687246,0.005480496592534356
2.342,0.019890973750282148,0.03208566605794805,0.021349413686275742,0.010380551112550096,0.0056456621020859465,0.005469350035648857
2.344,0.01985602323723712,0.03205453425742921,0.021347439743085728,0.010379854215765372,0.005634932943803461,0.005458226149303913
2.346,0.019821134068773283,0.03202343264346763,0.021345465939916375,0.01037915736356787,0.0056242241750223965,0.005447124887390409
2.348,0.019786306137926646,0.031992361186906404,0.021343492276824527,0.010378460555964919,0.005613535756998855,0.005436046203893596
2.35,0.019751539337909962,0.0319613198586155,0.021341518753866806,0.01037776379296429,0.00560286765106266,0.005424990052891765
2.352,0.01971683356211318,0.0319303086294922,0.02133954537109961,0.01037706707457331,0.005592219818617128,0.0054139563885571285
2.354,0.01968218870410321,0.031899327470460204,0.021337572128579563,0.010376370400799528,0.0055815922211384095,0.005402945165154716
2.356,0.019647604657623496,0.031868376352470085,0.021335599026363283,0.010375673771650495,0.005570984820176372,0.005391956337042814
2.358,0.019613081316594227,0.031837455246499724,0.021333626064507394,0.010374977187133538,0.005560397577353715,0.005380989858672303
2.36,0.019578618575111895,0.03180656412355343,0.021331653243068294,0.010374280647256207,0.005549830454365967,0.005370045684587099
2.362,0.019544216327449293,0.03177570295466259,0.021329680562102382,0.01037358415202605,0.005539283412981266,0.0053591237694230465
2.364,0.019509874468055077,0.03174487171088525,0.02132770802166606,0.010372887701450395,0.005528756415040581,0.00534822406790858
2.366,0.019475592891553983,0.03171407036330631,0.021325735621815722,0.01037219129553657,0.0055182494224572665,0.0053373465348642846
2.368,0.019441371492746162,0.03168329888303756,0.021323763362607773,0.010371494934292125,0.005507762397217064,0.005326491125202448
2.37,0.01940721016660718,0.03165255724121763,0.021321791244098387,0.010370798617724608,0.005497295301377658,0.005315657793927064
2.372,0.019373108808288242,0.031621845409011806,0.021319819266343965,0.010370102345841126,0.005486848097069119,0.00530484649613383
2.374,0.01933906731311552,0.03159116335761225,0.02131784742940046,0.010369406118649227,0.005476420746493016,0.005294057187009704
2.376,0.019305085576590164,0.03156051105823776,0.021315875733324274,0.01036870993615624,0.005466013211923304,0.00528328982183246
2.378,0.019271163494388066,0.03152988848213423,0.02131390417817136,0.010368013798369269,0.005455625455704993,0.005272544355971354
2.38,0.01923730096235965,0.03149929560057396,0.0213119327639979,0.010367317705295864,0.005445257440254814,0.005261820744886014
2.382,0.01920349787652964,0.031468732384856146,0.02130996149085984,0.010366621656943353,0.005434909128060994,0.005251118944126887
2.384,0.019169754133097294,0.03143819880630683,0.021307990358813145,0.010365925653319064,0.005424580481683039,0.005240438909334566
2.386,0.019136069628435504,0.03140769483627848,0.021306019367913542,0.0103652296944301,0.005414271463751286,0.005229780596240241
2.388,0.019102444259091023,0.03137722044615043,0.02130404851821721,0.010364533780284013,0.005403982036967125,0.005219143960664807
2.39,0.019068877921784244,0.03134677560732868,0.021302077809779663,0.010363837910887908,0.005393712164103004,0.0052085289585193095
2.392,0.019035370513408978,0.03131636029124607,0.02130010724265685,0.010363142086248889,0.005383461808001755,0.0051979355458042775
2.394,0.01900192193103245,0.03128597446936188,0.02129813681690451,0.010362446306374284,0.005373230931577044,0.005187363678609724
2.396,0.01896853207189464,0.03125561811316224,0.021296166532578154,0.010361750571271422,0.005363019497812926,0.005176813313114925
2.398,0.018935200833408494,0.031225291194159732,0.02129419638973351,0.010361054880947407,0.005352827469763621,0.005166284405588417
2.4,0.018901928113159494,0.03119499368389378,0.021292226388425872,0.010360359235409344,0.005342654810553515,0.005155776912387777
2.402,0.018868713808905646,0.03116472555393024,0.02129025652871097,0.010359663634664562,0.005332501483377161,0.005145290789958956
2.404,0.018835557818577264,0.031134486775861614,0.021288286810644097,0.010358968078719943,0.005322367451499055,0.0051348259948367225
2.406,0.018802460040276303,0.031104277321307272,0.02128631723428054,0.010358272567582816,0.005312252678253193,0.005124382483644441
2.408,0.0187694203722768,0.031074097161912784,0.021284347799675807,0.010357577101260285,0.005302157127043516,0.005113960213093405
2.41,0.01873643871302466,0.031043946269350586,0.02128237850688497,0.010356881679759455,0.005292080761343465,0.00510355913998306
2.412,0.018703514961136758,0.03101382461531954,0.021280409355963092,0.010356186303087433,0.0052820235446955355,0.005093179221200783
2.414,0.018670649015401164,0.03098373217154493,0.021278440346965466,0.010355490971251102,0.005271985440711724,0.005082820413721434
2.416,0.01863784077477737,0.03095366890977891,0.021276471479947157,0.010354795684257567,0.0052619664130730825,0.005072482674607581
2.418,0.018605090138395397,0.030923634801799604,0.02127450275496301,0.010354100442113934,0.005251966425529719,0.0050621659610090575
2.42,0.018572397005555574,0.03089362981941224,0.02127253417206787,0.010353405244827307,0.005241985441900576,0.005051870230162958
2.422,0.018539761275729205,0.030863653934448232,0.021270565731316582,0.010352710092404571,0.005232023426072985,0.005041595439393198
2.424,0.018507182848557235,0.03083370711876543,0.02126859743276399,0.010352014984852609,0.005222080342003332,0.005031341546110513
2.426,0.018474661623850697,0.0308037893442481,0.021266629276464943,0.010351319922178526,0.005212156153716396,0.005021108507812233
2.428,0.018442197501590485,0.030773900582807157,0.02126466126247384,0.010350624904389205,0.005202250825305121,0.005010896282082067
2.43,0.018409790381926694,0.030744040806379935,0.0212626933908453,0.01034992993149153,0.00519236432093062,0.005000704826590319
2.432,0.01837744016517906,0.030714209986929975,0.021260725661633728,0.010349235003492607,0.005182496604822173,0.0049905340990930025
2.434,0.018345146751836294,0.030684408096447235,0.021258758074893747,0.010348540120399097,0.005172647641277006,0.0049803840574322855
2.436,0.018312910042556085,0.030654635106948325,0.021256790630679534,0.010347845282218104,0.005162817394660291,0.004970254659536044
2.438,0.01828072993816443,0.03062489099047605,0.02125482332904549,0.010347150488956292,0.005153005829404478,0.004960145863417642
2.44,0.01824860633965608,0.03059517571909942,0.021252856170045797,0.010346455740620542,0.0051432129100101864,0.00495005762717593
2.442,0.0182165391481941,0.03056548926491387,0.02125088915373441,0.010345761037217738,0.005133438601044871,0.004939989908995024
2.444,0.01818452826510919,0.030535831600041474,0.021248922280165727,0.010345066378754542,0.0051236828671437085,0.004929942667143861
2.446,0.018152573591899923,0.03050620269663007,0.021246955549393487,0.010344371765237836,0.005113945673008713,0.00491991585997642
2.448,0.018120675030232736,0.030476602526854135,0.021244988961471423,0.010343677196674506,0.005104226983409399,0.004909909445931504
2.45,0.018088832481941042,0.030447031062914354,0.021243022516453713,0.010342982673070988,0.005094526763181673,0.004899923383532068
2.452,0.018057045849025677,0.030417488277037608,0.021241056214393872,0.01034228819443439,0.00508484497722872,0.004889957631385888
2.454,0.018025315033654232,0.03038797414147698,0.021239090055345633,0.01034159376077115,0.005075181590519895,0.004880012148184454
2.456,0.017993639938160833,0.03035848862851198,0.02123712403936251,0.01034089937208793,0.005065536568091611,0.004870086892703851
2.458,0.017962020465046136,0.030329031710448318,0.021235158166498236,0.010340205028391614,0.005055909875046449,0.004860181823803433
2.46,0.017930456516977333,0.030299603359617455,0.021233192436806103,0.010339510729688861,0.005046301476553161,0.004850296900426487
2.462,0.017898947996787262,0.030270203548377506,0.021231226850339402,0.010338816475986112,0.005036711337846889,0.004840432081599788
2.464,0.017867494807474626,0.03024083224911256,0.021229261407151423,0.010338122267290029,0.0050271394242287215,0.0048305873264336
2.466,0.017836096852203775,0.030211489434232908,0.021227296107295457,0.010337428103607271,0.0050175857010654745,0.004820762594121009
2.468,0.017804754034304482,0.030182175076174822,0.02122533095082435,0.010336733984944502,0.005008050133790132,0.004810957843938368
2.47,0.017773466257271275,0.030152889147400774,0.021223365937791394,0.01033603991130816,0.0049985326879011804,0.0048011730352448545
2.472,0.017742233424763887,0.030123631620399438,0.021221401068249435,0.010335345882704683,0.004989033328962389,0.004791408127482244
2.474,0.017711055440606582,0.030094402467685466,0.02121943634225154,0.010334651899140734,0.004979552022603473,0.004781663080174692
2.476,0.01767993220878794,0.030065201661799268,0.021217471759850115,0.010333957960622753,0.004970088734518985,0.0047719378529287315
2.478,0.017648863633461076,0.030036029175307677,0.021215507321098226,0.0103332640671574,0.0049606434304687586,0.004762232405433053
2.48,0.017617849618942527,0.030006884980803505,0.021213543026048276,0.010332570218750892,0.004951216076277687,0.004752546697458504
2.482,0.017586890069713146,0.029977769050905545,0.021211578874752668,0.01033187641540989,0.004941806637835722,0.00474288068885742
2.484,0.017555984890416987,0.029948681358258344,0.021209614867264026,0.010331182657140614,0.00493241508109743,0.004733234339564074
2.486,0.017525133985861308,0.029919621875532654,0.021207651003634753,0.010330488943949723,0.004923041372082215,0.004723607609594227
2.488,0.017494337261016568,0.02989059057542498,0.02120568728391703,0.010329795275843434,0.004913685476873875,0.004714000459044909
2.49,0.01746359462101621,0.029861587430658032,0.021203723708163036,0.010329101652828188,0.004904347361620598,0.004704412848094197
2.492,0.017432905971155988,0.029832612413980053,0.021201760276424952,0.0103284080749102,0.00489502699253519,0.004694844737001214
2.494,0.017402271216893972,0.029803665498165488,0.021199796988754738,0.010327714542095912,0.004885724335894404,0.004685296086105906
2.496,0.017371690263850548,0.02977474665601454,0.02119783384520435,0.010327021054391539,0.004876439358038942,0.004675766855829044
2.498,0.01734116301780797,0.029745855860353387,0.021195870845825526,0.01032632761180352,0.004867172025373678,0.004666257006671781
2.5,0.017310689384710143,0.02971699308403375,0.021193907990670002,0.010325634214338075,0.004857922304367435,0.004656766499215426
2.5020000000000002,0.017280269270662396,0.029688158299933542,0.021191945279789515,0.01032494086200142,0.004848690161552316,0.004647295294121889
2.504,0.017249902581931265,0.02965935148095622,0.021189982713235578,0.01032424755479977,0.004839475563524376,0.004637843352132576
2.5060000000000002,0.017219589224944265,0.02963057260003099,0.021188020291059706,0.010323554292739345,0.004830278476942729,0.004628410634069047
2.508,0.017189329106289453,0.029601821630113045,0.021186058013313414,0.01032286107582614,0.004821098868530438,0.004618997100832578
2.5100000000000002,0.017159122132715643,0.029573098544183107,0.021184095880047993,0.010322167904066593,0.004811936705073183,0.004609602713403715
2.512,0.017128968211131745,0.02954440331524788,0.021182133891314514,0.0103214747774667,0.004802791953420149,0.004600227432842718
2.5140000000000002,0.017098867248606764,0.02951573591633938,0.021180172047164048,0.010320781696032677,0.004793664580483137,0.0045908712202886726
2.516,0.017068819152369574,0.029487096320515604,0.021178210347647664,0.010320088659770743,0.00478455455323723,0.004581534036960155
2.5180000000000002,0.01703882382980848,0.029458484500860083,0.021176248792816432,0.010319395668686893,0.004775461838719908,0.004572215844154126
2.52,0.017008881188471214,0.029429900430482325,0.021174287382721202,0.01031870272278712,0.004766386404031486,0.004562916603246592
2.5220000000000002,0.016978991136064492,0.029401344082516934,0.0211723261174126,0.010318009822077423,0.0047573282163346775,0.004553636275691941
2.524,0.016949153580454013,0.029372815430124266,0.02117036499694147,0.010317316966564016,0.0047482872428545875,0.004544374823022945
2.5260000000000002,0.016919368429664017,0.02934431444649066,0.021168404021358223,0.010316624156252896,0.004739263450878717,0.004535132206850756
2.528,0.016889635591877283,0.029315841104827545,0.02116644319071348,0.010315931391149835,0.004730256807756517,0.004525908388864686
2.5300000000000002,0.016859954975434466,0.029287395378372327,0.021164482505057425,0.010315238671261051,0.00472126728089961,0.00451670333083154
2.532,0.016830326488834313,0.029258977240387507,0.021162521964440684,0.010314545996592317,0.00471229483778135,0.0045075169945965055
2.5340000000000003,0.016800750040733226,0.02923058666416134,0.021160561568913216,0.010313853367149628,0.004703339445937038,0.00449834934208182
2.536,0.016771225539945034,0.029202223623007617,0.021158601318525205,0.01031316078293898,0.004694401072963705,0.0044892003352874355
2.5380000000000003,0.016741752895440776,0.029173888090265665,0.02115664121332661,0.010312468243966144,0.004685479686519889,0.004480069936290576
2.54,0.016712332016348697,0.0291455800392999,0.02115468125336739,0.010311775750237118,0.004676575254325632,0.004470958107245515
2.5420000000000003,0.01668296281195336,0.0291172994435005,0.021152721438697508,0.010311083301757451,0.004667687744162263,0.004461864810383354
2.544,0.016653645191695876,0.029089046276282948,0.021150761769366477,0.010310390898533361,0.004658817123872172,0.004452790008012464
2.5460000000000003,0.01662437906517389,0.029060820511088048,0.02114880224542426,0.0103096985405704,0.004649963361358811,0.004443733662517602
2.548,0.016595164342140922,0.029032622121382134,0.021146842866920146,0.01030900622787434,0.004641126424586917,0.004434695736359906
2.5500000000000003,0.016566000932506375,0.029004451080656857,0.021144883633903655,0.010308313960451176,0.004632306281582066,0.0044256761920768994
2.552,0.016536888746335077,0.028976307362429177,0.021142924546424302,0.01030762173830646,0.004623502900430232,0.00441667499228271
2.5540000000000003,0.016507827693847066,0.028948190940241147,0.02114096560453116,0.010306929561445966,0.00461471624927845,0.00440769209966696
2.556,0.016478817685417813,0.02892010178766058,0.02113900680827352,0.010306237429875464,0.004605946296333929,0.004398727476995434
2.5580000000000003,0.01644985863157733,0.02889203987828015,0.021137048157700455,0.010305545343600508,0.0045971930098644975,0.004389781087109412
2.56,0.016420950443010174,0.028864005185718078,0.021135089652860817,0.01030485330262687,0.004588456358198156,0.004380852892926113
2.562,0.016392093030555444,0.028835997683617443,0.021133131293803675,0.010304161306960102,0.0045797363097233035,0.004371942857438027
2.564,0.01636328630520656,0.028808017345647086,0.02113117308057766,0.010303469356605754,0.004571032832888067,0.004363050943712921
2.566,0.016334530178110374,0.028780064145500495,0.021129215013231617,0.0103027774515696,0.004562345896200748,0.004354177114893609
2.568,0.01630582456056784,0.028752138056896692,0.021127257091814178,0.01030208559185719,0.004553675468229157,0.004345321334197738
2.57,0.016277169364032895,0.02872423905357957,0.021125299316373747,0.010301393777474077,0.004545021517601278,0.004336483564918003
2.572,0.016248564500112916,0.028696367109318555,0.02112334168695873,0.01030070200842581,0.004536384013004602,0.004327663770421708
2.574,0.016220009880568043,0.02866852219790772,0.021121384203617533,0.010300010284717942,0.004527762923185907,0.004318861914150762
2.576,0.016191505417311403,0.028640704293166452,0.02111942686639834,0.0102993186063558,0.00451915821695148,0.004310077959621017
2.578,0.016163051022408448,0.028612913368939452,0.02111746967534911,0.010298626973344938,0.004510569863166891,0.004301311870423152
2.58,0.01613464660807673,0.028585149399096066,0.02111551263051803,0.010297935385690904,0.0045019978307567765,0.004292563610221345
2.582,0.016106292086685903,0.02855741235753073,0.02111355573195306,0.01029724384339925,0.004493442088704835,0.0042838331427539345
2.584,0.016077987370757274,0.028529702218162978,0.021111598979702162,0.010296552346475085,0.004484902606053609,0.004275120431832757
2.586,0.01604973237296381,0.028502018954937647,0.021109642373812854,0.010295860894923958,0.004476379351904702,0.004266425441343813
2.588,0.016021527006129688,0.028474362541824005,0.021107685914332874,0.010295169488751421,0.00446787229541834,0.004257748135245931
2.59,0.015993371183230076,0.02844673295281641,0.021105729601309742,0.01029447812796258,0.004459381405813367,0.004249088477571661
2.592,0.015965264817391134,0.028419130161934314,0.021103773434790973,0.010293786812562988,0.004450906652367026,0.004240446432426381
2.594,0.015937207821889343,0.028391554143222253,0.021101817414823865,0.01029309554255775,0.004442448004414734,0.004231821963988969
2.596,0.01590920011015151,0.028364004870749193,0.02109986154145571,0.010292404317952197,0.0044340054313507515,0.004223215036510464
2.598,0.01588124159575477,0.02833648231860897,0.021097905814733586,0.010291713138751657,0.004425578902626848,0.004214625614315182
2.6,0.015853332192425906,0.028308986460920726,0.021095950234704564,0.010291022004961459,0.00441716838775319,0.0042060536617998245
2.602,0.01582547181404137,0.02828151727182804,0.021093994801415716,0.01029033091658671,0.004408773856297898,0.004197499143433481
2.604,0.015797660374627043,0.028254074725499567,0.021092039514913896,0.010289639873632739,0.004400395277886826,0.004188962023757403
2.606,0.0157698977883578,0.0282266587961284,0.021090084375245732,0.010288948876104653,0.004392032622203557,0.0041804422673852315
2.608,0.015742183969557733,0.02819926945793272,0.021088129382458076,0.01028825792400756,0.004383685858989184,0.0041719398390023255
2.61,0.015714518832699254,0.028171906685155124,0.021086174536597335,0.010287567017346788,0.00437535495804231,0.0041634547033659874
2.612,0.015686902292403104,0.02814457045206331,0.02108421983771014,0.010286876156127445,0.004367039889219049,0.004154986825305018
2.614,0.015659334263438796,0.0281172607329494,0.021082265285842894,0.010286185340354637,0.0043587406224328,0.004146536169720161
2.616,0.015631814660723276,0.02808997750213038,0.021080310881041786,0.010285494570033249,0.004350457127654028,0.004138102701583213
2.618,0.015604343399321374,0.028062720733947666,0.021078356623353,0.01028480384516861,0.004342189374910266,0.004129686385937026
2.62,0.01557692039444536,0.028035490402767316,0.021076402512822723,0.010284113165765607,0.004333937334285887,0.004121287187896172
2.622,0.015549545561454936,0.02800828648298026,0.021074448549496916,0.010283422531829345,0.004325700975922331,0.004112905072645612
2.624,0.015522218815856581,0.027981108949001854,0.021072494733421543,0.010282731943364931,0.0043174802700176595,0.0041045400054413594
2.626,0.015494940073303765,0.027953957775272098,0.021070541064642345,0.010282041400377251,0.0043092751868265555,0.00409619195161004
2.628,0.015467709249596284,0.02792683293625542,0.021068587543204842,0.01028135090287119,0.004301085696660323,0.004087860876548888
2.63,0.015440526260680265,0.02789973440644067,0.021066634169154774,0.010280660450851853,0.004292911769886665,0.004079546745725304
2.632,0.01541339102264816,0.027872662160341566,0.021064680942537883,0.010279970044324127,0.00428475337692924,0.004071249524677301
2.634,0.01538630345173786,0.027845616172496257,0.021062727863399244,0.010279279683292897,0.004276610488268329,0.00406296917901261
2.636,0.01535926346433314,0.02781859641746709,0.021060774931784376,0.010278589367763047,0.004268483074440388,0.004054705674408909
2.638,0.015332270976962992,0.027791602869840837,0.021058822147738354,0.010277899097739462,0.004260371106037386,0.004046458976614042
2.64,0.015305325906301626,0.02776463550422914,0.021056869511306475,0.010277208873227028,0.004252274553707469,0.00403822905144513
2.642,0.015278428169168023,0.027737694295267623,0.021054917022533592,0.01027651869423063,0.004244193388154294,0.004030015864789016
2.644,0.01525157768252594,0.027710779217616333,0.02105296468146456,0.01027582856075493,0.004236127580137694,0.004021819382602043
2.646,0.015224774363483462,0.027683890245959963,0.02105101248814445,0.010275138472804812,0.0042280771004725715,0.004013639570909389
2.648,0.015198018129292779,0.02765702735500719,0.021049060442617895,0.010274448430384941,0.00422004192002956,0.004005476395805729
2.65,0.01517130889735041,0.027630190519491116,0.021047108544929527,0.010273758433500202,0.004212022009734362,0.003997329823454576
2.652,0.015144646585196098,0.027603379714169485,0.021045156795123754,0.010273068482155256,0.004204017340568411,0.003989199820088274
2.654,0.015118031110513463,0.027576594913823804,0.021043205193244985,0.010272378576354768,0.004196027883567766,0.003981086352007557
2.656,0.015091462391129129,0.027549836093260005,0.02104125373933785,0.010271688716103622,0.004188053609823772,0.003972989385582215
2.658,0.015064940345012712,0.027523103227308443,0.021039302433446316,0.010270998901406259,0.004180094490482622,0.003964908887250207
2.66,0.015038464890276826,0.027496396290823455,0.02103735127561479,0.010270309132267341,0.004172150496745575,0.003956844823517436
2.662,0.015012035945176416,0.02746971525868358,0.021035400265887017,0.010269619408691755,0.00416422159986829,0.003948797160958417
2.664,0.01498565342810898,0.027443060105791783,0.02103344940430718,0.01026892973068394,0.004156307771161272,0.00394076586621539
2.666,0.014959317257613902,0.02741643080707501,0.021031498690919026,0.010268240098248338,0.0041484089819892045,0.003932750905998539
2.668,0.01493302735237223,0.027389827337484185,0.021029548125766295,0.010267550511389612,0.004140525203771617,0.00392475224708555
2.67,0.014906783631207121,0.02736324967199444,0.02102759770889273,0.010266860970112424,0.004132656407982216,0.003916769856322055
2.672,0.01488058601308273,0.027336697785605102,0.021025647440341855,0.010266171474421215,0.0041248025661486665,0.003908803700620744
2.674,0.014854434417104434,0.027310171653339488,0.021023697320157186,0.010265482024320427,0.004116963649853034,0.0039008537469618076
2.676,0.014828328762518606,0.02728367125024489,0.021021747348382025,0.010264792619814722,0.004109139630731118,0.0038929199623924937
2.678,0.014802268968712395,0.027257196551392804,0.021019797525059447,0.010264103260908541,0.004101330480472898,0.0038850023140273304
2.68,0.014776254955213064,0.027230747531878485,0.021017847850232974,0.010263413947606326,0.004093536170822087,0.003877100769047237
2.682,0.014750286641688426,0.027204324166821392,0.02101589832394546,0.010262724679912294,0.004085756673575913,0.003869215294700412
2.684,0.014724363947946184,0.02717792643136474,0.02101394894623998,0.010262035457831109,0.0040779919605853365,0.003861345858301224
2.686,0.014698486793933707,0.02715155430067573,0.02101199971715939,0.01026134628136699,0.004070242003754609,0.0038534924272308757
2.688,0.014672655099737808,0.027125207749945535,0.021010050636746547,0.010260657150524377,0.004062506775041719,0.0038456549689367403
2.69,0.014646868785584966,0.027098886754389095,0.02100810170504408,0.010259968065307712,0.004054786246457498,0.0038378334509323597
2.692,0.014621127771840436,0.02707259128924555,0.0210061529220944,0.010259279025721213,0.004047080390066515,0.0038300278407972232
2.694,0.014595431979008477,0.027046321329777356,0.021004204287940142,0.010258590031769321,0.004039389177985964,0.0038222381061772115
2.696,0.014569781327731679,0.02702007685127139,0.021002255802623937,0.010257901083456256,0.004031712582386104,0.0038144642147837082
2.698,0.014544175738791187,0.02699385782903785,0.02100030746618775,0.010257212180786235,0.004024050575490268,0.0038067061343936004
2.7,0.01451861513310626,0.026967664238410904,0.020998359278673995,0.0102565233237637,0.0040164031295744085,0.003798963832849722
2.702,0.014493099431734269,0.026941496054748715,0.020996411240124635,0.010255834512392648,0.004008770216967106,0.003791237278059967
2.704,0.014467628555870027,0.02691535325343275,0.02099446335058186,0.010255145746677297,0.004001151810049786,0.0037835264379975087
2.706,0.014442202426845796,0.02688923580986846,0.020992515610087414,0.010254457026622088,0.003993547881256054,0.0037758312807010252
2.708,0.014416820966131283,0.02686314369948506,0.020990568018683264,0.010253768352231019,0.003985958403072143,0.003768151774273809
2.71,0.014391484095332974,0.026837076897735068,0.020988620576411154,0.010253079723508307,0.003978383348036463,0.0037604878868842118
2.712,0.014366191736194134,0.026811035380095216,0.020986673283312607,0.01025239114045795,0.003970822688739384,0.003752839586765422
2.714,0.014340943810594808,0.026785019122065323,0.020984726139429144,0.010251702603084167,0.0039632763978236785,0.003745206842214799
2.716,0.014315740240550934,0.02675902809916919,0.020982779144802288,0.010251014111391177,0.0039557444479840775,0.0037375896215947613
2.718,0.014290580948215004,0.026733062286953935,0.02098083229947334,0.010250325665382976,0.003948226811967048,0.0037299878933316766
2.72,0.014265465855875181,0.02670712166099065,0.020978885603483377,0.01024963726506356,0.003940723462571016,0.003722401625916305
2.722,0.014240394885955299,0.02668120619687353,0.0209769390568737,0.010248948910436928,0.003933234372645922,0.003714830787903356
2.724,0.014215367961014413,0.02665531587022052,0.020974992659685388,0.010248260601507297,0.003925759515093441,0.0037072753479114873
2.726,0.014190385003746808,0.026629450656673104,0.020973046411959517,0.010247572338278443,0.003918298862866543,0.003699735274623528
2.728,0.01416544593698199,0.026603610531896305,0.020971100313736724,0.010246884120754585,0.00391085238896971,0.0036922105367855895
2.73,0.014140550683683806,0.026577795471578236,0.020969154365057863,0.010246195948939496,0.003903420066458718,0.0036847011032075105
2.732,0.014115699166950879,0.026552005451430993,0.02096720856596379,0.010245507822837174,0.003896001868440635,0.003677206942762412
2.734,0.014090891310016174,0.026526240447189542,0.02096526291649492,0.010244819742451616,0.0038885977680735984,0.003669728024387142
2.736,0.014066127036246323,0.026500500434612828,0.020963317416691662,0.010244131707786597,0.0038812077385668164,0.0036622643170811653
2.738,0.014041406269142298,0.02647478538948267,0.02096137206659443,0.010243443718846112,0.0038738317531801236,0.0036548157899074507
2.74,0.014016728932338296,0.02644909528760442,0.020959426866243636,0.010242755775633938,0.0038664697852242025,0.0036473824119918064
2.742,0.013992094949601741,0.026423430104806744,0.02095748181567947,0.01024206787815407,0.003859121808060806,0.0036399641525226567
2.744,0.013967504244833728,0.026397789816941852,0.020955536914941897,0.010241380026410285,0.0038517877951020907,0.003632560980751043
2.746,0.013942956742067913,0.026372174399884818,0.02095359216407111,0.010240692220406356,0.003844467719810618,0.0036251728659908444
2.748,0.013918452365470735,0.026346583829534476,0.020951647563106857,0.010240004460146057,0.0038371615556995753,0.0036177997776181137
2.75,0.013893991039341191,0.02632101808181253,0.020949703112089102,0.010239316745633165,0.0038298692763323317,0.0036104416850715193
2.7520000000000002,0.013869572688110399,0.026295477132664002,0.020947758811057593,0.010238629076871453,0.0038225908553226606,0.0036030985578514585
2.754,0.013845197236341589,0.026269960958057226,0.020945814660051854,0.010237941453864696,0.0038153262663342957,0.003595770365520501
2.7560000000000002,0.013820864608729666,0.026244469533983628,0.020943870659111408,0.01023725387661667,0.0038080754830811525,0.0035884570777031666
2.758,0.01379657473010143,0.02621900283645795,0.02094192680827578,0.010236566345130926,0.0038008384793268846,0.003581158664085704
2.7600000000000002,0.013772327525414685,0.026193560841517805,0.02093998310758427,0.01023587885941124,0.0037936152288853275,0.0035738750944163122
2.762,0.013748122919758687,0.02616814352522412,0.020938039557076182,0.010235191419461165,0.003786405705619833,0.0035666063385042523
2.7640000000000002,0.013723960838353477,0.026142750863660913,0.020936096156790596,0.010234504025284474,0.0037792098834434906,0.003559352366220292
2.766,0.013699841206549657,0.0261173828329353,0.02093415290676659,0.010233816676884722,0.003772027736319128,0.003552113147496927
2.7680000000000002,0.013675763949828612,0.02609203940917726,0.020932209807043245,0.01023312937426546,0.0037648592382586443,0.0035448886523272716
2.77,0.013651728993801848,0.02606672056854009,0.02093026685765942,0.010232442117430463,0.0037577043633236773,0.003537678850765724
2.7720000000000002,0.013627736264210766,0.026041426287199743,0.020928324058653747,0.010231754906383062,0.003750563085625158,0.0035304837129273015
2.774,0.013603785686926662,0.026016156541355695,0.020926381410065087,0.010231067741127031,0.003743435379322868,0.0035233032089883043
2.7760000000000002,0.013579877187950506,0.025990911307229858,0.020924438911932075,0.010230380621665702,0.003736321218626104,0.0035161373091854298
2.778,0.013556010693412501,0.025965690561067456,0.020922496564293125,0.01022969354800285,0.003729220577793013,0.003508985983815771
2.7800000000000002,0.013532186129572299,0.025940494279136583,0.020920554367186872,0.010229006520141803,0.00372213343113037,0.0035018492032370396
2.782,0.013508403422818116,0.025915322437727983,0.020918612320651286,0.010228319538086117,0.003715059752994243,0.003494726937867121
2.7840000000000003,0.013484662499667177,0.025890175013155492,0.020916670424725003,0.01022763260183912,0.003707999517789329,0.0034876191581840743
2.786,0.01346096328676527,0.025865051981756038,0.02091472867944577,0.010226945711404367,0.0037009526999687292,0.0034805258347261336
2.7880000000000003,0.013437305710886083,0.025839953319888975,0.020912787084852003,0.010226258866785187,0.003693919274034174,0.0034734469380912625
2.79,0.013413689698931641,0.02581487900393653,0.020910845640981446,0.010225572067984912,0.0036868992145360213,0.0034663824389373765
2.7920000000000003,0.01339011517793165,0.025789829010304022,0.02090890434787185,0.010224885315007093,0.003679892496072812,0.0034593323079818994
2.794,0.01336658207504371,0.025764803315419416,0.02090696320556118,0.010224198607855062,0.003672899093291271,0.0034522965160019847
2.7960000000000003,0.01334309031755243,0.025739801895733327,0.020905022214087188,0.010223511946532149,0.003665918980886529,0.003445275033834072
2.798,0.0133196398328701,0.025714824727719465,0.020903081373487176,0.010222825331041685,0.0036589521336019004,0.003438267832374109
2.8000000000000003,0.01329623054853557,0.02568987178787374,0.02090114068379889,0.010222138761387,0.0036519985262282173,0.0034312748825771067
2.802,0.013272862392214702,0.02566494305271494,0.020899200145059638,0.010221452237571427,0.003645058133604717,0.0034242961554571405
2.8040000000000003,0.013249535291699921,0.025640038498784934,0.02089725975730672,0.010220765759598294,0.0036381309306181553,0.0034173316220873495
2.806,0.013226249174909777,0.025615158102647584,0.020895319520577438,0.01022007932747071,0.0036312168922030263,0.0034103812535994926
2.8080000000000003,0.01320300396988916,0.02559030184088984,0.020893379434908876,0.010219392941192007,0.0036243159933417868,0.0034034450211843925
2.81,0.01317979960480864,0.02556546969012108,0.020891439500338116,0.010218706600765293,0.0036174282090639664,0.0033965228960910476
2.8120000000000003,0.013156636007964462,0.02554066162697355,0.020889499716902016,0.010218020306193898,0.003610553514446835,0.003389614849627076
2.814,0.013133513107778771,0.025515877628101702,0.020887560084637657,0.010217334057480931,0.0036036918846147348,0.003382720853158716
2.816,0.013110430832798281,0.02549111767018264,0.02088562060358168,0.010216647854629723,0.003596843294739749,0.003375840878110159
2.818,0.01308738911169538,0.02546638172991611,0.020883681273770716,0.010215961697643383,0.003590007720040811,0.003368974895963772
2.82,0.013064387873267025,0.02544166978402429,0.020881742095241407,0.010215275586524797,0.0035831851357839284,0.0033621228782598767
2.822,0.013041427046434517,0.025416981809251782,0.020879803068030167,0.010214589521277295,0.003576375517282182,0.003355284796596747
2.824,0.013018506560243948,0.025392317782365836,0.020877864192173412,0.010213903501903987,0.003569578839895504,0.0033484606226306113
2.826,0.01299562634386553,0.02536767768015591,0.020875925467707557,0.01021321752840798,0.0035627950790309004,0.0033416503280749854
2.828,0.012972786326593377,0.025343061479434104,0.020873986894668795,0.010212531600792163,0.003556024210142006,0.0033348538847011167
2.83,0.012949986437845507,0.02531846915703473,0.020872048473093097,0.010211845719059642,0.003549266208728863,0.00332807126433754
2.832,0.012927226607163167,0.02529390068981452,0.020870110203016656,0.010211159883213528,0.0035425210503381432,0.0033213024388702994
2.834,0.012904506764211288,0.02526935605465286,0.020868172084475445,0.010210474093256927,0.00353578871056337,0.003314547380242505
2.836,0.012881826838777588,0.025244835228451112,0.020866234117505433,0.010209788349192728,0.0035290691650438077,0.0033078060604543325
2.838,0.012859186760773023,0.025220338188133073,0.02086429630214237,0.010209102651023816,0.003522362389465572,0.0033010784515628
2.84,0.012836586460231114,0.02519586491064474,0.020862358638421785,0.0102084169987533,0.003515668359560742,0.003294364525681992
2.842,0.012814025867307954,0.025171415372954753,0.020860421126379425,0.010207731392383845,0.0035089870511075816,0.003287664254982392
2.844,0.01279150491228176,0.025146989552053522,0.020858483766050595,0.010207045831918782,0.0035023184399303187,0.003280977611691549
2.846,0.01276902352555287,0.02512258742495388,0.020856546557471045,0.010206360317360774,0.003495662501899144,0.003274304568092967
2.848,0.01274658163764375,0.025098208968691083,0.020854609500675858,0.01020567484871271,0.003489019212930211,0.0032676450965267723
2.85,0.012724179179198103,0.025073854160322373,0.02085267259570034,0.010204989425977473,0.0034823885489851936,0.003260999169389489
2.852,0.01270181608098131,0.025049522976927197,0.02085073584257957,0.010204304049157953,0.0034757704860715055,0.003254366759133598
2.854,0.01267949227388021,0.02502521539560698,0.02084879924134886,0.010203618718257035,0.0034691650002425245,0.003247747838267534
2.856,0.012657207688902217,0.02500093139348558,0.020846862792043064,0.010202933433277384,0.003462572067596703,0.00324114237935591
2.858,0.012634962257175752,0.024976670947708834,0.020844926494697047,0.010202248194221886,0.003455991664278013,0.0032345503550188504
2.86,0.012612755909950035,0.02495243403544478,0.02084299034934567,0.010201563001093428,0.0034494237664757232,0.0032279717379324335
2.862,0.01259058857859463,0.024928220633883225,0.02084105435602357,0.010200877853894674,0.0034428683504246216,0.003221406500828028
2.864,0.012568460194599007,0.02490403072023617,0.020839118514765387,0.01020019275262829,0.003436325392404349,0.003214854616492735
2.866,0.012546370689572983,0.024879864271737828,0.020837182825605538,0.010199507697297161,0.003429794868739844,0.003208316057768945
2.868,0.012524319995246058,0.02485572126564417,0.020835247288578662,0.010198822687903952,0.003423276755800897,0.003201790797554116
2.87,0.012502308043467192,0.024831601679233373,0.020833311903719176,0.01019813772445155,0.0034167710300021525,0.0031952788088009942
2.872,0.012480334766204804,0.02480750548980537,0.020831376671061275,0.010197452806942398,0.0034102776678033297,0.0031887800645171716
2.874,0.012458400095546551,0.024783432674682082,0.020829441590639153,0.010196767935379158,0.0034037966457085567,0.0031822945377653067
2.876,0.012436503963698886,0.02475938321120741,0.020827506662487005,0.01019608310976472,0.0033973279402668144,0.0031758222016626814
2.878,0.012414646302987276,0.024735357076747233,0.020825571886638805,0.010195398330101524,0.003390871528071493,0.0031693630293816444
2.88,0.012392827045855537,0.024711354248688977,0.020823637263128303,0.010194713596392235,0.0033844273857608353,0.0031629169941485014
2.882,0.012371046124865837,0.024687374704442266,0.02082170279198947,0.010194028908639519,0.0033779954900170495,0.003156484069244625
2.884,0.012349303472698692,0.02466341842143871,0.020819768473256284,0.010193344266845816,0.003371575817566752,0.0031500642280051228
2.886,0.012327599022152302,0.02463948537713123,0.020817834306962046,0.010192659671013793,0.003365168345180969,0.003143657443819947
2.888,0.012305932706142775,0.02461557554899474,0.020815900293140732,0.010191975121145891,0.0033587730496746904,0.0031372636901325635
2.89,0.012284304457703676,0.024591688914526122,0.020813966431825648,0.010191290617244775,0.003352389907907094,0.00313088294044106
2.892,0.012262714209986036,0.02456782545124403,0.0208120327230501,0.010190606159312887,0.003346018896781322,0.0031245151682970373
2.894,0.012241161896257902,0.02454398513668843,0.020810099166847618,0.010189921747352892,0.0033396599932442594,0.0031181603473058317
2.896,0.012219647449904114,0.02452016794842149,0.020808165763251285,0.010189237381367011,0.003333313174286756,0.0031118184511267355
2.898,0.012198170804426534,0.0244963738640267,0.02080623251229441,0.010188553061357908,0.0033269784169434047,0.003105489453472332
2.9,0.012176731893443371,0.024472602861109527,0.020804299414009852,0.010187868787328025,0.0033206556982920965,0.0030991733281091616
2.902,0.012155330650689189,0.02444885491729698,0.0208023664684307,0.010187184559279805,0.0033143449954546877,0.0030928700488563887
2.904,0.012133967010014679,0.024425130010237606,0.020800433675590035,0.010186500377215468,0.0033080462855965553,0.003086579589587135
2.906,0.01211264090538644,0.024401428117601487,0.0207985010355205,0.01018581624113768,0.003301759545925931,0.0030803019242271468
2.908,0.01209135227088698,0.02437774921708069,0.020796568548254735,0.01018513215104866,0.0032954847536950105,0.0030740370267554606
2.91,0.012070101040714043,0.0243540932863886,0.0207946362138256,0.01018444810695085,0.0032892218861988454,0.00306778487120396
2.912,0.012048887149180842,0.024330460303259915,0.02079270403226552,0.010183764108846693,0.003282970920775563,0.0030615454316573754
2.914,0.012027710530715607,0.024306850245451317,0.020790772003607128,0.010183080156738411,0.003276731834806812,0.003055318682253061
2.916,0.012006571119861587,0.024283263090740803,0.020788840127882846,0.010182396250628223,0.003270504605716651,0.003049104597180996
2.918,0.011985468851276826,0.02425969881692791,0.02078690840512487,0.010181712390518571,0.0032642892109724375,0.0030429031506840065
2.92,0.011964403659733724,0.02423615740183349,0.0207849768353654,0.010181028576411899,0.00325808562808394,0.0030367143170566546
2.922,0.011943375480119256,0.024212638823299937,0.020783045418636625,0.010180344808310204,0.0032518938346042248,0.003030538070646349
2.924,0.011922384247434303,0.024189143059190954,0.020781114154970526,0.01017966108621593,0.0032457138081287695,0.0030243743858522354
2.926,0.011901429896793658,0.02416567008739201,0.020779183044399074,0.010178977410131296,0.003239545526295462,0.003018223237125861
2.928,0.011880512363426021,0.024142219885809446,0.020777252086954245,0.0101782937800583,0.0032333889667848226,0.0030120845989707323
2.93,0.011859631582673558,0.024118792432371583,0.020775321282668013,0.010177610195999387,0.003227244107319782,0.00300595844594187
2.932,0.011838787489991898,0.024095387705027616,0.02077339063157191,0.010176926657956775,0.00322111092566546,0.0029998447526464744
2.934,0.01181798002094947,0.024072005681748054,0.02077146013369746,0.010176243165932464,0.0032149893996296086,0.0029937434937430396
2.936,0.011797209111227946,0.02404864634052495,0.020769529789076424,0.010175559719928895,0.0032088795070617238,0.002987654643941795
2.938,0.011776474696621797,0.024025309659371663,0.020767599597740327,0.010174876319948067,0.0032027812258537125,0.0029815781780042627
2.94,0.011755776713037847,0.024001995616322658,0.02076566955972048,0.01017419296599198,0.003196694533939448,0.002975514070743479
2.942,0.011735115096495496,0.02397870418943371,0.020763739675048187,0.010173509658062851,0.0031906194092945483,0.0029694622970237727
2.944,0.011714489783126059,0.023955435356781907,0.02076180994375454,0.010172826396162904,0.0031845558299365972,0.0029634228317603206
2.946,0.011693900709172977,0.023932189096465217,0.020759880365870842,0.010172143180294135,0.0031785037739249233,0.00295739564991937
2.948,0.011673347810991386,0.023908965386603143,0.020757950941428183,0.010171460010458544,0.0031724632193605995,0.002951380726518238
2.95,0.011652831025048327,0.02388576420533628,0.020756021670457647,0.010170776886658128,0.003166434144386221,0.0029453780366248683
2.952,0.011632350287921867,0.02386258553082632,0.020754092552989878,0.010170093808895109,0.0031604165271861273,0.002939387555358053
2.954,0.011611905536301315,0.023839429341256047,0.02075216358905596,0.010169410777171484,0.0031544103459857364,0.0029334092578872095
2.956,0.011591496706987225,0.02381629561482934,0.020750234778686538,0.010168727791489252,0.0031484155790522106,0.0029274431194321604
2.958,0.011571123736890732,0.0237931843297714,0.020748306121912252,0.01016804485185041,0.0031424322046940123,0.0029214891152631317
2.96,0.011550786563033544,0.023770095464328067,0.020746377618763523,0.010167361958256738,0.0031364602012606824,0.002915547220700754
2.962,0.011530485122548173,0.023747028996766506,0.020744449269270993,0.010166679110710453,0.00313049954714284,0.002909617411115839
2.964,0.01151021935267682,0.023723984905374973,0.02074252107346508,0.010165996309213332,0.003124550220772182,0.00290369966192916
2.966,0.011489989190772265,0.023700963168462597,0.02074059303137621,0.010165313553767374,0.0031186122006214845,0.002897793948611449
2.968,0.011469794574296976,0.023677963764359378,0.020738665143034574,0.010164630844374578,0.003112685465204601,0.0028919002466836208
2.97,0.011449635440822892,0.023654986671416633,0.02073673740847015,0.01016394818103672,0.0031067699930757975,0.002886018531716106
2.972,0.011429511728031638,0.02363203186800611,0.020734809827713363,0.010163265563755797,0.003100865762830418,0.0028801487793290725
2.974,0.01140942337371409,0.023609099332520866,0.02073288240079396,0.010162582992533586,0.0030949727531044413,0.0028742909651922055
2.976,0.011389370315770142,0.02358618904337484,0.020730955127741924,0.010161900467371865,0.0030890909425744795,0.002868445065024927
2.978,0.011369352492208495,0.023563300979002832,0.020729028008587225,0.01016121798827263,0.003083220309957335,0.0028626110545957317
2.98,0.011349369841146872,0.023540435117860303,0.02072710104335962,0.01016053555523766,0.0030773608340106673,0.0028567889097228516
2.982,0.011329422300811354,0.0235175914384238,0.02072517423208864,0.010159853168268729,0.0030715124935323246,0.002850978606273147
2.984,0.011309509809536378,0.023494769919190528,0.020723247574804038,0.010159170827367614,0.003065675267360346,0.0028451801201627713
2.986,0.011289632305764297,0.023471970538678777,0.020721321071535348,0.010158488532536314,0.0030598491343731826,0.002839393427357173
2.988,0.01126978972804582,0.02344919327542727,0.0207193947223121,0.010157806283776383,0.0030540340734894755,0.0028336185038702055
2.99,0.01124998201503935,0.023426438107995606,0.020717468527163607,0.010157124081089597,0.003048230063667612,0.0028278553257647943
2.992,0.011230209105510758,0.02340370501496425,0.020715542486118954,0.010156441924477733,0.0030424370839061687,0.0028221038691524925
2.994,0.011210470938333161,0.023380993974934317,0.020713616599207674,0.010155759813942344,0.0030366551132436914,0.002816364110193259
2.996,0.01119076745248715,0.023358304966527355,0.020711690866458632,0.01015507774948543,0.003030884130758471,0.002810636025095903
2.998,0.011171098587060335,0.023335637968386225,0.02070976528790114,0.010154395731108545,0.003025124115568545,0.002804919590117194
3.0,0.011151464281247137,0.023312992959173773,0.02070783986356406,0.010153713758813243,0.003019375046831474,0.0027992147815627533
3.0020000000000002,0.011131864474348552,0.02329036991757416,0.02070591459347626,0.0101530318326013,0.0030136369037447874,0.002793521575785718
3.004,0.011112299105771939,0.023267768822291535,0.020703989477666607,0.010152349952474271,0.0030079096655453164,0.0027878399491878536
3.0060000000000002,0.011092768115031237,0.023245189652050913,0.020702064516163965,0.010151668118433932,0.0030021933115094157,0.0027821698782186655
3.008,0.011073271441746302,0.023222632385598185,0.020700139708996756,0.010150986330481837,0.0029964878209529644,0.0027765113393756202
3.0100000000000002,0.011053809025643124,0.023200097001699227,0.020698215056193625,0.010150304588619763,0.002990793173230699,0.0027708643092041463
3.012,0.011034380806552946,0.023177583479141006,0.020696290557783215,0.010149622892849042,0.0029851093477371027,0.0027652287642969675
3.0140000000000002,0.011014986724412923,0.023155091796730698,0.020694366213793947,0.010148941243171228,0.0029794363239055155,0.0027596046812947694
3.016,0.010995626719265683,0.023132621933296127,0.02069244202425402,0.010148259639588098,0.00297377408120858,0.002753992036885755
3.0180000000000002,0.010976300731258659,0.023110173867685546,0.02069051798919186,0.010147578082100983,0.0029681225991575744,0.002748390807805201
3.02,0.010957008700644533,0.023087747578767637,0.02068859410863566,0.010146896570711661,0.0029624818573030787,0.0027428009708361234
3.0220000000000002,0.01093775056778079,0.023065343045431508,0.020686670382613626,0.010146215105421463,0.0029568518352343087,0.0027372225028083896
3.024,0.010918526273129281,0.02304296024658692,0.02068474681115373,0.010145533686231945,0.00295123251257956,0.002731655380599385
3.0260000000000002,0.010899335757256656,0.023020599161163835,0.020682823394283956,0.010144852313144659,0.0029456238690055425,0.0027260995811331235
3.028,0.010880178960833709,0.02299825976811265,0.020680900132032054,0.010144170986160939,0.002940025884217601,0.0027205550813806934
3.0300000000000002,0.010861055824635368,0.022975942046404185,0.020678977024426004,0.010143489705282338,0.002934438537959938,0.002715021858360034
3.032,0.010841966289540261,0.02295364597502947,0.02067705407149356,0.010142808470510412,0.002928861810014949,0.0027094998891359356
3.0340000000000003,0.01082291029653093,0.022931371532999956,0.02067513127326226,0.01014212728184627,0.0029232956802036636,0.002703989150819819
3.036,0.010803887786693389,0.02290911869934753,0.020673208629759632,0.010141446139291688,0.0029177401283853044,0.002698489620569511
3.0380000000000003,0.010784898701217127,0.022886887453124283,0.020671286141013434,0.010140765042847777,0.002912195134457285,0.0026930012755894683
3.04,0.01076594298139466,0.02286467777340251,0.020669363807050978,0.010140083992516091,0.0029066606783556548,0.0026875240931303335
3.0420000000000003,0.010747020568621535,0.02284248963927471,0.020667441627899574,0.010139402988297963,0.002901136740054211,0.0026820580504891556
3.044,0.010728131404396102,0.022820323029853817,0.020665519603586757,0.010138722030194725,0.00289562329956472,0.0026766031250089473
3.0460000000000003,0.010709275430319298,0.022798177924272744,0.020663597734139394,0.010138041118207708,0.002890120336937363,0.0026711592940791284
3.048,0.010690452588094868,0.022776054301684834,0.020661676019584796,0.010137360252338468,0.002884627832259845,0.0026657265351348602
3.0500000000000003,0.010671662819528471,0.02275395214126341,0.020659754459950053,0.010136679432588114,0.0028791457656578423,0.002660304825657267
3.052,0.010652906066527912,0.022731871422202232,0.02065783305526203,0.010135998658957979,0.0028736741172947777,0.0026548941431732143
3.0540000000000003,0.010634182271103132,0.022709812123714812,0.020655911805547822,0.010135317931449395,0.002868212867371822,0.0026494944652553087
3.056,0.010615491375365549,0.022687774225035096,0.02065399071083407,0.010134637250063472,0.002862761996127672,0.0026441057695218984
3.0580000000000003,0.010596833321528498,0.02266575770541679,0.02065206977114764,0.010133956614801543,0.0028573214838387706,0.00263872803363685
3.06,0.010578208051906346,0.02264376254413425,0.020650148986515404,0.010133276025664939,0.002851891310819088,0.0026333612353093283
3.0620000000000003,0.010559615508914932,0.02262178872048115,0.020648228356963783,0.010132595482654994,0.0028464714574196748,0.002628005352293794
3.064,0.010541055635071128,0.022599836213771818,0.0206463078825192,0.010131914985772816,0.0028410619040291074,0.0026226603623900058
3.0660000000000003,0.01052252837299239,0.022577905003340337,0.0206443875632083,0.010131234535019518,0.0028356626310730437,0.002617326243443019
3.068,0.010504033665397206,0.022555995068541,0.020642467399057285,0.01013055413039643,0.002830273619014667,0.002612002973342742
3.0700000000000003,0.010485571455104425,0.022534106388747643,0.02064054739009258,0.010129873771904663,0.0028248948483542424,0.0026066905300241583
3.072,0.010467141685033265,0.022512238943354523,0.020638627536340604,0.010129193459545549,0.002819526299628894,0.0026013888914668826
3.074,0.010448744298203083,0.022490392711775664,0.02063670783782734,0.010128513193319977,0.002814167953412605,0.0025960980356958263
3.076,0.010430379237733156,0.02246856767344485,0.020634788294578765,0.010127832973229278,0.0028088197903168854,0.00259081794078031
3.078,0.010412046446842904,0.022446763807816073,0.020632868906621082,0.010127152799274564,0.002803481790989437,0.002585548584834063
3.08,0.010393745868850779,0.022424981094363083,0.02063094967398027,0.010126472671456943,0.0027981539361150443,0.002580289946015668
3.082,0.010375477447175374,0.022403219512579398,0.020629030596682085,0.010125792589777527,0.002792836206415128,0.002575042002527894
3.084,0.010357241125334093,0.022381479041978514,0.020627111674752507,0.010125112554237203,0.002787528582647747,0.0025698047326181417
3.086,0.010339036846943594,0.022359759662093692,0.02062519290821707,0.010124432564837305,0.002782231045607597,0.0025645781145777757
3.088,0.010320864555719567,0.022338061352478178,0.020623274297101535,0.010123752621578719,0.00277694357612579,0.0025593621267421263
3.09,0.01030272419547651,0.022316384092704533,0.020621355841431432,0.010123072724462556,0.002771666155070074,0.002554156747491154
3.092,0.010284615710127287,0.02229472786236575,0.0206194375412323,0.010122392873489927,0.002766398763344169,0.002548961955248341
3.094,0.010266539043683354,0.022273092641074133,0.02061751939652945,0.01012171306866172,0.0027611413818884323,0.0025437777284811336
3.096,0.010248494140254305,0.022251478408461756,0.020615601407348416,0.010121033309979044,0.0027558939916791925,0.002538604045700943
3.098,0.010230480944048104,0.022229885144180672,0.020613683573714514,0.010120353597442788,0.0027506565737291933,0.002533440885462701
3.1,0.010212499399370412,0.022208312827902255,0.020611765895652834,0.010119673931054063,0.0027454291090869276,0.002528288226365083
3.102,0.01019454945062459,0.02218676143931786,0.02060984837318869,0.010118994310813756,0.0027402115788370818,0.0025231460470502842
3.104,0.010176631042311701,0.022165230958138382,0.020607931006346947,0.010118314736722755,0.0027350039641005353,0.002518014326203799
3.106,0.010158744119030061,0.02214372136409426,0.020606013795152922,0.010117635208782172,0.0027298062460334727,0.0025128930425546425
3.108,0.010140888625475464,0.02212223263693569,0.02060409673963126,0.010116955726992893,0.002724618405828494,0.0025077821748749063
3.11,0.010123064506440516,0.02210076475643241,0.020602179839806833,0.010116276291355808,0.002719440424713504,0.0025026817019799807
3.112,0.010105271706814856,0.022079317702373924,0.02060026309570473,0.010115596901871804,0.002714272283952379,0.002497591602728333
3.114,0.010087510171584713,0.022057891454569045,0.020598346507349374,0.01011491755854177,0.0027091139648443008,0.0024925118560215065
3.116,0.010069779845832905,0.022036485992846133,0.020596430074765637,0.010114238261366593,0.0027039654487241993,0.0024874424408038998
3.118,0.01005208067473884,0.022015101297053308,0.020594513797977942,0.010113559010347162,0.0026988267169625324,0.0024823833360625436
3.12,0.010034412603577847,0.02199373734705823,0.020592597677010716,0.010112879805484143,0.002693697750965063,0.0024773345208275455
3.122,0.010016775577721626,0.02197239412274765,0.020590681711888603,0.010112200646778646,0.0026885785321728584,0.0024722959741714234
3.124,0.009999169542637354,0.021951071604028094,0.02058876590263603,0.010111521534231338,0.00268346904206207,0.002467267675209328
3.126,0.009981594443888353,0.02192976977082539,0.020586850249276978,0.010110842467843106,0.0026783692621445976,0.0024622496030988206
3.128,0.009964050227132981,0.02190848860308492,0.02058493475183587,0.010110163447614617,0.0026732791739669803,0.0024572417370400945
3.13,0.00994653683812552,0.021887228080771592,0.02058301941033691,0.01010948447354676,0.0026681987591108403,0.00245224405627531
3.132,0.009929054222715061,0.021865988183869423,0.02058110422480408,0.01010880554564042,0.0026631279991931045,0.002447256540089038
3.134,0.009911602326845959,0.02184476889238196,0.020579189195261582,0.010108126663896266,0.0026580668758655612,0.002442279167807815
3.136,0.009894181096557375,0.021823570186332075,0.020577274321733174,0.010107447828314964,0.0026530153708146376,0.0024373119188005887
3.138,0.009876790477983288,0.021802392045761954,0.020575359604242838,0.0101067690388974,0.0026479734657618437,0.0024323547724778294
3.14,0.009859430417352044,0.021781234450733322,0.02057344504281433,0.010106090295644243,0.0026429411424631066,0.002427407708292195
3.142,0.009842100860986358,0.02176009738132678,0.020571530637471414,0.010105411598556158,0.0026379183827092145,0.002422470705738089
3.144,0.009824801755303536,0.021738980817642695,0.020569616388237844,0.01010473294763381,0.0026329051683258164,0.002417543744351436
3.146,0.009807533046814365,0.021717884739800297,0.020567702295137158,0.010104054342877866,0.0026279014811725343,0.0024126268037101273
3.148,0.009790294682124001,0.021696809127938366,0.020565788358192894,0.010103375784289215,0.002622907303144073,0.002407719863433133
3.15,0.009773086607930859,0.021675753962214772,0.020563874577428587,0.0101026972718683,0.0026179226161688884,0.0024028229031811676
3.152,0.0097559087710275,0.021654719222806484,0.020561960952867553,0.010102018805615787,0.0026129474022105192,0.0023979359026562452
3.154,0.009738761118299522,0.02163370488991001,0.020560047484533106,0.010101340385532565,0.002607981643266033,0.0023930588416016807
3.156,0.00972164359672556,0.02161271094374051,0.02055813417244856,0.010100662011619077,0.002603025321367358,0.002388191699802089
3.158,0.00970455615337773,0.021591737364532904,0.02055622101663701,0.010099983683875768,0.002598078418579952,0.0023833344570829418
3.16,0.009687498735420963,0.021570784132540766,0.020554308017121548,0.010099305402303527,0.002593140917003911,0.0023784870933110103
3.162,0.009670471290112781,0.021549851228036987,0.020552395173925486,0.010098627166902796,0.002588212798773082,0.0023736495883939224
3.164,0.0096534737648033,0.021528938631313554,0.020550482487071475,0.010097948977674243,0.0025832940460552845,0.00236882192227994
3.166,0.009636506106935228,0.02150804632268133,0.020548569956582607,0.01009727083461831,0.0025783846410523115,0.0023640040749584035
3.168,0.009619568264043199,0.02148717428247071,0.020546657582481753,0.010096592737735666,0.0025734845659997063,0.002359196026459287
3.17,0.009602660183754441,0.021466322491030754,0.020544745364791783,0.010095914687026752,0.002568593803166541,0.0023543977568531993
3.172,0.009585781813787664,0.021445490928729605,0.020542833303535346,0.010095236682492015,0.002563712334856083,0.002349609246251383
3.174,0.009568933101953725,0.021424679575954286,0.02054092139873509,0.010094558724132119,0.0025588401434049057,0.0023448304748050486
3.176,0.009552113996154743,0.02140388841311114,0.020539009650413442,0.010093880811947509,0.0025539772111831116,0.0023400614227064853
3.178,0.00953532444438454,0.021383117420625375,0.02053709805859305,0.01009320294593885,0.002549123520594554,0.002335302070187728
3.18,0.00951856439472798,0.021362366578941083,0.020535186623296342,0.010092525126106366,0.0025442790540761706,0.002330552397521002
3.182,0.009501833795361403,0.021341635868521225,0.020533275344545743,0.010091847352450722,0.0025394437940986503,0.002325812385019166
3.184,0.009485132594551748,0.021320925269847635,0.02053136422236368,0.010091169624972363,0.0025346177231657663,0.0023210820130346033
3.186,0.009468460740657214,0.021300234763421466,0.020529453256772134,0.010090491943671731,0.0025298008238145986,0.0023163612619598872
3.188,0.009451818182126148,0.02127956432976208,0.020527542447793534,0.01008981430854905,0.002524993078615534,0.002311650112227337
3.19,0.009435204867497937,0.021258913949408376,0.02052563179544986,0.010089136719604985,0.0025201944701718215,0.0023069485443092397
3.192,0.009418620745401673,0.021238283602917685,0.02052372129976332,0.010088459176839759,0.0025154049811197954,0.0023022565387176286
3.194,0.009402065764557266,0.02121767327086621,0.02052181096075567,0.010087781680253816,0.002510624594129096,0.002297574076004061
3.196,0.009385539873774329,0.021197082933849032,0.020519900778448896,0.010087104229847599,0.002505853291902005,0.0022929011367596175
3.198,0.009369043021952184,0.021176512572479878,0.02051799075286498,0.010086426825621553,0.0025010910571738876,0.0022882377016146815
3.2,0.0093525751580803,0.021155962167391573,0.020516080884025678,0.0100857494675759,0.0024963378727127505,0.002283583751239604
3.202,0.009336136231237413,0.021135431699235374,0.020514171171952533,0.010085072155711083,0.0024915937213194628,0.0022789392663433716
3.204,0.009319726190591515,0.02111492114868163,0.020512261616667304,0.010084394890027326,0.002486858585827534,0.002274304227674717
3.206,0.009303344985400086,0.021094430496418903,0.020510352218191752,0.010083717670525072,0.0024821324491028918,0.0022696786160212312
3.208,0.009286992565009644,0.021073959723154845,0.020508442976547192,0.010083040497204543,0.0024774152940443273,0.002265062412209806
3.21,0.009270668878855526,0.02105350880961554,0.020506533891755163,0.010082363370066183,0.0024727071035830495,0.0022604555971061924
3.212,0.009254373876462108,0.021033077736545946,0.02050462496383698,0.010081686289110214,0.002468007860682686,0.002255858151614998
3.214,0.009238107507441917,0.021012666484709674,0.020502716192813963,0.010081009254336859,0.0024633175483390612,0.0022512700566796884
3.216,0.009221869721496523,0.020992275034888763,0.020500807578707647,0.010080332265746561,0.0024586361495806397,0.0022466912932825878
3.218,0.0092056604684152,0.020971903367883904,0.020498899121538905,0.01007965532333932,0.0024539636474680826,0.0022421218424448774
3.22,0.00918947969807582,0.02095155146451444,0.020496990821329053,0.010078978427115581,0.0024493000250940256,0.0022375616852259306
3.222,0.009173327360443961,0.020931219305618365,0.020495082678099186,0.010078301577075566,0.0024446452655833006,0.002233010802723756
3.224,0.009157203405573355,0.020910906872052104,0.020493174691870175,0.010077624773219274,0.0024399993520929364,0.0022284691760749986
3.226,0.009141107783604996,0.020890614144690733,0.020491266862663116,0.01007694801554715,0.0024353622678117137,0.0022239367864544946
3.228,0.009125040444767807,0.02087034110442776,0.020489359190498657,0.010076271304059414,0.002430733995960832,0.002219413615075272
3.23,0.009109001339377976,0.020850087732175115,0.020487451675397894,0.010075594638756069,0.002426114519792799,0.0022148996431889945
3.232,0.009092990417838953,0.02082985400886339,0.020485544317381477,0.010074918019637558,0.002421503822592319,0.0022103948520850736
3.234,0.00907700763064101,0.020809639915441602,0.020483637116470055,0.01007424144670388,0.0024169018876758486,0.0022058992230911123
3.236,0.009061052928361457,0.020789445432876974,0.02048173007268428,0.010073564919955036,0.0024123086983915965,0.0022014127375724613
3.238,0.009045126261664649,0.020769270542155605,0.020479823186044577,0.01007288843939147,0.00240772423811908,0.0021969353769328848
3.24,0.009029227581301313,0.020749115224281578,0.0204779164565716,0.010072212005013181,0.002403148490269791,0.0021924671226134507
3.242,0.009013356838108555,0.02072897946027763,0.020476009884285773,0.01007153561682017,0.002398581438286307,0.0021880079560931964
3.244,0.008997513983009853,0.020708863231184704,0.020474103469207527,0.01007085927481266,0.0023940230656431805,0.002183557858888907
3.246,0.008981698967015062,0.020688766518062174,0.02047219721135707,0.010070182978990871,0.00238947335584605,0.002179116812554671
3.248,0.008965911741219967,0.020668689301988064,0.0204702911107546,0.010069506729354805,0.0023849322924318628,0.0021746847986823248
3.25,0.008950152256806065,0.020648631564058162,0.020468385167420333,0.01006883052590446,0.0023803998589690956,0.0021702617989012296
3.2520000000000002,0.00893442046504056,0.02062859328538691,0.02046647938137447,0.010068154368640059,0.002375876039057312,0.002165847794878051
3.254,0.008918716317276365,0.020608574447106953,0.020464573752636994,0.010067478257561602,0.0023713608163273836,0.002161442768316535
3.2560000000000002,0.008903039764951881,0.02058857503036915,0.02046266828122789,0.010066802192669089,0.0023668541744410465,0.002157046700957732
3.258,0.008887390759590552,0.020568595016342783,0.020460762967167145,0.01006612617396252,0.002362356097091123,0.002152659574579996
3.2600000000000002,0.008871769252800865,0.020548634386215126,0.02045885781047474,0.010065450201441895,0.002357866568001521,0.0021482813709987614
3.262,0.008856175196276572,0.020528693121191877,0.020456952811170437,0.010064774275107435,0.0023533855709270135,0.002143912072066101
3.2640000000000002,0.008840608541796247,0.020508771202496945,0.020455047969273776,0.01006409839495892,0.0023489130896534594,0.0021395516596711683
3.266,0.008825069241222616,0.020488868611372224,0.020453143284804742,0.010063422560996349,0.0023444491079971375,0.002135200115740199
3.2680000000000002,0.008809557246503452,0.020468985329078038,0.020451238757782653,0.010062746773219944,0.002339993609805413,0.0021308574222358434
3.27,0.008794072509670903,0.020449121336892695,0.02044933438822727,0.010062071031629483,0.0023355465789562935,0.0021265235611573896
3.2720000000000002,0.008778614982841049,0.02042927661611249,0.020447430176158132,0.010061395336224965,0.0023311079993584283,0.002122198514541207
3.274,0.008763184618213904,0.02040945114805215,0.02044552612159456,0.010060719687006392,0.002326677854950887,0.0021178822644598583
3.2760000000000002,0.00874778136807386,0.020389644914044158,0.02044362222455587,0.01006004408397354,0.0023222561297033817,0.0021135747930223214
3.278,0.008732405184789016,0.020369857895439436,0.0204417184850616,0.010059368527126411,0.002317842807616044,0.002109276082374212
3.2800000000000002,0.008717056020810743,0.020350090073606664,0.02043981490313085,0.010058693016465003,0.002313437872719426,0.002104986114697116
3.282,0.00870173382867434,0.02033034142993273,0.02043791147878271,0.010058017551989096,0.0023090413090745,0.002100704872209258
3.2840000000000003,0.008686438560998155,0.02031061194582251,0.020436008212036505,0.010057342133698688,0.002304653100772436,0.002096432337164611
3.286,0.0086711701704838,0.020290901602698863,0.020434105102911326,0.01005666676159378,0.002300273231934602,0.0020921684918535632
3.2880000000000003,0.00865592860991593,0.020271210382002636,0.02043220215142605,0.010055991435673928,0.002295901686712787,0.0020879133186024745
3.29,0.00864071383216225,0.02025153826519266,0.020430299357599768,0.010055316155939353,0.0022915384492885327,0.0020836667997736757
3.2920000000000003,0.008625525790172839,0.02023188523374575,0.020428396721451136,0.010054640922389613,0.002287183503873802,0.002079428917765025
3.294,0.008610364436980822,0.02021225126915671,0.02042649424299925,0.010053965735024706,0.002282836834710311,0.0020751996550105734
3.2960000000000003,0.008595229725701703,0.02019263635293811,0.020424591922262758,0.01005329059384441,0.0022784984260697527,0.0020709789939798995
3.298,0.00858012160953292,0.020173040466620495,0.020422689759260315,0.010052615498848505,0.002274168262253795,0.002066766917178331
3.3000000000000003,0.008565040041754735,0.020153463591752407,0.020420787754010794,0.010051940450036989,0.0022698463275938607,0.0020625634071469445
3.302,0.008549984975728897,0.020133905709899924,0.020418885906532624,0.010051265447409419,0.002265532606451348,0.0020583684464619
3.3040000000000003,0.008534956364899093,0.020114366802647332,0.020416984216844236,0.010050590490965794,0.0022612270832169656,0.0020541820177351067
3.306,0.008519954162791166,0.02009484685159668,0.02041508268496428,0.010049915580705893,0.0022569297423116197,0.0020500041036137784
3.3080000000000003,0.008504978323012224,0.020075345838367786,0.020413181310911188,0.01004924071662927,0.0022526405681853046,0.0020458346867802124
3.31,0.00849002879925087,0.020055863744598224,0.020411280094703166,0.010048565898735928,0.0022483595453179905,0.002041673749952455
3.3120000000000003,0.008475105545277195,0.020036400551943556,0.020409379036358644,0.010047891127025421,0.0022440866582187358,0.0020375212758829697
3.314,0.008460208514942336,0.020016956242076667,0.02040747813589583,0.01004721640149775,0.0022398218914263524,0.0020333772473599687
3.3160000000000003,0.008445337662178254,0.019997530796688645,0.020405577393332708,0.010046541722152469,0.0022355652295089623,0.0020292416472063035
3.318,0.00843049294099818,0.019978124197488123,0.02040367680868771,0.010045867088989358,0.0022313166570639975,0.0020251144582799085
3.3200000000000003,0.008415674305495946,0.019958736426201495,0.020401776381978598,0.010045192502007971,0.0022270761587181997,0.0020209956634733572
3.322,0.008400881709845986,0.0199393674645727,0.02039987611322358,0.010044517961208088,0.0022228437191273986,0.002016885245714306
3.3240000000000003,0.008386115108303116,0.019920017294363657,0.02039797600244042,0.010043843466589486,0.0022186193229767337,0.0020127831879650504
3.326,0.00837137445520253,0.01990068589735361,0.020396076049647327,0.01004316901815172,0.0022144029549802102,0.0020086894732225247
3.3280000000000003,0.008356659704959801,0.019881373255339785,0.02039417625486184,0.01004249461589457,0.0022101945998811434,0.00200460408451808
3.33,0.00834197081207022,0.01986207935013673,0.020392276618101723,0.010041820259817591,0.0022059942424517143,0.002000527004917929
3.332,0.008327307731109013,0.019842804163576755,0.02039037713938474,0.01004114594992056,0.0022018018674931916,0.0019964582175224788
3.334,0.00831267041673156,0.019823547677509712,0.020388477818728656,0.010040471686203034,0.002197617459835488,0.001992397705466331
3.336,0.008298058823672516,0.019804309873802994,0.02038657865615101,0.01003979746866479,0.002193441004337604,0.001988345451918727
3.338,0.008283472906746026,0.01978509073434176,0.020384679651669124,0.010039123297305164,0.0021892724858871837,0.0019843014400831027
3.34,0.008268912620845725,0.019765890241028483,0.02038278080530076,0.010038449172123931,0.002185111889400293,0.0019802656531968665
3.342,0.0082543779209443,0.019746708375783406,0.020380882117063237,0.010037775093120649,0.0021809591998223077,0.001976238074531622
3.344,0.008239868762093483,0.019727545120544088,0.020378983586973876,0.010037101060295095,0.002176814402126803,0.001972218687392946
3.346,0.008225385099424276,0.019708400457265407,0.020377085215049995,0.010036427073646603,0.0021726774813157768,0.001968207475120609
3.348,0.008210926888146064,0.01968927436792023,0.020375187001308914,0.010035753133174952,0.0021685484224200913,0.0019642044210879117
3.35,0.008196494083547057,0.019670166834498515,0.02037328894576773,0.010035079238879474,0.0021644272104988094,0.0019602095087023486
3.352,0.008182086640994068,0.019651077839007547,0.020371391048443543,0.010034405390759948,0.0021603138306394154,0.001956222721404721
3.354,0.008167704515932295,0.019632007363472592,0.020369493309353448,0.010033731588815709,0.0021562082679580374,0.001952244042669804
3.356,0.008153347663884869,0.01961295538993557,0.020367595728514543,0.010033057833046533,0.002152110507598559,0.0019482734560059
3.358,0.008139016040453306,0.01959392190045639,0.020365698305943924,0.010032384123451754,0.002148020534733508,0.0019443109449548412
3.36,0.008124709601316837,0.019574906877112275,0.020363801041658247,0.01003171046003093,0.002143938334563389,0.0019403564930922101
3.362,0.008110428302232853,0.019555910301997548,0.020361903935674386,0.010031036842783614,0.0021398638923169067,0.001936410084026452
3.364,0.008096172099036236,0.019536932157223852,0.020360006988009216,0.010030363271709142,0.0021357971932507436,0.0019324717013997628
3.366,0.008081940947639366,0.01951797242492037,0.02035811019867939,0.010029689746807291,0.0021317382226500037,0.0019285413288874231
3.368,0.008067734804032334,0.01949903108723361,0.020356213567701786,0.010029016268077395,0.0021276869658271025,0.0019246189501980204
3.37,0.008053553624282062,0.019480108126327167,0.020354317095092833,0.010028342835518789,0.0021236434081228772,0.0019207045490732266
3.372,0.008039397364532963,0.019461203524382187,0.020352420780869185,0.010027669449131027,0.0021196075349056986,0.0019167981092880204
3.374,0.008025265981006502,0.019442317263596687,0.020350524625047273,0.010026996108913444,0.002115579331571915,0.001912899614649799
3.376,0.008011159430000747,0.019423449326186448,0.02034862862764375,0.010026322814865596,0.0021115587835458527,0.0019090090489994882
3.378,0.007997077667890595,0.019404599694383906,0.020346732788674826,0.010025649566987038,0.0021075458762789268,0.0019051263962104326
3.38,0.007983020651127548,0.019385768350439037,0.020344837108156932,0.010024976365277105,0.0021035405952507524,0.0019012516401892832
3.382,0.007968988336239935,0.019366955276619136,0.020342941586106278,0.01002430320973513,0.0020995429259684784,0.0018973847648748876
3.384,0.007954980679831802,0.019348160455208374,0.020341046222539072,0.010023630100360448,0.0020955528539663426,0.001893525754238956
3.386,0.007940997638583802,0.01932938386850802,0.020339151017471524,0.010022957037152613,0.002091570364806561,0.0018896745922860614
3.388,0.007927039169252748,0.019310625498836886,0.020337255970919843,0.01002228402011096,0.0020875954440786604,0.0018858312630529728
3.39,0.007913105228670947,0.019291885328530656,0.020335361082900016,0.010021611049234824,0.0020836280773994797,0.001881995750608878
3.392,0.007899195773747092,0.019273163339942112,0.02033346635342803,0.010020938124523537,0.002079668250413391,0.0018781680390556055
3.394,0.007885310761464925,0.019254459515441136,0.020331571782519875,0.010020265245976434,0.0020757159487916343,0.001874348112527402
3.396,0.007871450148884351,0.019235773837414705,0.020329677370191535,0.01001959241359307,0.0020717711582329823,0.0018705359551904888
3.398,0.007857613893140103,0.019217106288266894,0.020327783116458775,0.010018919627372558,0.0020678338644635197,0.0018667315512435056
3.4,0.00784380195144263,0.019198456850418655,0.020325889021337362,0.01001824688731423,0.0020639040532359765,0.0018629348849170668
3.402,0.007830014281077213,0.019179825506308257,0.020323995084843283,0.010017574193417644,0.002059981710330616,0.001859145940473761
3.404,0.007816250839404404,0.019161212238390846,0.020322101306991858,0.010016901545681911,0.0020560668215545697,0.001855364702208595
3.406,0.007802511583859584,0.019142617029138664,0.020320207687798852,0.010016228944106365,0.0020521593727418352,0.0018515911544483288
3.408,0.007788796471952741,0.01912403986104061,0.020318314227280032,0.010015556388690117,0.0020482593497535007,0.001847825281551474
3.41,0.007775105461268472,0.019105480716602674,0.020316420925450718,0.010014883879432723,0.002044366738477521,0.0018440670679082949
3.412,0.007761438509465979,0.01908693957834795,0.020314527782326453,0.010014211416333296,0.002040481524828497,0.0018403164979410302
3.414,0.007747795574278626,0.019068416428816404,0.020312634797922557,0.01001353899939117,0.002036603694747896,0.0018365735561036711
3.416,0.0077341766135143875,0.019049911250564877,0.020310741972254576,0.010012866628605677,0.002032733234204054,0.0018328382268815169
3.418,0.007720581585054953,0.019031424026167088,0.020308849305337606,0.01001219430397593,0.002028870129191729,0.0018291104947916192
3.42,0.007707010446856177,0.01901295473821385,0.02030695679718697,0.010011522025501263,0.002025014365732325,0.0018253903443823383
3.422,0.007693463156947633,0.01899450336931241,0.02030506444781799,0.010010849793180787,0.0020211659298738915,0.0018216777602337864
3.424,0.007679939673432612,0.01897606990208711,0.02030317225724554,0.010010177607013837,0.002017324807691123,0.0018179727269571622
3.426,0.0076664399544881245,0.018957654319179174,0.02030128022548494,0.010009505466999524,0.002013490985284916,0.0018142752291949726
3.428,0.007652963958364456,0.018939256603246468,0.020299388352551295,0.01000883337313696,0.0020096644487825888,0.001810585251621255
3.43,0.007639511643385388,0.018920876736963965,0.020297496638459478,0.01000816132542548,0.0020058451843381064,0.001806902778940911
3.432,0.007626082967947756,0.018902514703023066,0.020295605083224366,0.010007489323864194,0.0020020331781314127,0.0018032277958899279
3.434,0.0076126778905214465,0.018884170484132046,0.020293713686860837,0.010006817368452436,0.0019982284163690966,0.001799560287235602
3.436,0.0075992963696494,0.018865844063016057,0.020291822449383767,0.01000614545918932,0.0019944308852835047,0.0017959002377758715
3.438,0.0075859383639471645,0.018847535422416906,0.020289931370808034,0.010005473596073955,0.0019906405711334063,0.0017922476323399827
3.44,0.00757260383210312,0.01882924454509305,0.020288040451148293,0.010004801779105454,0.0019868574602037725,0.0017886024557878244
3.442,0.007559292732878031,0.0188109714138196,0.020286149690419197,0.01000413000828293,0.0019830815388055534,0.0017849646930099272
3.444,0.0075460050251052735,0.018792716011388766,0.02028425908863518,0.010003458283605715,0.001979312793275456,0.0017813343289279082
3.446,0.007532740667690607,0.018774478320608745,0.020282368645811122,0.0100027866050727,0.0019755512099766115,0.0017777113484935825
3.448,0.007519499619611736,0.018756258324305053,0.02028047836196145,0.010002114972682996,0.001971796775297685,0.0017740957366898513
3.45,0.007506281839918305,0.018738056005319415,0.02027858823710038,0.010001443386435938,0.001968049475653544,0.0017704874785300362
3.452,0.007493087287732347,0.01871987134651021,0.020276698271242566,0.010000771846330414,0.00196430929748459,0.0017668865590576566
3.454,0.007479915922247171,0.01870170433075269,0.02027480846440244,0.010000100352365537,0.0019605762272569827,0.0017632929633468741
3.456,0.007466767702728028,0.01868355494093854,0.02027291881659421,0.009999428904540641,0.0019568502514628605,0.0017597066765022706
3.458,0.007453642588511444,0.01866542315997588,0.02027102932783209,0.009998757502854394,0.001953131356619897,0.001756127683658626
3.46,0.007440540539005891,0.018647308970789478,0.020269139998130292,0.009998086147306129,0.0019494195292713012,0.001752555969980918
3.462,0.007427461513690448,0.018629212356320757,0.020267250827502803,0.009997414837894736,0.0019457147559858168,0.0017489915206643225
3.464,0.007414405472115915,0.01861113329952757,0.020265361815964056,0.009996743574619549,0.0019420170233579448,0.0017454343209342138
3.466,0.007401372373903925,0.018593071783384207,0.020263472963527818,0.009996072357479235,0.0019383263180074994,0.0017418843560459418
3.468,0.007388362178746721,0.018575027790881604,0.0202615842702083,0.00999540118647313,0.00193464262657983,0.0017383416112848327
3.47,0.007375374846407823,0.018557001305027132,0.020259695736019268,0.009994730061600121,0.0019309659357455988,0.0017348060719661884
3.472,0.007362410336721359,0.01853899230884437,0.02025780736097471,0.0099940589828591,0.0019272962322007814,0.0017312777234352872
3.474,0.007349468609591625,0.018521000785373776,0.020255919145088397,0.009993387950249177,0.0019236335026666662,0.001727756551066717
3.476,0.007336549624993527,0.01850302671767201,0.020254031088374314,0.009992716963769466,0.0019199777338896329,0.001724242540265486
3.478,0.007323653342972358,0.01848507008881195,0.020252143190846006,0.009992046023418855,0.001916328912641374,0.001720735676465912
3.48,0.007310779723643579,0.018467130881883342,0.02025025545251724,0.009991375129196234,0.0019126870257188955,0.0017172359451318453
3.482,0.007297928727192593,0.018449209079991924,0.020248367873401785,0.009990704281100715,0.001909052059944072,0.0017137433317568895
3.484,0.007285100313874748,0.018431304666259862,0.02024648045351296,0.009990033479131188,0.001905424002163869,0.0017102578218641806
3.486,0.007272294444015115,0.018413417623825756,0.020244593192864535,0.009989362723286543,0.0019018028392501218,0.0017067794010063864
3.488,0.007259511078008707,0.018395547935844414,0.02024270609146983,0.009988692013565892,0.001898188558099978,0.0017033080547652624
3.49,0.007246750176319816,0.018377695585487297,0.020240819149342393,0.009988021349968124,0.0018945811456350103,0.0016998437687518742
3.492,0.0072340116994822345,0.01835986055594163,0.020238932366495543,0.009987350732492128,0.0018909805888021047,0.0016963865286068192
3.494,0.007221295608099032,0.018342042830411298,0.020237045742942605,0.009986680161136796,0.001887386874572572,0.0016929363199997827
3.496,0.007208601862842778,0.018324242392116608,0.0202351592786969,0.009986009635901016,0.0018837999899428137,0.0016894931286297599
3.498,0.007195930424454655,0.018306459224293636,0.020233272973771754,0.009985339156783679,0.0018802199219336568,0.0016860569402246117
3.5,0.007183281253745122,0.018288693310195114,0.020231386828180264,0.009984668723783896,0.001876646657590797,0.001682627740541065
3.5020000000000002,0.00717065431159325,0.01827094463308976,0.020229500841935755,0.009983998336900335,0.0018730801839843547,0.0016792055153653784
3.504,0.007158049558946944,0.018253213176262495,0.020227615015051104,0.009983327996131885,0.0018695204882090977,0.0016757902505120104
3.5060000000000002,0.007145466956822721,0.01823549892301468,0.020225729347539412,0.009982657701477438,0.0018659675573844403,0.001672381931824951
3.508,0.007132906466305489,0.018217801856663662,0.020223843839413558,0.009981987452936103,0.001862421378654222,0.0016689805451766127
3.5100000000000002,0.00712036804854832,0.01820012196054277,0.020221958490686642,0.009981317250506327,0.0018588819391867073,0.0016655860764680508
3.512,0.007107851664772902,0.018182459218001767,0.020220073301371544,0.009980647094187223,0.0018553492261743632,0.001662198511629187
3.5140000000000002,0.0070953572762688655,0.018164813612406627,0.02021818827148114,0.009979976983977679,0.0018518232268343038,0.0016588178366185868
3.516,0.007082884844393567,0.018147185127139087,0.02021630340102809,0.009979306919876363,0.0018483039284076241,0.0016554440374234591
3.5180000000000002,0.00707043433057275,0.018129573745597316,0.02021441869002527,0.009978636901882165,0.0018447913181600661,0.0016520771000592127
3.52,0.007058005696299441,0.018111979451195248,0.02021253413848534,0.009977966929993975,0.0018412853833811305,0.001648717010569678
3.5220000000000002,0.007045598903134387,0.018094402227363027,0.02021064974642095,0.009977297004210461,0.0018377861113847427,0.0016453637550273292
3.524,0.00703321391270606,0.018076842057547005,0.02020876551384454,0.009976627124530513,0.0018342934895088092,0.0016420173195330623
3.5260000000000002,0.00702085068670999,0.0180592989252093,0.020206881440768765,0.00997595729095302,0.0018308075051154393,0.0016386776902157507
3.528,0.0070085091869092064,0.01804177281382846,0.02020499752720628,0.009975287503476649,0.001827328145590723,0.0016353448532324677
3.5300000000000002,0.006996189375134021,0.018024263706898358,0.0202031137731693,0.009974617762100069,0.0018238553983445094,0.0016320187947687081
3.532,0.006983891213281579,0.018006771587929515,0.020201230178670482,0.00997394806682217,0.00182038925081085,0.0016286995010379446
3.5340000000000003,0.0069716146633158615,0.01798929644044822,0.020199346743722035,0.00997327841764184,0.0018169296904475551,0.0016253869582814051
3.536,0.0069593596872676855,0.01797183824799653,0.020197463468336174,0.009972608814557526,0.0018134767047364164,0.0016220811527687395
3.5380000000000003,0.006947126247234925,0.017954396994132482,0.020195580352525333,0.00997193925756834,0.0018100302811827618,0.0016187820707973533
3.54,0.006934914305381623,0.01793697266243033,0.020193697396301724,0.009971269746672728,0.001806590407315678,0.0016154896986926293
3.5420000000000003,0.006922723823938215,0.017919565236480084,0.020191814599677338,0.00997060028186958,0.0018031570706882327,0.001612204022807484
3.544,0.0069105547652017485,0.01790217469988753,0.02018993196266461,0.009969930863157561,0.0017997302588768083,0.0016089250295225899
3.5460000000000003,0.006898407091535441,0.017884801036274434,0.020188049485275306,0.009969261490535342,0.0017963099594817677,0.0016056527052465963
3.548,0.006886280765368458,0.01786744422927833,0.02018616716752164,0.00996859216400181,0.001792896160126567,0.0016023870364159087
3.5500000000000003,0.00687417574919591,0.017850104262552957,0.02018428500941538,0.009967922883555413,0.0017894888484586424,0.001599128009494022
3.552,0.006862092005579079,0.017832781119767382,0.02018240301096874,0.00996725364919504,0.0017860880121487455,0.0015958756109721861
3.5540000000000003,0.0068500294971447495,0.017815474784606877,0.020180521172193266,0.009966584460919359,0.001782693638890942,0.0015926298273694073
3.556,0.006837988186585653,0.017798185240772257,0.02017863949310117,0.009965915318727037,0.0017793057164026127,0.0015893906452317808
3.5580000000000003,0.00682596803665958,0.017780912471980326,0.020176757973703996,0.009965246222616742,0.001775924232424897,0.0015861580511327134
3.56,0.006813969010190046,0.01776365646196365,0.020174876614013515,0.009964577172587141,0.0017725491747218047,0.0015829320316731454
3.5620000000000003,0.006801991070065627,0.017746417194470343,0.020172995414041495,0.009963908168636904,0.0017691805310808828,0.0015797125734811068
3.564,0.006790034179240401,0.0177291946532645,0.02017111437379948,0.009963239210764474,0.0017658182893125485,0.0015764996632121608
3.5660000000000003,0.00677809830073306,0.017711988822125768,0.02016923349329902,0.009962570298968743,0.0017624624372507558,0.0015732932875485162
3.568,0.006766183397627801,0.01769479968484955,0.020167352772551883,0.009961901433248155,0.0017591129627525515,0.001570093433199693
3.5700000000000003,0.006754289433073213,0.01767762722524724,0.02016547221156939,0.0099612326136016,0.0017557698536976307,0.0015669000869023009
3.572,0.006742416370282944,0.01766047142714533,0.02016359181036309,0.009960563840027525,0.0017524330979892255,0.001563713235420039
3.5740000000000003,0.006730564172534814,0.017643332274386525,0.020161711568944307,0.009959895112524597,0.0017491026835534385,0.0015605328655432515
3.576,0.006718732803171479,0.01762620975082907,0.020159831487324587,0.009959226431091261,0.0017457785983390206,0.0015573589640891505
3.5780000000000003,0.006706922225599987,0.01760910384034653,0.02015795156551503,0.009958557795726408,0.0017424608303180378,0.0015541915179020371
3.58,0.006695132403291559,0.01759201452682846,0.020156071803526965,0.009957889206428261,0.0017391493674849823,0.001551030513852636
3.5820000000000003,0.006683363299781586,0.017574941794179733,0.020154192201371712,0.00995722066319571,0.001735844197857439,0.0015478759388385388
3.584,0.006671614878669407,0.01755788562632099,0.020152312759060376,0.0099565521660272,0.0017325453094758636,0.0015447277797842052
3.586,0.006659887103618312,0.017540846007188415,0.02015043347660428,0.009955883714921399,0.001729252690403138,0.0015415860236402956
3.588,0.006648179938355758,0.017523822920733956,0.020148554354014303,0.009955215309876753,0.001725966328725237,0.0015384506573841161
3.59,0.0066364933466722675,0.01750681635092466,0.02014667539130155,0.00995454695089193,0.0017226862125503395,0.00153532166801984
3.592,0.00662482729242253,0.01748982628174356,0.0201447965884769,0.009953878637965374,0.0017194123300092734,0.001532199042577398
3.594,0.006613181739524521,0.01747285269718879,0.020142917945551453,0.009953210371095755,0.001716144669255737,0.0015290827681138097
3.596,0.006601556651959495,0.01745589558127425,0.020141039462536092,0.009952542150281296,0.001712883218465855,0.0015259728317118526
3.598,0.006589951993771992,0.01743895491802938,0.020139161139441697,0.009951873975520886,0.0017096279658379565,0.001522869220480949
3.6,0.006578367729069834,0.017422030691498946,0.020137282976279147,0.009951205846812972,0.0017063788995930196,0.0015197719215565009
3.602,0.006566803822023903,0.01740512288574303,0.0201354049730591,0.009950537764155776,0.0017031360079742264,0.001516680922100111
3.604,0.006555260236867699,0.01738823148483748,0.02013352712979244,0.009949869727548188,0.0016998992792474077,0.0015135962092995836
3.606,0.006543736937897782,0.017371356472873467,0.020131649446489597,0.009949201736988433,0.0016966687017005988,0.0015105177703687023
3.608,0.006532233889473549,0.017354497833957483,0.020129771923161455,0.009948533792475178,0.0016934442636438174,0.0015074455925474517
3.61,0.006520751056016794,0.01733765555221156,0.02012789455981845,0.009947865894006869,0.0016902259534095077,0.0015043796631013517
3.612,0.006509288402011704,0.017320829611772837,0.020126017356471237,0.00994719804158195,0.0016870137593523182,0.0015013199693223456
3.614,0.006497845892005083,0.017304019996794207,0.020124140313130257,0.00994653023519887,0.0016838076698491022,0.0014982664985279115
3.616,0.006486423490605686,0.017287226691443447,0.020122263429805942,0.009945862474856071,0.0016806076732984732,0.001495219238061285
3.618,0.006475021162484884,0.0172704496799041,0.02012038670650873,0.009945194760552,0.001677413758121471,0.0014921781752914587
3.62,0.0064636388723757765,0.017253688946375023,0.020118510143249058,0.009944527092285327,0.001674225912760896,0.0014891432976134045
3.622,0.006452276585073413,0.01723694447506996,0.020116633740037138,0.009943859470054273,0.0016710441256815312,0.0014861145924474073
3.624,0.0064409342654347945,0.017220216250218412,0.020114757496883184,0.009943191893857284,0.0016678683853703635,0.0014830920472395093
3.626,0.006429611878378427,0.01720350425606476,0.020112881413797634,0.009942524363692806,0.0016646986803356967,0.0014800756494610656
3.628,0.006418309388884769,0.017186808476869153,0.02011100549079048,0.009941856879559285,0.0016615349991082606,0.0014770653866091887
3.63,0.00640702676199556,0.01717012889690639,0.020109129727872155,0.009941189441455167,0.0016583773302403237,0.001474061246206304
3.632,0.0063957639628140495,0.017153465500467036,0.02010725412505243,0.009940522049378897,0.0016552256623056927,0.0014710632158001502
3.634,0.006384520956504769,0.017136818271856535,0.020105378682341524,0.009939854703328699,0.0016520799839003786,0.0014680712829637788
3.636,0.006373297708293313,0.01712018719539543,0.020103503399749645,0.009939187403303018,0.0016489402836417089,0.0014650854352957765
3.638,0.006362094183466338,0.01710357225542003,0.020101628277286565,0.0099385201493003,0.0016458065501685493,0.0014621056604195992
3.64,0.006350910347371563,0.017086973436281294,0.020099753314962054,0.009937852941318992,0.001642678772141748,0.0014591319459842378
3.642,0.00633974616541777,0.017070390722345508,0.020097878512786327,0.009937185779357538,0.0016395569382434694,0.00145616427966333
3.644,0.0063286016030741354,0.017053824097994053,0.02009600387076893,0.009936518663414162,0.0016364410371771942,0.001453202649156049
3.646,0.006317476625870677,0.017037273547623633,0.020094129388919857,0.009935851593487088,0.0016333310576683857,0.0014502470421864366
3.648,0.006306371199397809,0.017020739055645828,0.020092255067248876,0.009935184569574762,0.001630226988463379,0.0014472974465034039
3.65,0.0062952852893065625,0.01700422060648754,0.020090380905765537,0.009934517591675629,0.0016271288183302701,0.0014443538498807307
3.652,0.006284218861308144,0.01698771818459055,0.02008850690447961,0.009933850659788135,0.0016240365360584708,0.001441416240117288
3.654,0.0062731718811741555,0.016971231774411732,0.02008663306340064,0.009933183773910503,0.0016209501304584872,0.001438484605036594
3.656,0.006262144314736373,0.016954761360423065,0.020084759382538397,0.009932516934040958,0.001617869590362142,0.0014355589324870355
3.658,0.006251136127886081,0.016938306927111624,0.02008288586190221,0.009931850140177945,0.001614794904622796,0.0014326392103416463
3.66,0.006240147286575182,0.016921868458979583,0.02008101250150185,0.009931183392319687,0.0016117260621144602,0.0014297254264981074
3.662,0.006229177756814863,0.016905445940543995,0.020079139301346416,0.009930516690464408,0.0016086630517326839,0.0014268175688787466
3.664,0.006218227504676044,0.01688903935633701,0.02007726626144568,0.009929850034610554,0.0016056058623941105,0.0014239156254305385
3.666,0.006207296496289594,0.016872648690905656,0.020075393381808748,0.00992918342475635,0.001602554483036256,0.001421019584124883
3.668,0.006196384697845447,0.016856273928811838,0.020073520662444944,0.009928516860900238,0.00159950890261773,0.0014181294329576044
3.67,0.0061854920755932685,0.01683991505463278,0.020071648103363815,0.009927850343040445,0.0015964691101182371,0.0014152451599489524
3.672,0.006174618595841785,0.016823572052960367,0.020069775704574244,0.009927183871175194,0.0015934350945383535,0.0014123667531436013
3.674,0.006163764224959012,0.016807244908401353,0.02006790346608578,0.009926517445302707,0.0015904068448993058,0.0014094942006104283
3.676,0.006152928929371804,0.016790933605577596,0.0200660313879073,0.00992585106542121,0.0015873843502436369,0.0014066274904427356
3.678,0.0061421126755663025,0.01677463812912583,0.020064159470048137,0.009925184731529146,0.0015843675996343176,0.0014037666107580282
3.68,0.006131315430087492,0.016758358463697665,0.02006228771251717,0.00992451844362452,0.0015813565821554132,0.001400911549697792
3.682,0.0061205371595387525,0.016742094593959367,0.0200604161153235,0.009923852201705774,0.001578351286911639,0.0013980622954279376
3.684,0.00610977783058253,0.016725846504592523,0.02005854467847623,0.009923186005771134,0.0015753517030283604,0.0013952188361381346
3.686,0.006099037409939667,0.01670961418029293,0.02005667340198425,0.009922519855818823,0.001572357819651593,0.0013923811600422553
3.688,0.006088315864389404,0.01669339760577171,0.020054802285856432,0.009921853751847065,0.0015693696259477807,0.001389549255378153
3.69,0.0060776131607693795,0.016677196765754854,0.020052931330101442,0.009921187693854083,0.0015663871111044614,0.0013867231104074396
3.692,0.006066929265975629,0.01666101164498257,0.020051060534728382,0.00992052168183788,0.001563410264329379,0.0013839027134159299
3.694,0.0060562641469619205,0.01664484222821061,0.02004918989974591,0.0099198557157969,0.0015604390748509278,0.0013810880527127534
3.696,0.006045617770740641,0.01662868850020871,0.020047319425162913,0.009919189795729366,0.001557473531917708,0.0013782791166312425
3.698,0.006034990104381466,0.016612550445762153,0.020045449110987823,0.009918523921633282,0.001554513624799192,0.0013754758935282663
3.7,0.006024381115012467,0.01659642804967021,0.020043578957229524,0.00991785809350687,0.0015515593427848362,0.0013726783717844526
3.702,0.006013790769819227,0.01658032129674747,0.020041708963896676,0.009917192311348355,0.0015486106751845252,0.0013698865398041882
3.704,0.006003219036044838,0.016564230171822958,0.020039839130997716,0.00991652657515596,0.0015456676113285717,0.0013671003860151743
3.706,0.005992665880990122,0.016548154659740355,0.020037969458541083,0.009915860884927907,0.0015427301405677163,0.001364319898868649
3.708,0.0059821312720134134,0.016532094745358217,0.020036099946535435,0.0099151952406622,0.0015397982522726839,0.001361545066839609
3.71,0.0059716151765301095,0.016516050413549754,0.02003423059498921,0.009914529642357062,0.0015368719358344052,0.001358775878426366
3.712,0.0059611175620131185,0.016500021649202612,0.020032361403910848,0.009913864090010716,0.0015339511806640171,0.001356012322150546
3.714,0.005950638395992192,0.01648400843721931,0.02003049237330856,0.009913198583621163,0.0015310359761928627,0.00135325438655709
3.716,0.0059401776460541456,0.016468010762516805,0.02002862350319079,0.009912533123186629,0.0015281263118722688,0.0013505020602142537
3.718,0.005929735279843085,0.016452028610026703,0.02002675479356575,0.009911867708705335,0.0015252221771737684,0.001347755331713829
3.72,0.0059193112650595126,0.01643606196469527,0.020024886244441875,0.009911202340175285,0.0015223235615886566,0.0013450141896704793
3.722,0.005908905569460776,0.016420110811483646,0.020023017855827163,0.0099105370175947,0.0015194304546284343,0.0013422786227221817
3.724,0.005898518160861066,0.01640417513536696,0.02002114962772983,0.009909871740961584,0.0015165428458243646,0.0013395486195300066
3.726,0.005888149007130972,0.01638825492133522,0.020019281560158086,0.00990920651027416,0.0015136607247274725,0.0013368241687778948
3.728,0.005877798076197482,0.01637235015439309,0.02001741365311993,0.009908541325530429,0.001510784080909211,0.0013341052591731017
3.73,0.005867465336043987,0.01635646081955966,0.020015545906623577,0.009907876186728393,0.0015079129039601291,0.0013313918794457535
3.732,0.00585715075471005,0.016340586901868237,0.020013678320676798,0.009907211093866275,0.0015050471834912038,0.0013286840183486248
3.734,0.005846854300291415,0.016324728386367005,0.020011810895287807,0.009906546046942077,0.00150218690913273,0.0013259816646578049
3.736,0.005836575940939781,0.016308885258118577,0.020009943630464377,0.009905881045954024,0.0014993320705347646,0.0013232848071720316
3.738,0.005826315644863023,0.016293057502200003,0.02000807652621428,0.009905216090900115,0.0014964826573671264,0.0013205934347126913
3.74,0.005816073380324527,0.016277245103702764,0.02000620958254551,0.009904551181778354,0.0014936386593193962,0.001317907536124041
3.742,0.005805849115643413,0.016261448047732774,0.020004342799465835,0.009903886318586963,0.0014908000661004728,0.0013152271002729865
3.744,0.005795642819194979,0.01624566631941038,0.02000247617698303,0.009903221501323722,0.0014879668674387947,0.0013125521160490816
3.746,0.005785454459409367,0.01622989990387036,0.020000609715104867,0.009902556729986856,0.0014851390530827846,0.001309882572364529
3.748,0.005775284004772674,0.016214148786261928,0.019998743413839115,0.009901892004574586,0.001482316612799739,0.001307218458153958
3.75,0.005765131423826064,0.01619841295174851,0.019996877273193325,0.009901227325084694,0.001479499536376716,0.0013045597623746463
3.7520000000000002,0.005754996685166214,0.01618269238550818,0.019995011293175047,0.00990056269151518,0.0014766878136203143,0.001301906474006076
3.754,0.005744879757444865,0.01616698707273323,0.01999314547379205,0.009899898103864269,0.0014738814343562279,0.0012992585820505997
3.7560000000000002,0.005734780609368606,0.016151296998630382,0.019991279815051666,0.009899233562129739,0.0014710803884296908,0.0012966160755325529
3.758,0.005724699209699313,0.01613562214842057,0.01998941431696144,0.009898569066309815,0.001468284665705033,0.001293978943498697
3.7600000000000002,0.0057146355272534866,0.01611996250733916,0.019987548979528702,0.009897904616402498,0.0014654942560661244,0.0012913471750182204
3.762,0.005704589530902471,0.016104318060635725,0.019985683802761,0.009897240212405567,0.0014627091494157085,0.0012887207591822936
3.7640000000000002,0.005694561189572234,0.016088688793574057,0.019983818786665886,0.009896575854317247,0.001459929335676069,0.0012860996851042916
3.766,0.005684550472243588,0.016073074691432376,0.019981953931250462,0.009895911542135538,0.0014571548047883631,0.0012834839419200161
3.7680000000000002,0.0056745573479515254,0.016057475739503335,0.01998008923652206,0.009895247275858221,0.0014543855467130662,0.001280873518787029
3.77,0.005664581785785661,0.016041891923093354,0.019978224702488,0.009894583055483519,0.0014516215514295272,0.0012782684048850967
3.7720000000000002,0.005654623754889565,0.01602632322752351,0.019976360329155396,0.009893918881009212,0.001448862808936191,0.00127566858941619
3.774,0.005644683224461433,0.016010769638129085,0.01997449611653157,0.0098932547524333,0.0014461093092508204,0.0012730740616038183
3.7760000000000002,0.005634760163753194,0.01599523114025936,0.01997263206462363,0.009892590669753787,0.0014433610424096077,0.001270484810693695
3.778,0.005624854542070956,0.015979707719277814,0.01997076817343868,0.009891926632968673,0.0014406179984682854,0.0012679008259535163
3.7800000000000002,0.005614966328774784,0.01596419936056237,0.019968904442983604,0.00989126264207596,0.0014378801675010155,0.0012653220966722944
3.782,0.0056050954932787,0.015948706049504713,0.01996704087326573,0.009890598697073427,0.001435147539600834,0.0012627486121614684
3.7840000000000003,0.005595242005050016,0.015933227771511183,0.01996517746429194,0.009889934797959077,0.0014324201048798724,0.0012601803617537932
3.786,0.005585405833610002,0.015917764512001664,0.019963314216069117,0.00988927094473091,0.0014296978534689142,0.0012576173348037845
3.7880000000000003,0.005575586948533218,0.015902316256410698,0.019961451128604146,0.009888607137386707,0.0014269807755176167,0.001255059520687718
3.79,0.005565785319447958,0.015886882990186812,0.01995958820190391,0.009887943375924468,0.0014242688611940668,0.001252506908803408
3.7920000000000003,0.005556000916035808,0.015871464698792526,0.019957725435975293,0.009887279660342196,0.0014215621006854473,0.001249959488570429
3.794,0.005546233708031423,0.015856061367704344,0.019955862830825177,0.009886615990637893,0.0014188604841971486,0.00124741724942945
3.7960000000000003,0.005536483665222525,0.015840672982412984,0.019954000386460224,0.009885952366809114,0.001416164001953657,0.0012448801808429
3.798,0.005526750757450349,0.015825299528423376,0.019952138102887318,0.009885288788854085,0.0014134726441974443,0.0012423482722947465
3.8000000000000003,0.005517034954608757,0.015809940991254212,0.019950275980112897,0.009884625256770585,0.0014107864011900784,0.0012398215132900514
3.802,0.005507336226644677,0.0157945973564384,0.019948414018143845,0.009883961770556393,0.0014081052632113344,0.0012372998933554147
3.8040000000000003,0.005497654543557662,0.015779268609522834,0.0199465522169866,0.009883298330209511,0.0014054292205596397,0.0012347834020385307
3.806,0.005487989875400112,0.015763954736068175,0.019944690576647828,0.00988263493572794,0.001402758263551629,0.001232272028908854
3.8080000000000003,0.0054783421922770525,0.015748655721649518,0.019942829097134185,0.00988197158710924,0.0014000923825223666,0.0012297657635564896
3.81,0.005468711464345688,0.015733371551855502,0.01994096777845189,0.009881308284351631,0.0013974315678255689,0.0012272645955928585
3.8120000000000003,0.00545909766181607,0.015718102212289198,0.019939106620607605,0.009880645027452672,0.0013947758098331597,0.0012247685146506981
3.814,0.0054495007549502095,0.015702847688567,0.01993724562360777,0.009879981816410366,0.0013921250989350487,0.0012222775103838401
3.8160000000000003,0.005439920714062518,0.01568760796631996,0.0199353847874586,0.009879318651222713,0.0013894794255397969,0.0012197915724667663
3.818,0.005430357509519812,0.01567238303119245,0.019933524112166534,0.00987865553188727,0.0013868387800739512,0.0012173106905954967
3.8200000000000003,0.00542081111174042,0.01565717286884305,0.019931663597738014,0.00987799245840204,0.0013842031529824883,0.0012148348544864795
3.822,0.005411281491195075,0.015641977464944334,0.019929803244179256,0.009877329430764803,0.0013815725347283703,0.0012123640538774794
3.8240000000000003,0.005401768618406244,0.01562679680518242,0.019927943051496477,0.009876666448973559,0.001378946915792545,0.0012098982785271328
3.826,0.005392272463947911,0.01561163087525741,0.019926083019695895,0.009876003513025866,0.0013763262866743897,0.0012074375182147268
3.8280000000000003,0.00538279299844624,0.015596479660883622,0.019924223148783726,0.009875340622919726,0.0013737106378912678,0.0012049817627401982
3.83,0.005373330192578685,0.015581343147788695,0.019922363438765966,0.009874677778652918,0.0013710999599783058,0.0012025310019245783
3.8320000000000003,0.005363884017073994,0.01556622132171448,0.019920503889648833,0.009874014980223222,0.001368494243488838,0.0012000852256093264
3.834,0.005354454442712875,0.015551114168416369,0.01991864450143832,0.009873352227628418,0.0013658934789939625,0.001197644423656774
3.8360000000000003,0.005345041440326881,0.015536021673663747,0.019916785274140425,0.009872689520866507,0.0013632976570829847,0.0011952085859496808
3.838,0.005335644980799081,0.015520943823239541,0.01991492620776114,0.009872026859935046,0.0013607067683629737,0.0011927777023914565
3.84,0.005326265035063615,0.015505880602940891,0.019913067302306464,0.009871364244832037,0.0013581208034587622,0.001190351762906161
3.842,0.005316901574105692,0.015490831998578258,0.01991120855778239,0.009870701675555038,0.0013555397530129465,0.0011879307574380604
3.844,0.00530755456896137,0.015475797995976093,0.01990934997419469,0.00987003915210205,0.0013529636076861085,0.0011855146759522928
3.846,0.005298223990717776,0.015460778580972612,0.01990749155154914,0.009869376674470631,0.0013503923581563715,0.0011831035084339803
3.848,0.005288909810512665,0.015445773739419577,0.019905633289851732,0.00986871424265856,0.0013478259951198446,0.0011806972448888953
3.85,0.005279611999534417,0.01543078345718274,0.01990377518910824,0.00986805185666384,0.0013452645092899562,0.0011782958753430162
3.852,0.00527033052902226,0.015415807720141173,0.01990191724932422,0.009867389516484026,0.0013427078913981205,0.0011758993898427494
3.854,0.005261065370265827,0.015400846514187938,0.019900059470505438,0.0098667272221169,0.001340156132193071,0.0011735077784544856
3.856,0.005251816494605155,0.015385899825229421,0.01989820185265767,0.00986606497356024,0.001337609222441527,0.0011711210312650433
3.858,0.005242583873430684,0.015370967639186217,0.01989634439578647,0.009865402770811826,0.001335067152927305,0.0011687391383812251
3.86,0.0052333674781830375,0.015356049941992023,0.019894487099897384,0.009864740613869438,0.0013325299144519853,0.0011663620899300398
3.862,0.00522416728035302,0.015341146719594523,0.019892629964995967,0.009864078502730633,0.0013299974978346896,0.001163989876058702
3.864,0.00521498325148162,0.015326257957954725,0.01989077299108777,0.009863416437393413,0.001327469893911637,0.0011616224869344105
3.866,0.0052058153631595605,0.015311383643047405,0.01988891617817834,0.009862754417855335,0.0013249470935368102,0.001159259912744126
3.868,0.00519666358702775,0.015296523760861103,0.01988705952627301,0.009862092444113957,0.0013224290875815115,0.0011569021436950155
3.87,0.005187527894776611,0.01528167829739746,0.019885203035377108,0.00986143051616728,0.0013199158669343625,0.0011545491700142296
3.872,0.005178408258146749,0.015266847238672332,0.019883346705496185,0.009860768634012862,0.0013174074225013044,0.0011522009819486811
3.874,0.005169304648927842,0.015252030570714448,0.01988149053663557,0.009860106797648482,0.0013149037452053758,0.0011498575697648228
3.876,0.005160217038959747,0.015237228279566528,0.019879634528800594,0.009859445007071699,0.0013124048259871568,0.0011475189237493133
3.878,0.005151145400131174,0.015222440351284616,0.019877778681996583,0.00985878326228029,0.001309910655804325,0.0011451850342085734
3.88,0.00514208970438057,0.015207666771938522,0.019875922996228645,0.009858121563272038,0.0013074212256316553,0.0011428558914685638
3.882,0.005133049923695454,0.015192907527611155,0.01987406747150211,0.009857459910044497,0.0013049365264612423,0.001140531485874785
3.884,0.00512402603011286,0.015178162604399414,0.019872212107822085,0.009856798302595449,0.0013024565493020557,0.0011382118077927217
3.886,0.005115017995718674,0.015163431988413079,0.019870356905193676,0.009856136740922672,0.001299981285180385,0.0011358968476071762
3.888,0.005106025792648072,0.015148715665775914,0.01986850186362199,0.009855475225023502,0.0012975107251396167,0.0011335865957227131
3.89,0.005097049393084863,0.015134013622624787,0.019866646983112135,0.009854813754895941,0.0012950448602397913,0.0011312810425632147
3.892,0.0050880887692619226,0.01511932584511011,0.019864792263669218,0.009854152330537547,0.0012925836815584901,0.0011289801785721032
3.894,0.005079143893460758,0.015104652319395617,0.019862937705298123,0.009853490951945876,0.0012901271801897263,0.0011266839942123408
3.896,0.005070214738011725,0.01508999303165881,0.019861083308003735,0.009852829619118708,0.00128767534724461,0.0011243924799662075
3.898,0.005061301275293584,0.015075347968090291,0.019859229071791162,0.009852168332053601,0.0012852281738513494,0.0011221056263355234
3.9,0.0050524034777337246,0.015060717114893984,0.01985737499666529,0.009851507090748113,0.0012827856511548053,0.001119823423840982
3.902,0.005043521317808164,0.01504610045828736,0.019855521082630778,0.009850845895200022,0.0012803477703164923,0.0011175458630230395
3.904,0.00503465476804088,0.015031497984500986,0.019853667329692737,0.009850184745406887,0.0012779145225152444,0.001115272934441025
3.906,0.00502580380100448,0.0150169096797792,0.019851813737855828,0.009849523641366487,0.0012754858989461049,0.0011130046286735862
3.908,0.005016968389319532,0.015002335530379218,0.019849960307124714,0.009848862583076379,0.0012730618908212143,0.0011107409363186882
3.91,0.005008148505654786,0.014987775522572022,0.01984810703750428,0.00984820157053412,0.0012706424893693669,0.0011084818479931702
3.912,0.004999344122726956,0.014973229642641472,0.01984625392899897,0.00984754060373727,0.0012682276858360098,0.001106227354333189
3.914,0.004990555213300496,0.014958697876884974,0.019844400981613664,0.009846879682683607,0.0012658174714830217,0.0011039774459937757
3.916,0.004981781750188041,0.014944180211613256,0.019842548195353027,0.009846218807370466,0.0012634118375889347,0.0011017321136492786
3.918,0.004973023706249968,0.014929676633149924,0.0198406955702215,0.009845557977795627,0.0012610107754491562,0.0010994913479924762
3.92,0.004964281054393949,0.014915187127832352,0.019838843106223747,0.00984489719395687,0.0012586142763755248,0.0010972551397354646
3.922,0.004955553767575616,0.014900711682010792,0.019836990803364207,0.00984423645585153,0.0012562223316960885,0.001095023479609214
3.924,0.00494684181879812,0.01488625028204904,0.019835138661647322,0.009843575763477164,0.0012538349327557707,0.001092796358363346
3.926,0.004938145181111686,0.014871802914323773,0.019833286681077755,0.009842915116831552,0.001251452070915704,0.0010905737667663562
3.928,0.004929463827614056,0.014857369565224987,0.019831434861659725,0.009842254515912252,0.0012490737375534522,0.001088355695605614
3.93,0.004920797731450488,0.014842950221155782,0.01982958320339767,0.0098415939607166,0.0012466999240630106,0.0010861421356873624
3.932,0.004912146865812872,0.0148285448685328,0.019827731706296037,0.009840933451242373,0.0012443306218548056,0.0010839330778362744
3.934,0.004903511203940614,0.014814153493785343,0.01982588037035904,0.00984027298748713,0.001241965822355473,0.0010817285128956744
3.936,0.004894890719120193,0.014799776083356253,0.01982402919559112,0.00983961256944843,0.001239605517007858,0.001079528431727761
3.938,0.004886285384684719,0.014785412623701477,0.019822178181996275,0.00983895219712383,0.0012372496972714586,0.001077332825213162
3.94,0.004877695174014152,0.014771063101289839,0.019820327329578946,0.009838291870510885,0.0012348983546215386,0.0010751416842509354
3.942,0.004869120060535526,0.014756727502603262,0.019818476638343352,0.009837631589606932,0.0012325514805497928,0.0010729549997587906
3.944,0.00486056001772206,0.014742405814137216,0.01981662610829349,0.009836971354409751,0.0012302090665641252,0.001070772762673089
3.946,0.004852015019094047,0.014728098022399827,0.019814775739433577,0.009836311164916678,0.0012278711041884272,0.0010685949639481773
3.948,0.004843485038217965,0.014713804113912321,0.01981292553176761,0.009835651021125491,0.0012255375849627992,0.0010664215945572764
3.95,0.004834970048707143,0.014699524075209247,0.01981107548529981,0.009834990923033526,0.001223208500443329,0.0010642526454915924
3.952,0.004826470024220653,0.014685257892838033,0.019809225600034175,0.009834330870638341,0.0012208838422023138,0.0010620881077607613
3.954,0.004817984938464193,0.014671005553359207,0.019807375875974698,0.009833670863937494,0.0012185636018280377,0.001059927972392849
3.956,0.004809514765189871,0.014656767043346175,0.019805526313125155,0.00983301090292854,0.00121624777092455,0.0010577722304341286
3.958,0.004801059478195313,0.014642542349385446,0.019803676911489543,0.00983235098760904,0.0012139363411121096,0.0010556208729488592
3.96,0.004792619051324776,0.014628331458076627,0.01980182767107186,0.009831691117976327,0.00121162930402674,0.0010534738910197294
3.962,0.0047841934584680335,0.014614134356032205,0.0197999785918761,0.009831031294027959,0.0012093266513204526,0.0010513312757476356
3.964,0.0047757826735610465,0.014599951029877767,0.019798129673905818,0.009830371515761493,0.0012070283746612454,0.0010491930182512377
3.966,0.004767386670585294,0.014585781466251557,0.01979628091716501,0.009829711783174488,0.0012047344657326597,0.0010470591096674031
3.968,0.004759005423567997,0.01457162565180492,0.01979443232165723,0.009829052096264279,0.0012024449162340023,0.0010449295411509851
3.97,0.004750638906582116,0.014557483573202301,0.019792583887386472,0.009828392455028423,0.0012001597178807888,0.0010428043038750445
3.972,0.004742287093746134,0.014543355217121023,0.019790735614356292,0.009827732859464477,0.001197878862403856,0.0010406833890304057
3.974,0.0047339499592238266,0.01452924057025129,0.019788887502570462,0.009827073309569778,0.0011956023415500283,0.0010385667878258786
3.976,0.004725627477224492,0.014515139619295958,0.019787039552032537,0.009826413805341883,0.0011933301470816726,0.001036454491488259
3.978,0.004717319622002947,0.014501052350970989,0.01978519176274607,0.009825754346778126,0.0011910622707769214,0.0010343464912618838
3.98,0.0047090263678588595,0.01448697875200522,0.01978334413471461,0.009825094933876066,0.001188798704429228,0.001032242778409076
3.982,0.004700747689137197,0.01447291880914059,0.019781496667941934,0.00982443556663326,0.0011865394398480333,0.0010301433442099217
3.984,0.004692483560228,0.014458872509131249,0.019779649362431373,0.009823776245047044,0.001184284468858321,0.001028048179962271
3.986,0.004684233955566386,0.014444839838744894,0.01977780221818648,0.009823116969114976,0.0011820337833001737,0.001025957276981515
3.988,0.0046759988496321014,0.014430820784761433,0.019775955235210585,0.00982245773883439,0.0011797873750296617,0.0010238706266010311
3.99,0.004667778216950191,0.014416815333973876,0.01977410841350724,0.009821798554202621,0.001177545235918176,0.0010217882201715156
3.992,0.004659572032089887,0.014402823473188331,0.01977226175307978,0.009821139415217228,0.0011753073578524287,0.0010197100490614286
3.994,0.004651380269665495,0.01438884518922312,0.019770415253931528,0.009820480321875769,0.0011730737327346752,0.0010176361046565496
3.996,0.00464320290433573,0.014374880468909668,0.019768568916066043,0.009819821274175577,0.0011708443524824919,0.001015566378360644
3.998,0.00463503991080394,0.014360929299092051,0.01976672273948643,0.00981916227211399,0.0011686192090287761,0.001013500861594574
4.0,0.004626891263817878,0.014346991666627229,0.0197648767241958,0.009818503315688565,0.0011663982943219686,0.001011439545796522
4.002,0.004618756938169488,0.014333067558384593,0.019763030870197706,0.009817844404896636,0.001164181600325609,0.0010093824224226555
4.0040000000000004,0.0046106369086951204,0.014319156961246637,0.019761185177495033,0.009817185539735762,0.0011619691190187798,0.0010073294829460178
4.006,0.004602531150275535,0.01430525986210851,0.019759339646091112,0.009816526720203056,0.0011597608423954409,0.0010052807188569712
4.008,0.004594439637835235,0.014291376247877796,0.01975749427598905,0.009815867946296297,0.001157556762464873,0.001003236121663642
4.01,0.004586362346343131,0.014277506105474957,0.01975564906719196,0.0098152092180126,0.0011553568712516782,0.0010011956828910318
4.0120000000000005,0.004578299250811879,0.014263649421833335,0.019753804019702947,0.00981455053534952,0.0011531611607955572,0.0009991593940814614
4.014,0.0045702503262978755,0.014249806183898484,0.01975195913352512,0.009813891898304394,0.00115096962315131,0.0009971272467945713
4.016,0.004562215547901705,0.014235976378628834,0.019750114408661368,0.009813233306874558,0.0011487822503888356,0.0009950992326070995
4.018,0.004554194890767471,0.014222159992995476,0.019748269845114796,0.009812574761057347,0.00114659903459291,0.0009930753431128814
4.0200000000000005,0.004546188330083023,0.014208357013982154,0.019746425442888293,0.009811916260850317,0.0011444199678638522,0.0009910555699228496
4.022,0.0045381958410799506,0.014194567428585048,0.019744581201984746,0.009811257806250806,0.0011422450423166364,0.0009890399046650344
4.024,0.004530217399032921,0.014180791223813216,0.01974273712240704,0.009810599397256148,0.0011400742500811134,0.0009870283389843415
4.026,0.004522252979260344,0.01416702838668793,0.01974089320415806,0.009809941033863678,0.0011379075833024554,0.0009850208645429959
4.0280000000000005,0.004514302557123928,0.014153278904243338,0.019739049447240697,0.009809282716070733,0.0011357450341404896,0.000983017473019876
4.03,0.004506366108028681,0.014139542763526247,0.019737205851657613,0.00980862444387487,0.0011335865947699197,0.0009810181561109577
4.032,0.004498443607422686,0.014125819951595675,0.019735362417411695,0.0098079662172732,0.001131432257380549,0.0009790229055290922
4.034,0.004490535030797327,0.014112110455523519,0.019733519144505607,0.009807308036263285,0.0011292820141768356,0.0009770317130040063
4.0360000000000005,0.00448264035368684,0.014098414262393888,0.019731676032942014,0.009806649900842457,0.0011271358573781143,0.0009750445702818578
4.038,0.004474759551668761,0.01408473135930377,0.019729833082723802,0.00980599181100783,0.0011249937792185971,0.0009730614691263462
4.04,0.004466892600363259,0.014071061733362367,0.019727990293853415,0.009805333766756963,0.001122855771946929,0.0009710824013171582
4.042,0.004459039475433357,0.014057405371691312,0.019726147666333738,0.00980467576808719,0.0011207218278268538,0.0009691073586510779
4.0440000000000005,0.004451200152584933,0.014043762261425119,0.019724305200167214,0.009804017814995625,0.0011185919391367705,0.0009671363329417648
4.046,0.004443374607566497,0.014030132389710293,0.019722462895356285,0.009803359907479825,0.0011164660981695107,0.0009651693160190877
4.048,0.004435562816169192,0.014016515743706215,0.019720620751903617,0.009802702045537126,0.0011143442972327833,0.0009632062997297908
4.05,0.004427764754226571,0.014002912310584259,0.01971877876981165,0.009802044229164864,0.0011122265286487298,0.0009612472759372714
4.0520000000000005,0.00441998039761482,0.013989322077528676,0.01971693694908283,0.00980138645836015,0.001110112784754369,0.0009592922365211365
4.054,0.004412209722252314,0.013975745031735931,0.019715095289719597,0.009800728733120545,0.0011080030579009303,0.0009573411733778681
4.056,0.004404452704099615,0.013962181160414922,0.019713253791724394,0.00980007105344316,0.0011058973404545203,0.0009553940784201576
4.058,0.004396709319159919,0.01394863045078698,0.019711412455099664,0.009799413419325331,0.0011037956247954561,0.0009534509435773497
4.0600000000000005,0.0043889795434783885,0.013935092890085654,0.01970957127984785,0.009798755830764394,0.0011016979033184882,0.0009515117607952206
4.062,0.004381263353142151,0.013921568465557144,0.019707730265970946,0.009798098287757684,0.0010996041684332436,0.0009495765220357555
4.064,0.004373560724280523,0.013908057164459864,0.019705889413471622,0.009797440790302536,0.0010975144125635605,0.000947645219277371
4.066,0.004365871633064566,0.013894558974064442,0.019704048722351875,0.009796783338396287,0.0010954286281474879,0.000945717844514693
4.0680000000000005,0.0043581960557073085,0.013881073881653938,0.019702208192613924,0.009796125932036048,0.0010933468076377295,0.0009437943897587786
4.07,0.004350533968463521,0.013867601874524071,0.019700367824260212,0.009795468571219157,0.0010912689435009781,0.0009418748470371163
4.072,0.004342885347629943,0.013854142939982328,0.019698527617292738,0.009794811255942948,0.0010891950282185814,0.0009399592083929598
4.074,0.004335250169544391,0.01384069706534885,0.019696687571713722,0.009794153986204757,0.0010871250542860977,0.0009380474658859939
4.0760000000000005,0.00432762841058687,0.013827264237955772,0.019694847687525163,0.009793496762001697,0.0010850590142132965,0.0009361396115918907
4.078,0.004320020047178463,0.013813844445147883,0.01969300796472928,0.009792839583331103,0.001082996900524158,0.0009342356376027539
4.08,0.004312425055781777,0.013800437674281962,0.019691168403328074,0.009792182450190312,0.0010809387057570952,0.0009323355360266739
4.082,0.004304843412900938,0.013787043912727226,0.01968932900332354,0.009791525362576436,0.001078884422464288,0.0009304392989875065
4.0840000000000005,0.004297275095080932,0.013773663147864879,0.019687489764717903,0.009790868320486812,0.001076834043212349,0.000928546918625317
4.086,0.004289720078908488,0.01376029536708856,0.019685650687512934,0.009790211323918774,0.0010747875605818802,0.0009266583870963796
4.088,0.004282178341010967,0.013746940557804121,0.019683811771710635,0.009789554372869436,0.0010727449671676936,0.0009247736965725117
4.09,0.004274649858057034,0.013733598707429628,0.01968197301731278,0.009788897467336133,0.0010707062555788127,0.0009228928392417401
4.0920000000000005,0.004267134606756429,0.013720269803395135,0.01968013442432137,0.009788240607316201,0.0010686714184380275,0.0009210158073078567
4.094,0.00425963256385975,0.013706953833143354,0.019678295992738404,0.009787583792806753,0.0010666404483821168,0.0009191425929906405
4.096,0.004252143706158229,0.013693650784128542,0.019676457722565655,0.009786927023805125,0.0010646133380620704,0.0009172731885254137
4.098,0.004244668010483954,0.01368036064381739,0.019674619613804678,0.00978627030030843,0.0010625900801428667,0.0009154075861637079
4.1,0.004237205453709869,0.013667083399689028,0.019672781666457473,0.009785613622314004,0.0010605706673032511,0.0009135457781723755
4.102,0.004229756012749553,0.01365381903923435,0.019670943880525815,0.00978495698981896,0.0010585550922359577,0.0009116877568342563
4.104,0.004222319664556995,0.013640567549956462,0.01966910625601126,0.009784300402820634,0.0010565433476477093,0.0009098335144479552
4.106,0.004214896386126599,0.013627328919370463,0.019667268792915582,0.009783643861316138,0.0010545354262587736,0.0009079830433273983
4.108,0.0042074861544931785,0.013614103135003885,0.01966543149124056,0.009782987365302809,0.001052531320803629,0.0009061363358024987
4.11,0.004200088946732183,0.01360089018439603,0.019663594350987523,0.00978233091477776,0.001050531024030299,0.0009042933842187129
4.112,0.004192704739959252,0.013587690055098633,0.01966175737215825,0.009781674509738325,0.0010485345287007952,0.0009024541809368181
4.114,0.004185333511329992,0.013574502734674976,0.019659920554754517,0.00978101815018162,0.0010465418275906746,0.0009006187183333569
4.116,0.004177975238040199,0.013561328210700996,0.019658083898777656,0.009780361836104756,0.0010445529134894826,0.0008987869888001931
4.118,0.0041706298973258615,0.013548166470764178,0.01965624740422922,0.00977970556750507,0.0010425677792000876,0.0008969589847449555
4.12,0.004163297466462934,0.01353501750246422,0.019654411071110545,0.009779049344379676,0.0010405864175393464,0.0008951346985905939
4.122,0.00415597792276734,0.013521881293412807,0.019652574899423403,0.009778393166725907,0.001038608821337883,0.0008933141227753794
4.124,0.004148671243594748,0.01350875783123362,0.019650738889169128,0.009777737034540657,0.0010366349834394217,0.0008914972497529039
4.126,0.004141377406340352,0.013495647103562547,0.019648903040349053,0.009777080947821482,0.0010346648967016758,0.0008896840719923027
4.128,0.004134096388439534,0.013482549098047025,0.01964706735296451,0.009776424906565273,0.0010326985539959033,0.00088787458197781
4.13,0.0041268281673672025,0.013469463802346926,0.01964523182701683,0.009775768910769367,0.0010307359482069067,0.0008860687722092031
4.132,0.004119572720637565,0.013456391204133888,0.019643396462507567,0.009775112960430876,0.0010287770722330336,0.0008842666352013584
4.134,0.004112330025804578,0.013443331291091543,0.019641561259437834,0.009774457055546915,0.001026821918985954,0.0008824681634842513
4.136,0.004105100060461497,0.013430284050915287,0.01963972621780896,0.009773801196114817,0.0010248704813908827,0.0008806733496034003
4.138,0.004097882802241104,0.013417249471312509,0.019637891337622282,0.009773145382131698,0.0010229227523865791,0.0008788821861192009
4.14,0.004090678228815259,0.013404227540002811,0.019636056618878905,0.00977248961359467,0.0010209787249251256,0.0008770946656071477
4.142,0.004083486317895124,0.01339121824471734,0.019634222061579942,0.009771833890500847,0.001019038391972149,0.0008753107806580562
4.144,0.004076307047231165,0.013378221573199234,0.019632387665726725,0.009771178212847564,0.001017101746506377,0.0008735305238778412
4.146,0.0040691403946127025,0.013365237513203398,0.019630553431320363,0.009770522580631713,0.0010151687815200816,0.0008717538878870723
4.148,0.004061986337868362,0.013352266052496953,0.019628719358361746,0.009769866993850629,0.001013239490018858,0.0008699808653216401
4.15,0.004054844854865403,0.013339307178858562,0.019626885446852205,0.009769211452501425,0.0010113138650216236,0.0008682114488325343
4.152,0.0040477159235101645,0.013326360880078658,0.019625051696792628,0.009768555956581215,0.0010093918995601747,0.0008664456310851776
4.154,0.004040599521747623,0.013313427143959888,0.019623218108184126,0.009767900506087113,0.0010074735866800744,0.0008646834047605356
4.156,0.004033495627561612,0.013300505958316444,0.01962138468102781,0.009767245101016453,0.001005558919439764,0.0008629247625540071
4.158,0.0040264042189746,0.013287597310974508,0.019619551415324565,0.009766589741366127,0.00100364789091123,0.0008611696971760896
4.16,0.0040193252740479135,0.01327470118977181,0.019617718311075283,0.00976593442713325,0.0010017404941791153,0.0008594182013519358
4.162,0.004012258770881072,0.013261817582558066,0.01961588536828085,0.009765279158315154,0.0009998367223416071,0.0008576702678215753
4.164,0.004005204687612229,0.013248946477194767,0.019614052586942154,0.009764623934908956,0.0009979365685097719,0.0008559258893399146
4.166,0.003998163002417954,0.013236087861554946,0.019612219967060085,0.009763968756911545,0.0009960400258079982,0.0008541850586762934
4.168,0.003991133693513005,0.013223241723523627,0.01961038750863553,0.009763313624320258,0.0009941470873735536,0.0008524477686151499
4.17,0.003984116739150556,0.013210408050997602,0.019608555211669376,0.009762658537131985,0.000992257746356806,0.0008507140119553558
4.172,0.003977112117621973,0.01319758683188521,0.01960672307616229,0.009762003495344063,0.0009903719959212243,0.0008489837815104373
4.174,0.003970119807256589,0.01318477805410656,0.019604891102115163,0.009761348498953382,0.0009884898292429334,0.0008472570701083537
4.176,0.003963139786422154,0.013171981705593527,0.019603059289528657,0.009760693547957278,0.0009866112395116033,0.0008455338705921633
4.178,0.0039561720335241635,0.013159197774289755,0.01960122763840344,0.009760038642352642,0.0009847362199293386,0.0008438141758191353
4.18,0.003949216527006083,0.013146426248150433,0.019599396148740178,0.00975938378213681,0.0009828647637113441,0.0008420979786609717
4.182,0.003942273245349126,0.013133667115142522,0.019597564820539537,0.009758728967306673,0.0009809968640859257,0.0008403852720042515
4.184,0.003935342167072697,0.013120920363244526,0.019595733653802183,0.009758074197859345,0.0009791325142938234,0.0008386760487495426
4.186,0.003928423270733505,0.013108185980446718,0.01959390264852856,0.00975741947379194,0.0009772717075888782,0.0008369703018122898
4.188,0.003921516534926228,0.013095463954750919,0.019592071804719335,0.009756764795101569,0.0009754144372378093,0.0008352680241219268
4.19,0.003914621938282847,0.013082754274170716,0.019590241122375174,0.009756110161785347,0.0009735606965202148,0.0008335692086227642
4.192,0.003907739459473092,0.013070056926731244,0.01958841060149652,0.009755455573840166,0.0009717104787281272,0.0008318738482731014
4.194,0.0039008690772042165,0.013057371900468961,0.019586580242083818,0.00975480103126336,0.0009698637771664576,0.0008301819360456708
4.196,0.0038940107702207793,0.01304469918343254,0.01958475004413751,0.009754146534051822,0.0009680205851529955,0.0008284934649274156
4.198,0.003887164517304642,0.01303203876368153,0.019582920007658267,0.009753492082202664,0.0009661808960179652,0.0008268084279194898
4.2,0.003880330297275192,0.013019390629287697,0.019581090132646306,0.009752837675713,0.0009643447031044694,0.0008251268180374804
4.202,0.0038735080889886753,0.013006754768333906,0.019579260419102074,0.009752183314579721,0.0009625119997682674,0.0008234486283111853
4.204,0.0038666978713386424,0.012994131168914791,0.019577430867026013,0.009751528998800163,0.000960682779377775,0.0008217738517843909
4.206,0.0038598996232555027,0.012981519819136533,0.019575601476418347,0.009750874728371217,0.0009588570353136205,0.0008201024815153168
4.208,0.0038531133237071913,0.01296892070711686,0.019573772247279297,0.009750220503289997,0.0009570347609695329,0.0008184345105759494
4.21,0.0038463389516980584,0.012956333820984822,0.019571943179609308,0.009749566323553394,0.0009552159497516755,0.0008167699320524857
4.212,0.003839576486269758,0.012943759148881018,0.0195701142734086,0.00974891218915852,0.0009534005950784241,0.0008151087390453338
4.214,0.003832825906500581,0.012931196678957813,0.01956828552867762,0.009748258100102491,0.0009515886903810333,0.0008134509246688904
4.216,0.003826087191505456,0.012918646399378675,0.019566456945416366,0.00974760405638242,0.000949780229103192,0.000811796482051319
4.218,0.0038193603204359494,0.012906108298318841,0.01956462852362506,0.009746950057995196,0.0009479752047008017,0.0008101454043349943
4.22,0.003812645272480708,0.012893582363964873,0.019562800263303703,0.009746296104937935,0.0009461736106421981,0.0008084976846762792
4.222,0.0038059420268643507,0.012881068584514876,0.01956097216445274,0.009745642197207749,0.0009443754404085958,0.000806853316245304
4.224,0.0037992505628485773,0.012868566948178284,0.019559144227071945,0.00974498833480153,0.0009425806874929776,0.0008052122922259652
4.226,0.0037925708597310592,0.012856077443176073,0.019557316451161766,0.009744334517716391,0.0009407893454012051,0.0008035746058163706
4.228,0.003785902896845883,0.012843600057740545,0.01955548883672198,0.009743680745949224,0.0009390014076511299,0.0008019402502283945
4.23,0.0037792466535637725,0.012831134780115327,0.019553661383752807,0.009743027019497141,0.0009372168677732606,0.0008003092186874561
4.232,0.003772602109291423,0.012818681598555814,0.019551834092254028,0.009742373338357257,0.000935435719310096,0.0007986815044329632
4.234,0.003765969243471723,0.012806240501328281,0.019550006962225863,0.009741719702526463,0.0009336579558163471,0.0007970571007180904
4.236,0.003759348035583532,0.012793811476710548,0.01954817999366809,0.009741066112001873,0.000931883570859382,0.0007954360008095573
4.238,0.0037527384651421247,0.012781394512991984,0.01954635318658071,0.009740412566780376,0.0009301125580185587,0.00079381819798785
4.24,0.003746140511698526,0.01276898959847328,0.019544526540963725,0.009739759066859088,0.000928344910885226,0.0007922036855474435
4.242,0.0037395541548399525,0.012756596721466229,0.01954270005681691,0.0097391056122349,0.0009265806230633888,0.0007905924567959133
4.244,0.0037329793741889272,0.012744215870294173,0.019540873734140263,0.009738452202904924,0.0009248196881685988,0.0007889845050546018
4.246,0.003726416149404388,0.012731847033291777,0.019539047572933566,0.009737798838866052,0.000923062099829064,0.0007873798236588403
4.248,0.0037198644601805775,0.012719490198804806,0.019537221573196595,0.009737145520115398,0.0009213078516849826,0.0007857784059570605
4.25,0.003713324286247488,0.012707145355190574,0.01953539573492913,0.009736492246649853,0.0009195569373885437,0.000784180245311239
4.252,0.0037067956073708608,0.012694812490817498,0.019533570058130945,0.00973583901846653,0.0009178093506039264,0.000782585335097119
4.2540000000000004,0.0037002784033519642,0.012682491594065315,0.01953174454280182,0.009735185835562321,0.0009160650850075225,0.0007809936687037666
4.256,0.003693772654027372,0.01267018265332509,0.019529919188941314,0.009734532697934117,0.000914324134287714,0.0007794052395337925
4.258,0.0036872783392691844,0.01265788565699899,0.0195280939965492,0.009733879605579032,0.0009125864921446514,0.0007778200410029079
4.26,0.0036807954389850295,0.012645600593500506,0.01952626896562526,0.009733226558493957,0.0009108521522909196,0.000776238066540591
4.2620000000000005,0.003674323933117618,0.01263332745125445,0.019524444096169047,0.009732573556676005,0.000909121108450428,0.0007746593095896426
4.264,0.003667863801644966,0.012621066218696742,0.019522619388180118,0.009731920600122068,0.0009073933543597423,0.000773083763605964
4.266,0.0036614150245801724,0.01260881688427462,0.01952079484165803,0.009731267688829037,0.0009056688837667526,0.0007715114220590014
4.268,0.0036549775819716412,0.012596579436446431,0.019518970456602558,0.009730614822794026,0.0009039476904313393,0.0007699422784313015
4.2700000000000005,0.0036485514539028596,0.01258435386368184,0.01951714623301304,0.009729962002013925,0.0009022297681253733,0.0007683763262187338
4.272,0.0036421366204919536,0.012572140154461398,0.019515322170889027,0.009729309226485627,0.0009005151106324938,0.0007668135589302683
4.274,0.0036357330618921324,0.012559938297277196,0.01951349827023008,0.009728656496206245,0.0008988037117483305,0.0007652539700884198
4.276,0.003629340758291688,0.012547748280631987,0.01951167453103575,0.00972800381117267,0.0008970955652800594,0.0007636975532288037
4.2780000000000005,0.003622959689913552,0.012535570093040294,0.019509850953305374,0.009727351171381793,0.0008953906650466248,0.0007621443018999141
4.28,0.003616589837015294,0.012523403723027293,0.019508027537038286,0.009726698576830728,0.0008936890048789614,0.0007605942096633456
4.282,0.003610231179889345,0.01251124915912949,0.01950620428223404,0.009726046027516366,0.0008919905786193283,0.0007590472700940154
4.284,0.0036038836988627754,0.012499106389894266,0.01950438118889175,0.0097253935234356,0.0008902953801221969,0.0007575034767799416
4.2860000000000005,0.00359754737429685,0.012486975403880551,0.01950255825701097,0.009724741064585318,0.000888603403253363,0.0007559628233222426
4.288,0.003591222186587917,0.012474856189657935,0.019500735486591037,0.009724088650962415,0.0008869146418903906,0.0007544253033346937
4.29,0.0035849081161662966,0.012462748735807327,0.01949891287763128,0.009723436282564002,0.0008852290899223902,0.0007528909104441706
4.292,0.003578605143496949,0.012450653030920522,0.019497090430130815,0.009722783959386971,0.0008835467412502407,0.0007513596382906496
4.2940000000000005,0.0035723132490788068,0.012438569063600635,0.019495268144089195,0.009722131681428214,0.000881867589786145,0.0007498314805272077
4.296,0.0035660324134454413,0.012426496822461663,0.01949344601950531,0.009721479448684622,0.0008801916294542966,0.0007483064308193565
4.298,0.003559762617164619,0.012414436296128706,0.019491624056378498,0.009720827261153087,0.0008785188541899913,0.0007467844828459302
4.3,0.0035535038408380792,0.012402387473237741,0.01948980225470809,0.00972017511883072,0.0008768492579402931,0.0007452656302981975
4.3020000000000005,0.003547256065101534,0.012390350342435852,0.019487980614492972,0.009719523021714416,0.0008751828346638124,0.0007437498668807496
4.304,0.00354101927062489,0.012378324892380999,0.019486159135732484,0.009718870969801063,0.0008735195783304839,0.0007422371863106125
4.306,0.003534793438112027,0.012366311111742467,0.019484337818425734,0.009718218963087333,0.0008718594829217885,0.0007407275823176906
4.308,0.003528578548300576,0.012354308989200202,0.019482516662571614,0.00971756700157056,0.0008702025424307536,0.000739221048644767
4.3100000000000005,0.003522374581962362,0.012342318513445472,0.019480695668169457,0.009716915085247413,0.0008685487508615086,0.0007377175790472812
4.312,0.003516181519902517,0.012330339673180202,0.019478874835218152,0.009716263214114784,0.0008668981022299516,0.0007362171672931073
4.314,0.003509999342960146,0.0123183724571172,0.01947705416371681,0.009715611388169565,0.0008652505905630825,0.0007347198071632199
4.316,0.003503828032007883,0.012306416853980373,0.019475233653664326,0.009714959607408868,0.0008636062098992259,0.0007332254924510284
4.3180000000000005,0.003497667567952112,0.012294472852504734,0.019473413305059584,0.009714307871829364,0.0008619649542882524,0.0007317342169623764
4.32,0.003491517931732746,0.012282540441435952,0.019471593117901698,0.009713656181427943,0.000860326817791135,0.0007302459745162082
4.322,0.0034853791043232274,0.012270619609530575,0.019469773092189557,0.00971300453620172,0.0008586917944803929,0.0007287607589434586
4.324,0.0034792510667303045,0.012258710345556256,0.019467953227922052,0.009712352936147362,0.0008570598784396477,0.0007272785640881629
4.3260000000000005,0.0034731337999940326,0.012246812638291527,0.019466133525098073,0.009711701381261983,0.0008554310637636231,0.000725799383806347
4.328,0.0034670272851877737,0.012234926476525576,0.019464313983716508,0.009711049871542254,0.0008538053445585891,0.0007243232119669152
4.33,0.0034609315034184185,0.012223051849058697,0.019462494603776248,0.009710398406985288,0.0008521827149416961,0.0007228500424512063
4.332,0.0034548464358257203,0.012211188744702062,0.01946067538527596,0.009709746987587753,0.0008505631690414184,0.0007213798691527717
4.3340000000000005,0.003448772063582961,0.012199337152277279,0.019458856328214535,0.009709095613346541,0.0008489467009975549,0.0007199126859778193
4.336,0.0034427083678960635,0.01218749706061728,0.01945703743259064,0.009708444284258766,0.0008473333049607845,0.0007184484868449914
4.338,0.0034366553300040348,0.012175668458565436,0.019455218698402943,0.009707793000321097,0.0008457229750928885,0.0007169872656849208
4.34,0.003430612931179189,0.012163851334976217,0.019453400125650333,0.009707141761530425,0.0008441157055669724,0.0007155290164408967
4.3420000000000005,0.0034245811527264802,0.012152045678714973,0.01945158171433148,0.009706490567883641,0.0008425114905670217,0.0007140737330686431
4.344,0.003418559975983504,0.012140251478657493,0.019449763464445047,0.009705839419377638,0.0008409103242881244,0.000712621409535874
4.346,0.0034125493823211617,0.012128468723690444,0.019447945375989706,0.009705188316009306,0.0008393122009364706,0.0007111720398225163
4.348,0.0034065493531425517,0.012116697402711596,0.019446127448964123,0.009704537257775536,0.0008377171147291307,0.0007097256179211531
4.3500000000000005,0.003400559869883857,0.012104937504628932,0.019444309683366745,0.009703886244672999,0.0008361250598942771,0.0007082821378361359
4.352,0.0033945809140136785,0.01209318901836176,0.01944249207919624,0.009703235276698807,0.0008345360306709626,0.000706841593584473
4.354,0.0033886124670330364,0.012081451932839826,0.01944067463645127,0.00970258435384963,0.0008329500213093421,0.0007054039791949407
4.356,0.0033826545104758132,0.01206972623700353,0.01943885735513029,0.00970193347612236,0.0008313670260704509,0.0007039692887087501
4.358,0.003376707025908088,0.012058011919804157,0.01943704023523174,0.009701282643513887,0.0008297870392259821,0.0007025375161788805
4.36,0.0033707699949281356,0.012046308970203645,0.019435223276754288,0.009700631856021102,0.0008282100550589533,0.0007011086556707458
4.362,0.0033648433991670945,0.012034617377174595,0.01943340647969638,0.009699981113640899,0.0008266360678628182,0.0006996827012617501
4.364,0.003358927220287855,0.012022937129700484,0.01943158984405624,0.009699330416369945,0.0008250650719421326,0.0006982596470410662
4.366,0.003353021439985726,0.012011268216775228,0.019429773369832537,0.009698679764205353,0.0008234970616121107,0.0006968394871103012
4.368,0.003347126039988213,0.011999610627403401,0.019427957057023715,0.009698029157143795,0.0008219320311990685,0.0006954222155830525
4.37,0.0033412410020550176,0.011987964350600455,0.019426140905627998,0.009697378595181938,0.0008203699750397586,0.000694007826584464
4.372,0.003335366307977594,0.01197632937539228,0.01942432491564383,0.009696728078316896,0.0008188108874818134,0.000692596314251892
4.374,0.0033295019395795933,0.011964705690815647,0.01942250908706944,0.009696077606545339,0.0008172547628835236,0.0006911876727346833
4.376,0.00332364787871664,0.01195309328591776,0.019420693419903268,0.009695427179864158,0.0008157015956142821,0.0006897818961939528
4.378,0.003317804107276112,0.011941492149756483,0.01941887791414354,0.009694776798270244,0.0008141513800536959,0.0006883789788028061
4.38,0.0033119706071771393,0.011929902271400339,0.01941706256978848,0.009694126461760266,0.0008126041105922521,0.0006869789147461169
4.382,0.003306147360370826,0.011918323639928285,0.01941524738683653,0.009693476170331117,0.0008110597816313181,0.0006855816982205276
4.384,0.0033003343488398063,0.011906756244430161,0.0194134323652857,0.009692825923979687,0.0008095183875824752,0.0006841873234346707
4.386,0.0032945315545986897,0.011895200074006018,0.019411617505134426,0.009692175722702645,0.000807979922868407,0.0006827957846087251
4.388,0.0032887389596931715,0.01188365511776679,0.019409802806380716,0.009691525566497106,0.0008064443819217892,0.0006814070759748603
4.39,0.0032829565462006993,0.011872121364833843,0.01940798826902279,0.009690875455359516,0.0008049117591863997,0.0006800211917767918
4.392,0.003277184296230473,0.011860598804338984,0.019406173893058876,0.009690225389286988,0.0008033820491164523,0.0006786381262700036
4.394,0.0032714221919227793,0.011849087425424898,0.01940435967848697,0.009689575368276193,0.0008018552461765971,0.0006772578737217483
4.396,0.0032656702154494344,0.011837587217244261,0.0194025456253053,0.009688925392324022,0.0008003313448419203,0.0006758804284108244
4.398,0.0032599283490135633,0.01182609816896063,0.019400731733511867,0.009688275461427143,0.0007988103395983881,0.0006745057846277991
4.4,0.0032541965748493773,0.011814620269748222,0.01939891800310467,0.009687625575582448,0.000797292224941959,0.0006731339366747857
4.402,0.003248474875222618,0.011803153508791242,0.019397104434081713,0.009686975734786607,0.0007957769953794713,0.000671764878865222
4.404,0.0032427632324301126,0.011791697875284779,0.01939529102644122,0.009686325939036733,0.0007942646454279778,0.0006703986055245359
4.406,0.0032370616287995535,0.011780253358434134,0.019393477780180968,0.009685676188329273,0.0007927551696149671,0.0006690351109894799
4.408,0.003231370046689941,0.011768819947455489,0.01939166469529896,0.00968502648266134,0.0007912485624783638,0.0006676743896083526
4.41,0.003225688468491139,0.011757397631575017,0.01938985177179342,0.009684376822029384,0.000789744818566307,0.000666316435740999
4.412,0.003220016876623877,0.011745986400029551,0.019388039009661906,0.009683727206430515,0.0007882439324375934,0.0006649612437585883
4.414,0.003214355253539969,0.011734586242066358,0.01938622640890264,0.009683077635861403,0.0007867458986612341,0.0006636088080438363
4.416,0.0032087035817218723,0.01172319714694292,0.01938441396951318,0.00968242811031872,0.0007852507118166763,0.0006622591229907826
4.418,0.0032030618436829084,0.011711819103927601,0.019382601691491752,0.009681778629799354,0.000783758366493359,0.0006609121830052356
4.42,0.0031974300219672624,0.011700452102298753,0.01938078957483591,0.009681129194300198,0.0007822688572911574,0.0006595679825038836
4.422,0.003191808099149318,0.011689096131345167,0.019378977619543658,0.00968047980381792,0.0007807821788203828,0.0006582265159151834
4.424,0.003186196057834545,0.01167775118036607,0.019377165825612774,0.009679830458349192,0.0007792983257013386,0.0006568877776786941
4.426,0.003180593880658833,0.011666417238671345,0.019375354193040817,0.009679181157890904,0.0007778172925645421,0.0006555517622452989
4.428,0.003175001550288714,0.01165509429558087,0.019373542721825787,0.009678531902439946,0.0007763390740509468,0.0006542184640772053
4.43,0.0031694190494209185,0.011643782340424957,0.019371731411965465,0.00967788269199299,0.0007748636648117202,0.0006528878776479452
4.432,0.003163846360782596,0.011632481362544134,0.019369920263457407,0.009677233526546702,0.0007733910595077997,0.0006515599974421526
4.434,0.0031582834671313176,0.011621191351289584,0.019368109276299394,0.009676584406097977,0.000771921252810559,0.0006502348179555639
4.436,0.003152730351254851,0.011609912296022706,0.019366298450489206,0.009675935330643481,0.0007704542394015856,0.0006489123336956837
4.438,0.003147186995971385,0.011598644186115115,0.019364487786024176,0.009675286300180108,0.0007689900139724593,0.0006475925391804527
4.44,0.003141653384129306,0.011587387010948857,0.019362677282902307,0.009674637314704526,0.0007675285712247515,0.00064627542893958
4.442,0.0031361294986069765,0.011576140759916198,0.019360866941120936,0.009673988374213405,0.000766069905870026,0.0006449609975134329
4.444,0.0031306153223127353,0.011564905422419391,0.01935905676067784,0.009673339478703635,0.0007646140126302825,0.000643649239453703
4.446,0.003125110838185341,0.011553680987871573,0.019357246741570577,0.00967269062817211,0.0007631608862372907,0.000642340149323184
4.448,0.003119616029193306,0.011542467445695648,0.019355436883796484,0.009672041822615274,0.0007617105214328124,0.0006410337216957718
4.45,0.0031141308783348975,0.01153126478532518,0.01935362718735334,0.00967139306203002,0.0007602629129686012,0.0006397299511562426
4.452,0.003108655368638358,0.011520072996203501,0.0193518176522387,0.00967074434641324,0.0007588180556064028,0.000638428832300475
4.454,0.0031031894831619056,0.011508892067784382,0.019350008278449904,0.009670095675761603,0.0007573759441181771,0.0006371303597352274
4.456,0.0030977332049935136,0.011497721989532028,0.019348199065984506,0.009669447050071778,0.0007559365732854317,0.0006358345280783606
4.458,0.0030922865172504643,0.011486562750920637,0.019346390014839843,0.009668798469340434,0.0007544999378996664,0.0006345413319586157
4.46,0.0030868494030802385,0.01147541434143462,0.01934458112501347,0.009668149933564463,0.0007530660327625949,0.000633250766015836
4.462,0.0030814218456596265,0.011464276750568825,0.019342772396502728,0.009667501442740534,0.0007516348526854788,0.0006319628249005227
4.464,0.003076003828195173,0.01145314996782787,0.019340963829304947,0.009666852996865316,0.0007502063924893498,0.0006306775032740575
4.466,0.00307059533392251,0.011442033982726807,0.019339155423417465,0.009666204595935701,0.0007487806470054537,0.0006293947958089241
4.468,0.0030651963461072462,0.011430928784790684,0.019337347178837838,0.009665556239948359,0.0007473576110748059,0.0006281146971882645
4.47,0.0030598068480440777,0.011419834363554981,0.01933553909556318,0.009664907928899957,0.0007459372795479702,0.0006268372021058788
4.472,0.0030544268230570104,0.011408750708565174,0.01933373117359105,0.009664259662787389,0.00074451964728528,0.0006255623052666692
4.474,0.0030490562544995825,0.01139767780937695,0.01933192341291856,0.009663611441607323,0.0007431047091572829,0.0006242900013861963
4.476,0.0030436951257541978,0.011386615655555765,0.019330115813543047,0.009662963265356428,0.0007416924600438524,0.0006230202851906785
4.478,0.003038343420233014,0.011375564236677738,0.019328308375461845,0.009662315134031374,0.0007402828948346318,0.0006217531514172148
4.48,0.0030330011213768326,0.011364523542328753,0.019326501098672066,0.009661667047629052,0.0007388760084290347,0.0006204885948135619
4.482,0.0030276682126557652,0.011353493562104688,0.019324693983170826,0.009661019006146132,0.0007374717957362442,0.0006192266101379129
4.484,0.003022344677569011,0.011342474285611859,0.01932288702895546,0.009660371009579283,0.0007360702516752138,0.0006179671921595631
4.486,0.003017030499644635,0.011331465702466348,0.01932108023602308,0.009659723057925174,0.0007346713711742225,0.0006167103356580217
4.488,0.0030117256624395683,0.011320467802294676,0.0193192736043708,0.009659075151180474,0.0007332751491715417,0.0006154560354236782
4.49,0.0030064301495398293,0.01130948057473291,0.019317467133995958,0.009658427289342075,0.0007318815806147683,0.0006142042862575803
4.492,0.0030011439445603028,0.011298504009427557,0.019315660824895442,0.009657779472406647,0.0007304906604612693,0.0006129550829709896
4.494,0.0029958670311442948,0.01128753809603511,0.019313854677066367,0.009657131700370858,0.0007291023836777377,0.0006117084203860479
4.496,0.0029905993929644215,0.011276582824221837,0.019312048690505845,0.009656483973231378,0.0007277167452408584,0.0006104642933353333
4.498,0.0029853410137214986,0.011265638183664217,0.01931024286521099,0.009655836290984876,0.0007263337401366421,0.0006092226966618597
4.5,0.002980091877144986,0.011254704164048945,0.019308437201178696,0.009655188653628244,0.0007249533633606475,0.0006079836252192994
4.502,0.0029748519669934304,0.011243780755072263,0.019306631698406074,0.009654541061157929,0.0007235756099177593,0.0006067470738717606
4.5040000000000004,0.0029696212670533573,0.011232867946440628,0.019304826356890237,0.009653893513570821,0.0007222004748228539,0.0006055130374935658
4.506,0.0029643997611399353,0.011221965727870709,0.019303021176628077,0.009653246010863592,0.0007208279530996897,0.0006042815109696953
4.508,0.002959187433096977,0.011211074089088724,0.019301216157616485,0.00965259855303291,0.0007194580397817951,0.0006030524891953437
4.51,0.0029539842667962724,0.011200193019831106,0.019299411299852354,0.009651951140075443,0.0007180907299120243,0.0006018259670763637
4.5120000000000005,0.0029487902461384774,0.011189322509844057,0.019297606603332573,0.009651303771987862,0.0007167260185427793,0.0006006019395286
4.514,0.0029436053550520036,0.011178462548883994,0.019295802068054257,0.009650656448767059,0.0007153639007357881,0.0005993804014787774
4.516,0.002938429577493906,0.011167613126717102,0.019293997694014076,0.00965000917040948,0.0007140043715623268,0.0005981613478633907
4.518,0.002933262897449218,0.011156774233119338,0.01929219348120892,0.009649361936912015,0.0007126474261027749,0.0005969447736293709
4.5200000000000005,0.0029281052989311718,0.011145945857876871,0.01929038942963568,0.009648714748271114,0.0007112930594468381,0.0005957306737340851
4.522,0.0029229567659809774,0.011135127990785643,0.019288585539291248,0.009648067604483668,0.0007099412666937699,0.0005945190431451142
4.524,0.002917817282668045,0.011124320621651362,0.019286781810172293,0.009647420505546123,0.0007085920429521497,0.0005933098768402534
4.526,0.0029126868330897615,0.011113523740289732,0.019284978242275708,0.00964677345145537,0.0007072453833396608,0.0005921031698075119
4.5280000000000005,0.0029075654013712704,0.011102737336526447,0.01928317483559816,0.00964612644220808,0.0007059012829835343,0.0005908989170451129
4.53,0.002902452971665692,0.011091961400196748,0.01928137159013632,0.009645479477800922,0.0007045597370198831,0.0005896971135612716
4.532,0.002897349528154125,0.011081195921146092,0.01927956850588708,0.009644832558230565,0.000703220740594368,0.0005884977543746395
4.534,0.002892255055045423,0.011070440889229705,0.019277765582847106,0.009644185683493456,0.0007018842888617538,0.0005873008345138597
4.5360000000000005,0.002887169536575973,0.01105969629431236,0.01927596282101307,0.009643538853586486,0.0007005503769859089,0.0005861063490175678
4.538,0.0028820929570101406,0.011048962126269046,0.019274160220381642,0.009642892068506326,0.0006992190001402498,0.0005849142929346129
4.54,0.002877025300639602,0.0110382383749843,0.01927235778094949,0.009642245328249643,0.0006978901535070747,0.0005837246613240588
4.542,0.002871966551784011,0.011027525030352425,0.019270555502713282,0.009641598632813109,0.0006965638322777856,0.0005825374492547386
4.5440000000000005,0.0028669166947903335,0.011016822082277944,0.019268753385669468,0.009640951982193169,0.0006952400316531104,0.0005813526518057
4.546,0.0028618757140330686,0.01100612952067448,0.019266951429814716,0.009640305376386715,0.0006939187468428809,0.0005801702640659823
4.548,0.002856843593914027,0.010995447335466091,0.019265149635145695,0.009639658815390417,0.0006925999730658106,0.000578990281134395
4.55,0.0028518203188627744,0.010984775516586165,0.019263348001658853,0.009639012299200944,0.0006912837055499388,0.0005778126981199616
4.5520000000000005,0.002846805873335967,0.010974114053978301,0.019261546529350637,0.009638365827814743,0.0006899699395324088,0.0005766375101416976
4.554,0.0028418002418175714,0.010963462937595203,0.019259745218217716,0.009637719401228706,0.0006886586702592457,0.0005754647123283885
4.556,0.0028368034088190885,0.01095282215740001,0.01925794406825654,0.00963707301943928,0.0006873498929855781,0.0005742942998188116
4.558,0.0028318153588788864,0.010942191703364967,0.019256143079463772,0.009636426682443355,0.0006860436029754169,0.0005731262677617366
4.5600000000000005,0.0028268360765626444,0.010931571565472531,0.019254342251835643,0.00963578039023738,0.0006847397955020984,0.0005719606113154807
4.562,0.0028218655464631315,0.010920961733714707,0.0192525415853686,0.009635134142818025,0.0006834384658476189,0.0005707973256483534
4.564,0.002816903753200206,0.010910362198093049,0.019250741080059308,0.00963448794018218,0.0006821396093030785,0.000569636405938434
4.566,0.002811950681420816,0.01089977294861888,0.019248940735903997,0.009633841782326291,0.000680843221168459,0.000568477847374016
4.5680000000000005,0.0028070063157985548,0.010889193975313294,0.01924714055289889,0.009633195669246808,0.000679549296752624,0.0005673216451527185
4.57,0.0028020706410345486,0.010878625268207154,0.019245340531040656,0.00963254960094062,0.000678257831373763,0.000566167794481931
4.572,0.002797143641856348,0.01086806681734065,0.01924354067032552,0.0096319035774044,0.0006769688203585034,0.0005650162905790346
4.574,0.0027922253030183697,0.010857518612763961,0.01924174097074971,0.009631257598634813,0.0006756822590423539,0.0005638671286709585
4.5760000000000005,0.002787315609301899,0.010846980644536819,0.01923994143230967,0.009630611664628308,0.0006743981427699275,0.0005627203039946238
4.578,0.0027824145455148663,0.0108364529027285,0.019238142055001628,0.009629965775381555,0.0006731164668947187,0.0005615758117962777
4.58,0.002777522096492069,0.010825935377417828,0.01923634283882203,0.009629319930891223,0.0006718372267788819,0.0005604336473319371
4.582,0.0027726382470947275,0.010815428058693621,0.019234543783766878,0.00962867413115398,0.0006705604177934532,0.0005592938058673891
4.5840000000000005,0.0027677629822109306,0.010804930936654022,0.01923274488983262,0.009628028376166498,0.0006692860353181285,0.0005581562826781905
4.586,0.00276289628675519,0.010794444001406722,0.01923094615701526,0.009627382665925222,0.0006680140747414853,0.0005570210730490022
4.588,0.00275803814566844,0.01078396724306896,0.019229147585311246,0.009626737000427044,0.0006667445314609832,0.0005558881722744768
4.59,0.0027531885439180392,0.010773500651767964,0.01922734917471658,0.009626091379668411,0.0006654774008827413,0.0005547575756588152
4.5920000000000005,0.0027483474664979912,0.010763044217640072,0.019225550925227708,0.009625445803645993,0.0006642126784215385,0.0005536292785155439
4.594,0.0027435148984282787,0.010752597930831609,0.019223752836840413,0.00962480027235646,0.0006629503595010355,0.0005525032761679594
4.596,0.0027386908247557518,0.010742161781498005,0.019221954909551142,0.009624154785796257,0.0006616904395533307,0.000551379563948684
4.598,0.002733875230553018,0.010731735759804684,0.019220157143355898,0.009623509343962278,0.0006604329140194043,0.0005502581371998883
4.6000000000000005,0.0027290681009191076,0.01072131985592617,0.019218359538250684,0.009622863946850968,0.0006591777783488961,0.0005491389912732902
4.602,0.002724269420979475,0.010710914060046761,0.019216562094231726,0.009622218594458998,0.0006579250279998838,0.0005480221215301562
4.604,0.002719479175885109,0.0107005183623603,0.019214764811295026,0.009621573286782814,0.0006566746584393268,0.000546907523340856
4.606,0.002714697350813866,0.010690132753069959,0.01921296768943659,0.009620928023819308,0.0006554266651428442,0.0005457951920855297
4.6080000000000005,0.002709923930968916,0.010679757222388453,0.019211170728652416,0.009620282805564928,0.0006541810435942708,0.0005446851231534211
4.61,0.0027051589015798516,0.010669391760538272,0.019209373928938733,0.009619637632016342,0.0006529377892865451,0.0005435773119433218
4.612,0.002700402247902023,0.010659036357751006,0.019207577290291322,0.009618992503169999,0.0006516968977205995,0.0005424717538633494
4.614,0.002695653955216759,0.010648691004268018,0.019205780812706186,0.009618347419022788,0.0006504583644064699,0.0005413684443309474
4.616,0.0026909140088313688,0.010638355690339774,0.019203984496179327,0.009617702379571158,0.000649222184862186,0.0005402673787728851
4.618,0.0026861823940789176,0.010628030406226507,0.01920218834070675,0.009617057384811778,0.0006479883546148812,0.0005391685526252576
4.62,0.0026814590963180063,0.010617715142197781,0.019200392346284234,0.009616412434741095,0.0006467568691996828,0.0005380719613334861
4.622,0.002676744100933215,0.010607409888532704,0.019198596512907784,0.009615767529355779,0.0006455277241603774,0.0005369776003520954
4.624,0.0026720373933346586,0.010597114635519711,0.01919680084057318,0.009615122668652498,0.0006443009150494117,0.0005358854651449363
4.626,0.0026673389589582097,0.010586829373456563,0.019195005329276427,0.009614477852627923,0.0006430764374274478,0.0005347955511851854
4.628,0.0026626487832652757,0.01057655409265057,0.019193209979013304,0.0096138330812785,0.0006418542868635857,0.0005337078539551232
4.63,0.002657966851742577,0.010566288783418143,0.019191414789779815,0.009613188354600899,0.000640634458935585,0.000532622368946134
4.632,0.0026532931499028134,0.010556033436085688,0.01918961976157152,0.009612543672591567,0.000639416949229199,0.00053153909165915
4.634,0.0026486276632837757,0.01054578804098849,0.01918782489438442,0.009611899035247173,0.0006382017533390627,0.0005304580176037632
4.636,0.00264397037744879,0.010535552588471164,0.019186030188214076,0.009611254442564388,0.0006369888668678048,0.0005293791422988914
4.638,0.002639321277986495,0.01052532706888809,0.01918423564305649,0.009610609894539879,0.0006357782854264915,0.0005283024612725562
4.64,0.002634680350510843,0.010515111472602756,0.019182441258907224,0.009609965391170094,0.000634570004634627,0.0005272279700618832
4.642,0.002630047580661099,0.01050490578998775,0.019180647035762055,0.009609320932451704,0.0006333640201201529,0.0005261556642133236
4.644,0.0026254229541018415,0.010494710011425656,0.019178852973616767,0.009608676518381154,0.0006321603275190046,0.0005250855392819886
4.646,0.0026208064565227396,0.010484524127307715,0.01917705907246714,0.009608032148955115,0.0006309589224755552,0.0005240175908323152
4.648,0.0026161980736385537,0.010474348128034716,0.019175265332308733,0.009607387824170255,0.0006297598006423932,0.0005229518144374001
4.65,0.0026115977911891353,0.010464182004016997,0.019173471753137106,0.009606743544023022,0.0006285629576805452,0.0005218882056798879
4.652,0.0026070055949396487,0.010454025745673778,0.01917167833494804,0.009606099308510085,0.000627368389259253,0.0005208267601508609
4.654,0.0026024214706799054,0.010443879343433826,0.019169885077737092,0.009605455117627892,0.0006261760910557523,0.0005197674734507274
4.656,0.002597845404224808,0.010433742787735234,0.019168091981500046,0.009604810971373112,0.0006249860587557166,0.0005187103411887772
4.658,0.0025932773814143495,0.010423616069025199,0.019166299046232238,0.009604166869742414,0.0006237982880530346,0.0005176553589831823
4.66,0.002588717388113171,0.010413499177760244,0.01916450627192945,0.009603522812732246,0.0006226127746495891,0.000516602522460996
4.662,0.0025841654102107814,0.010403392104406217,0.019162713658587238,0.009602878800339276,0.0006214295142554782,0.0005155518272581538
4.664,0.0025796214336217815,0.010393294839438072,0.019160921206200943,0.009602234832559953,0.0006202485025892379,0.0005145032690196949
4.666,0.0025750854442851967,0.010383207373340086,0.019159128914766343,0.009601590909390945,0.0006190697353771757,0.000513456843399096
4.668,0.0025705574281646992,0.010373129696605865,0.019157336784278778,0.0096009470308287,0.0006178932083538147,0.00051241254605916
4.67,0.0025660373712490525,0.010363061799737894,0.019155544814733805,0.009600303196869886,0.0006167189172618937,0.0005113703726711272
4.672,0.0025615252595510007,0.010353003673248207,0.019153753006126983,0.009599659407511174,0.000615546857852145,0.0005103303189151198
4.674,0.002557021079108601,0.010342955307657942,0.01915196135845365,0.00959901566274901,0.0006143770258835168,0.0005092923804801419
4.676,0.00255252481598367,0.01033291669349734,0.019150169871709366,0.009598371962579844,0.0006132094171229507,0.0005082565530640792
4.678,0.002548036456263114,0.01032288782130597,0.019148378545889466,0.009597728307000342,0.000612044027345382,0.0005072228323732553
4.68,0.0025435559860580437,0.010312868681632503,0.01914658738098951,0.009597084696007174,0.0006108808523335174,0.0005061912141228753
4.682,0.0025390833915039934,0.010302859265034714,0.019144796377004614,0.009596441129596789,0.0006097198878787236,0.0005051616940370263
4.684,0.002534618658760923,0.010292859562079482,0.019143005533930335,0.009595797607765855,0.0006085611297796945,0.000504134267848233
4.686,0.0025301617740129956,0.010282869563343011,0.019141214851762012,0.009595154130510819,0.0006074045738435618,0.00050310893129768
4.688,0.002525712723468576,0.010272889259410611,0.01913942433049498,0.00959451069782813,0.000606250215885229,0.0005020856801356555
4.69,0.002521271493360455,0.010262918640876695,0.0191376339701248,0.009593867309714454,0.0006050980517275928,0.0005010645101204414
4.692,0.002516838069945626,0.010252957698344778,0.019135843770646366,0.009593223966166464,0.0006039480772015438,0.0005000454170194235
4.694,0.002512412439505063,0.010243006422427259,0.019134053732055234,0.009592580667180606,0.0006028002881457439,0.0004990283966084252
4.696,0.0025079945883439425,0.010233064803746084,0.019132263854346743,0.009591937412753548,0.000601654680407071,0.0004980134446719298
4.698,0.0025035845027914228,0.010223132832931858,0.019130474137516007,0.00959129420288174,0.0006005112498399523,0.00049700055700308
4.7,0.0024991821692008642,0.010213210500624736,0.019128684581558364,0.009590651037561626,0.0005993699923068085,0.0004959897294032345
4.702,0.0024947875739493863,0.010203297797473532,0.01912689518646893,0.009590007916789878,0.0005982309036778322,0.0004949809576826336
4.704,0.0024904007034380893,0.010193394714136383,0.019125105952243038,0.009589364840562942,0.0005970939798312092,0.0004939742376597334
4.706,0.002486021544092054,0.010183501241280313,0.019123316878875807,0.009588721808877487,0.0005959592166531191,0.0004929695651618715
4.708,0.0024816500823601206,0.010173617369581445,0.019121527966362573,0.009588078821729962,0.0005948266100372912,0.0004919669360246015
4.71,0.0024772863047151095,0.010163743089725008,0.019119739214698228,0.009587435879117034,0.0005936961558852261,0.0004909663460921365
4.712,0.002472930197653378,0.010153878392405113,0.01911795062387811,0.009586792981035153,0.000592567850106418,0.0004899677912166833
4.714,0.0024685817476950422,0.010144023268325197,0.019116162193897335,0.009586150127480764,0.0005914416886179108,0.0004889712672595525
4.716,0.0024642409413841992,0.010134177708197356,0.019114373924751016,0.009585507318450537,0.0005903176673447419,0.00048797677009004836
4.718,0.0024599077652880386,0.010124341702743012,0.01911258581643427,0.00958486455394092,0.0005891957822194982,0.0004869842955859127
4.72,0.0024555822059979526,0.010114515242692246,0.01911079786894221,0.00958422183394858,0.0005880760291825382,0.0004859938396333252
4.722,0.0024512642501284265,0.010104698318784466,0.01910901008226995,0.009583579158469968,0.000586958404181992,0.00048500539812690313
4.724,0.002446953884317704,0.01009489092176774,0.019107222456412387,0.009582936527501529,0.0005858429031737611,0.00048401896696947944
4.726,0.002442651095227566,0.010085093042399462,0.019105434991364634,0.009582293941039932,0.0005847295221215187,0.00048303454207232477
4.728,0.0024383558695431073,0.010075304671445462,0.019103647687121805,0.009581651399081847,0.0005836182569960435,0.00048205211935514747
4.73,0.002434068193972738,0.010065525799681119,0.019101860543678795,0.0095810089016235,0.0005825091037765517,0.0004810716947456495
4.732,0.002429788055248183,0.010055756417890471,0.019100073561030495,0.00958036644866156,0.0005814020584491431,0.00048009326417997045
4.734,0.0024255154401247037,0.01004599651686644,0.01909828673917202,0.009579724040192694,0.0005802971170081328,0.00047911682360246566
4.736,0.0024212503353806536,0.01003624608741105,0.01909650007809849,0.00957908167621313,0.0005791942754551638,0.00047814236896570605
4.738,0.0024169927278179237,0.010026505120334983,0.019094713577804567,0.009578439356719537,0.0005780935297996503,0.0004771698962307003
4.74,0.0024127426042610534,0.01001677360645803,0.019092927238285373,0.009577797081708583,0.0005769948760583343,0.0004761994013666726
4.742,0.0024084999515581185,0.010007051536608857,0.0190911410595358,0.009577154851176495,0.0005758983102559512,0.0004752308803506189
4.744,0.0024042647565802877,0.00999733890162502,0.019089355041550737,0.00957651266511994,0.0005748038284243417,0.0004742643291681947
4.746,0.0024000370062218224,0.009987635692352947,0.01908756918432486,0.00957587052353559,0.0005737114266028964,0.0004732997438130493
4.748,0.0023958166873998543,0.009977941899647957,0.01908578348785328,0.00957522842641989,0.0005726211008389992,0.0004723371202868254
4.75,0.002391603787054386,0.009968257514374246,0.019083997952130893,0.00957458637376929,0.0005715328471869174,0.00047137645459960353
4.752,0.0023873982921487347,0.009958582527404891,0.01908221257715237,0.009573944365580234,0.0005704466617089121,0.00047041774276923576
4.7540000000000004,0.002383200189668866,0.009948916929621632,0.0190804273629126,0.009573302401849393,0.0005693625404745717,0.0004694609808220118
4.756,0.002379009466623616,0.009939260711915088,0.019078642309406257,0.009572660482573214,0.0005682804795610341,0.00046850616479199303
4.758,0.002374826110044692,0.009929613865184983,0.019076857416628235,0.009572018607748145,0.0005672004750527648,0.0004675532907216784
4.76,0.0023706501069866714,0.009919976380339701,0.019075072684573424,0.009571376777370855,0.0005661225230415567,0.0004666023546613385
4.7620000000000005,0.00236648144452678,0.009910348248296286,0.019073288113236497,0.009570734991437568,0.0005650466196269743,0.00046565335266923746
4.764,0.0023623201097651148,0.009900729459980884,0.019071503702612125,0.009570093249945177,0.0005639727609156875,0.0004647062808116331
4.766,0.0023581660898241985,0.009891120006328302,0.019069719452694978,0.009569451552889907,0.0005629009430219156,0.00046376113516322093
4.768,0.002354019371849203,0.009881519878282008,0.01906793536347995,0.009568809900268427,0.0005618311620672056,0.00046281791180602383
4.7700000000000005,0.0023498799430079487,0.00987192906679435,0.01906615143496171,0.009568168292077184,0.0005607634141804319,0.0004618766068307245
4.772,0.002345747790490904,0.009862347562826557,0.01906436766713493,0.009567526728312625,0.0005596976954980182,0.00046093721633533313
4.774,0.0023416229015109646,0.00985277535734852,0.01906258405999428,0.00956688520897142,0.0005586340021634939,0.00045999973642629755
4.776,0.00233750526330323,0.009843212441338789,0.019060800613534434,0.009566243734049795,0.0005575723303279378,0.0004590641632176151
4.7780000000000005,0.0023333948631256707,0.009833658805785017,0.01905901732774984,0.009565602303544418,0.0005565126761495343,0.0004581304928312768
4.78,0.0023292916882584613,0.009824114441683074,0.019057234202635387,0.009564960917451959,0.0005554550357940169,0.00045719872139726725
4.782,0.0023251957260042033,0.009814579340037932,0.019055451238185528,0.009564319575768643,0.0005543994054340029,0.00045626884505334253
4.784,0.0023211069636874804,0.009805053491863225,0.019053668434394933,0.009563678278491139,0.000553345781249881,0.0004553408599452524
4.7860000000000005,0.0023170253886555248,0.009795536888181244,0.01905188579125805,0.009563037025615895,0.0005522941594289232,0.0004544147622265182
4.788,0.002312950988277551,0.009786029520023165,0.01905010330876955,0.009562395817139357,0.0005512445361657292,0.00045349054805821076
4.79,0.002308883749945201,0.009776531378428599,0.019048320986924105,0.009561754653058196,0.000550196907662226,0.00045256821360983857
4.792,0.0023048236610720974,0.009767042454445818,0.019046538825715942,0.009561113533368637,0.0005491512701274459,0.0004516477550580156
4.7940000000000005,0.0023007707090940688,0.009757562739131975,0.01904475682513973,0.009560472458067348,0.000548107619777749,0.0004507291685875714
4.796,0.0022967248814687036,0.009748092223552884,0.019042974985190142,0.009559831427150778,0.0005470659528368227,0.00044981245039088513
4.798,0.0022926861656762387,0.009738630898782796,0.019041193305861404,0.009559190440615595,0.0005460262655350157,0.00044889759666810747
4.8,0.0022886545492184496,0.009729178755904844,0.019039411787148186,0.009558549498458024,0.0005449885541104482,0.0004479846036273827
4.8020000000000005,0.002284630019619094,0.009719735786010819,0.01903763042904494,0.009557908600674736,0.000543952814807902,0.00044707346748418253
4.804,0.0022806125644239117,0.009710301980201175,0.019035849231545887,0.009557267747262177,0.0005429190438794862,0.0004461641844617503
4.806,0.0022766021712006257,0.009700877329584578,0.019034068194645704,0.009556626938216795,0.0005418872375844153,0.000445256750791323
4.808,0.0022725988275387188,0.009691461825278802,0.019032287318338614,0.009555986173535036,0.0005408573921892312,0.0004443511627114649
4.8100000000000005,0.0022686025210494343,0.009682055458410277,0.01903050660261907,0.009555345453213349,0.0005398295039671375,0.00044344741646829
4.812,0.002264613239365998,0.00967265822011365,0.019028726047481515,0.009554704777248402,0.0005388035691988868,0.0004425455083161278
4.814,0.0022606309701431737,0.009663270101532229,0.019026945652920402,0.009554064145636643,0.0005377795841718935,0.00044164543451641336
4.816,0.002256655701057264,0.009653891093818201,0.019025165418929957,0.009553423558374519,0.0005367575451808992,0.00044074719133835316
4.8180000000000005,0.002252687419806554,0.009644521188131971,0.01902338534550463,0.009552783015458477,0.0005357374485277511,0.0004398507750587033
4.82,0.002248726114110644,0.009635160375642826,0.019021605432638644,0.009552142516884965,0.0005347192905209575,0.00043895618196176933
4.822,0.002244771771710896,0.009625808647528489,0.01901982568032623,0.009551502062650652,0.0005337030674761323,0.0004380634083394064
4.824,0.002240824380370432,0.00961646599497512,0.019018046088561835,0.009550861652751763,0.0005326887757162169,0.0004371724504912411
4.8260000000000005,0.0022368839278732455,0.009607132409177543,0.019016266657339687,0.009550221287184968,0.000531676411571036,0.0004362833047242276
4.828,0.0022329504020253133,0.009597807881339238,0.019014487386654233,0.009549580965946713,0.0005306659713770756,0.0004353959673526475
4.83,0.002229023790653928,0.009588492402672122,0.01901270827649948,0.009548940689033447,0.0005296574514781494,0.000434510434698554
4.832,0.0022251040816076983,0.00957918596439633,0.019010929326869874,0.009548300456441616,0.0005286508482247321,0.0004336267030915497
4.8340000000000005,0.00222119126275655,0.009569888557741102,0.019009150537759423,0.009547660268167668,0.0005276461579744041,0.00043274476886856483
4.836,0.0022172853219919464,0.009560600173943667,0.01900737190916235,0.00954702012420805,0.000526643377091629,0.000431864628373857
4.838,0.0022133862472264454,0.00955132080425014,0.01900559344107311,0.009546380024559431,0.000525642501947754,0.0004309862779592333
4.84,0.002209494026393699,0.009542050439914851,0.019003815133485702,0.009545739969218259,0.0005246435289212315,0.00043010971398382836
4.8420000000000005,0.002205608647448676,0.009532789072200565,0.019002036986394355,0.009545099958180758,0.0005236464543969532,0.0004292349328145484
4.844,0.0022017300983678822,0.009523536692378709,0.019000258999793074,0.009544459991443599,0.0005226512747671386,0.0004283619308251829
4.846,0.0021978583671482532,0.009514293291729148,0.018998481173676307,0.009543820069003228,0.0005216579864306681,0.0004274907043972931
4.848,0.002193993441808484,0.009505058861540183,0.018996703508037838,0.009543180190856093,0.0005206665857930837,0.0004266212499195454
4.8500000000000005,0.0021901353103876975,0.009495833393108555,0.018994926002871892,0.009542540356998641,0.0005196770692672548,0.000425753563788156
4.852,0.0021862839609465556,0.00948661687773944,0.018993148658172698,0.00954190056742732,0.000518689433272268,0.0004248876424064463
4.854,0.00218243938156637,0.009477409306746454,0.01899137147393426,0.009541260822138797,0.0005177036742343155,0.00042402348218506525
4.856,0.002178601560349769,0.009468210671451427,0.018989594450150582,0.0095406211211293,0.0005167197885864727,0.0004231610795422114
4.8580000000000005,0.002174770485419808,0.009459020963185072,0.01898781758681589,0.009539981464395275,0.0005157377727684764,0.0004223004309031886
4.86,0.002170946144920638,0.009449840173286095,0.018986040883924193,0.009539341851933392,0.0005147576232269468,0.00042144153270062823
4.862,0.0021671285270172813,0.009440668293101862,0.01898426434146927,0.009538702283739875,0.0005137793364149434,0.0004205843813742671
4.864,0.0021633176198954107,0.009431505313987731,0.01898248795944535,0.009538062759811394,0.0005128029087926311,0.0004197289733713916
4.866,0.002159513411761793,0.009422351227307946,0.018980711737846434,0.009537423280144397,0.0005118283368266141,0.00041887530514617133
4.868,0.0021557158908434015,0.009413206024434961,0.01897893567666653,0.00953678384473533,0.00051085561699038,0.00041802337316032556
4.87,0.002151925045388303,0.00940406969674945,0.018977159775899644,0.00953614445358042,0.0005098847457642997,0.0004171731738824569
4.872,0.0021481408636652155,0.009394942235640524,0.018975384035539555,0.009535505106676334,0.0005089157196349614,0.0004163247037884954
4.874,0.002144363333963062,0.009385823632505508,0.01897360845558027,0.009534865804019521,0.0005079485350958368,0.0004154779593614766
4.876,0.00214059244459186,0.009376713878750387,0.018971833036015795,0.009534226545606428,0.0005069831886472809,0.0004146329370917634
4.878,0.0021368281838818337,0.009367612965789363,0.018970057776840132,0.009533587331433502,0.0005060196767960878,0.00041378963347660225
4.88,0.0021330705401836347,0.009358520885044852,0.018968282678047066,0.00953294816149719,0.0005050579960557133,0.0004129480450205669
4.882,0.002129319501868787,0.009349437627947488,0.01896650773963038,0.00953230903579394,0.0005040981429462743,0.0004121081682353367
4.884,0.002125575057328799,0.009340363185936562,0.018964732961584074,0.009531669954320199,0.000503140113994327,0.0004112699996394742
4.886,0.0021218371949760506,0.009331297550459361,0.018962958343901937,0.009531030917072414,0.0005021839057333111,0.00041043353575886954
4.888,0.002118105903242684,0.009322240712971608,0.01896118388657797,0.009530391924047255,0.0005012295147031054,0.0004095987731262962
4.89,0.002114381170581714,0.009313192664937242,0.018959409589605958,0.009529752975240946,0.0005002769374502503,0.00040876570828163317
4.892,0.0021106629854661385,0.009304153397828419,0.018957635452979682,0.009529114070649936,0.0004993261705277252,0.00040793433777208676
4.894,0.0021069513363893844,0.009295122903125952,0.018955861476692926,0.00952847521027067,0.0004983772104951711,0.0004071046581513027
4.896,0.002103246211864862,0.009286101172318428,0.01895408766073947,0.009527836394099598,0.0004974300539186682,0.0004062766659804762
4.898,0.00209954760042641,0.009277088196902872,0.018952314005113324,0.009527197622133166,0.000496484697370958,0.0004054503578272417
4.9,0.0020958554906278515,0.009268083968384522,0.018950540509808045,0.009526558894368042,0.0004955411374309993,0.0004046257302667833
4.902,0.0020921698710432146,0.009259088478277056,0.018948767174817416,0.009525920210800454,0.0004945993706846341,0.0004038027798811683
4.904,0.0020884907302665123,0.009250101718102144,0.01894699400013522,0.009525281571426847,0.000493659393723922,0.0004029815032589035
4.906,0.0020848180569119634,0.009241123679389673,0.018945220985755018,0.009524642976243669,0.0004927212031475836,0.000402161896996045
4.908,0.0020811518396135487,0.009232154353677968,0.018943448131670815,0.009524004425247368,0.000491784795560557,0.0004013439576953104
4.91,0.002077492067025455,0.009223193732513346,0.01894167543787617,0.00952336591843439,0.0004908501675746635,0.0004005276819663006
4.912,0.002073838727821631,0.009214241807450563,0.018939902904364647,0.009522727455801183,0.0004899173158077197,0.0003997130664255
4.914,0.0020701918106960093,0.009205298570052145,0.018938130531130026,0.009522089037344417,0.0004889862368839815,0.00039890010769627615
4.916,0.002066551304362285,0.009196364011889058,0.01893635831816609,0.009521450663060316,0.00048805692743458806,0.0003980888024088802
4.918,0.002062917197554359,0.009187438124540703,0.018934586265466402,0.009520812332945328,0.0004871293840964519,0.0003972791472006687
4.92,0.00205928947902545,0.009178520899594034,0.01893281437302452,0.009520174046995677,0.0004862036035133688,0.0003964711387154374
4.922,0.0020556681375485386,0.00916961232864466,0.018931042640834006,0.009519535805208035,0.00048527958233535173,0.00039566477360408747
4.924,0.0020520531619168114,0.009160712403296412,0.018929271068888642,0.009518897607578847,0.0004843573172188531,0.00039486004852418155
4.926,0.002048444540942773,0.009151821115160663,0.01892749965718199,0.00951825945410456,0.0004834368048265425,0.00039405696014016556
4.928,0.0020448422634586905,0.009142938455857452,0.01892572840570761,0.009517621344781624,0.00048251804182730673,0.0003932555051231468
4.93,0.00204124631831637,0.009134064417014809,0.01892395731445906,0.009516983279606483,0.000481601024896694,0.00039245568015111587
4.932,0.0020376566943871577,0.009125198990268979,0.018922186383429906,0.009516345258575365,0.0004806857507164697,0.00039165748190872485
4.934,0.0020340733805621625,0.00911634216726398,0.018920415612613706,0.009515707281684938,0.0004797722159746165,0.0003908609070875091
4.936,0.0020304963657520325,0.009107493939652267,0.01891864500200402,0.009515069348931426,0.00047886041736533436,0.0003900659523856653
4.938,0.002026925638886512,0.009098654299094289,0.01891687455159441,0.009514431460311501,0.00047795035158926247,0.0003892726145080516
4.94,0.002023361188915329,0.009089823237258488,0.018915104261378213,0.009513793615821386,0.0004770420153532573,0.0003884808901664094
4.942,0.002019803004807308,0.009081000745821521,0.01891333413134899,0.009513155815457752,0.0004761354053706146,0.00038769077607891944
4.944,0.0020162510755505902,0.009072186816468042,0.018911564161500305,0.009512518059216823,0.00047523051836062535,0.00038690226897064584
4.946,0.002012705390152858,0.009063381440890694,0.018909794351825493,0.009511880347095047,0.00047432735104879775,0.000386115365573092
4.948,0.002009165937640889,0.00905458461079034,0.018908024702318116,0.009511242679088872,0.00047342590016685726,0.00038533006262464475
4.95,0.0020056327070610003,0.009045796317875832,0.018906255212971734,0.009510605055194743,0.00047252616245296863,0.00038454635687013017
4.952,0.002002105687478606,0.009037016553864019,0.018904485883779465,0.009509967475409109,0.0004716281346515139,0.0003837642450610357
4.954,0.001998584867978437,0.009028245310479965,0.01890271671473487,0.009509329939728417,0.0004707318135128702,0.0003829837239557321
4.956,0.0019950702376643203,0.009019482579456506,0.018900947705831506,0.009508692448149114,0.00046983719579341,0.0003822047903188075
4.958,0.0019915617856591794,0.00901072835253447,0.018899178857062493,0.009508055000667426,0.000468944278256167,0.00038142744092151126
4.96,0.001988059501105033,0.0090019826214629,0.01889741016842139,0.009507417597280021,0.0004680530576699482,0.00038065167254175414
4.962,0.0019845633731632173,0.008993245377998837,0.01889564163990154,0.009506780237983126,0.0004671635308097777,0.0003798774819641082
4.964,0.0019810733910139433,0.008984516613907312,0.018893873271496275,0.009506142922773186,0.00046627569445667483,0.00037910486597936277
4.966,0.001977589543856295,0.008975796320961127,0.01889210506319894,0.009505505651646873,0.00046538954539832034,0.00037833382138519056
4.968,0.001974111820908453,0.00896708449094108,0.018890337015002867,0.00950486842460041,0.000464505080427724,0.0003775643449854815
4.97,0.0019706402114076926,0.008958381115636183,0.018888569126901178,0.009504231241630245,0.0004636222963447789,0.00037679643359078696
4.972,0.001967174704609942,0.008949686186843442,0.01888680139888743,0.009503594102732826,0.00046274118995470737,0.00037603008401809745
4.974,0.0019637152897902244,0.008940999696367413,0.018885033830954745,0.009502957007904378,0.0004618617580693929,0.00037526529309106493
4.976,0.0019602619562424373,0.00893232163602109,0.018883266423096456,0.00950231995714157,0.0004609839975064922,0.00037450205763933653
4.978,0.0019568146932791297,0.008923651997625015,0.018881499175305905,0.009501682950440626,0.0004601079050898793,0.00037374037449944275
4.98,0.0019533734902315025,0.008914990773007947,0.01887973208757643,0.009501045987798218,0.0004592334776492013,0.00037298024051413137
4.982,0.0019499383364496303,0.008906337954006194,0.018877965159901144,0.00950040906921057,0.0004583607120203226,0.0003722216525328115
4.984,0.0019465092213026836,0.008897693532464501,0.01887619839227317,0.009499772194674128,0.0004574896050448807,0.0003714646074108874
4.986,0.0019430861341778183,0.008889057500235165,0.01887443178468584,0.00949913536418534,0.0004566201535709524,0.0003707091020106468
4.988,0.0019396690644812864,0.00888042984917825,0.018872665337132277,0.009498498577740655,0.0004557523544523878,0.00036995513320037254
4.99,0.0019362580016379916,0.008871810571162264,0.018870899049605816,0.009497861835336296,0.00045488620454881,0.0003692026978547869
4.992,0.001932852935091045,0.008863199658063037,0.018869132922099352,0.009497225136968934,0.00045402170072628145,0.0003684517928552733
4.994,0.001929453854302654,0.008854597101764616,0.018867366954606224,0.009496588482634793,0.00045315883985619365,0.00036770241508921053
4.996,0.0019260607487530113,0.0088460028941586,0.01886560114711977,0.009495951872330322,0.0004522976188163774,0.00036695456145019456
4.998,0.0019226736079409612,0.0088374170271448,0.018863835499632886,0.009495315306052188,0.00045143803449043673,0.00036620822883870474
5.0,0.0019192924213840001,0.008828839492630802,0.018862070012138688,0.009494678783796395,0.00045058008376797076,0.0003654634141609936
5.002,0.001915917178617832,0.008820270282531961,0.018860304684630513,0.009494042305559613,0.00044972376354435184,0.000364720114329975
5.0040000000000004,0.0019125478691965903,0.008811709388771405,0.018858539517101258,0.00949340587133829,0.0004488690707209475,0.0003639783262643359
5.006,0.0019091844826928384,0.008803156803280254,0.01885677450954404,0.009492769481128649,0.0004480160022051205,0.0003632380468896468
5.008,0.0019058270086973472,0.008794612517997402,0.01885500966195197,0.009492133134927139,0.0004471645549097847,0.0003624992731374732
5.01,0.0019024754368190955,0.008786076524869513,0.018853244974318173,0.009491496832730206,0.0004463147257538491,0.000361762001945376
5.0120000000000005,0.0018991297566857135,0.008777548815851022,0.01885148044663576,0.009490860574534299,0.0004454665116624401,0.0003610262302575773
5.014,0.0018957899579425952,0.008769029382904359,0.018849716078897627,0.009490224360335864,0.00044461990956601305,0.0003602919550240724
5.016,0.0018924560302537863,0.008760518217999502,0.01884795187109689,0.009489588190131348,0.0004437749164010185,0.000359559173201518
5.018,0.001889127963301096,0.008752015313114425,0.018846187823226446,0.009488952063916978,0.0004429315291099023,0.0003588278817523438
5.0200000000000005,0.0018858057467845413,0.00874352066023465,0.01884442393527941,0.0094883159816892,0.00044208974464088335,0.000358098077645419
5.022,0.0018824893704223467,0.00873503425135369,0.018842660207248674,0.00948767994344446,0.00044124955994773174,0.00035736975785560787
5.024,0.0018791788239507223,0.008726556078472614,0.018840896639127358,0.009487043949179208,0.00044041097199021273,0.000356642919364214
5.026,0.0018758740971240861,0.008718086133600478,0.018839133230908356,0.009486407998889668,0.00043957397773386475,0.00035591755915831413
5.0280000000000005,0.0018725751797146195,0.008709624408754113,0.018837369982584562,0.009485772092572509,0.0004387385741499994,0.00035519367423142434
5.03,0.0018692820615124894,0.0087011708959579,0.018835606894149093,0.009485136230223956,0.0004379047582157014,0.0003544712615828338
5.032,0.0018659947323260706,0.008692725587243988,0.018833843965594843,0.009484500411840457,0.00043707252691360665,0.0003537503182182711
5.034,0.0018627131819812792,0.00868428847465208,0.018832081196914707,0.00948386463741846,0.0004362418772323462,0.0003530308411494598
5.0360000000000005,0.0018594374003222391,0.008675859550230092,0.01883031858810158,0.009483228906954189,0.00043541280616610223,0.00035231282739411895
5.038,0.0018561673772106158,0.008667438806033267,0.018828556139148356,0.009482593220444313,0.0004345853107148301,0.00035159627397618465
5.04,0.001852903102526282,0.008659026234124623,0.01882679385004793,0.009481957577885058,0.00043375938788403623,0.0003508811779253662
5.042,0.0018496445661664307,0.008650621826574945,0.018825031720793195,0.009481321979272872,0.0004329350346852223,0.00035016753627759023
5.0440000000000005,0.0018463917580462397,0.00864222557546257,0.018823269751376825,0.009480686424604201,0.00043211224813544113,0.0003494553460750005
5.046,0.0018431446680988728,0.008633837472873607,0.018821507941791937,0.009480050913875271,0.00043129102525729657,0.000348744604365292
5.048,0.0018399032862745912,0.008625457510901935,0.018819746292031203,0.009479415447082529,0.0004304713630789436,0.00034803530820259887
5.05,0.0018366676025418638,0.008617085681648984,0.018817984802087517,0.009478780024222422,0.0004296532586345325,0.00034732745464682857
5.0520000000000005,0.0018334376068862568,0.008608721977223954,0.018816223471953775,0.009478144645291398,0.0004288367089637646,0.0003466210407641057
5.054,0.0018302132893115441,0.008600366389743375,0.018814462301622648,0.009477509310285903,0.00042802171111189224,0.00034591606362610605
5.056,0.0018269946398385972,0.008592018911331767,0.01881270129108703,0.009476874019202164,0.0004272082621297191,0.0003452125203107226
5.058,0.001823781648505829,0.008583679534121202,0.018810940440339596,0.009476238772036627,0.00042639635907359974,0.0003445104079018435
5.0600000000000005,0.0018205743053694157,0.008575348250251524,0.01880917974937324,0.00947560356878574,0.0004255859990058841,0.0003438097234891302
5.062,0.0018173726005030755,0.008567025051869681,0.018807419218180632,0.00947496840944595,0.0004247771789940291,0.0003431104641682392
5.064,0.0018141765239976237,0.008558709931130837,0.01880565884675467,0.009474333294013704,0.0004239698961112648,0.0003424126270408223
5.066,0.0018109860659614174,0.008550402880197483,0.018803898635088023,0.009473698222485227,0.0004231641474363723,0.00034171620921430446
5.0680000000000005,0.001807801216520133,0.00854210389123966,0.018802138583173367,0.009473063194856968,0.000422359930053684,0.00034102120780210576
5.07,0.0018046219658169882,0.008533812956435183,0.018800378691003372,0.009472428211125372,0.00042155724105308323,0.00034032761992341953
5.072,0.0018014483040122986,0.008525530067969411,0.018798618958570712,0.009471793271286666,0.00042075607753000455,0.0003396354427032122
5.074,0.001798280221283921,0.008517255218035036,0.01879685938586828,0.009471158375337296,0.0004199564365854336,0.0003389446732724455
5.0760000000000005,0.00179511770782681,0.00850898839883274,0.01879509997288853,0.00947052352327371,0.00041915831532568504,0.00033825530876785415
5.078,0.001791960753853239,0.008500729602570312,0.018793340719624352,0.009469888715092356,0.0004183617108628468,0.00033756734633216823
5.08,0.0017888093495925794,0.008492478821463312,0.0187915816260682,0.00946925395078968,0.0004175666203143358,0.00033688078311366887
5.082,0.0017856634852913,0.008484236047735072,0.018789822692212743,0.009468619230361908,0.000416773040802898,0.00033619561626641037
5.0840000000000005,0.001782523151213189,0.008476001273616252,0.01878806391805088,0.009467984553805486,0.00041598096945705265,0.00033551184295044223
5.086,0.0017793883376389097,0.008467774491344837,0.018786305303574835,0.009467349921116641,0.0004151904034104259,0.0003348294603315871
5.088,0.0017762590348666674,0.00845955569316681,0.018784546848777506,0.009466715332292042,0.0004144013398024171,0.00033414846558144085
5.09,0.0017731352332110983,0.008451344871335253,0.01878278855365134,0.009466080787327913,0.0004136137757777547,0.00033346885587715036
5.0920000000000005,0.0017700169230043805,0.008443142018110805,0.018781030418189015,0.009465446286220702,0.0004128277084864962,0.0003327906284018578
5.094,0.0017669040945953451,0.008434947125761871,0.0187792724423832,0.009464811828966857,0.00041204313508425017,0.0003321137803440344
5.096,0.001763796738349921,0.008426760186564408,0.018777514626226344,0.009464177415562602,0.0004112600527319543,0.00033143830889836856
5.098,0.0017606948446509119,0.008418581192801478,0.0187757569697109,0.009463543046004386,0.00041047845859609744,0.0003307642112650999
5.1000000000000005,0.0017575984038982195,0.00841041013676369,0.01877399947282954,0.009462908720288654,0.00040969834984827536,0.0003300914846497971
5.102,0.0017545074065081767,0.00840224701074943,0.018772242135574713,0.009462274438411855,0.000408919723665635,0.000329420126264246
5.104,0.0017514218429144357,0.008394091807064408,0.018770484957939093,0.009461640200370214,0.0004081425772306524,0.0003287501333255616
5.106,0.00174834170356708,0.00838594451802166,0.01876872793991513,0.009461006006160178,0.0004073669077311326,0.000328081503056632
5.1080000000000005,0.0017452669789332909,0.008377805135941996,0.018766971081495276,0.009460371855778194,0.0004065927123604318,0.00032741423268611847
5.11,0.0017421976594966804,0.008369673653153331,0.01876521438267198,0.009459737749220487,0.0004058199883167912,0.0003267483194480114
5.112,0.0017391337357577363,0.00836155006199113,0.018763457843437692,0.009459103686483505,0.00040504873280422515,0.00032608376058207433
5.114,0.0017360751982338218,0.008353434354798184,0.018761701463785085,0.009458469667563696,0.00040427894303185496,0.0003254205533338439
5.1160000000000005,0.0017330220374587313,0.008345326523925056,0.01875994524370639,0.009457835692457506,0.0004035106162141311,0.00032475869495418586
5.118,0.0017299742439829124,0.008337226561729416,0.018758189183194274,0.00945720176116116,0.000402743749570611,0.0003240981826997391
5.12,0.0017269318083734664,0.008329134460576482,0.01875643328224097,0.009456567873671107,0.00040197834032662527,0.0003234390138326937
5.122,0.0017238947212141476,0.008321050212838799,0.018754677540838927,0.00945593402998357,0.00040121438571238954,0.0003227811856207907
5.124,0.0017208629731049196,0.008312973810896462,0.018752921958980595,0.00945530023009522,0.00040045188296344847,0.00032212469533732246
5.126,0.0017178365546628438,0.008304905247136674,0.018751166536658426,0.009454666474002282,0.00039969082932045374,0.0003214695402611323
5.128,0.0017148154565209683,0.008296844513954182,0.01874941127386487,0.009454032761701203,0.0003989312220296082,0.00032081571767661465
5.13,0.001711799669328773,0.008288791603751289,0.018747656170592153,0.009453399093188208,0.0003981730583422216,0.0003201632248737152
5.132,0.0017087891837526126,0.008280746508937398,0.01874590122683273,0.009452765468459745,0.00039741633551493294,0.0003195120591477085
5.134,0.0017057839904748295,0.008272709221929242,0.018744146442578824,0.00945213188751226,0.00039666105080926606,0.0003188622177996425
5.136,0.0017027840801944194,0.008264679735151104,0.01874239181782289,0.009451498350342202,0.00039590720149229597,0.00031821369813589406
5.138,0.001699789443626587,0.008256658041034592,0.018740637352557377,0.009450864856945795,0.0003951547848362047,0.0003175664974681691
5.14,0.0016968000715027465,0.008248644132018645,0.018738883046774513,0.009450231407319487,0.00039440379811805926,0.00031692061311416886
5.142,0.0016938159545709652,0.008240638000549527,0.018737128900466526,0.009449598001459725,0.00039365423862047777,0.00031627604239647944
5.144,0.001690837083595076,0.00823263963908083,0.01873537491362587,0.009448964639362734,0.0003929061036311854,0.00031563278264323813
5.146,0.0016878634493553424,0.00822464904007325,0.018733621086244767,0.009448331321024961,0.0003921593904430143,0.00031499083118835536
5.148,0.00168489504264846,0.008216666195995037,0.01873186741831545,0.009447698046442854,0.0003914140963539037,0.0003143501853708486
5.15,0.001681931854287111,0.008208691099321763,0.01873011390983037,0.009447064815612638,0.00039067021866689977,0.0003137108425350643
5.152,0.001678973875099965,0.008200723742536109,0.018728360560781532,0.00944643162853076,0.00038992775469015584,0.00031307280003112226
5.154,0.001676021095931901,0.008192764118128082,0.018726607371161386,0.009445798485193668,0.0003891867017371542,0.00031243605521447115
5.156,0.0016730735076440073,0.008184812218595239,0.01872485434096216,0.009445165385597587,0.00038844705712626215,0.00031180060544544475
5.158,0.001670131101113581,0.008176868036442242,0.018723101470175862,0.009444532329738964,0.00038770881818095404,0.00031116644809037197
5.16,0.001667193867233463,0.008168931564180859,0.018721348758794942,0.009443899317614246,0.0003869719822298112,0.00031053358052046676
5.162,0.0016642617969127027,0.008161002794330185,0.01871959620681163,0.009443266349219881,0.0003862365466067441,0.0003099020001127162
5.164,0.0016613348810765594,0.008153081719416866,0.018717843814217927,0.009442633424552094,0.0003855025086503261,0.0003092717042489923
5.166,0.0016584131106660571,0.008145168331974428,0.018716091581006067,0.009442000543607332,0.0003847698657044596,0.00030864269031694036
5.168,0.0016554964766379854,0.00813726262454395,0.018714339507168498,0.00944136770638182,0.000384038615117932,0.00030801495570909054
5.17,0.0016525849699653428,0.008129364589673393,0.018712587592697005,0.009440734912872006,0.0003833087542448599,0.0003073884978235242
5.172,0.001649678581636671,0.008121474219918268,0.01871083583758404,0.009440102163074338,0.0003825802804440226,0.00030676331406365165
5.174,0.0016467773026567212,0.008113591507840967,0.018709084241821605,0.009439469456985039,0.0003818531910793066,0.0003061394018379904
5.176,0.0016438811240455653,0.008105716446011435,0.018707332805401933,0.009438836794600558,0.0003811274835197054,0.0003055167585606089
5.178,0.0016409900368394847,0.00809784902700672,0.018705581528317028,0.009438204175917342,0.00038040315513931944,0.0003048953816504607
5.18,0.001638104032090304,0.0080899892434112,0.01870383041055912,0.009437571600931838,0.0003796802033169122,0.0003042752685318284
5.182,0.0016352231008656126,0.00808213708781591,0.018702079452120213,0.009436939069640271,0.0003789586254365762,0.0003036564166345457
5.184,0.0016323472342487655,0.008074292552819662,0.018700328652992315,0.009436306582038867,0.00037823841888728893,0.00030303882339355326
5.186,0.0016294764233386605,0.008066455631028147,0.018698578013167655,0.009435674138124295,0.0003775195810626908,0.00030242248624867685
5.188,0.0016266106592497387,0.008058626315054385,0.01869682753263846,0.00943504173789278,0.0003768021093617513,0.00030180740264529327
5.19,0.0016237499331124283,0.008050804597518502,0.018695077211396516,0.00943440938134077,0.00037608600118810287,0.00030119357003388636
5.192,0.0016208942360724787,0.008042990471047728,0.01869332704943405,0.009433777068464488,0.00037537125395070703,0.000300580985870047
5.194,0.0016180435592911824,0.008035183928276401,0.01869157704674307,0.009433144799260385,0.00037465786506296617,0.00029996964761469513
5.196,0.0016151978939453748,0.008027384961846185,0.01868982720331558,0.009432512573724683,0.0003739458319433897,0.0002993595527338577
5.198,0.0016123572312274348,0.008019593564405847,0.018688077519143587,0.009431880391854053,0.0003732351520155941,0.00029875069869866877
5.2,0.001609521562345284,0.008011809728611041,0.0186863279942191,0.00943124825364472,0.0003725258227078587,0.0002981430829853693
5.202,0.0016066908785221656,0.008004033447124748,0.01868457862853412,0.009430616159092908,0.00037181784145334795,0.00029753670307530733
5.204,0.0016038651709968654,0.007996264712617052,0.01868282942208066,0.009429984108195288,0.0003711112056903332,0.00029693155645516
5.206,0.0016010444310234906,0.007988503517765144,0.018681080374850723,0.009429352100947863,0.0003704059128615267,0.00029632764061671146
5.208,0.0015982286498714693,0.007980749855253322,0.018679331486836315,0.009428720137347302,0.00036970196041496983,0.0002957249530566308
5.21,0.0015954178188255508,0.007973003717772764,0.018677582758029443,0.00942808821738983,0.0003689993458033669,0.00029512349127669424
5.212,0.0015926119291860275,0.0079652650980222,0.01867583418842189,0.009427456341071894,0.00036829806648408514,0.0002945232527837849
5.214,0.0015898109722682907,0.007957533988707022,0.018674085778005667,0.00942682450838972,0.0003675981199195988,0.000293924235090115
5.216,0.001587014939403053,0.007949810382539946,0.018672337526772775,0.009426192719339754,0.00036689950357704504,0.0002933264357125598
5.218,0.001584223821936348,0.007942094272240574,0.018670589434715,0.009425560973918445,0.00036620221492844607,0.0002927298521733235
5.22,0.0015814376112290862,0.007934385650535614,0.01866884150182435,0.009424929272122018,0.000365506251450487,0.0002921344819994953
5.222,0.0015786562986577213,0.007926684510158877,0.018667093728092832,0.00942429761394692,0.0003648116106249599,0.00029154032272327157
5.224,0.0015758798756135839,0.00791899084385106,0.018665346113512227,0.009423665999389597,0.0003641182899380979,0.0002909473718819555
5.226,0.0015731083335033258,0.007911304644360184,0.01866359865807432,0.009423034428446275,0.000363426286881241,0.00029035562701773543
5.228,0.0015703416637486978,0.00790362590444138,0.01866185136177112,0.009422402901113403,0.00036273559895017016,0.0002897650856779066
5.23,0.0015675798577865496,0.007895954616856216,0.01866010422459441,0.009421771417387204,0.0003620462236455513,0.00028917574541442725
5.232,0.0015648229070683861,0.00788829077437403,0.018658357246536195,0.009421139977264348,0.00036135815847271324,0.0002885876037845847
5.234,0.0015620708030612551,0.0078806343697706,0.01865661042758804,0.009420508580740838,0.00036067140094209194,0.00028800065835077326
5.236,0.0015593235372468595,0.007872985395828813,0.018654863767741947,0.009419877227813345,0.0003599859485683421,0.00028741490667982816
5.238,0.001556581101122223,0.007865343845338657,0.018653117266989927,0.009419245918478092,0.0003593017988712255,0.0002868303463439137
5.24,0.0015538434861988026,0.007857709711097227,0.01865137092532354,0.009418614652731305,0.0003586189493751668,0.00028624697491985707
5.242,0.0015511106840033762,0.007850082985908502,0.018649624742734572,0.009417983430569432,0.00035793739760903165,0.0002856647899898146
5.244,0.0015483826860773764,0.007842463662583343,0.018647878719215027,0.00941735225198892,0.0003572571411065706,0.00028508378914038346
5.246,0.0015456594839773352,0.007834851733939718,0.01864613285475647,0.009416721116986215,0.00035657817740641917,0.0002845039699634899
5.248,0.0015429410692744394,0.007827247192802478,0.018644387149350905,0.009416090025557544,0.0003559005040514318,0.0002839253300557232
5.25,0.0015402274335547528,0.007819650032003578,0.018642641602989896,0.009415458977699354,0.0003552241185895699,0.0002833478670185574
5.252,0.001537518568418994,0.007812060244381636,0.018640896215665448,0.009414827973407869,0.00035454901857323584,0.0002827715784585738
5.2540000000000004,0.001534814465482759,0.007804477822782374,0.018639150987369124,0.009414197012679537,0.0003538752015594948,0.00028219646198701653
5.256,0.00153211511637652,0.007796902760058622,0.01863740591809271,0.009413566095510584,0.00035320266511007503,0.00028162251521979265
5.258,0.0015294205127451832,0.007789335049069868,0.018635661007827764,0.009412935221897678,0.00035253140679136763,0.0002810497357781383
5.26,0.0015267306462485308,0.007781774682682707,0.018633916256566296,0.009412304391836823,0.0003518614241744267,0.00028047812128773053
5.2620000000000005,0.0015240455085610005,0.007774221653770397,0.018632171664299868,0.009411673605324689,0.0003511927148347471,0.0002799076693793534
5.264,0.0015213650913714627,0.00776667595521352,0.01863042723102004,0.0094110428623575,0.00035052527635248687,0.00027933837768845393
5.266,0.0015186893863834428,0.007759137579899322,0.0186286829567186,0.00941041216293148,0.00034985910631246675,0.00027877024385514204
5.268,0.001516018385315121,0.007751606520721932,0.01862693884138733,0.009409781507043302,0.00034919420230417053,0.0002782032655246347
5.2700000000000005,0.0015133520798993327,0.007744082770582361,0.018625194885017793,0.009409150894688967,0.0003485305619215229,0.0002776374403468118
5.272,0.001510690461883346,0.007736566322388505,0.018623451087601772,0.009408520325865144,0.0003478681827633334,0.00027707276597643826
5.274,0.0015080335230288622,0.0077290571690553644,0.01862170744913083,0.009407889800568059,0.0003472070624324086,0.0002765092400727198
5.276,0.001505381255112015,0.007721555303504601,0.01861996396959653,0.009407259318794159,0.0003465471985364399,0.0002759468602999693
5.2780000000000005,0.0015027336499235933,0.007714060718664539,0.018618220648990658,0.00940662888053967,0.0003458885886877816,0.0002753856243271624
5.28,0.001500090699268819,0.007706573407470829,0.018616477487304772,0.009405998485801037,0.000345231230503229,0.00027482552982793784
5.282,0.0014974523949671248,0.007699093362865561,0.01861473448453066,0.009405368134574488,0.00034457512160401826,0.0002742665744805972
5.284,0.0014948187288521542,0.007691620577798153,0.01861299164065966,0.009404737826856469,0.0003439202596158264,0.0002737087559683271
5.2860000000000005,0.0014921896927724276,0.007684155045224239,0.018611248955683557,0.009404107562643427,0.0003432666421689934,0.00027315207197897706
5.288,0.0014895652785904545,0.007676696758106782,0.018609506429593692,0.009403477341931588,0.00034261426689852215,0.00027259652020505953
5.29,0.001486945478182955,0.0076692457094151845,0.01860776406238185,0.009402847164717398,0.00034196313144363444,0.00027204209834374993
5.292,0.001484330283441082,0.007661801892126174,0.01860602185403959,0.009402217030997306,0.00034131323344821496,0.0002714888040971086
5.2940000000000005,0.0014817196862701998,0.0076543652992226985,0.018604279804558477,0.009401586940767537,0.00034066457056036725,0.0002709366351716369
5.296,0.001479113678590105,0.007646935923695031,0.01860253791392985,0.009400956894024315,0.0003400171404328578,0.00027038558927872103
5.298,0.001476512252334361,0.007639513758539884,0.018600796182145496,0.00940032689076431,0.000339370940723116,0.0002698356641339661
5.3,0.0014739153994509646,0.0076320987967608556,0.018599054609196974,0.009399696930983747,0.00033872596909256814,0.00026928685745830627
5.3020000000000005,0.001471323111902123,0.007624691031368425,0.018597313195075627,0.009399067014678852,0.00033808222320752535,0.00026873916697667255
5.304,0.0014687353816640325,0.007617290455379955,0.018595571939773015,0.009398437141846072,0.00033743970073829566,0.00026819259041910293
5.306,0.0014661522007271,0.0076098970618192485,0.0185938308432807,0.009397807312481854,0.00033679839936007205,0.00026764712551985426
5.308,0.0014635735610954992,0.007602510843716992,0.018592089905590026,0.009397177526582423,0.00033615831675226637,0.00026710277001806837
5.3100000000000005,0.001460999454788059,0.007595131794110754,0.018590349126692773,0.009396547784144227,0.0003355194505985093,0.000266559521657328
5.312,0.0014584298738369306,0.0075877599060447665,0.018588608506580062,0.00939591808516349,0.00033488179858709444,0.0002660173781858788
5.314,0.0014558648102889205,0.007580395172570142,0.018586868045243676,0.009395288429636661,0.00033424535841053427,0.0002654763373564073
5.316,0.0014533042562041576,0.0075730375867444355,0.018585127742674956,0.009394658817560186,0.00033361012776578214,0.0002649363969264851
5.3180000000000005,0.001450748203657204,0.007565687141632305,0.018583387598865242,0.009394029248930291,0.0003329761043542323,0.0002643975546579025
5.32,0.0014481966447366101,0.007558343830304848,0.018581647613806096,0.009393399723743423,0.0003323432858817199,0.0002638598083173349
5.322,0.0014456495715442497,0.0075510076458398245,0.01857990778748886,0.009392770241996029,0.00033171167005829894,0.00026332315567567655
5.324,0.0014431069761964288,0.0075436785813221,0.018578168119905092,0.009392140803684335,0.0003310812545982422,0.00026278759450848455
5.3260000000000005,0.0014405688508232206,0.007536356629842977,0.018576428611046136,0.009391511408804565,0.00033045203722048555,0.000262253122595979
5.328,0.0014380351875682429,0.007529041784500423,0.018574689260903332,0.009390882057353167,0.00032982401564818353,0.00026171973772282087
5.33,0.0014355059785893243,0.007521734038399286,0.01857295006946824,0.009390252749326589,0.00032919718760870964,0.00026118743767789
5.332,0.001432981216057616,0.007514433384650854,0.018571211036731983,0.009389623484721277,0.00032857155083387823,0.00026065622025495117
5.3340000000000005,0.0014304608921584805,0.007507139816373298,0.018569472162686118,0.009388994263533457,0.0003279471030597225,0.0002601260832522101
5.336,0.0014279449990906024,0.0074998533266914524,0.018567733447321988,0.009388365085759354,0.00032732384202649456,0.0002595970244720913
5.338,0.0014254335290666553,0.007492573908736588,0.018565994890630932,0.009387735951395415,0.00032670176547910934,0.0002590690417216823
5.34,0.0014229264743130798,0.007485301555646862,0.018564256492604292,0.009387106860438088,0.0003260808711662566,0.00025854213281228944
5.3420000000000005,0.001420423827069639,0.007478036260567089,0.01856251825323363,0.009386477812883598,0.00032546115684128907,0.00025801629556010397
5.344,0.0014179255795898627,0.007470778016648749,0.01856078017251006,0.009385848808728392,0.00032484262026177824,0.0002574915277855361
5.346,0.0014154317241408254,0.007463526817049759,0.01855904225042493,0.009385219847968918,0.00032422525918929246,0.0002569678273134368
5.348,0.0014129422530035907,0.00745628265493492,0.018557304486969572,0.0093845909306014,0.000323609071390063,0.0002564451919728761
5.3500000000000005,0.0014104571584723224,0.007449045523475473,0.01855556688213511,0.009383962056622064,0.00032299405463431796,0.00025592361959780874
5.352,0.0014079764328547295,0.00744181541584954,0.018553829435913105,0.00938333322602758,0.00032238020669650425,0.0002554031080261865
5.354,0.0014055000684725094,0.0074345923252414625,0.018552092148294674,0.009382704438813949,0.00032176752535528763,0.0002548836551004019
5.356,0.0014030280576602383,0.007427376244842465,0.01855035501927116,0.009382075694977843,0.0003211560083937748,0.00025436525866728843
5.3580000000000005,0.0014005603927664811,0.007420167167850433,0.018548618048833898,0.009381446994515485,0.00032054565359906917,0.00025384791657812045
5.36,0.0013980970661529035,0.007412965087469692,0.018546881236974233,0.009380818337423102,0.0003199364587624931,0.0002533316266886132
5.362,0.0013956380701949378,0.007405769996911005,0.018545144583683282,0.009380189723697363,0.00031932842167958775,0.0002528163868587008
5.364,0.001393183397280895,0.007398581889392242,0.018543408088952162,0.00937956115333427,0.0003187215401501131,0.0002523021949527582
5.3660000000000005,0.0013907330398128526,0.007391400758137268,0.018541671752772215,0.009378932626330494,0.00031811581197804806,0.00025178904883937925
5.368,0.0013882869902062112,0.0073842265963768305,0.01853993557513478,0.009378304142682259,0.0003175112349715903,0.0002512769463915987
5.37,0.0013858452408896937,0.00737705939734834,0.018538199556030976,0.00937767570238579,0.0003169078069429343,0.0002507658854866701
5.372,0.001383407784305124,0.007369899154295423,0.018536463695452143,0.009377047305437536,0.00031630552570849346,0.00025025586400651
5.3740000000000006,0.0013809746129078704,0.007362745860468589,0.0185347279933894,0.009376418951833942,0.00031570438908889997,0.00024974687983680965
5.376,0.001378545719166402,0.007355599509124788,0.018532992449833863,0.009375790641571236,0.00031510439490878284,0.00024923893086792326
5.378,0.0013761210955625103,0.007348460093527409,0.018531257064776874,0.009375162374645862,0.00031450554099721195,0.0002487320149944239
5.38,0.0013737007345910879,0.007341327606946502,0.01852952183820933,0.009374534151054048,0.000313907825187032,0.0002482261301151034
5.382,0.0013712846287603497,0.007334202042658555,0.01852778677012279,0.00937390597079224,0.0003133112453153064,0.0002477212741329726
5.384,0.0013688727705913895,0.0073270833939464985,0.018526051860508153,0.009373277833856886,0.0003127157992233176,0.00024721744495548315
5.386,0.0013664651526188454,0.007319971654100144,0.018524317109356536,0.00937264974024421,0.0003121214847563447,0.00024671464049430547
5.388,0.0013640617673902344,0.007312866816415298,0.01852258251665928,0.009372021689950438,0.0003115282997636637,0.00024621285866532894
5.39,0.0013616626074661742,0.007305768874194873,0.018520848082407282,0.00937139368297224,0.0003109362420989914,0.00024571209738866173
5.392,0.0013592676654206048,0.007298677820747557,0.01851911380659188,0.00937076571930584,0.00031034530961981943,0.00024521235458840884
5.394,0.0013568769338401232,0.007291593649389139,0.018517379689204194,0.009370137798947464,0.00030975550018785825,0.0002447136281933382
5.396,0.0013544904053246487,0.007284516353441628,0.01851564573023512,0.00936950992189356,0.0003091668116688151,0.0002442159161362145
5.398,0.0013521080724867574,0.007277445926233472,0.018513911929675997,0.009368882088140573,0.00030857924193239405,0.00024371921635402138
5.4,0.0013497299279523478,0.007270382361099781,0.018512178287517722,0.00936825429768473,0.000307992788852518,0.00024322352678796122
5.402,0.0013473559643601973,0.00726332565138188,0.018510444803751414,0.009367626550522479,0.00030740745030688466,0.0002427288453834553
5.404,0.0013449861743621838,0.0072562757904277575,0.01850871147836819,0.009366998846650043,0.0003068232241774105,0.00024223517008992168
5.406,0.0013426205506226196,0.00724923277159184,0.018506978311359168,0.009366371186063871,0.00030624010835023086,0.0002417424988609973
5.408,0.0013402590858191399,0.007242196588234773,0.018505245302715467,0.009365743568760188,0.00030565810071503385,0.00024125082965475997
5.41,0.0013379017726420361,0.00723516723372386,0.018503512452427984,0.00936511599473544,0.00030507719916594844,0.00024076016043306225
5.412,0.0013355486037944786,0.007228144701432848,0.018501779760487835,0.009364488463986076,0.00030449740160087835,0.00024027048916219762
5.414,0.001333199571992738,0.007221128984741698,0.01850004722688614,0.00936386097650832,0.0003039187059217241,0.00023978181381245633
5.416,0.0013308546699652979,0.007214120077037034,0.018498314851613795,0.00936323353229862,0.000303341110034383,0.0002392941323583475
5.418,0.001328513890453964,0.007207117971711918,0.018496582634661918,0.009362606131353202,0.00030276461184874925,0.00023880744277815502
5.42,0.0013261772262129767,0.007200122662165631,0.018494850576021404,0.009361978773668511,0.00030218920927871373,0.00023832174305482567
5.422,0.0013238446700094553,0.007193134141803892,0.01849311867568315,0.009361351459240996,0.0003016149002421642,0.00023783703117508104
5.424,0.0013215162146233972,0.007186152404038859,0.0184913869336385,0.009360724188066882,0.0003010416826609852,0.00023735330512963948
5.426,0.0013191918528470126,0.007179177442289131,0.01848965534987812,0.009360096960142616,0.000300469554460836,0.00023687056291366027
5.428,0.0013168715774856121,0.007172209249979522,0.018487923924393135,0.009359469775464424,0.00029989851357137276,0.0002363888025260774
5.43,0.001314555381356719,0.007165247820541509,0.01848619265717444,0.009358842634028752,0.00029932855792624835,0.0002359080219700438
5.432,0.001312243257290957,0.007158293147412564,0.01848446154821315,0.009358215535831826,0.00029875968546289045,0.00023542821925248703
5.434,0.0013099351981313845,0.00715134522403682,0.018482730597500163,0.009357588480870094,0.00029819189412294556,0.00023494939238499768
5.436,0.0013076311967334941,0.007144404043864627,0.018480999805026377,0.009356961469140002,0.00029762518185183495,0.00023447153938249699
5.438,0.0013053312459654354,0.007137469600352775,0.018479269170782686,0.009356334500637775,0.00029705954659875466,0.0002339946582645691
5.44,0.001303035338707792,0.007130541886964492,0.018477538694759987,0.009355707575359862,0.0002964949863168975,0.00023351874705435094
5.442,0.0013007434678540264,0.007123620897169003,0.0184758083769494,0.009355080693302487,0.00029593149896345317,0.0002330438037791982
5.444,0.0012984556263095914,0.007116706624442193,0.018474078217341594,0.009354453854462097,0.00029536908249916394,0.00023256982647046343
5.446,0.0012961718069925965,0.007109799062266164,0.018472348215927692,0.009353827058834918,0.00029480773488899104,0.00023209681316349595
5.448,0.0012938920028335854,0.00710289820412946,0.018470618372698366,0.009353200306417397,0.0002942474541016704,0.00023162476189786396
5.45,0.0012916162067757586,0.007096004043526616,0.018468888687644736,0.009352573597205982,0.00029368823810993483,0.00023115367071668835
5.452,0.001289344411774307,0.007089116573958831,0.018467159160757696,0.009351946931196897,0.0002931300848898477,0.00023068353766730887
5.454,0.0012870766107970777,0.0070822357889333,0.01846542979202792,0.00935132030838659,0.00029257299242191337,0.00023021436080106206
5.456,0.0012848127968243528,0.0070753616819636544,0.018463700581446307,0.009350693728771287,0.00029201695869018884,0.00022974613817328127
5.458,0.0012825529628484045,0.007068494246569967,0.01846197152900375,0.009350067192347433,0.0002914619816825059,0.0002292788678430746
5.46,0.0012802971018741616,0.007061633476278528,0.01846024263469115,0.009349440699111256,0.0002909080593906932,0.00022881254787376903
5.462,0.0012780452069187653,0.007054779364621622,0.018458513898499396,0.009348814249059423,0.000290355189810354,0.00022834717633224422
5.464,0.0012757972710113474,0.007047931905138194,0.018456785320419167,0.009348187842187938,0.0002898033709408665,0.00022788275128959867
5.466,0.001273553287193696,0.007041091091373408,0.018455056900441358,0.00934756147849325,0.0002892526007853835,0.00022741927082092772
5.468,0.00127131324851959,0.007034256916878423,0.018453328638556865,0.009346935157971803,0.00028870287735083267,0.0002269567330048794
5.47,0.00126907714805502,0.007027429375210614,0.018451600534756363,0.009346308880620047,0.00028815419864791636,0.00022649513592432058
5.472,0.00126684497887819,0.007020608459934019,0.018449872589030747,0.009345682646434206,0.0002876065626913338,0.00022603447766611495
5.474,0.0012646167340795156,0.00701379416461867,0.01844814480137069,0.009345056455410505,0.0002870599674993368,0.00022557475632067892
5.476,0.0012623924067614034,0.007006986482840816,0.018446417171767093,0.009344430307545393,0.00028651441109395215,0.00022511596998242567
5.478,0.0012601719900386943,0.007000185408182924,0.018444689700210848,0.009343804202835315,0.0002859698915012032,0.0002246581167497652
5.48,0.0012579554770379975,0.006993390934233901,0.01844296238669263,0.009343178141276498,0.0002854264067506662,0.00022420119472466027
5.482,0.0012557428608981347,0.006986603054588647,0.018441235231203112,0.009342552122865388,0.00028488395487547,0.00022374520201351444
5.484,0.001253534134769918,0.006979821762848282,0.01843950823373297,0.009341926147598434,0.0002843425339129624,0.00022329013672606202
5.486,0.001251329291816372,0.0069730470526203625,0.0184377813942731,0.00934130021547186,0.0002838021419038217,0.00022283599697603407
5.488,0.0012491283252125118,0.0069662789175182205,0.018436054712814398,0.00934067432648189,0.0002832627768925011,0.00022238278088093644
5.49,0.0012469312281451206,0.006959517351161848,0.018434328189347315,0.009340048480625196,0.0002827244369272286,0.0002219304865624938
5.492,0.0012447379938129721,0.006952762347177011,0.01843260182386275,0.00933942267789778,0.0002821871200600068,0.0002214791121455395
5.494,0.0012425486154270526,0.006946013899196135,0.018430875616351372,0.00933879691829631,0.00028165082434661315,0.00022102865575934771
5.496,0.0012403630862103387,0.0069392720008571995,0.01842914956680386,0.009338171201817014,0.0002811155478463778,0.0002205791155369674
5.498,0.0012381813993971313,0.006932536645805065,0.018427423675210886,0.009337545528456115,0.0002805812886221837,0.0002201304896147782
5.5,0.0012360035482341658,0.006925807827690145,0.018425697941563346,0.009336919898210061,0.0002800480447409104,0.00021968277613315657
5.502,0.0012338295259799459,0.00691908554016929,0.018423972365851693,0.0093362943110753,0.0002795158142729903,0.0002192359732364757
5.5040000000000004,0.0012316593259047437,0.006912369776905569,0.018422246948066823,0.009335668767048055,0.0002789845952924086,0.00021879007907288361
5.506,0.0012294929412905997,0.0069056605315680475,0.018420521688199187,0.009335043266124776,0.00027845438587692506,0.00021834509179385897
5.508,0.0012273303654313228,0.006898957797832006,0.01841879658623946,0.00933441780830191,0.0002779251841078523,0.00021790100955509928
5.51,0.0012251715916327122,0.0068922615693789435,0.01841707164217854,0.00933379239357568,0.00027739698807027757,0.00021745783051585477
5.5120000000000005,0.0012230166132123355,0.006885571839896132,0.018415346856006876,0.009333167021942312,0.000276869795852841,0.00021701555283915042
5.514,0.0012208654234993066,0.006878888603077504,0.018413622227715143,0.009332541693398255,0.0002763436055477353,0.00021657417469178597
5.516,0.001218718015834508,0.006872211852622545,0.018411897757294016,0.009331916407939955,0.000275818415250928,0.00021613369424411388
5.518,0.00121657438357059,0.0068655415822374,0.018410173444733946,0.00933129116556386,0.00027529422306216134,0.00021569410967048341
5.5200000000000005,0.001214434520071972,0.006858877785633766,0.01840844929002583,0.009330665966266194,0.00027477102708428625,0.0002152554191485745
5.522,0.001212298418714619,0.0068522204565300004,0.01840672529316012,0.009330040810043183,0.0002742488254241504,0.00021481762086028588
5.524,0.001210166072886043,0.006845569588650013,0.01840500145412749,0.009329415696891274,0.0002737276161923763,0.00021438071299084704
5.526,0.0012080374759853019,0.006838925175724375,0.01840327777291839,0.009328790626806915,0.00027320739750269496,0.00021394469372926217
5.5280000000000005,0.001205912621423444,0.0068322872114892075,0.01840155424952372,0.009328165599786331,0.00027268816747261226,0.00021350956126831022
5.53,0.0012037915026228418,0.006825655689687071,0.01839983088393371,0.009327540615825969,0.00027216992422318675,0.00021307531380410083
5.532,0.0012016741130174147,0.006819030604066301,0.018398107676139253,0.009326915674922276,0.00027165266587925174,0.00021264194953696247
5.534,0.0011995604460528497,0.006812411948381447,0.01839638462613058,0.009326290777071478,0.0002711363905689712,0.0002122094666705543
5.5360000000000005,0.0011974504951859366,0.006805799716393279,0.018394661733898587,0.009325665922269799,0.00027062109642406185,0.00021177786341208815
5.538,0.0011953442538852332,0.006799193901868339,0.018392938999433506,0.00932504111051391,0.0002701067815800151,0.00021134713797277271
5.54,0.001193241715630844,0.006792594498579385,0.01839121642272623,0.009324416341799813,0.0002695934441756531,0.00021091728856692527
5.542,0.0011911428739139751,0.006786001500305172,0.018389494003766993,0.009323791616124177,0.0002690810823533507,0.00021048831341308194
5.5440000000000005,0.0011890477222378237,0.006779414900830449,0.018387771742546466,0.009323166933483229,0.00026856969425903543,0.00021006021073310954
5.546,0.0011869562541164669,0.006772834693946184,0.018386049639055102,0.009322542293873193,0.0002680592780424096,0.0002096329787524276
5.548,0.00118486846307575,0.006766260873449115,0.018384327693283575,0.009321917697290738,0.0002675498318562841,0.00020920661570023036
5.55,0.0011827843426526208,0.006759693433141978,0.018382605905222338,0.009321293143731868,0.0002670413538572447,0.00020878111980926484
5.5520000000000005,0.0011807038863957953,0.006753132366833725,0.01838088427486184,0.009320668633193252,0.0002665338422052077,0.00020835648931583073
5.554,0.0011786270878646476,0.006746577668339304,0.01837916280219254,0.009320044165671115,0.00026602729506386424,0.00020793272245978045
5.556,0.0011765539406305425,0.006740029331479436,0.018377441487204882,0.009319419741161683,0.00026552171060001406,0.00020750981748474118
5.558,0.0011744844382757247,0.006733487350081058,0.018375720329889544,0.009318795359661625,0.00026501708698423165,0.00020708777263767075
5.5600000000000005,0.0011724185743939852,0.006726951717977103,0.01837399933023698,0.009318171021166943,0.00026451342239064424,0.00020666658616907974
5.562,0.0011703563425902175,0.006720422429006279,0.018372278488237415,0.009317546725674308,0.00026401071499648765,0.00020624625633325344
5.564,0.001168297736480639,0.006713899477013285,0.018370557803881526,0.009316922473179945,0.00026350896298255044,0.0002058267813880299
5.566,0.0011662427496925698,0.006707382855849042,0.018368837277159766,0.009316298263680078,0.00026300816453339593,0.0002054081595945778
5.5680000000000005,0.0011641913758644318,0.006700872559370463,0.018367116908062586,0.009315674097171156,0.00026250831783669604,0.00020499038921761858
5.57,0.0011621436086461934,0.006694368581440013,0.018365396696580216,0.009315049973649625,0.00026200942108389746,0.0002045734685256484
5.572,0.0011600994416987032,0.006687870915926375,0.01836367664270333,0.00931442589311171,0.00026151147246955553,0.00020415739579049408
5.574,0.001158058868693912,0.0066813795567042256,0.01836195674642216,0.00931380185555386,0.00026101447019177826,0.00020374216928731315
5.5760000000000005,0.0011560218833150948,0.006674894497654238,0.018360237007727376,0.009313177860972521,0.00026051841245200436,0.0002033277872952599
5.578,0.001153988479256629,0.006668415732662636,0.01835851742660921,0.009312553909363919,0.0002600232974554473,0.0002029142480965973
5.58,0.0011519586502235502,0.0066619432556218605,0.018356798003058117,0.0093119300007245,0.00025952912341020706,0.00020250154997736303
5.582,0.0011499323899326619,0.006655477060430348,0.018355078737064323,0.00931130613505049,0.0002590358885281585,0.0002020896912267034
5.5840000000000005,0.0011479096921112042,0.006649017140992308,0.018353359628618504,0.009310682312338336,0.0002585435910245071,0.00020167867013753948
5.586,0.0011458905504975192,0.006642563491217945,0.01835164067771089,0.009310058532584486,0.0002580522291177889,0.00020126848500612304
5.588,0.0011438749588412733,0.00663611610502346,0.018349921884331932,0.009309434795785165,0.0002575618010298708,0.00020085913413248058
5.59,0.0011418629109030132,0.006629674976330602,0.01834820324847186,0.00930881110193682,0.0002570723049861723,0.00020045061581952517
5.5920000000000005,0.0011398544004541655,0.00662324009906734,0.01834648477012113,0.009308187451035677,0.00025658373921544353,0.0002000429283741667
5.594,0.0011378494212768153,0.006616811467167416,0.018344766449269967,0.009307563843078182,0.0002560961019497654,0.0001996360701064237
5.596,0.0011358479671645938,0.006610389074570566,0.018343048285908825,0.009306940278060782,0.0002556093914245494,0.00019923003933008943
5.598,0.0011338500319215683,0.0066039729152223,0.018341330280028156,0.009306316755979704,0.00025512360587831573,0.00019882483436184373
5.6000000000000005,0.0011318556093629084,0.006597562983073901,0.01833961243161819,0.009305693276831395,0.0002546387435535813,0.00019842045352236326
5.602,0.0011298646933144418,0.006591159272082647,0.01833789474066916,0.009305069840612079,0.0002541548026955276,0.0001980168951354333
5.604,0.0011278772776130985,0.006584761776211812,0.01833617720717151,0.009304446447318204,0.0002536717815531109,0.0001976141575281698
5.606,0.0011258933561064666,0.006578370489430219,0.01833445983111548,0.009303823096946218,0.000253189678378396,0.00019721223903146345
5.6080000000000005,0.0011239129226530142,0.006571985405712688,0.018332742612491515,0.009303199789492345,0.00025270849142677854,0.00019681113797909155
5.61,0.001121935971121868,0.006565606519040035,0.018331025551289848,0.009302576524953032,0.0002522282189572067,0.00019641085270860614
5.612,0.0011199624953932563,0.006559233823398625,0.01832930864750071,0.009301953303324728,0.00025174885923151535,0.00019601138156088993
5.614,0.0011179924893578441,0.006552867312780819,0.01832759190111455,0.009301330124603657,0.00025127041051531407,0.00019561272287993425
5.6160000000000005,0.0011160259469171763,0.006546506981184974,0.018325875312121376,0.009300706988786045,0.000250792871077099,0.0001952148750135052
5.618,0.0011140628619834558,0.006540152822614997,0.018324158880511643,0.00930008389586856,0.0002503162391889191,0.0001948178363124775
5.62,0.001112103228479766,0.00653380483108057,0.01832244260627558,0.00929946084584743,0.0002498405131259318,0.00019442160513105655
5.622,0.0011101470403394043,0.006527463000597589,0.018320726489403416,0.009298837838718876,0.00024936569116684737,0.00019402617982700043
5.6240000000000006,0.00110819429150677,0.0065211273251872814,0.018319010529885604,0.00929821487447935,0.00024889177159348463,0.00019363155876117588
5.626,0.0011062449759369208,0.00651479779887687,0.018317294727712152,0.009297591953125295,0.00024841875269077107,0.0001932377402977803
5.628,0.0011042990875953507,0.00650847441569935,0.01831557908287329,0.009296969074652939,0.0002479466327469648,0.00019284472280456377
5.63,0.0011023566204579893,0.006502157169693712,0.01831386359535947,0.00929634623905895,0.0002474754100536547,0.00019245250465238506
5.632,0.0011004175685116468,0.006495846054904497,0.0183121482651607,0.009295723446339332,0.0002470050829057602,0.00019206108421543355
5.634,0.0010984819257537914,0.006489541065382021,0.01831043309226721,0.009295100696490532,0.00024653564960130936,0.00019167045987145137
5.636,0.0010965496861921054,0.0064832421951823704,0.01830871807666945,0.009294477989508998,0.000246067108441661,0.00019128063000128925
5.638,0.001094620843844929,0.00647694943836763,0.01830700321835743,0.009293855325391176,0.00024559945773128256,0.00019089159298890657
5.64,0.0010926953927410388,0.00647066278900521,0.018305288517321383,0.009293232704133292,0.00024513269577797203,0.00019050334722203743
5.642,0.0010907733269200914,0.006464382241168742,0.018303573973551535,0.009292610125731793,0.00024466682089263614,0.0001901158910910805
5.644,0.0010888546404317356,0.006458107788937406,0.018301859587037894,0.009291987590182904,0.00024420183138951224,0.00018972922299020922
5.646,0.0010869393273362782,0.006451839426395933,0.018300145357770914,0.009291365097483073,0.0002437377255859463,0.0001893433413167056
5.648,0.001085027381704462,0.006445577147635051,0.018298431285740602,0.009290742647628747,0.00024327450180239296,0.00018895824447096032
5.65,0.001083118797617466,0.006439320946751259,0.018296717370937188,0.009290120240616151,0.00024281215836285952,0.00018857393085691676
5.652,0.0010812135691666835,0.006433070817846609,0.01829500361335068,0.009289497876441732,0.00024235069359401784,0.00018819039888140487
5.654,0.0010793116904543876,0.006426826755028925,0.01829329001297131,0.009288875555101939,0.00024189010582631454,0.00018780764695480734
5.656,0.0010774131555926214,0.006420588752411804,0.018291576569789303,0.009288253276592995,0.00024143039339286076,0.00018742567349061545
5.658,0.0010755179587040864,0.006414356804114396,0.018289863283794894,0.009287631040911348,0.00024097155463009834,0.00018704447690565118
5.66,0.00107362609392192,0.006408130904261622,0.01828815015497809,0.009287008848053224,0.00024051358787779975,0.00018666405561962307
5.662,0.0010717375553892516,0.006401911046984177,0.018286437183328896,0.00928638669801507,0.00024005649147862407,0.00018628440805579238
5.664,0.001069852337259647,0.0063956972264185286,0.018284724368837546,0.009285764590793333,0.00023960026377856103,0.000185905532640529
5.666,0.0010679704336971074,0.006389489436706697,0.018283011711494268,0.009285142526384238,0.000239144903126709,0.00018552742780331144
5.668,0.0010660918388756269,0.006383287671996474,0.01828129921128907,0.009284520504784233,0.00023869040787527496,0.00018515009197694887
5.67,0.001064216546979413,0.006377091926440981,0.01827958686821196,0.009283898525989764,0.00023823677637957452,0.0001847735235973591
5.672,0.0010623445522033315,0.006370902194199557,0.01827787468225317,0.009283276589997058,0.00023778400699803193,0.0001843977211037906
5.674,0.0010604758487520183,0.00636471846943687,0.018276162653402706,0.009282654696802561,0.00023733209809240208,0.00018402268293837842
5.676,0.0010586104308403232,0.00635854074632336,0.018274450781650797,0.0092820328464025,0.00023688104802732646,0.0001836484075465883
5.678,0.0010567482926935323,0.00635236901903502,0.018272739066987453,0.009281411038793319,0.00023643085517055518,0.00018327489337721659
5.68,0.0010548894285469235,0.006346203281753615,0.018271027509402682,0.009280789273971468,0.000235981517893169,0.00018290213888194629
5.682,0.0010530338326457667,0.006340043528666461,0.01826931610888649,0.009280167551933394,0.00023553303456913532,0.00018253014251579103
5.684,0.001051181499245546,0.006333889753966426,0.01826760486542911,0.009279545872675321,0.0002350854035755301,0.00018215890273665103
5.686,0.0010493324226119594,0.0063277419518521505,0.018265893779020548,0.009278924236193697,0.00023463862329253793,0.00018178841800575718
5.688,0.001047486597020697,0.006321600116528048,0.01826418284965059,0.009278302642484748,0.00023419269210345206,0.00018141868678767104
5.69,0.001045644016757441,0.006315464242203861,0.018262472077309688,0.00927768109154492,0.0002337476083944523,0.0001810497075496187
5.692,0.0010438046761180875,0.006309334323095106,0.01826076146198763,0.009277059583370661,0.00023330337055504913,0.0001806814787621569
5.694,0.0010419685694083025,0.006303210353423072,0.01825905100367442,0.009276438117958197,0.00023285997697786165,0.0001803139988991731
5.696,0.0010401356909439663,0.0062970923274141555,0.01825734070236007,0.009275816695303973,0.0002324174260581735,0.0001799472664374413
5.698,0.001038306035050729,0.0062909802393007475,0.018255630558034808,0.009275195315404439,0.00023197571619482105,0.0001795812798566221
5.7,0.0010364795960646767,0.0062848740833207906,0.01825392057068842,0.009274573978255818,0.00023153484578930517,0.00017921603763992877
5.702,0.0010346563683312215,0.006278773853717778,0.018252210740310915,0.009273952683854558,0.00023109481324623538,0.00017885153827346123
5.704,0.0010328363462062118,0.006272679544740756,0.01825050106689252,0.009273331432196885,0.0002306556169733298,0.00017848778024620593
5.706,0.0010310195240552655,0.00626659115064454,0.018248791550423027,0.009272710223279468,0.0002302172553811932,0.00017812476205048
5.708,0.001029205896253771,0.0062605086656892794,0.01824708219089244,0.009272089057098531,0.00022977972688376092,0.00017776248218148716
5.71,0.001027395457187108,0.006254432084140671,0.018245372988290764,0.009271467933650301,0.0002293430298976329,0.00017740093913753974
5.712,0.001025588201250427,0.006248361400269964,0.018243663942608013,0.009270846852931225,0.00022890716284251766,0.00017704013142028074
5.714,0.0010237841228488698,0.006242296608354181,0.01824195505383397,0.00927022581493775,0.0002284721241412324,0.00017668005753401772
5.716,0.0010219832163973486,0.006236237702675895,0.018240246321958642,0.009269604819666322,0.00022803791221970293,0.00017632071598616683
5.718,0.0010201854763205453,0.00623018467752301,0.01823853774697226,0.009268983867113167,0.00022760452550651955,0.00017596210528725287
5.72,0.0010183908970531341,0.0062241375271892,0.01823682932886439,0.009268362957274734,0.00022717196243338122,0.00017560422395090924
5.722,0.0010165994730393368,0.00621809624597347,0.01823512106762526,0.009267742090147468,0.00022674022143509553,0.00017524707049365595
5.724,0.0010148111987333674,0.006212060828180377,0.018233412963244655,0.009267121265727596,0.0002263093009491346,0.00017489064343512162
5.726,0.0010130260685987658,0.006206031268120027,0.018231705015712585,0.009266500484011564,0.00022587919941652324,0.00017453494129804348
5.728,0.0010112440771092857,0.006200007560108078,0.018229997225018835,0.009265879744995598,0.00022544991528050673,0.0001741799626078233
5.73,0.0010094652187480069,0.006193989698465963,0.018228289591153413,0.009265259048676144,0.00022502144698788307,0.00017382570589319357
5.732,0.0010076894880080012,0.006187977677519996,0.018226582114106327,0.009264638395049651,0.00022459379298811477,0.00017347216968577328
5.734,0.0010059168793918882,0.006181971491602711,0.018224874793867363,0.009264017784112566,0.000224166951733773,0.00017311935252006805
5.736,0.0010041473874120577,0.006175971135051528,0.018223167630426307,0.009263397215861113,0.00022374092168031545,0.00017276725293391415
5.738,0.001002381006590225,0.006169976602209859,0.018221460623773167,0.00926277669029174,0.00022331570128586442,0.00017241586946759035
5.74,0.0010006177314580977,0.0061639878874262255,0.01821975377389795,0.009262156207400896,0.00022289128901187283,0.0001720652006647061
5.742,0.0009988575565567093,0.006158004985054699,0.018218047080790445,0.009261535767184803,0.00022246768332245814,0.00017171524507153535
5.744,0.000997100476436863,0.006152027889455125,0.018216340544440435,0.00926091536963991,0.00022204488268484646,0.00017136600123768275
5.746,0.000995346485659132,0.006146056594992455,0.01821463416483793,0.009260295014762443,0.00022162288556915044,0.00017101746771563953
5.748,0.0009935955787931938,0.006140091096037192,0.018212927941972712,0.00925967470254907,0.0002212016904481473,0.00017066964306056143
5.75,0.0009918477504184953,0.006134131386965391,0.01821122187583457,0.009259054432996017,0.00022078129579772288,0.00017032252583071283
5.752,0.0009901029951240314,0.006128177462158657,0.018209515966413514,0.009258434206099508,0.00022036170009664957,0.00016997611458746675
5.7540000000000004,0.0009883613075081232,0.006122229316003924,0.018207810213699327,0.009257814021856214,0.00021994290182658638,0.00016963040789486072
5.756,0.0009866226821788615,0.006116286942893456,0.018206104617681795,0.00925719388026236,0.00021952489947207887,0.00016928540431981887
5.758,0.000984887113753885,0.006110350337225068,0.018204399178350705,0.00925657378131417,0.00021910769152033716,0.00016894110243237392
5.76,0.0009831545968597144,0.0061044194934019025,0.018202693895696065,0.009255953725008315,0.000218691276461902,0.00016859750080544522
5.7620000000000005,0.0009814251261328621,0.006098494405832877,0.018200988769707438,0.009255333711341018,0.0002182756527897567,0.00016825459801483866
5.764,0.0009796986962191667,0.006092575068932016,0.018199283800374833,0.009254713740308729,0.0002178608189999931,0.0001679123926390247
5.766,0.0009779753017737924,0.006086661477118671,0.018197578987688035,0.009254093811907671,0.00021744677359136766,0.0001675708832598044
5.768,0.0009762549374612295,0.0060807536248179694,0.01819587433163683,0.009253473926134292,0.00021703351506574542,0.0001672300684614214
5.7700000000000005,0.000974537597955516,0.006074851506460144,0.018194169832211005,0.00925285408298504,0.00021662104192743392,0.00016688994683122793
5.772,0.0009728232779397938,0.0060689551164809785,0.018192465489400345,0.009252234282456362,0.00021620935268407138,0.00016655051695946277
5.774,0.000971111972106975,0.006063064449321809,0.018190761303194636,0.009251614524544483,0.00021579844584596053,0.0001662117774392513
5.776,0.0009694036751588531,0.006057179499428855,0.018189057273583664,0.00925099480924585,0.00021538831992606866,0.00016587372686638346
5.7780000000000005,0.0009676983818067697,0.006051300261254333,0.018187353400557216,0.009250375136556688,0.00021497897344024963,0.00016553636383975778
5.78,0.0009659960867711703,0.006045426729255343,0.018185649684105076,0.009249755506473667,0.00021457040490724388,0.00016519968696093734
5.782,0.0009642967847820483,0.006039558897894537,0.018183946124217032,0.009249135918993012,0.00021416261284867844,0.00016486369483459384
5.784,0.0009626004705785007,0.006033696761640117,0.018182242720882646,0.009248516374110949,0.00021375559578884484,0.00016452838606784148
5.7860000000000005,0.0009609071389087287,0.006027840314965394,0.018180539474091928,0.009247896871824146,0.00021334935225492124,0.00016419375927068103
5.788,0.0009592167845304811,0.006021989552349227,0.01817883638383444,0.00924727741212883,0.00021294388077697235,0.00016385981305622188
5.79,0.0009575294022106107,0.006016144468275586,0.01817713345009997,0.009246657995021446,0.00021253917988750537,0.00016352654604046002
5.792,0.000955844986725074,0.006010305057234211,0.0181754306728783,0.00924603862049822,0.00021213524812235818,0.0001631939568418339
5.7940000000000005,0.0009541635328589315,0.006004471313719728,0.01817372805215922,0.009245419288555823,0.0002117320840195891,0.0001628620440816686
5.796,0.0009524850354067915,0.005998643232232537,0.018172025587932294,0.009244799999190478,0.00021132968612036507,0.00016253080638417572
5.798,0.0009508094891719221,0.005992820807277921,0.018170323280187306,0.009244180752398412,0.00021092805296851758,0.00016220024237645347
5.8,0.0009491368889669172,0.005987004033366716,0.018168621128914042,0.009243561548176293,0.00021052718311076468,0.00016187035068848665
5.8020000000000005,0.0009474672296136966,0.005981192905015309,0.018166919134102066,0.009242942386520347,0.00021012707509648898,0.00016154112995270253
5.804,0.0009458005059428398,0.0059753874167449705,0.018165217295741165,0.009242323267427022,0.0002097277274777376,0.00016121257880441497
5.806,0.0009441367127944744,0.0059695875630825235,0.018163515613820902,0.009241704190892541,0.0002093291388096663,0.0001608846958818244
5.808,0.0009424758450176096,0.005963793338560119,0.018161814088331063,0.009241085156913353,0.0002089313076496513,0.00016055747982601787
5.8100000000000005,0.0009408178974701364,0.005958004737715239,0.018160112719261434,0.009240466165485905,0.00020853423255817738,0.00016023092928052485
5.812,0.0009391628650192718,0.00595222175509047,0.01815841150660158,0.009239847216606645,0.00020813791209839394,0.00015990504289176144
5.814,0.0009375107425411144,0.005946444385233951,0.018156710450341285,0.009239228310272019,0.0002077423448363369,0.0001595798193090303
5.816,0.0009358615249206448,0.005940672622698928,0.018155009550470114,0.009238609446478252,0.00020734752934026268,0.00015925525718407663
5.8180000000000005,0.0009342152070521692,0.005934906462043976,0.01815330880697763,0.009237990625221792,0.0002069534641817583,0.00015893135517175416
5.82,0.0009325717838386538,0.005929145897832999,0.01815160821985362,0.009237371846498865,0.0002065601479346313,0.00015860811192958124
5.822,0.0009309312501919464,0.005923390924635008,0.01814990778908787,0.00923675311030614,0.00020616757917579775,0.00015828552611751867
5.824,0.0009292936010332209,0.005917641537024343,0.018148207514669723,0.00923613441663984,0.00020577575648461632,0.00015796359639863589
5.8260000000000005,0.0009276588312923106,0.005911897729580895,0.018146507396588962,0.009235515765496194,0.00020538467844311015,0.0001576423214384448
5.828,0.000926026935907931,0.00590615949688944,0.018144807434835375,0.009234897156871869,0.00020499434363618896,0.0001573216999051219
5.83,0.0009243979098279009,0.0059004268335400845,0.018143107629398303,0.00923427859076309,0.00020460475065142703,0.00015700173046995225
5.832,0.0009227717480086994,0.0058946997341284835,0.018141407980267532,0.009233660067166305,0.00020421589807906315,0.00015668241180644138
5.8340000000000005,0.0009211484454156871,0.005888978193254957,0.018139708487432626,0.009233041586077961,0.00020382778451177863,0.00015636374259120345
5.836,0.0009195279970233283,0.005883262205525819,0.01813800915088315,0.009232423147494284,0.00020344040854536338,0.00015604572150307305
5.838,0.0009179103978147474,0.005877551765551825,0.018136309970608888,0.009231804751411943,0.00020305376877782777,0.00015572834722421547
5.84,0.0009162956427817281,0.005871846867949504,0.018134610946599405,0.00923118639782694,0.00020266786381029078,0.00015541161843879436
5.8420000000000005,0.0009146837269249364,0.005866147507340491,0.018132912078844265,0.009230568086735946,0.00020228269224609186,0.00015509553383408203
5.844,0.0009130746452541416,0.005860453678351529,0.01813121336733281,0.009229949818135408,0.000201898252691457,0.0001547800921000153
5.846,0.0009114683927875511,0.00585476537561469,0.018129514812055048,0.00922933159202155,0.00020151454375527678,0.00015446529192897351
5.848,0.0009098649645520318,0.005849082593767152,0.01812781641300032,0.00922871340839082,0.00020113156404910626,0.0001541511320160005
5.8500000000000005,0.0009082643555835546,0.005843405327451423,0.01812611817015819,0.009228095267239445,0.00020074931218716507,0.00015383761105924876
5.852,0.0009066665609265279,0.005837733571314896,0.018124420083518222,0.009227477168564091,0.0002003677867858933,0.00015352472775886916
5.854,0.000905071575634242,0.005832067320010514,0.01812272215306998,0.009226859112360986,0.00019998698646506163,0.00015321248081812122
5.856,0.000903479394768425,0.0058264065681963295,0.01812102437880303,0.009226241098626575,0.00019960690984643925,0.0001529008689424849
5.8580000000000005,0.0009018900133999086,0.005820751310535499,0.018119326760706933,0.009225623127357307,0.00019922755555468186,0.00015258989084054875
5.86,0.0009003034266077403,0.00581510154169651,0.018117629298771254,0.009225005198549407,0.0001988489222171097,0.00015227954522334386
5.862,0.0008987196294798494,0.005809457256352735,0.018115931992985557,0.009224387312199323,0.00019847100846370758,0.00015196983080434379
5.864,0.0008971386171128248,0.005803818449182874,0.018114234843339405,0.0092237694683035,0.0001980938129266807,0.00015166074629990867
5.8660000000000005,0.0008955603846119153,0.005798185114870735,0.018112537849822363,0.009223151666858387,0.00019771733424134297,0.00015135229042884113
5.868,0.0008939849270905853,0.005792557248105457,0.018110841012423773,0.009222533907860209,0.00019734157104522865,0.00015104446191260834
5.87,0.0008924122396714029,0.005786934843581282,0.01810914433113342,0.009221916191305635,0.0001969665219785366,0.00015073725947511996
5.872,0.0008908423174851521,0.00578131789599734,0.018107447805940646,0.00922129851719089,0.00019659218568413017,0.0001504306818431722
5.8740000000000006,0.0008892751556712764,0.005775706400058311,0.018105751436835016,0.0092206808855122,0.0001962185608075373,0.00015012472774600383
5.876,0.0008877107493778791,0.005770100350473539,0.01810405522380587,0.009220063296266234,0.00019584564599672838,0.00014981939591529603
5.878,0.0008861490937615013,0.005764499741957918,0.018102359166842774,0.009219445749449218,0.0001954734399021163,0.0001495146850856166
5.88,0.0008845901839871217,0.005758904569231227,0.01810066326593529,0.009218828245057598,0.00019510194117677848,0.0001492105939937538
5.882000000000001,0.0008830340152281568,0.005753314827018574,0.018098967521072984,0.009218210783087821,0.00019473114847667894,0.00014890712137938245
5.884,0.0008814805826666827,0.005747730510049953,0.018097271932245196,0.009217593363536336,0.00019436106045978008,0.00014860426598461984
5.886,0.0008799298814934353,0.0057421516130606864,0.01809557649944149,0.009216975986399367,0.00019399167578693088,0.0001483020265540258
5.888,0.0008783819069071441,0.005736578130790981,0.01809388122265143,0.009216358651673362,0.00019362299312142284,0.00014800040183482466
5.89,0.0008768366541151984,0.005731010057986152,0.01809218610186436,0.009215741359354768,0.00019325501112921195,0.0001476993905769053
5.892,0.0008752941183334251,0.005725447389397065,0.018090491137069842,0.009215124109440032,0.00019288772847869673,0.000147398991532377
5.894,0.0008737542947858667,0.005719890119779025,0.018088796328257217,0.009214506901925601,0.0001925211438409402,0.00014709920345623573
5.896,0.0008722171787052257,0.005714338243892891,0.01808710167541583,0.009213889736807701,0.00019215525588922588,0.00014680002510591983
5.898,0.0008706827653326421,0.0057087917565044055,0.01808540717853524,0.00921327261408278,0.00019179006329950177,0.0001465014552413102
5.9,0.0008691510499172495,0.005703250652384195,0.018083712837605015,0.009212655533747283,0.00019142556475038042,0.0001462034926247302
5.902,0.0008676220277168412,0.005697714926308439,0.018082018652614495,0.009212038495797437,0.00019106175892269484,0.00014590613602116775
5.904,0.0008660956939972042,0.005692184573058201,0.018080324623553246,0.00921142150022991,0.0001906986445001646,0.00014560938419805325
5.906,0.0008645720440330074,0.005686659587419429,0.018078630750410385,0.00921080454704093,0.00019033622016872975,0.00014531323592525958
5.908,0.0008630510731066909,0.0056811399641831795,0.0180769370331757,0.00921018763622694,0.00018997448461699484,0.0001450176899755462
5.91,0.000861532776509355,0.005675625698145614,0.01807524347183831,0.009209570767784392,0.00018961343653578488,0.000144722745123671
5.912,0.0008600171495400932,0.005670116784108226,0.018073550066387778,0.00920895394170973,0.00018925307461858942,0.00014442840014705638
5.914,0.000858504187506437,0.005664613216876946,0.018071856816813447,0.00920833715799918,0.00018889339756156254,0.00014413465382578927
5.916,0.0008569938857239112,0.005659114991263259,0.01807016372310488,0.00920772041664919,0.00018853440406307875,0.00014384150494217707
5.918,0.0008554862395167007,0.005653622102083533,0.0180684707852512,0.009207103717656206,0.00018817609282417713,0.00014354895228096964
5.92,0.0008539812442167616,0.0056481345441590225,0.018066778003241968,0.009206487061016677,0.00018781846254811718,0.00014325699462980346
5.922,0.00085247889516471,0.005642652312316088,0.018065085377066525,0.009205870446727049,0.00018746151194082294,0.00014296563077831337
5.924,0.0008509791877089334,0.005637175401386418,0.018063392906714437,0.009205253874783548,0.0001871052397104389,0.0001426748595190208
5.926,0.0008494821172062572,0.005631703806206145,0.018061700592174823,0.00920463734518262,0.00018674964456799614,0.00014238467964644563
5.928,0.0008479876790215002,0.005626237521616728,0.018060008433437247,0.009204020857920714,0.00018639472522652412,0.00014209508995799425
5.93,0.0008464958685276969,0.005620776542464734,0.01805831643049105,0.009203404412994276,0.00018604048040171683,0.00014180608925329352
5.932,0.0008450066811060974,0.005615320863601614,0.018056624583325354,0.009202788010399754,0.00018568690881193284,0.00014151767633419077
5.934,0.0008435201121459457,0.005609870479883705,0.01805493289192972,0.009202171650133595,0.00018533400917752907,0.00014122985000541988
5.936,0.000842036157044479,0.005604425386172451,0.018053241356293492,0.009201555332192024,0.000184981780221527,0.0001409426090739352
5.938,0.0008405548112073724,0.005598985577334181,0.01805154997640601,0.009200939056571489,0.00018463022066916857,0.00014065595234913353
5.94,0.0008390760700480726,0.0055935510482403306,0.01804985875225662,0.009200322823268436,0.0001842793292483602,0.00014036987864263217
5.942,0.0008375999289882419,0.005588121793767442,0.01804816768383466,0.009199706632279314,0.0001839291046894509,0.00014008438676893498
5.944,0.0008361263834575361,0.005582697808796722,0.01804647677112947,0.009199090483600347,0.00018357954572501,0.0001397994755445442
5.946,0.0008346554288936048,0.00557727908821426,0.0180447860141304,0.009198474377228205,0.00018323065109027148,0.00013951514378840457
5.948,0.0008331870607423131,0.005571865626911698,0.018043095412826782,0.009197858313159113,0.00018288241952246764,0.0001392313903221254
5.95,0.0008317212744572977,0.005566457419784898,0.018041404967207963,0.009197242291389518,0.0001825348497617174,0.00013894821396953638
5.952,0.000830258065500189,0.005561054461735271,0.018039714677263063,0.009196626311915868,0.0001821879405501381,0.00013866561355668772
5.954,0.0008287974293406108,0.005555656747668891,0.018038024542981645,0.009196010374734609,0.00018184169063251154,0.0001383835879122941
5.956,0.0008273393614564029,0.005550264272496719,0.01803633456435283,0.009195394479841967,0.000181496098755618,0.00013810213586751274
5.958,0.0008258838573329541,0.0055448770311348206,0.018034644741365957,0.00919477862723439,0.00018115116366912432,0.00013782125625549924
5.96,0.0008244309124638693,0.005539495018504148,0.01803295507401037,0.009194162816908547,0.0001808068841246957,0.00013754094791229576
5.962,0.0008229805223505249,0.005534118229530316,0.01803126556227541,0.009193547048860662,0.00018046325887666193,0.00013726120967572086
5.964,0.0008215326825022906,0.00552874665914449,0.0180295762061502,0.009192931323087183,0.00018012028668135116,0.00013698204038647965
5.966,0.0008200873884365301,0.005523380302282055,0.018027887005624077,0.009192315639584336,0.0001797779662977561,0.00013670343888727565
5.968,0.0008186446356781563,0.005518019153883724,0.018026197960686385,0.00919169999834879,0.00017943629648731196,0.00013642540402325487
5.97,0.0008172044197602979,0.005512663208895097,0.018024509071326467,0.00919108439937677,0.00017909527601345232,0.0001361479346420058
5.972,0.0008157667362236332,0.005507312462266434,0.01802282033753344,0.009190468842664945,0.0001787549036422753,0.00013587102959355946
5.974,0.0008143315806168339,0.005501966908953104,0.01802113175929665,0.00918985332820954,0.00017841517814187746,0.0001355946877299452
5.976,0.0008128989484965654,0.005496626543915362,0.018019443336605212,0.009189237856007004,0.00017807609828301985,0.000135318907905857
5.978,0.0008114688354270427,0.0054912913621183446,0.01801775506944847,0.009188622426053783,0.00017773766283868397,0.00013504368897820918
5.98,0.0008100412369802523,0.0054859613585318545,0.01801606695781577,0.009188007038346102,0.00017739987058429385,0.0001347690298061366
5.982,0.0008086161487361743,0.005480636528131022,0.018014379001696224,0.009187391692880631,0.00017706272029727188,0.00013449492925121653
5.984,0.0008071935662823382,0.005475316865895419,0.01801269120107918,0.009186776389653595,0.000176726210757705,0.00013422138617724677
5.986,0.0008057734852142673,0.005470002366809501,0.018011003555953753,0.009186161128661663,0.0001763903407479006,0.00013394839945046755
5.988,0.0008043559011350343,0.005464693025863054,0.01800931606630929,0.00918554590990106,0.00017605510905260857,0.00013367596793933956
5.99,0.0008029408096554835,0.005459388838050305,0.018007628732134906,0.009184930733368235,0.00017572051445857717,0.00013340409051454394
5.992,0.0008015282063942308,0.005454089798370365,0.018005941553419946,0.009184315599059634,0.00017538655575499718,0.00013313276604920432
5.994,0.0008001180869776636,0.00544879590182723,0.01800425453015353,0.009183700506971482,0.00017505323173350185,0.00013286199341866478
5.996,0.0007987104470394968,0.005443507143430004,0.018002567662324775,0.009183085457100448,0.00017472054118772284,0.00013259177150071189
5.998,0.0007973052822216609,0.005438223518192231,0.018000880949923026,0.009182470449442759,0.00017438848291395637,0.0001323220991751306
6.0,0.0007959025881731918,0.0054329450211325625,0.017999194392937623,0.009181855483995083,0.000174057055710497,0.0001320529753241484
6.002,0.0007945023605511192,0.0054276716472745345,0.017997507991357464,0.009181240560753645,0.00017372625837808187,0.00013178439883221316
6.0040000000000004,0.0007931045950200222,0.0054224033916461245,0.01799582174517189,0.009180625679714893,0.00017339608971966847,0.0001315163685862153
6.006,0.0007917092872520293,0.005417140249280417,0.017994135654370025,0.009180010840875275,0.0001730665485404348,0.0001312488834750436
6.008,0.0007903164329270407,0.00541188221521538,0.017992449718941206,0.009179396044231236,0.00017273763364777928,0.00013098194239002936
6.01,0.000788926027732284,0.005406629284493869,0.017990763938874554,0.009178781289779225,0.00017240934385176487,0.00013071554422450227
6.0120000000000005,0.0007875380673627586,0.005401381452163179,0.01798907831415919,0.009178166577515467,0.0001720816779642309,0.00013044968787445654
6.014,0.000786152547521235,0.005396138713275489,0.017987392844784234,0.009177551907436632,0.00017175463479945918,0.00013018437223788482
6.016,0.0007847694639175895,0.005390901062888087,0.017985707530738804,0.009176937279538944,0.00017142821317395196,0.00012991959621500015
6.018,0.0007833888122694699,0.005385668496062923,0.017984022372012243,0.00917632269381885,0.00017110241190665398,0.00012965535870845812
6.0200000000000005,0.0007820105883020734,0.00538044100786661,0.01798233736859367,0.009175708150272799,0.0001707772298185084,0.00012939165862269064
6.022,0.0007806347877479247,0.005375218593370423,0.017980652520472207,0.009175093648897459,0.00017045266573290085,0.0001291284948650162
6.024,0.0007792614063473202,0.005370001247650968,0.01797896782763697,0.009174479189688833,0.00017012871847521538,0.00012886586634430763
6.026,0.0007778904398478836,0.005364788965789069,0.017977283290077084,0.009173864772643592,0.0001698053868732785,0.00012860377197210227
6.0280000000000005,0.0007765218840047883,0.005359581742870434,0.017975598907781665,0.009173250397758181,0.00016948266975691517,0.0001283422106621579
6.03,0.0007751557345805349,0.005354379573985879,0.017973914680740055,0.00917263606502905,0.00016916056595861484,0.00012808118133000868
6.032,0.0007737919873451737,0.005349182454230661,0.017972230608941153,0.009172021774452421,0.00016883907431264333,0.0001278206828938533
6.034,0.0007724306380760826,0.005343990378704699,0.0179705466923743,0.009171407526024966,0.00016851819365548693,0.00012756071427411086
6.0360000000000005,0.0007710716825581887,0.005338803342513021,0.017968862931028395,0.00917079331974291,0.00016819792282607438,0.0001273012743929769
6.038,0.0007697151165837468,0.005333621340765093,0.017967179324892557,0.009170179155602698,0.0001678782606655549,0.00012704236217508935
6.04,0.0007683609359525612,0.005328444368575491,0.017965495873956128,0.00916956503360078,0.00016755920601707608,0.00012678397654730666
6.042,0.0007670091364717635,0.005323272421063008,0.017963812578208005,0.009168950953733823,0.00016724075772622804,0.00012652611643848566
6.0440000000000005,0.000765659713955591,0.005318105493351544,0.01796212943763731,0.009168336915998054,0.00016692291464059927,0.00012626878077992565
6.046,0.0007643126642258302,0.005312943580569884,0.01796044645223316,0.009167722920389698,0.00016660567560977668,0.00012601196850492435
6.048,0.0007629679831118175,0.005307786677851034,0.017958763621984675,0.009167108966905424,0.0001662890394860117,0.00012575567854922198
6.05,0.0007616256664497723,0.005302634780333104,0.017957080946880977,0.009166495055541679,0.00016597300512355417,0.00012549990985011306
6.0520000000000005,0.0007602857100836857,0.005297487883158647,0.017955398426911184,0.00916588118629491,0.00016565757137865234,0.00012524466134777867
6.054,0.0007589481098644324,0.0052923459814750995,0.017953716062064418,0.009165267359161344,0.00016534273710999692,0.00012498993198395425
6.056,0.0007576128616506583,0.005287209070434784,0.017952033852329574,0.009164653574137649,0.00016502850117827705,0.0001247357207028177
6.058,0.000756279961307893,0.005282077145194464,0.017950351797695774,0.00916403983122005,0.00016471486244618028,0.00012448202645076734
6.0600000000000005,0.0007549494047089933,0.0052769502009155644,0.017948669898152136,0.009163426130405217,0.00016440181977905866,0.00012422884817619995
6.062,0.0007536211877341437,0.005271828232764397,0.017946988153687782,0.009162812471689374,0.00016408937204381857,0.00012397618482973272
6.064,0.0007522953062706339,0.005266711235911936,0.017945306564291608,0.00916219885506897,0.00016377751811003094,0.00012372403536398124
6.066,0.0007509717562133034,0.005261599205533596,0.017943625129952734,0.009161585280540452,0.00016346625684926508,0.00012347239873400362
6.0680000000000005,0.0007496505334638748,0.005256492136809898,0.01794194385066028,0.009160971748100266,0.00016315558713486666,0.0001232212738966343
6.07,0.0007483316339316204,0.005251390024925584,0.017940262726403144,0.00916035825774486,0.0001628455078428459,0.00012297065981092814
6.072,0.0007470150535326958,0.005246292865070501,0.01793858175717067,0.009159744809470682,0.0001625360178512114,0.00012272055543793847
6.074,0.0007457007881903621,0.005241200652438716,0.017936900942951528,0.009159131403274179,0.00016222711603974815,0.00012247095974116107
6.0760000000000005,0.0007443888338354299,0.0052361133822291794,0.017935220283735065,0.009158518039151797,0.00016191880129090563,0.0001222218716860901
6.078,0.000743079186405371,0.005231031049645729,0.017933539779510177,0.009157904717099985,0.0001616110724889097,0.00012197329023999615
6.08,0.0007417718418452068,0.00522595364989642,0.017931859430265762,0.00915729143711519,0.0001613039285202067,0.00012172521437281425
6.082,0.0007404667961070643,0.005220881178194414,0.01793017923599094,0.009156678199193635,0.0001609973682732413,0.00012147764305603381
6.0840000000000005,0.0007391640451499537,0.005215813629757093,0.01792849919667483,0.009156065003331992,0.00016069139063867866,0.00012123057526358672
6.086,0.0007378635849399906,0.005210750999806724,0.01792681931230633,0.009155451849526708,0.00016038599450940438,0.00012098400997140324
6.088,0.0007365654114506182,0.005205693283570012,0.01792513958287456,0.009154838737774007,0.00016008117878030248,0.00012073794615741207
6.09,0.0007352695206621629,0.005200640476278551,0.01792346000836842,0.00915422566807056,0.00015977694234825535,0.00012049238280176233
6.0920000000000005,0.0007339759085620567,0.005195592573168373,0.017921780588776803,0.00915361264041259,0.00015947328411236583,0.00012024731888637952
6.094,0.0007326845711448371,0.005190549569480174,0.017920101324088833,0.009152999654796767,0.00015917020297395723,0.0001200027533956316
6.096,0.0007313955044121467,0.005185511460459313,0.017918422214293628,0.009152386711219318,0.0001588676978361292,0.00011975868531588496
6.098,0.0007301087043725119,0.005180478241355813,0.017916743259380086,0.00915177380967691,0.00015856576760420182,0.00011951511363528233
6.1000000000000005,0.000728824167041342,0.0051754499074241345,0.017915064459337104,0.009151160950165771,0.00015826441118549361,0.00011927203734440894
6.102,0.0007275418884413742,0.005170426453923627,0.017913385814153582,0.009150548132682346,0.00015796362748976556,0.00011902945543540433
6.104,0.0007262618646020069,0.005165407876117856,0.017911707323818638,0.009149935357223082,0.00015766341542833295,0.00011878736690307257
6.106,0.0007249840915599659,0.005160394169275273,0.01791002898832139,0.00914932262378465,0.0001573637739149536,0.00011854577074377204
6.1080000000000005,0.0007237085653588604,0.005155385328668549,0.01790835080765052,0.009148709932363275,0.00015706470186516164,0.00011830466595630362
6.11,0.000722435282048961,0.005150381349575461,0.01790667278179514,0.009148097282955403,0.00015676619819693371,0.00011806405154102251
6.112,0.0007211642376876437,0.005145382227278228,0.017904994910744154,0.009147484675557482,0.00015646826183002283,0.00011782392650072637
6.114,0.0007198954283393899,0.005140387957063286,0.01790331719448668,0.009146872110166182,0.00015617089168618037,0.0001175842898402113
6.1160000000000005,0.0007186288500753424,0.005135398534221958,0.01790163963301139,0.009146259586777727,0.00015587408668960023,0.00011734514056604972
6.118,0.0007173644989737493,0.005130413954050228,0.01789996222630741,0.009145647105388566,0.00015557784576603062,0.00011710647768681248
6.12,0.0007161023711197423,0.005125434211848301,0.017898284974363632,0.009145034665995144,0.00015528216784344018,0.00011686830021351291
6.122,0.0007148424626051142,0.005120459302921265,0.01789660787716918,0.00914442226859391,0.000154987051852018,0.00011663060715871865
6.1240000000000006,0.0007135847695287634,0.005115489222578429,0.017894930934712727,0.009143809913181311,0.00015469249672372953,0.00011639339753721778
6.126,0.0007123292879962495,0.005110523966133984,0.017893254146983395,0.009143197599753794,0.00015439850139276068,0.00011615667036601884
6.128,0.0007110760141202377,0.005105563528906565,0.01789157751396986,0.009142585328307806,0.0001541050647950737,0.00011592042466368468
6.13,0.0007098249440198323,0.005100607906219468,0.017889901035661238,0.009141973098839795,0.0001538121858690733,0.0001156846594509986
6.132000000000001,0.0007085760738212432,0.005095657093399986,0.01788822471204643,0.00914136091134643,0.00015351986355471858,0.00011544937375052022
6.134,0.0007073293996575636,0.005090711085780741,0.017886548543114333,0.009140748765823936,0.00015322809679418903,0.00011521456658725171
6.136,0.000706084917668548,0.005085769878698132,0.017884872528853846,0.00914013666226876,0.0001529368845318846,0.0001149802369877495
6.138,0.0007048426240006123,0.005080833467493662,0.017883196669253865,0.009139524600677351,0.00015264622571375952,0.00011474638398079051
6.140000000000001,0.0007036025148070557,0.0050759018475130535,0.01788152096430351,0.009138912581046155,0.00015235611928821058,0.00011451300659715002
6.142,0.000702364586248061,0.005070975014106471,0.017879845413991458,0.009138300603371619,0.00015206656420541087,0.0001142801038693797
6.144,0.000701128834490472,0.005066052962628964,0.017878170018306605,0.00913768866765019,0.0001517775594175319,0.0001140476748320296
6.146,0.0006998952557077942,0.0050611356884397996,0.01787649477723785,0.009137076773878317,0.0001514891038787436,0.00011381571852187022
6.148,0.0006986638460801942,0.005056223186902686,0.01787481969077409,0.009136464922052667,0.00015120119654521424,0.00011358423397722639
6.15,0.000697434601794944,0.005051315453385996,0.017873144758904225,0.009135853112169467,0.00015091383637511058,0.0001133532202388654
6.152,0.000696207519045533,0.005046412483262541,0.01787146998161715,0.009135241344225165,0.00015062702232837566,0.00011312267634910889
6.154,0.000694982594032334,0.005041514271909575,0.017869795358901763,0.009134629618216206,0.00015034075336739505,0.00011289260135227686
6.156,0.0006937598229623809,0.005036620814709014,0.01786812089074674,0.009134017934139038,0.00015005502845610863,0.00011266299429468773
6.158,0.0006925392020495913,0.005031732107046993,0.017866446577141204,0.009133406291990331,0.0001497698465606767,0.00011243385422465835
6.16,0.0006913207275143218,0.005026848144314311,0.017864772418073827,0.00913279469176631,0.00014948520664903597,0.00011220518019250392
6.162,0.0006901043955833686,0.005021968921906428,0.017863098413533507,0.009132183133463423,0.00014920110769134354,0.00011197697125031603
6.164,0.0006888902024906329,0.005017094435222802,0.017861424563509143,0.009131571617078338,0.00014891754865931084,0.00011174922645196261
6.166,0.0006876781444762337,0.005012224679667554,0.017859750867989632,0.00913096014260728,0.0001486345285270918,0.00011152194485375411
6.168,0.0006864682177871728,0.005007359650649246,0.017858077326963873,0.00913034871004692,0.00014835204627017262,0.0001112951255133332
6.17,0.0006852604186768918,0.005002499343581102,0.01785640394042054,0.009129737319393483,0.00014807010086670402,0.00011106876749078509
6.172,0.0006840547434054933,0.004997643753880565,0.017854730708348532,0.009129125970643637,0.000147788691296169,0.00011084286984774927
6.174,0.0006828511882395194,0.004992792876969521,0.017853057630736746,0.009128514663793608,0.000147507816540271,0.00011061743164786364
6.176,0.0006816497494521734,0.0049879467082745155,0.01785138470757386,0.009127903398840065,0.00014722747558271188,0.0001103924519567645
6.178,0.00068045042332332,0.004983105243226316,0.01784971193884899,0.009127292175779456,0.0001469476674089698,0.00011016792984164248
6.18,0.0006792532061390411,0.004978268477260128,0.01784803932455059,0.009126680994608005,0.0001466683910065214,0.00010994386437213066
6.182,0.000678058094192302,0.004973436405815601,0.017846366864667784,0.009126069855322383,0.00014638964536484167,0.00010972025461941648
6.184,0.0006768650837825074,0.004968609024337045,0.017844694559189245,0.009125458757919036,0.00014611142947518196,0.00010949709965668575
6.186,0.0006756741712152792,0.00496378632827299,0.01784302240810387,0.009124847702394412,0.00014583374233079205,0.00010927439855890064
6.188,0.0006744853528031225,0.004958968313076184,0.017841350411400336,0.009124236688744958,0.00014555658292669804,0.0001090521504027997
6.19,0.0006732986248647599,0.004954154974204261,0.01783967856906754,0.009123625716967121,0.0001452799502601465,0.00010883035426734189
6.192,0.0006721139837253531,0.0049493463071188515,0.01783800688109438,0.009123014787057349,0.00014500384332993832,0.00010860900923326255
6.194,0.0006709314257167254,0.004944542307286026,0.017836335347469534,0.009122403899012088,0.0001447282611370948,0.00010838811438307339
6.196,0.000669750947177139,0.004939742970176519,0.017834663968181674,0.009121793052827787,0.0001444532026841916,0.00010816766880106243
6.198,0.0006685725444510737,0.004934948291265284,0.017832992743219922,0.009121182248500892,0.00014417866697602477,0.00010794767157351615
6.2,0.0006673962138896705,0.0049301582660317145,0.01783132167257273,0.009120571486028073,0.00014390465301894473,0.00010772812178849733
6.202,0.0006662219518502877,0.004925372889959645,0.017829650756229,0.009119960765405555,0.0001436311598215223,0.00010750901853584516
6.204,0.0006650497546969447,0.004920592158537129,0.017827979994177623,0.009119350086630007,0.0001433581863941047,0.00010729036090761923
6.206,0.0006638796187996565,0.004915816067256662,0.01782630938640728,0.009118739449697655,0.00014308573174881545,0.00010707214799743348
6.208,0.0006627115405353212,0.004911044611614956,0.017824638932906867,0.009118128854605168,0.00014281379489977652,0.00010685437890067817
6.21,0.0006615455162866102,0.004906277787113611,0.01782296863366506,0.009117518301348992,0.00014254237486288623,0.000106637052714742
6.212,0.0006603815424430781,0.004901515589257999,0.017821298488670534,0.009116907789925355,0.0001422714706560413,0.00010642016853901204
6.214,0.000659219615400497,0.004896758013558156,0.017819628497912188,0.009116297320330924,0.00014200108129891476,0.00010620372547420764
6.216,0.000658059731560634,0.004892005055528337,0.017817958661378697,0.009115686892562147,0.00014173120581295606,0.00010598772262326861
6.218,0.0006569018873321397,0.004887256710687238,0.017816288979058736,0.009115076506615472,0.00014146184322161304,0.00010577215909091109
6.22,0.0006557460791294378,0.004882512974557995,0.017814619450941205,0.009114466162487567,0.00014119299255010986,0.00010555703398362759
6.222,0.0006545923033736134,0.004877773842667965,0.017812950077014778,0.009113855860174658,0.00014092465282566913,0.00010534234640968698
6.224,0.0006534405564917467,0.004873039310548943,0.01781128085726813,0.009113245599673192,0.00014065682307728977,0.00010512809547935653
6.226,0.0006522908349175793,0.004868309373736723,0.01780961179169016,0.009112635380979839,0.0001403895023357471,0.00010491428030445782
6.228,0.0006511431350908481,0.004863584027771983,0.017807942880269545,0.009112025204090823,0.00014012268963359276,0.00010470089999858878
6.23,0.000649997453457507,0.004858863268199176,0.01780627412299496,0.009111415069002815,0.0001398563840053768,0.0001044879536775678
6.232,0.0006488537864699495,0.00485414709056764,0.0178046055198553,0.009110804975712261,0.00013959058448742567,0.00010427544045854553
6.234,0.0006477121305865641,0.004849435490430487,0.01780293707083902,0.009110194924215609,0.00013932529011806416,0.00010406335946067102
6.236,0.0006465724822724006,0.0048447284633454935,0.01780126877593502,0.009109584914509306,0.00013906049993694936,0.00010385170980486969
6.238,0.0006454348379982822,0.0048400260048744315,0.017799600635131974,0.009108974946589798,0.00013879621298618083,0.00010364049061384328
6.24,0.000644299194241249,0.0048353281105837365,0.01779793264841878,0.009108365020453535,0.00013853242830919044,0.00010342970101206994
6.242,0.0006431655474847808,0.004830634776044063,0.01779626481578389,0.009107755136096962,0.00013826914495163045,0.00010321934012580414
6.244,0.0006420338942185744,0.004825945996830061,0.017794597137215984,0.00910714529351675,0.00013800636196048544,0.00010300940708329875
6.246,0.0006409042309380997,0.004821261768521046,0.017792929612703956,0.009106535492709122,0.00013774407838518243,0.00010279990101413894
6.248,0.0006397765541454881,0.004816582086700549,0.017791262242236483,0.00910592573367075,0.00013748229327625872,0.00010259082105013029
6.25,0.000638650860348422,0.004811906946956324,0.01778959502580224,0.00910531601639808,0.00013722100568669404,0.00010238216632441066
6.252,0.0006375271460614673,0.004807236344880339,0.017787927963389905,0.009104706340887558,0.00013696021467080044,0.00010217393597233837
6.2540000000000004,0.0006364054078045189,0.004802570276068785,0.01778626105498815,0.009104096707135634,0.00013669991928488834,0.00010196612913060399
6.256,0.0006352856421041331,0.004797908736122292,0.017784594300585654,0.009103487115138753,0.00013644011858704452,0.0001017587449378965
6.258,0.0006341678454928612,0.004793251720645708,0.01778292770017109,0.009102877564893364,0.00013618081163713214,0.00010155178253468122
6.26,0.000633052014509472,0.0047885992252483245,0.017781261253733138,0.009102268056396134,0.00013592199749679068,0.00010134524106297782
6.2620000000000005,0.0006319381456982853,0.004783951245543205,0.01777959496126047,0.009101658589643513,0.000135663675229436,0.00010113911966680433
6.264,0.0006308262356102823,0.004779307777148301,0.017777928822741762,0.009101049164631725,0.00013540584390026034,0.00010093341749173312
6.266,0.0006297162808022172,0.0047746688156853345,0.01777626283816569,0.009100439781357439,0.00013514850257623223,0.00010072813368511291
6.268,0.0006286082778370616,0.0047700343567802506,0.01777459700752093,0.009099830439817103,0.00013489165032609662,0.00010052326739606876
6.2700000000000005,0.0006275022232835603,0.004765404396063655,0.01777293133079616,0.009099221140007385,0.00013463528622059684,0.00010031881777550211
6.272,0.0006263981137168972,0.004760778929170151,0.017771265807980052,0.009098611881924512,0.00013437940933180847,0.0001001147839758687
6.274,0.0006252959457178076,0.00475615795173856,0.017769600439061284,0.009098002665565152,0.00013412401873402757,9.991116515140064e-05
6.276,0.0006241957158732436,0.004751541459411923,0.01776793522402853,0.009097393490925532,0.00013386911350288244,9.970796045832842e-05
6.2780000000000005,0.0006230974207763751,0.0047469294478375,0.017766270162870246,0.009096784358002319,0.0001336146927159998,9.95051690542148e-05
6.28,0.0006220010570259227,0.004742321912666769,0.017764605255575328,0.009096175266791962,0.0001333607554527827,9.930279009839893e-05
6.282,0.0006209066212270464,0.00473771884955565,0.01776294050213223,0.009095566217290907,0.00013310730079418853,9.910082275199628e-05
6.284,0.0006198141099904575,0.004733120254164058,0.017761275902529627,0.009094957209495824,0.00013285432782317308,9.889926617812073e-05
6.2860000000000005,0.0006187235199330843,0.004728526122155907,0.017759611456756197,0.009094348243402939,0.00013260183562424643,9.869811954099639e-05
6.288,0.0006176348476778504,0.004723936449199773,0.017757947164800614,0.00909373931900892,0.00013234982328369505,9.849738200706781e-05
6.29,0.0006165480898532305,0.004719351230968449,0.01775628302665133,0.009093130436309993,0.00013209828988958172,9.829705274433387e-05
6.292,0.0006154632430941387,0.004714770463138507,0.01775461904229725,0.009092521595302827,0.00013184723453174563,9.809713092234773e-05
6.2940000000000005,0.00061438030404104,0.004710194141390733,0.017752955211726817,0.009091912795984092,0.00013159665630158024,9.789761571243893e-05
6.296,0.0006132992693403949,0.00470562226141058,0.017751291534928493,0.009091304038350012,0.00013134655429247744,9.769850628749133e-05
6.298,0.0006122201356444368,0.004701054818887274,0.017749628011891172,0.009090695322397258,0.0001310969275993834,9.749980182238716e-05
6.3,0.0006111428996116164,0.004696491809514258,0.01774796464260331,0.009090086648122053,0.00013084777531879865,9.730150149334094e-05
6.3020000000000005,0.0006100675579061576,0.00469193322898942,0.01774630142705358,0.009089478015521069,0.00013059909654922208,9.710360447856559e-05
6.304,0.0006089941071978355,0.004687379073014641,0.01774463836523066,0.00908886942459075,0.00013035089039092895,9.690610995760629e-05
6.306,0.0006079225441626424,0.004682829337295802,0.017742975457123,0.00908826087532777,0.0001301031559455268,9.670901711200663e-05
6.308,0.0006068528654821215,0.004678284017543222,0.01774131270271928,0.00908765236772835,0.00012985589231662154,9.651232512464247e-05
6.3100000000000005,0.0006057850678438115,0.00467374310947144,0.017739650102007953,0.00908704390178916,0.00012960909860937342,9.631603318038806e-05
6.312,0.0006047191479412461,0.0046692066087987705,0.017737987654977694,0.00908643547750665,0.0001293627739309411,9.612014046544992e-05
6.314,0.0006036551024732884,0.004664674511247968,0.017736325361617178,0.009085827094877263,0.0001291169173895934,9.592464616803298e-05
6.316,0.0006025929281452402,0.004660146812546007,0.01773466322191486,0.00908521875389745,0.0001288715280958197,9.572954947767442e-05
6.3180000000000005,0.000601532621667511,0.004655623508423634,0.017733001235859414,0.009084610454563657,0.00012862660516166358,9.553484958568781e-05
6.32,0.000600474179756727,0.00465110459461604,0.017731339403439517,0.009084002196872554,0.00012838214770094503,9.534054568516304e-05
6.322,0.0005994175991352879,0.0046465900668626325,0.017729677724643622,0.009083393980820587,0.0001281381548288163,9.514663697074432e-05
6.324,0.0005983628765311444,0.004642079920906816,0.017728016199460184,0.009082785806404203,0.00012789462566265009,9.49531226386302e-05
6.3260000000000005,0.0005973100086782424,0.0046375741524959935,0.017726354827877877,0.009082177673619851,0.0001276515593209293,9.476000188657352e-05
6.328,0.0005962589923158568,0.004633072757382006,0.017724693609885378,0.0090815695824642,0.0001274089549241353,9.456727391410347e-05
6.33,0.0005952098241894799,0.004628575731320472,0.01772303254547114,0.009080961532933474,0.00012716681159430365,9.43749379225256e-05
6.332,0.000594162501050155,0.004624083070071228,0.01772137163462384,0.009080353525024343,0.0001269251284552464,9.418299311447775e-05
6.3340000000000005,0.0005931170196544766,0.0046195947693983275,0.01771971087733193,0.009079745558733476,0.00012668390463255186,9.39914386943741e-05
6.336,0.0005920733767648123,0.004615110825070046,0.017718050273583863,0.0090791376340571,0.00012644313925314066,9.380027386818313e-05
6.338,0.0005910315691493029,0.004610631232858653,0.017716389823368317,0.009078529750991882,0.00012620283144570976,9.360949784364969e-05
6.34,0.0005899915935816402,0.004606155988540195,0.017714729526673745,0.009077921909534048,0.0001259629803407325,9.341910982985091e-05
6.3420000000000005,0.0005889534468415114,0.00460168508789538,0.017713069383488822,0.009077314109680268,0.0001257235850702365,9.32291090378623e-05
6.344,0.0005879171257139326,0.004597218526708469,0.017711409393802002,0.00907670635142721,0.0001254846447680258,9.30394946798696e-05
6.346,0.0005868826269894711,0.004592756300768386,0.01770974955760174,0.009076098634771101,0.0001252461585692366,9.285026597005697e-05
6.348,0.0005858499474646894,0.004588298405867608,0.01770808987487671,0.00907549095970861,0.0001250081256110036,9.26614221239408e-05
6.3500000000000005,0.0005848190839414791,0.004583844837802831,0.017706430345615365,0.009074883326236183,0.0001247705450320158,9.24729623590359e-05
6.352,0.0005837900332277268,0.0045793955923751906,0.017704770969806383,0.009074275734350268,0.00012453341597251644,9.228488589396733e-05
6.354,0.0005827627921364265,0.004574950665389377,0.017703111747437994,0.009073668184047534,0.00012429673757430315,9.209719194913646e-05
6.356,0.000581737357486567,0.0045705100526545195,0.017701452678498875,0.00907306067532443,0.0001240605089809499,9.190987974672105e-05
6.3580000000000005,0.0005807137261026885,0.004566073749983746,0.0176997937629777,0.0090724532081774,0.00012382472933758493,9.17229485102311e-05
6.36,0.0005796918948146601,0.004561641753193957,0.017698135000862703,0.009071845782602894,0.0001235893977911129,9.153639746473097e-05
6.362,0.0005786718604581242,0.004557214058106496,0.017696476392142557,0.009071238398597359,0.0001233545134899927,9.135022583706132e-05
6.364,0.0005776536198742743,0.004552790660546702,0.017694817936805718,0.009070631056157463,0.0001231200755840156,9.11644328553951e-05
6.3660000000000005,0.0005766371699098549,0.004548371556343689,0.01769315963484086,0.009070023755279655,0.0001228860832249712,9.097901774990369e-05
6.368,0.0005756225074171617,0.004543956741331012,0.017691501486236216,0.009069416495960603,0.00012265253556620337,9.079397975186865e-05
6.37,0.0005746096292538194,0.004539546211346002,0.01768984349098046,0.009068809278196532,0.00012241943176238834,9.060931809434791e-05
6.372,0.000573598532283226,0.004535139962229984,0.01768818564906205,0.009068202101984113,0.0001221867709702007,9.042503201195373e-05
6.3740000000000006,0.0005725892133743304,0.004530737989828282,0.017686527960469434,0.009067594967319792,0.00012195455234742525,9.024112074063062e-05
6.376,0.0005715816694014109,0.00452634028999066,0.01768487042519129,0.009066987874200017,0.00012172277505406726,9.00575835183215e-05
6.378,0.0005705758972440744,0.004521946858570436,0.01768321304321585,0.009066380822621456,0.0001214914382512422,8.987441958407949e-05
6.38,0.0005695718937877015,0.004517557691425367,0.01768155581453179,0.009065773812580558,0.00012126054110161988,8.96916281787341e-05
6.382000000000001,0.0005685696559232234,0.0045131727844167635,0.017679898739127342,0.009065166844073769,0.00012103008276986849,8.950920854466915e-05
6.384,0.0005675691805469008,0.0045087921334103775,0.01767824181699118,0.009064559917097537,0.00012080006242198849,8.93271599256007e-05
6.386,0.0005665704645603231,0.004504415734275735,0.01767658504811176,0.00906395303164853,0.0001205704792257567,8.914548156724322e-05
6.388,0.0005655735048706312,0.004500043582886359,0.017674928432477532,0.009063346187723198,0.00012034133235028222,8.896417271619939e-05
6.390000000000001,0.0005645782983902947,0.004495675675119992,0.017673271970076954,0.009062739385318208,0.00012011262096622843,8.878323262107024e-05
6.392,0.0005635848420375567,0.00449131200685815,0.017671615660898476,0.009062132624429786,0.00011988434424603511,8.860266053201116e-05
6.394,0.0005625931327355449,0.004486952573986347,0.017669959504930555,0.009061525905054602,0.00011965650136369632,8.842245570028773e-05
6.396,0.0005616031674133826,0.004482597372394315,0.017668303502161864,0.009060919227189101,0.00011942909149476044,8.824261737916395e-05
6.398000000000001,0.0005606149430050777,0.0044782463979755605,0.017666647652580636,0.009060312590829955,0.00011920211381610812,8.806314482323607e-05
6.4,0.0005596284564504117,0.004473899646627588,0.017664991956175324,0.00905970599597361,0.00011897556750661842,8.788403728843264e-05
6.402,0.0005586437046942727,0.004469557114252121,0.017663336412934383,0.009059099442616514,0.0001187494517462806,8.770529403245853e-05
6.404,0.0005576606846871002,0.004465218796754433,0.017661681022846265,0.009058492930755113,0.0001185237657168603,8.752691431435089e-05
6.406,0.0005566793933844405,0.004460884690044242,0.017660025785899425,0.009057886460386078,0.0001182985086018995,8.73488973947012e-05
6.408,0.0005556998277476133,0.004456554790034817,0.017658370702082316,0.009057280031505854,0.00011807367958605042,8.717124253565522e-05
6.41,0.0005547219847428231,0.004452229092643645,0.01765671577138339,0.00905667364411089,0.00011784927785574162,8.699394900091306e-05
6.412,0.0005537458613418256,0.004447907593791989,0.017655060993791105,0.009056067298197856,0.00011762530259895598,8.681701605550707e-05
6.414,0.0005527714545219276,0.00444359028940533,0.01765340636929391,0.009055460993763198,0.0001174017530052307,8.664044296602391e-05
6.416,0.0005517987612653208,0.004439277175412926,0.017651751897880263,0.009054854730803363,0.00011717862826565728,8.646422900060458e-05
6.418,0.0005508277785595261,0.004434968247748028,0.017650097579538393,0.0090542485093148,0.00011695592757265949,8.628837342894435e-05
6.42,0.0005498585033978376,0.004430663502347887,0.017648443414256976,0.009053642329294176,0.00011673365012043746,8.611287552207081e-05
6.422,0.0005488909327784341,0.004426362935153527,0.017646789402024243,0.00905303619073794,0.00011651179510474563,8.593773455256581e-05
6.424,0.0005479250637046018,0.004422066542110192,0.01764513554282865,0.00905243009364276,0.00011629036172267071,8.576294979434351e-05
6.426,0.0005469608931853998,0.0044177743191666785,0.017643481836658648,0.009051824038005085,0.00011606934917285372,8.55885205230944e-05
6.428,0.0005459984182347721,0.004413486262276001,0.017641828283502692,0.009051218023821361,0.00011584875665548999,8.54144460156192e-05
6.43,0.0005450376358722142,0.004409202367394949,0.017640174883349014,0.009050612051088258,0.00011562858337232917,8.5240725550495e-05
6.432,0.0005440785431221062,0.004404922630484531,0.017638521636186066,0.009050006119802223,0.00011540882852689727,8.506735840763113e-05
6.434,0.0005431211370141575,0.0044006470475090875,0.017636868542002526,0.009049400229959703,0.00011518949132360845,8.489434386849126e-05
6.436,0.0005421654145836285,0.00439637561443762,0.017635215600786402,0.009048794381557146,0.00011497057096887531,8.472168121587131e-05
6.438,0.0005412113728704426,0.004392108327242461,0.01763356281252637,0.00904818857459122,0.00011475206667066473,8.454936973389948e-05
6.44,0.0005402590089200743,0.004387845181899941,0.017631910177210663,0.009047582809058374,0.00011453397763805384,8.437740870848032e-05
6.442,0.000539308319783327,0.004383586174390608,0.017630257694827733,0.009046977084955277,0.00011431630308189611,8.420579742685064e-05
6.444,0.0005383593025158895,0.0043793313006985635,0.017628605365366035,0.009046371402278375,0.00011409904221459932,8.403453517780157e-05
6.446,0.0005374119541785571,0.0043750805568119056,0.01762695318881402,0.009045765761024116,0.00011388219424990353,8.386362125145652e-05
6.448,0.0005364662718376767,0.004370833938722729,0.017625301165159923,0.00904516016118917,0.00011366575840310311,8.369305493927115e-05
6.45,0.0005355222525642578,0.004366591442426904,0.017623649294392196,0.009044554602769983,0.00011344973389104673,8.352283553425544e-05
6.452,0.0005345798934350832,0.004362353063924296,0.01762199757649907,0.009043949085763225,0.00011323411993191534,8.335296233075162e-05
6.454,0.0005336391915313765,0.004358118799218769,0.017620346011469,0.009043343610165122,0.0001130189157454442,8.318343462465627e-05
6.456,0.0005327001439401347,0.004353888644317738,0.01761869459929044,0.009042738175972342,0.00011280412055292288,8.301425171342025e-05
6.458,0.0005317627477530174,0.004349662595232395,0.01761704333995162,0.009042132783181556,0.00011258973357697322,8.284541289560465e-05
6.46,0.0005308270000667914,0.004345440647978371,0.017615392233440996,0.00904152743178921,0.0001123757540419934,8.267691747154693e-05
6.462,0.0005298928979837747,0.004341222798574629,0.01761374127974702,0.00904092212179175,0.00011216218117349186,8.250876474269475e-05
6.464,0.0005289604386109481,0.004337009043044349,0.017612090478857922,0.009040316853185848,0.00011194901419875336,8.234095401227215e-05
6.466,0.0005280296190606215,0.004332799377414487,0.01761043983076216,0.00903971162596795,0.0001117362523461729,8.217348458439133e-05
6.468,0.0005271004364499898,0.004328593797715552,0.01760878933544796,0.009039106440134503,0.00011152389484592184,8.200635576516291e-05
6.47,0.000526172887901355,0.0043243922999822715,0.01760713899290378,0.009038501295682178,0.00011131194092972585,8.183956686180771e-05
6.472,0.0005252469705421259,0.004320194880253148,0.017605488803117852,0.00903789619260742,0.00011110038983042081,8.167311718287884e-05
6.474,0.0005243226815048185,0.004316001534570457,0.017603838766078628,0.009037291130906677,0.00011088924078239693,8.150700603848371e-05
6.476,0.0005234000179270559,0.004311812258980252,0.01760218888177456,0.00903668611057662,0.00011067849302182076,8.1341232740062e-05
6.478,0.000522478976951124,0.004307627049532359,0.01760053915019366,0.009036081131613916,0.00011046814578574704,8.117579660038565e-05
6.48,0.0005215595557246377,0.0043034459022808225,0.017598889571324605,0.009035476194014791,0.00011025819831322892,8.101069693378093e-05
6.482,0.0005206417514003192,0.004299268813283241,0.017597240145155624,0.009034871297775915,0.00011004864984442975,8.084593305612842e-05
6.484,0.0005197255611355533,0.004295095778600988,0.01759559087167495,0.009034266442893957,0.0001098394996210672,8.068150428419685e-05
6.486,0.0005188109820930542,0.004290926794299432,0.017593941750871034,0.009033661629365364,0.00010963074688641328,8.051740993653134e-05
6.488,0.0005178980114401988,0.004286761856447496,0.01759229278273211,0.009033056857186583,0.00010942239088485017,8.035364933300926e-05
6.49,0.000516986646349693,0.004282600961118321,0.01759064396724641,0.009032452126354285,0.00010921443086253646,8.019022179484026e-05
6.492,0.0005160768839989061,0.004278444104388379,0.01758899530440239,0.009031847436864915,0.00010900686606696297,8.002712664456624e-05
6.494,0.0005151687215703138,0.0042742912823383605,0.017587346794188496,0.009031242788715144,0.00010879969574673076,7.986436320628343e-05
6.496,0.0005142621562512772,0.004270142491052509,0.017585698436592967,0.009030638181901196,0.0001085929191524393,7.970193080519827e-05
6.498,0.0005133571852342644,0.004265997726619064,0.01758405023160403,0.009030033616419963,0.00010838653553579825,7.953982876807153e-05
6.5,0.0005124538057164063,0.004261856985129819,0.01758240217920992,0.009029429092267893,0.00010818054414984957,7.937805642299622e-05
6.502,0.0005115520149001629,0.004257720262680564,0.01758075427939909,0.009028824609441433,0.00010797494424918952,7.921661309939765e-05
6.5040000000000004,0.0005106518099924351,0.0042535875553706415,0.01757910653215977,0.009028220167937029,0.00010776973508996868,7.905549812803336e-05
6.506,0.0005097531882054529,0.004249458859303612,0.017577458937480417,0.009027615767751573,0.00010756491592944784,7.889471084121524e-05
6.508,0.0005088561467558872,0.004245334170586368,0.01757581149534926,0.009027011408881291,0.0001073604860264421,7.873425057236538e-05
6.51,0.0005079606828657379,0.004241213485329798,0.017574164205754528,0.009026407091322852,0.0001071564446413209,7.857411665646019e-05
6.5120000000000005,0.000507066793761668,0.004237096799648343,0.017572517068684457,0.009025802815072703,0.00010695279103556388,7.841430842980834e-05
6.514,0.0005061744766754472,0.004232984109660665,0.0175708700841275,0.009025198580127514,0.00010674952447220498,7.825482522982874e-05
6.516,0.0005052837288432865,0.004228875411488753,0.017569223252071886,0.00902459438648373,0.00010654664421583249,7.809566639549459e-05
6.518,0.0005043945475067257,0.0042247707012585956,0.01756757657250585,0.009023990234138024,0.00010634414953214488,7.793683126733342e-05
6.5200000000000005,0.0005035069299117456,0.004220669975099733,0.017565930045417844,0.00902338612308684,0.00010614203968839497,7.777831918676092e-05
6.522,0.0005026208733092119,0.004216573229145704,0.017564283670795877,0.00902278205332685,0.00010594031395338988,7.762012949674713e-05
6.524,0.0005017363749553194,0.004212480459533818,0.017562637448628404,0.0090221780248545,0.00010573897159704693,7.74622615415943e-05
6.526,0.0005008534321104818,0.004208391662404942,0.01756099137890388,0.009021574037666236,0.00010553801189061573,7.7304714666937e-05
6.5280000000000005,0.0004999720420402198,0.004204306833903493,0.01755934546161031,0.009020970091758729,0.00010533743410690022,7.714748821974204e-05
6.53,0.000499092202014717,0.004200225970178106,0.01755769969673593,0.009020366187128648,0.00010513723752025861,7.699058154830851e-05
6.532,0.0004982139093090421,0.004196149067380972,0.01755605408426919,0.009019762323772218,0.00010493742140615936,7.683399400226776e-05
6.534,0.0004973371612031485,0.0041920761216680535,0.017554408624198325,0.00901915850168633,0.00010473798504140319,7.66777249325834e-05
6.5360000000000005,0.0004964619549816529,0.004188007129198645,0.017552763316511566,0.009018554720867433,0.00010453892770456719,7.652177369155133e-05
6.538,0.0004955882879340567,0.004183942086136261,0.017551118161197143,0.009017950981311973,0.0001043402486751166,7.63661396327997e-05
6.54,0.0004947161573543024,0.004179880988647966,0.01754947315824329,0.009017347283016619,0.000104141947234071,7.621082211106689e-05
6.542,0.0004938455605416614,0.004175823832904602,0.017547828307638458,0.009016743625977819,0.00010394402266378222,7.605582048264559e-05
6.5440000000000005,0.000492976494799624,0.004171770615080783,0.017546183609370658,0.00901614001019202,0.00010374647424815642,7.590113410516075e-05
6.546,0.0004921089574365656,0.004167721331354457,0.017544539063428344,0.009015536435655891,0.000103549301272432,7.574676233734756e-05
6.548,0.0004912429457655243,0.004163675977907566,0.017542894669799747,0.009014932902366102,0.00010335250302295762,7.559270453927347e-05
6.55,0.0004903784571046454,0.004159634550925828,0.017541250428472877,0.0090143294103191,0.00010315607878741417,7.543896007233819e-05
6.5520000000000005,0.0004895154887762931,0.004155597046598736,0.017539606339436187,0.009013725959511554,0.00010296002785525893,7.528552829949575e-05
6.554,0.0004886540381079385,0.004151563461119112,0.01753796240267791,0.009013122549939911,0.00010276434951683733,7.513240858458836e-05
6.556,0.00048779410243149357,0.004147533790683555,0.017536318618186275,0.00901251918160062,0.00010256904306427117,7.497960029301254e-05
6.558,0.0004869356790835333,0.00414350803149266,0.017534674985949517,0.009011915854490349,0.00010237410779057043,7.482710279127502e-05
6.5600000000000005,0.00048607876540551764,0.004139486179750573,0.017533031505955865,0.009011312568605767,0.00010217954299052145,7.467491544721483e-05
6.562,0.0004852233587435695,0.004135468231664996,0.01753138817819333,0.009010709323943322,0.00010198534796002079,7.452303763022528e-05
6.564,0.0004843694564482526,0.004131454183447181,0.017529745002650365,0.009010106120499684,0.00010179152199629726,7.437146871058786e-05
6.566,0.00048351705587479366,0.004127444031312599,0.017528101979315203,0.009009502958271298,0.00010159806439791197,7.42202080601384e-05
6.5680000000000005,0.00048266615438352645,0.004123437771479832,0.017526459108176073,0.009008899837254614,0.00010140497446475827,7.406925505204498e-05
6.57,0.0004818167493387815,0.004119435400171456,0.01752481638922121,0.009008296757446299,0.00010121225149806179,7.391860906036385e-05
6.572,0.00048096883810999636,0.0041154369136136015,0.017523173822438842,0.009007693718843024,0.00010101989480060247,7.376826946092763e-05
6.574,0.0004801224180710495,0.004111442308035951,0.01752153140781698,0.009007090721441235,0.00010082790367627048,7.361823563023506e-05
6.5760000000000005,0.00047927748660026026,0.004107451579671961,0.01751988914534408,0.009006487765237381,0.00010063627743028825,7.346850694656126e-05
6.578,0.00047843404108105503,0.004103464724758865,0.017518247035008372,0.009005884850228352,0.00010044501536898842,7.33190827895136e-05
6.58,0.000477592078900857,0.004099481739537447,0.017516605076797864,0.009005281976410373,0.00010025411680048002,7.316996253936559e-05
6.582,0.0004767515974521963,0.004095502620252045,0.01751496327070079,0.009004679143780114,0.00010006358103398227,7.302114557816708e-05
6.5840000000000005,0.0004759125941318221,0.004091527363150771,0.0175133216167056,0.009004076352334245,9.987340737982464e-05,7.287263128907817e-05
6.586,0.0004750750663413683,0.00408755596448529,0.01751168011480031,0.009003473602069212,9.968359515011294e-05,7.272441905659122e-05
6.588,0.0004742390114866879,0.00408358842051082,0.017510038764973146,0.009002870892981685,9.94941436576191e-05,7.257650826630879e-05
6.59,0.0004734044269785187,0.004079624727486575,0.01750839756721212,0.00900226822506811,9.93050522171135e-05,7.24288983049437e-05
6.5920000000000005,0.00047257131023203947,0.004075664881674879,0.017506756521505684,0.00900166559832516,9.91163201440326e-05,7.22815885609851e-05
6.594,0.0004717396586666478,0.004071708879342273,0.01750511562784185,0.009001063012749277,9.892794675558925e-05,7.213457842358828e-05
6.596,0.0004709094697068483,0.004067756716758408,0.01750347488620907,0.009000460468337135,9.87399313701065e-05,7.198786728346285e-05
6.598,0.0004700807407813645,0.00406380839019671,0.017501834296595353,0.0089998579650854,9.85522733072397e-05,7.184145453242863e-05
6.6000000000000005,0.00046925346932336076,0.004059863895934379,0.017500193858988933,0.008999255502990522,9.83649718877544e-05,7.169533956385976e-05
6.602,0.00046842765277066434,0.0040559232302519455,0.017498553573377817,0.008998653082048946,9.817802643397044e-05,7.154952177179652e-05
6.604,0.00046760328856554345,0.004051986389433715,0.01749691343975046,0.008998050702257343,9.799143626931794e-05,7.140400055205554e-05
6.606,0.0004667803741547072,0.004048053369767768,0.017495273458094873,0.008997448363612381,9.780520071855925e-05,7.125877530134161e-05
6.6080000000000005,0.0004659589069895276,0.004044124167545515,0.017493633628399285,0.008996846066110509,9.761931910801103e-05,7.111384541769183e-05
6.61,0.0004651388845255955,0.004040198779062143,0.017491993950651707,0.008996243809748394,9.743379076465608e-05,7.09692103002535e-05
6.612,0.00046432030422338677,0.004036277200616389,0.017490354424840593,0.008995641594522485,9.724861501747561e-05,7.08248693497282e-05
6.614,0.0004635031635473741,0.004032359428510324,0.01748871505095395,0.008995039420429451,9.706379119611697e-05,7.068082196770575e-05
6.6160000000000005,0.000462687459966693,0.004028445459050012,0.017487075828980014,0.00899443728746574,9.687931863178179e-05,7.05370675571082e-05
6.618,0.0004618731909549201,0.00402453528854485,0.01748543675890679,0.00899383519562802,9.669519665700399e-05,7.039360552218987e-05
6.62,0.00046106035399029466,0.004020628913308011,0.017483797840722737,0.00899323314491296,9.651142460542772e-05,7.025043526831531e-05
6.622,0.000460248946555053,0.004016726329655995,0.01748215907441586,0.008992631135317009,9.632800181225143e-05,7.01075562019593e-05
6.6240000000000006,0.00045943896613609425,0.004012827533908858,0.01748052045997417,0.008992029166836613,9.614492761356175e-05,6.996496773070682e-05
6.626,0.0004586304102247585,0.004008932522390651,0.017478881997385898,0.008991427239468663,9.596220134677758e-05,6.982266926391922e-05
6.628,0.0004578232763168266,0.004005041291428535,0.017477243686639277,0.008990825353209608,9.577982235065008e-05,6.968066021140196e-05
6.63,0.0004570175619122985,0.004001153837353444,0.017475605527722538,0.008990223508055895,9.559778996526269e-05,6.953893998473681e-05
6.632000000000001,0.00045621326451583677,0.003997270156499866,0.01747396752062369,0.008989621704004191,9.541610353203112e-05,6.939750799639377e-05
6.634,0.00045541038163610104,0.003993390245205841,0.017472329665330966,0.008989019941051168,9.523476239325923e-05,6.925636366017507e-05
6.636,0.0004546089107866358,0.003989514099812963,0.017470691961832374,0.008988418219193273,9.505376589302728e-05,6.911550639099318e-05
6.638,0.0004538088494847603,0.003985641716666377,0.017469054410116147,0.008987816538427174,9.487311337608162e-05,6.897493560509282e-05
6.640000000000001,0.0004530101952526788,0.00398177309211456,0.017467417010170516,0.008987214898749318,9.469280418872295e-05,6.883465071982897e-05
6.642,0.00045221294561681447,0.003977908222509763,0.01746577976198349,0.008986613300156376,9.45128376785842e-05,6.86946511536668e-05
6.644,0.0004514170981075871,0.00397404710420779,0.017464142665543303,0.008986011742644795,9.433321319440857e-05,6.85549363261817e-05
6.646,0.0004506226502603017,0.003970189733567997,0.017462505720837962,0.008985410226211465,9.415393008604944e-05,6.84155056585034e-05
6.648000000000001,0.00044982959961425983,0.003966336106953294,0.0174608689278557,0.008984808750852613,9.397498770491453e-05,6.827635857242775e-05
6.65,0.00044903794371320416,0.0039624862207297,0.017459232286584525,0.00898420731656513,9.379638540329971e-05,6.81374944913049e-05
6.652,0.0004482476801050961,0.00395864007126745,0.01745759579701267,0.008983605923345461,9.361812253505519e-05,6.799891283959525e-05
6.654,0.0004474588063421159,0.003954797654939668,0.017455959459128145,0.008983004571190056,9.344019845491935e-05,6.786061304286939e-05
6.656000000000001,0.00044667131998110676,0.003950958968123253,0.01745432327291918,0.008982403260095806,9.326261251918488e-05,6.772259452780816e-05
6.658,0.00044588521858290875,0.003947124007198877,0.017452687238373787,0.008981801990059157,9.308536408503265e-05,6.758485672242465e-05
6.66,0.00044510049971280274,0.003943292768550322,0.017451051355480196,0.008981200761076558,9.290845251119784e-05,6.744739905562014e-05
6.662,0.0004443171609402885,0.003939465248565144,0.01744941562422664,0.008980599573144676,9.273187715752584e-05,6.731022095785022e-05
6.664,0.0004435351998390846,0.003935641443634008,0.017447780044600902,0.008979998426260183,9.25556373849723e-05,6.717332186045866e-05
6.666,0.00044275461398712856,0.003931821350151576,0.01744614461659144,0.008979397320419524,9.23797325558251e-05,6.703670119589944e-05
6.668,0.00044197540096679866,0.003928004964515841,0.017444509340186043,0.00897879625561937,9.220416203348236e-05,6.690035839795883e-05
6.67,0.00044119755836447005,0.003924192283128347,0.01744287421537316,0.00897819523185639,9.202892518267447e-05,6.67642929015333e-05
6.672,0.00044042108377118083,0.0039203833023937484,0.017441239242140583,0.00897759424912703,9.185402136924203e-05,6.662850414240751e-05
6.674,0.00043964597478174383,0.0039165780187206956,0.01743960442047654,0.00897699330742796,9.167944996013588e-05,6.649299155792043e-05
6.676,0.0004388722289954128,0.00391277642852117,0.017437969750369264,0.008976392406755851,9.150521032363912e-05,6.635775458629922e-05
6.678,0.00043809984401566027,0.003908978528210261,0.017436335231806543,0.008975791547107148,9.13313018293671e-05,6.622279266710329e-05
6.68,0.0004373288174501777,0.0039051843142070553,0.01743470086477661,0.008975190728478522,9.115772384804544e-05,6.608810524078024e-05
6.682,0.0004365591469108754,0.0039013937829339707,0.017433066649267692,0.008974589950866418,9.098447575128787e-05,6.595369174910992e-05
6.684,0.0004357908300138824,0.003897606930816755,0.017431432585267803,0.008973989214267508,9.081155691248455e-05,6.581955163498243e-05
6.686,0.0004350238643793247,0.0038938237542847087,0.01742979867276495,0.00897338851867846,9.063896670569171e-05,6.568568434239808e-05
6.688,0.0004342582476317691,0.0038900442497704635,0.017428164911747368,0.008972787864095721,9.04667045062979e-05,6.555208931646739e-05
6.69,0.00043349397739977924,0.0038862684137104253,0.017426531302203063,0.008972187250516184,9.02947696910239e-05,6.541876600341112e-05
6.692,0.0004327310513159155,0.003882496242544109,0.017424897844120046,0.008971586677936072,9.012316163770073e-05,6.528571385056026e-05
6.694,0.00043196946701740124,0.003878727732714582,0.01742326453748655,0.008970986146352278,8.995187972526963e-05,6.515293230657804e-05
6.696,0.0004312092221452346,0.0038749628806686864,0.01742163138229058,0.008970385655761248,8.978092333400411e-05,6.502042082079384e-05
6.698,0.00043045031434463255,0.0038712016828561513,0.017419998378520152,0.008969785206159653,8.961029184506586e-05,6.488817884409137e-05
6.7,0.0004296927412650309,0.003867444135730702,0.017418365526163493,0.008969184797543939,8.943998464117087e-05,6.475620582846453e-05
6.702,0.00042893650056008426,0.003863690235749173,0.017416732825208392,0.008968584429910775,8.927000110592331e-05,6.462450122679542e-05
6.704,0.0004281815898872221,0.0038599399793719513,0.01741510027564308,0.008967984103256832,8.910034062425964e-05,6.449306449307635e-05
6.706,0.00042742800690831473,0.0038561933630627543,0.01741346787745579,0.008967383817578556,8.893100258222653e-05,6.43618950826319e-05
6.708,0.0004266757492890072,0.0038524503832888524,0.01741183563063431,0.008966783572872838,8.87619863672029e-05,6.423099245167485e-05
6.71,0.0004259248146993855,0.0038487110365208466,0.017410203535166868,0.008966183369135905,8.859329136723382e-05,6.410035605775022e-05
6.712,0.00042517520081375437,0.0038449753192326686,0.017408571591041477,0.008965583206364647,8.842491697214072e-05,6.396998535929121e-05
6.714,0.0004244269053099714,0.0038412432279020248,0.017406939798246368,0.008964983084555511,8.825686257241117e-05,6.383987981584127e-05
6.716,0.000423679925870335,0.0038375147590097303,0.017405308156769328,0.008964383003705167,8.808912756008702e-05,6.371003888805404e-05
6.718,0.00042293426018114033,0.003833789909040153,0.01740367666659859,0.008963782963810285,8.792171132809834e-05,6.358046203791545e-05
6.72,0.0004221899059329015,0.003830068674480991,0.01740204532772216,0.008963182964867311,8.775461327048539e-05,6.34511487282996e-05
6.722,0.00042144686081990734,0.0038263510518234956,0.01740041414012805,0.008962583006872915,8.758783278262072e-05,6.332209842319081e-05
6.724,0.0004207051225406655,0.0038226370375620267,0.01739878310380427,0.008961983089823766,8.742136926120914e-05,6.319331058746158e-05
6.726,0.00041996468879768045,0.0038189266281947187,0.017397152218739054,0.008961383213716312,8.725522210362158e-05,6.306478468753873e-05
6.728,0.0004192255572976755,0.003815219820222815,0.017395521484920184,0.008960783378547221,8.70893907087833e-05,6.293652019073726e-05
6.73,0.0004184877257511488,0.003811516610151111,0.017393890902335896,0.008960183584313164,8.692387447628569e-05,6.280851656526032e-05
6.732,0.00041775119187259513,0.003807816994487734,0.017392260470974197,0.008959583831010809,8.67586728074965e-05,6.268077328042132e-05
6.734,0.0004170159533809503,0.0038041209697441403,0.017390630190823098,0.008958984118636604,8.65937851044496e-05,6.255328980686592e-05
6.736,0.0004162820079984808,0.0038004285324353404,0.017389000061870608,0.008958384447187218,8.642921077051113e-05,6.242606561612796e-05
6.738,0.00041554935345211597,0.0037967396790794528,0.01738737008410496,0.008957784816659098,8.626494921015748e-05,6.229910018107354e-05
6.74,0.00041481798747255993,0.0037930544061983706,0.017385740257513937,0.008957185227049136,8.610099982897523e-05,6.217239297523491e-05
6.742,0.0004140879077942916,0.003789372710316874,0.017384110582085777,0.008956585678353779,8.59373620336612e-05,6.204594347347658e-05
6.744,0.0004133591121557867,0.0037856945879635173,0.017382481057808263,0.008955986170569696,8.577403523202243e-05,6.191975115155124e-05
6.746,0.00041263159829996177,0.003782020035670186,0.01738085168466963,0.008955386703693335,8.561101883297617e-05,6.179381548654383e-05
6.748,0.0004119053639730641,0.003778349049971874,0.017379222462657884,0.008954787277721588,8.544831224654992e-05,6.166813595620546e-05
6.75,0.00041118040692578184,0.003774681627407128,0.017377593391760815,0.0089541878926509,8.528591488410342e-05,6.154271203984152e-05
6.752,0.0004104567249125779,0.0037710177645178256,0.017375964471966654,0.008953588548477942,8.512382615810665e-05,6.141754321742354e-05
6.7540000000000004,0.000409734315691912,0.003767357457849174,0.01737433570326341,0.008952989245199161,8.496204548169572e-05,6.129262897025534e-05
6.756,0.0004090131770260186,0.003763700703949935,0.017372707085639094,0.008952389982811448,8.480057226956106e-05,6.116796878052888e-05
6.758,0.000408293306681351,0.0037600474993717548,0.017371078619081715,0.008951790761311251,8.46394059375033e-05,6.104356213154638e-05
6.76,0.0004075747024281373,0.003756397840670056,0.01736945030357928,0.008951191580695017,8.447854590198922e-05,6.091940850749822e-05
6.7620000000000005,0.00040685736204038037,0.0037527517244033692,0.017367822139119804,0.008950592440959637,8.431799158126196e-05,6.0795507393907045e-05
6.764,0.0004061412832960798,0.003749109147133778,0.017366194125691292,0.008949993342101559,8.415774239400875e-05,6.067185827718369e-05
6.766,0.00040542646397723203,0.003745470105426474,0.017364566263281755,0.008949394284117451,8.399779776069316e-05,6.05484606448492e-05
6.768,0.00040471290186983033,0.003741834595850202,0.017362938551879203,0.008948795267003984,8.383815710222287e-05,6.042531398531281e-05
6.7700000000000005,0.00040400059476342065,0.0037382026149768155,0.017361310991471646,0.008948196290757826,8.367881984105985e-05,6.0302417788093976e-05
6.772,0.0004032895404517678,0.0037345741593814985,0.017359683582047092,0.008947597355375425,8.351978540055427e-05,6.017977154382237e-05
6.774,0.0004025797367324113,0.0037309492256429877,0.01735805632359355,0.00894699846085345,8.336105320516651e-05,6.005737474423789e-05
6.776,0.00040187118140666556,0.0037273278103431284,0.017356429216099034,0.008946399607188571,8.320262268046719e-05,5.993522688196862e-05
6.7780000000000005,0.0004011638722798416,0.0037237099100673188,0.01735480225955155,0.008945800794377456,8.304449325313712e-05,5.981332745075285e-05
6.78,0.0004004578071610254,0.0037200955214038434,0.017353175453938885,0.008945202022416554,8.288666435096737e-05,5.969167594521707e-05
6.782,0.00039975298386307756,0.0037164846409447616,0.017351548799249272,0.008944603291302755,8.27291354028592e-05,5.957027186109798e-05
6.784,0.0003990494002028555,0.0037128772652852415,0.01734992229547072,0.008944004601032507,8.257190583882412e-05,5.94491146952425e-05
6.7860000000000005,0.00039834705400099146,0.003709273391023782,0.01734829594259102,0.008943405951602257,8.241497508976181e-05,5.932820394538574e-05
6.788,0.0003976459430818924,0.00370567301476199,0.017346669740598175,0.008942807343008896,8.225834258790421e-05,5.9207539110595064e-05
6.79,0.00039694606527396203,0.0037020761331050256,0.01734504368948042,0.008942208775248872,8.210200776637144e-05,5.908711969038194e-05
6.792,0.0003962474184091569,0.0036984827426613798,0.017343417789225546,0.008941610248318854,8.194597005939386e-05,5.8966945185812136e-05
6.7940000000000005,0.00039555000032343024,0.0036948928400424297,0.017341792039821557,0.008941011762215512,8.179022890231202e-05,5.884701509861756e-05
6.796,0.00039485380885673216,0.0036913064218633274,0.017340166441256244,0.008940413316935514,8.163478373157673e-05,5.872732893186239e-05
6.798,0.0003941588418523434,0.0036877234847423335,0.017338540993517837,0.00893981491247553,8.1479633984749e-05,5.8607886189276925e-05
6.8,0.0003934650971575415,0.0036841440253008173,0.017336915696594346,0.008939216548832007,8.132477910027802e-05,5.848868637592375e-05
6.8020000000000005,0.0003927725726236009,0.003680568040163479,0.01733529055047356,0.008938618226001616,8.117021851772321e-05,5.836972899775361e-05
6.804,0.0003920812661051265,0.0036769955259585707,0.017333665555143485,0.008938019943981024,8.101595167797626e-05,5.825101356160545e-05
6.806,0.00039139117546094226,0.0036734264793174543,0.017332040710592134,0.008937421702766901,8.086197802259498e-05,5.8132539575206366e-05
6.808,0.00039070229855342475,0.0036698608968745994,0.017330416016807515,0.008936823502355695,8.070829699446946e-05,5.801430654783779e-05
6.8100000000000005,0.0003900146332487253,0.0036662987752680287,0.01732879147377764,0.008936225342744297,8.055490803737797e-05,5.7896313989225234e-05
6.812,0.00038932817741677006,0.0036627401111386515,0.01732716708149029,0.008935627223929155,8.040181059643103e-05,5.777856141020443e-05
6.814,0.00038864292893125985,0.0036591849011311517,0.017325542839933705,0.008935029145906936,8.024900411740532e-05,5.766104832294339e-05
6.816,0.00038795888566944825,0.003655633141892878,0.017323918749095668,0.008934431108674312,8.009648804763181e-05,5.754377424005419e-05
6.8180000000000005,0.0003872760455123636,0.003652084830074953,0.01732229480896419,0.008933833112227951,7.994426183488557e-05,5.742673867570325e-05
6.82,0.00038659440634503106,0.0036485399623313874,0.017320671019527056,0.008933235156564301,7.979232492849597e-05,5.730994114450105e-05
6.822,0.00038591396605602846,0.0036449985353197434,0.01731904738077228,0.00893263724168003,7.964067677845854e-05,5.719338116261241e-05
6.824,0.0003852347225377084,0.00364146054570047,0.01731742389268809,0.008932039367572031,7.948931683610105e-05,5.707705824664622e-05
6.8260000000000005,0.0003845566736857542,0.0036379259901375693,0.01731580055526205,0.00893144153423675,7.933824455386151e-05,5.696097191476568e-05
6.828,0.00038387981740006794,0.0036343948652981517,0.017314177368482397,0.008930843741670857,7.918745938484406e-05,5.684512168557809e-05
6.83,0.00038320415158388244,0.0036308671678524362,0.017312554332336916,0.0089302459898708,7.90369607834851e-05,5.672950707880098e-05
6.832,0.0003825296741444273,0.0036273428944741948,0.017310931446813616,0.008929648278833469,7.888674820510921e-05,5.661412761526208e-05
6.8340000000000005,0.00038185638299226277,0.0036238220418400857,0.017309308711900506,0.008929050608555311,7.873682110615121e-05,5.649898281689936e-05
6.836,0.00038118427604194594,0.003620304606630098,0.017307686127585376,0.008928452979032997,7.858717894415612e-05,5.6384072206316915e-05
6.838,0.00038051335121136454,0.0036167905855277738,0.017306063693856233,0.008927855390263195,7.843782117755715e-05,5.626939530700703e-05
6.84,0.0003798436064224031,0.003613279975219319,0.017304441410701088,0.008927257842242575,7.82887472656757e-05,5.615495164401629e-05
6.8420000000000005,0.0003791750396002769,0.003609772772394493,0.01730281927810795,0.008926660334967806,7.813995666938744e-05,5.604074074261334e-05
6.844,0.00037850764867419784,0.003606268973746163,0.017301197296064608,0.008926062868435558,7.799144885001219e-05,5.592676212962111e-05
6.846,0.0003778414315767087,0.0036027685759705275,0.01729957546455907,0.008925465442642277,7.784322327020199e-05,5.581301533252869e-05
6.848,0.00037717638624412686,0.0035992715757668936,0.017297953783579123,0.008924868057584856,7.769527939349707e-05,5.569949987993539e-05
6.8500000000000005,0.00037651251061654456,0.003595777969837899,0.01729633225311278,0.008924270713259741,7.754761668476995e-05,5.5586215301106634e-05
6.852,0.00037584980263738466,0.0035922877548890675,0.017294710873148045,0.008923673409663602,7.740023460955925e-05,5.5473161126640136e-05
6.854,0.00037518826025362273,0.0035888009276292543,0.01729308964367271,0.008923076146793107,7.725313263429179e-05,5.536033688802178e-05
6.856,0.00037452788141623117,0.003585317484770867,0.017291468564674783,0.008922478924644928,7.71063102269487e-05,5.5247742117403575e-05
6.8580000000000005,0.00037386866407973507,0.0035818374230289773,0.017289847636142275,0.00892188174321551,7.695976685617723e-05,5.5135376348269816e-05
6.86,0.00037321060620176816,0.0035783607391219885,0.01728822685806297,0.008921284602501744,7.681350199151282e-05,5.5023239114770917e-05
6.862,0.000372553705744183,0.003574887429771856,0.017286606230424884,0.008920687502500302,7.666751510382319e-05,5.4911329951945476e-05
6.864,0.0003718979606719408,0.0035714174917031993,0.017284985753215798,0.008920090443207629,7.652180566464217e-05,5.479964839616436e-05
6.8660000000000005,0.0003712433689537775,0.003567950921644192,0.017283365426423725,0.008919493424620395,7.637637314683587e-05,5.468819398446456e-05
6.868,0.0003705899285619818,0.0035644877163258926,0.017281745250036673,0.00891889644673527,7.623121702415858e-05,5.4576966254771264e-05
6.87,0.00036993763747239505,0.0035610278724829136,0.01728012522404243,0.008918299509548921,7.608633677125276e-05,5.4465964746119866e-05
6.872,0.00036928649366441135,0.0035575713868525316,0.017278505348428785,0.00891770261305802,7.594173186364905e-05,5.4355188998433945e-05
6.8740000000000006,0.00036863649512119956,0.0035541182561755758,0.01727688562318397,0.008917105757259236,7.579740177843242e-05,5.4244638552303215e-05
6.876,0.00036798763982903715,0.003550668477195984,0.017275266048295768,0.008916508942149237,7.565334599313189e-05,5.41343129498717e-05
6.878,0.00036733992577797636,0.003547222046660803,0.01727364662375197,0.008915912167724693,7.550956398638675e-05,5.402421173350547e-05
6.88,0.00036669335096162214,0.0035437789613201875,0.017272027349540586,0.008915315433982052,7.536605523794648e-05,5.39143344471249e-05
6.882000000000001,0.00036604791337713216,0.003540339217927402,0.017270408225649403,0.008914718740918204,7.522281922844876e-05,5.380468063509447e-05
6.884,0.0003654036110252168,0.00353690281323904,0.01726878925206643,0.008914122088529597,7.507985543964146e-05,5.369524984288887e-05
6.886,0.0003647604419099171,0.0035334697440145835,0.017267170428779455,0.0089135254768129,7.493716335393863e-05,5.3586041617093016e-05
6.888,0.0003641184040388268,0.0035300400070170657,0.017265551755776487,0.008912928905764783,7.47947424553086e-05,5.347705550495796e-05
6.890000000000001,0.0003634774954230924,0.003526613599012185,0.017263933233045536,0.008912332375382137,7.465259222816378e-05,5.336829105462293e-05
6.892,0.00036283771407741305,0.0035231905167691924,0.01726231486057417,0.00891173588566141,7.451071215824889e-05,5.325974781533738e-05
6.894,0.00036219905801981866,0.0035197707570602255,0.017260696638350614,0.008911139436599269,7.436910173197475e-05,5.315142533723893e-05
6.896,0.0003615615252721138,0.0035163543166605304,0.017259078566362662,0.008910543028192164,7.422776043708446e-05,5.304332317135341e-05
6.898000000000001,0.0003609251138592118,0.003512941192348684,0.0172574606445981,0.008909946660436985,7.408668776176519e-05,5.293544086937274e-05
6.9,0.0003602898218098005,0.00350953138090615,0.017255842873044935,0.008909350333330401,7.394588319575846e-05,5.2827777984321145e-05
6.902,0.0003596556471558987,0.0035061248791177224,0.017254225251690958,0.008908754046869083,7.380534622947188e-05,5.272033406988896e-05
6.904,0.00035902258793307773,0.0035027216837713038,0.017252607780524176,0.008908157801049477,7.366507635442332e-05,5.261310868065472e-05
6.906000000000001,0.0003583906421800176,0.0034993217916576835,0.017250990459532378,0.008907561595868474,7.352507306301881e-05,5.250610137230716e-05
6.908,0.0003577598079393951,0.0034959251995709817,0.01724937328870335,0.008906965431322744,7.338533584855256e-05,5.239931170120116e-05
6.91,0.00035713008325677364,0.003492531904308427,0.017247756268025105,0.008906369307408735,7.3245864205429e-05,5.229273922480182e-05
6.912,0.0003565014661817134,0.0034891419026703563,0.017246139397485427,0.008905773224123115,7.310665762871871e-05,5.2186383501240385e-05
6.914,0.00035587395476666117,0.003485755191459994,0.017244522677072327,0.008905177181462776,7.296771561482451e-05,5.208024408975831e-05
6.916,0.00035524754706783845,0.003482371767483894,0.017242906106773592,0.008904581179424165,7.282903766103743e-05,5.197432055048523e-05
6.918,0.00035462224114479746,0.0034789916275517196,0.017241289686577232,0.008903985218003951,7.269062326531461e-05,5.186861244421692e-05
6.92,0.00035399803506042105,0.003475614768476021,0.017239673416471035,0.008903389297199027,7.255247192694547e-05,5.1763119332859375e-05
6.922,0.0003533749268811448,0.0034722411870726777,0.017238057296442788,0.008902793417005839,7.241458314588556e-05,5.1657840779206765e-05
6.924,0.000352752914676735,0.0034688708801604573,0.0172364413264805,0.008902197577421056,7.227695642320064e-05,5.15527763467194e-05
6.926,0.00035213199652006644,0.003465503844561457,0.01723482550657196,0.008901601778441348,7.213959126084468e-05,5.14479255999678e-05
6.928,0.00035151217048801087,0.0034621400771006616,0.017233209836704955,0.008901006020063384,7.200248716188185e-05,5.134328810441069e-05
6.93,0.0003508934346603265,0.0034587795746061634,0.017231594316867493,0.008900410302283834,7.18656436298204e-05,5.12388634261729e-05
6.932,0.0003502757871201023,0.003455422333909164,0.017229978947047364,0.008899814625099367,7.172906016972291e-05,5.1134651132489495e-05
6.934,0.00034965922595420196,0.003452068351843751,0.017228363727232354,0.008899218988506652,7.15927362873181e-05,5.103065079148372e-05
6.936,0.00034904374925259773,0.003448717625247566,0.017226748657410473,0.008898623392502358,7.145667148922286e-05,5.0926861972167004e-05
6.938,0.0003484293551088147,0.0034453701509609136,0.01722513373756951,0.008898027837083156,7.132086528316428e-05,5.082328424421689e-05
6.94,0.0003478160416194864,0.003442025925827208,0.01722351896769725,0.008897432322245713,7.118531717753562e-05,5.0719917178199125e-05
6.942,0.0003472038068845773,0.0034386849466929714,0.017221904347781702,0.0088968368479867,7.105002668184035e-05,5.061676034578966e-05
6.944,0.00034659264900760434,0.0034353472104078353,0.017220289877810657,0.008896241414302786,7.091499330647011e-05,5.051381331933058e-05
6.946,0.0003459825660951932,0.0034320127138245393,0.0172186755577719,0.00889564602119064,7.078021656292677e-05,5.0411075672052164e-05
6.948,0.0003453735562575222,0.00342868145379871,0.017217061387653443,0.008895050668646931,7.064569596337833e-05,5.03085469782949e-05
6.95,0.0003447656176078784,0.0034253534271890818,0.01721544736744307,0.00889445535666833,7.051143102110302e-05,5.020622681284337e-05
6.952,0.0003441587482628794,0.0034220286308574988,0.017213833497128572,0.008893860085251504,7.03774212500452e-05,5.010411475181442e-05
6.954,0.0003435529463426956,0.003418707061668913,0.017212219776697735,0.008893264854393124,7.02436661654815e-05,5.0002210371768996e-05
6.956,0.00034294820997060604,0.0034153887164911634,0.017210606206138568,0.008892669664089858,7.011016528335468e-05,4.990051325037825e-05
6.958,0.0003423445372734424,0.0034120735921951972,0.01720899278543886,0.008892074514338377,6.997691812049567e-05,4.9799022966201534e-05
6.96,0.00034174192638092293,0.0034087616856548486,0.017207379514586396,0.00889147940513535,6.98439241946236e-05,4.969773909846431e-05
6.962,0.00034114037542609665,0.003405452993747282,0.017205766393568966,0.008890884336477445,6.97111830245678e-05,4.9596661227280237e-05
6.964,0.00034053988254578726,0.003402147513352549,0.01720415342237458,0.008890289308361332,6.95786941300458e-05,4.949578893365114e-05
6.966,0.000339940445879483,0.0033988452413535875,0.017202540600991023,0.008889694320783681,6.944645703144126e-05,4.939512179968908e-05
6.968,0.0003393420635702249,0.0033955461746366655,0.017200927929406085,0.00888909937374116,6.931447125024803e-05,4.929465940795019e-05
6.97,0.0003387447337643845,0.0033922503100907164,0.01719931540760755,0.00888850446723044,6.918273630907024e-05,4.9194401342100846e-05
6.972,0.0003381484546116642,0.003388957644608004,0.01719770303558321,0.00888790960124819,6.905125173095605e-05,4.909434718647354e-05
6.974,0.00033755322426465284,0.003385668175083678,0.017196090813321074,0.008887314775791078,6.892001704028594e-05,4.8994496526511e-05
6.976,0.000336959040879492,0.003382381898415776,0.017194478740808927,0.008886719990855774,6.878903176188444e-05,4.889484894832208e-05
6.978,0.000336365902615432,0.0033790988115054432,0.017192866818034558,0.008886125246438947,6.865829542190838e-05,4.879540403868177e-05
6.98,0.00033577380763483156,0.0033758189112569337,0.017191255044985754,0.00888553054253749,6.852780754740273e-05,4.869616138547528e-05
6.982,0.0003351827541036023,0.003372542194577388,0.017189643421650525,0.008884935879147848,6.839756766585658e-05,4.8597120577476005e-05
6.984,0.00033459274019076446,0.003369268658377056,0.017188031948016436,0.008884341256266692,6.826757530631333e-05,4.849828120390143e-05
6.986,0.0003340037640684468,0.003365998299569073,0.017186420624071497,0.008883746673890913,6.813782999803841e-05,4.8399642855301295e-05
6.988,0.0003334158239121088,0.0033627311150696837,0.017184809449803495,0.008883152132016958,6.800833127162953e-05,4.8301205122669444e-05
6.99,0.00033282891790031854,0.0033594671017980193,0.01718319842520022,0.008882557630641497,6.787907865857257e-05,4.8202967598109936e-05
6.992,0.00033224304421497486,0.0033562062566760975,0.017181587550249455,0.00888196316976142,6.775007169101954e-05,4.8104929874392965e-05
6.994,0.0003316582010408631,0.0033529485766292666,0.01717997682493899,0.008881368749373397,6.76213099022327e-05,4.800709154495486e-05
6.996,0.0003310743865665433,0.0033496940585855395,0.017178366249256838,0.008880774369473876,6.74927928261404e-05,4.790945220456422e-05
6.998,0.00033049159898301816,0.0033464426994760377,0.01717675582319056,0.008880180030059748,6.736451999778126e-05,4.781201144821168e-05
7.0,0.000329909836485065,0.0033431944962347693,0.017175145546728166,0.008879585731127682,6.723649095286e-05,4.771476887222015e-05
7.002,0.0003293290972705698,0.003339949445798851,0.017173535419857444,0.008878991472674125,6.710870522796952e-05,4.761772407357867e-05
7.0040000000000004,0.0003287493795400831,0.003336707545108508,0.017171925442566183,0.008878397254695969,6.698116236103502e-05,4.752087664972038e-05
7.006,0.00032817068149793016,0.0033334687911064087,0.01717031561484217,0.008877803077189883,6.68538618902037e-05,4.742422619941067e-05
7.008,0.00032759300135132285,0.003330233180738773,0.01716870593667319,0.008877208940152537,6.672680335495507e-05,4.7327772322081074e-05
7.01,0.00032701633731058166,0.0033270007109544864,0.017167096408047033,0.0088766148435806,6.659998629543473e-05,4.723151461782926e-05
7.0120000000000005,0.0003264406875891357,0.0033237713787053202,0.017165487028951487,0.008876020787470962,6.64734102526765e-05,4.713545268786312e-05
7.014,0.0003258660504037447,0.003320545180946155,0.01716387779937434,0.008875426771820072,6.634707476860235e-05,4.703958613383463e-05
7.016,0.00032529242397427716,0.0033173221146349796,0.017162268719303597,0.008874832796624599,6.62209793862445e-05,4.694391455828395e-05
7.018,0.000324719806523488,0.0033141021767324474,0.01716065978872683,0.008874238861881434,6.609512364907921e-05,4.6848437564861456e-05
7.0200000000000005,0.0003241481962776849,0.0033108853642020986,0.017159051007632042,0.008873644967587024,6.596950710191507e-05,4.675315475766162e-05
7.022,0.0003235775914658401,0.0033076716740108036,0.017157442376006804,0.008873051113738262,6.584412929000472e-05,4.665806574188913e-05
7.024,0.0003230079903202565,0.003304461103128098,0.017155833893839123,0.008872457300331815,6.571898975971102e-05,4.6563170123192776e-05
7.026,0.00032243939107634567,0.0033012536485264032,0.017154225561116565,0.008871863527364132,6.5594088058063e-05,4.646846750833156e-05
7.0280000000000005,0.0003218717919726277,0.003298049307181472,0.01715261737782714,0.008871269794832104,6.546942373319986e-05,4.6373957504952656e-05
7.03,0.0003213051912505094,0.0032948480760714993,0.017151009343958412,0.0088706761027324,6.534499633392699e-05,4.627963972114735e-05
7.032,0.0003207395871549501,0.0032916499521777887,0.017149401459498392,0.008870082451061911,6.522080540993791e-05,4.618551376589508e-05
7.034,0.00032017497793357386,0.0032884549324847523,0.017147793724434868,0.008869488839817086,6.509685051181435e-05,4.6091579249063486e-05
7.0360000000000005,0.00031961136183711325,0.003285263013979467,0.017146186138755404,0.008868895268994592,6.497313119102621e-05,4.599783578140837e-05
7.038,0.00031904873711963155,0.003282074193652118,0.01714457870244801,0.008868301738591322,6.484964699993157e-05,4.590428297435167e-05
7.04,0.0003184871020380786,0.0032788884684957775,0.017142971415500474,0.008867708248603723,6.472639749155462e-05,4.581092043998147e-05
7.042,0.0003179264548525129,0.003275705835506404,0.01714136427790036,0.008867114799028686,6.460338222002981e-05,4.571774779127402e-05
7.0440000000000005,0.00031736679382610156,0.0032725262916828424,0.017139757289635682,0.00886652138986288,6.448060073993567e-05,4.5624764642315796e-05
7.046,0.0003168081172248982,0.0032693498340268246,0.017138150450694223,0.008865928021102976,6.435805260718297e-05,4.553197060741532e-05
7.048,0.0003162504233180652,0.003266176459543191,0.01713654376106355,0.008865334692745641,6.423573737834865e-05,4.543936530199133e-05
7.05,0.0003156937103778734,0.003263006165239446,0.017134937220731672,0.008864741404787546,6.411365461067575e-05,4.534694834235076e-05
7.0520000000000005,0.00031513797667970245,0.0032598389481259815,0.017133330829686155,0.00886414815722536,6.399180386229553e-05,4.525471934524461e-05
7.054,0.0003145832205018184,0.0032566748052165195,0.01713172458791501,0.008863554950055974,6.387018469244943e-05,4.516267792853412e-05
7.056,0.0003140294401255961,0.0032535137335270026,0.0171301184954058,0.008862961783275836,6.3748796660823e-05,4.5070823710746666e-05
7.058,0.0003134766338355188,0.003250355730076926,0.017128512552146313,0.008862368656881836,6.362763932843407e-05,4.4979156310853696e-05
7.0600000000000005,0.00031292479991873456,0.0032472007918882273,0.01712690675812456,0.008861775570870645,6.350671225652249e-05,4.488767534915894e-05
7.062,0.0003123739366657219,0.003244048915985953,0.017125301113328106,0.008861182525238931,6.338601500766039e-05,4.479638044641021e-05
7.064,0.00031182404236984596,0.0032409000993980364,0.01712369561774474,0.008860589519983364,6.326554714508603e-05,4.4705271224243504e-05
7.066,0.00031127511532758056,0.0032377543391550745,0.017122090271362245,0.008859996555100835,6.314530823292586e-05,4.4614347304960944e-05
7.0680000000000005,0.0003107271538382861,0.0032346116322907736,0.017120485074168412,0.008859403630587792,6.302529783597244e-05,4.4523608311530793e-05
7.07,0.0003101801562044315,0.0032314719758417265,0.01711888002615103,0.008858810746441126,6.290551551990653e-05,4.4433053868031536e-05
7.072,0.0003096341207311504,0.0032283353668471904,0.01711727512729766,0.008858217902657506,6.278596085129706e-05,4.4342683598985744e-05
7.074,0.0003090890457269069,0.003225201802349531,0.017115670377596315,0.008857625099233601,6.26666333973791e-05,4.4252497130026214e-05
7.0760000000000005,0.0003085449295030518,0.003222071279393779,0.01711406577703456,0.008857032336166082,6.254753272649793e-05,4.416249408722983e-05
7.078,0.0003080017703738225,0.003218943795028073,0.017112461325600403,0.008856439613451617,6.242865840766498e-05,4.4072674097339615e-05
7.08,0.00030745956665656493,0.003215819346303217,0.01711085702328141,0.008855846931087097,6.23100100105578e-05,4.398303678820881e-05
7.082,0.00030691831667128966,0.003212697930272901,0.017109252870065372,0.00885525428906897,6.219158710596417e-05,4.3893581788356784e-05
7.0840000000000005,0.00030637801874133785,0.0032095795439937014,0.017107648865940073,0.008854661687394128,6.207338926511596e-05,4.3804308726969055e-05
7.086,0.00030583867119271524,0.003206464184525082,0.0171060450108933,0.008854069126059239,6.19554160605773e-05,4.371521723389726e-05
7.088,0.00030530027235453616,0.003203351848929392,0.017104441304912843,0.008853476605060973,6.183766706535643e-05,4.362630693988123e-05
7.09,0.00030476282055880155,0.0032002425342716467,0.017102837747986266,0.00885288412439622,6.172014185312769e-05,4.353757747654896e-05
7.0920000000000005,0.00030422631414017687,0.0031971362376199686,0.017101234340101357,0.00885229168406143,6.160283999889771e-05,4.344902847597254e-05
7.094,0.0003036907514368803,0.0031940329560451453,0.017099631081246125,0.008851699284053494,6.148576107789516e-05,4.336065957111224e-05
7.096,0.00030315613078935044,0.003190932686620851,0.017098027971408136,0.008851106924369079,6.136890466668099e-05,4.3272470395594453e-05
7.098,0.0003026224505413566,0.0031878354264236464,0.017096425010575178,0.008850514605004856,6.125227034226022e-05,4.3184460584155815e-05
7.1000000000000005,0.0003020897090395547,0.003184741172532979,0.017094822198734816,0.008849922325957715,6.113585768252605e-05,4.309662977175499e-05
7.102,0.0003015579046334871,0.003181649922030738,0.01709321953587506,0.008849330087224105,6.1019666266259875e-05,4.300897759446087e-05
7.104,0.00030102703567558287,0.003178561672002145,0.017091617021983474,0.008848737888800917,6.090369567313125e-05,4.2921503688786444e-05
7.106,0.0003004971005209356,0.0031754764195350837,0.017090014657047847,0.00884814573068482,6.0787945483253836e-05,4.283420769235491e-05
7.1080000000000005,0.0002999680975279695,0.0031723941617203266,0.017088412441055967,0.008847553612872483,6.06724152778515e-05,4.274708924323356e-05
7.11,0.0002994400250575513,0.0031693148956513095,0.01708681037399562,0.008846961535360576,6.055710463881425e-05,4.266014798037787e-05
7.112,0.00029891288147365636,0.003166238618424133,0.017085208455854373,0.00884636949814599,6.044201314892028e-05,4.257338354340945e-05
7.114,0.0002983866651431466,0.0031631653271382287,0.017083606686620234,0.008845777501225394,6.032714039161391e-05,4.248679557261603e-05
7.1160000000000005,0.00029786137443577054,0.00316009501889547,0.01708200506628077,0.008845185544595457,6.0212485951227634e-05,4.2400383708951495e-05
7.118,0.00029733700772416327,0.003157027690800618,0.017080403594823546,0.00884459362825285,6.0098049412982135e-05,4.2314147594479934e-05
7.12,0.0002968135633836244,0.0031539633399610967,0.01707880227223657,0.008844001752194242,5.998383036254218e-05,4.2228086871709536e-05
7.122,0.00029629103979234017,0.0031509019634874402,0.01707720109850741,0.008843409916416523,5.9869828386682755e-05,4.214220118381462e-05
7.1240000000000006,0.0002957694353316054,0.0031478435584928466,0.017075600073623853,0.008842818120916363,5.975604307284499e-05,4.2056490174857686e-05
7.126,0.0002952487483853794,0.0031447881220931784,0.017073999197573686,0.008842226365690431,5.964247400935818e-05,4.1970953489567364e-05
7.128,0.0002947289773405082,0.003141735651407407,0.017072398470344696,0.008841634650735397,5.9529120784995726e-05,4.1885590773560466e-05
7.13,0.0002942101205865022,0.0031386861435569458,0.01707079789192445,0.008841042976048152,5.941598298986328e-05,4.180040167289789e-05
7.132000000000001,0.00029369217651598056,0.0031356395956663174,0.017069197462300734,0.008840451341625366,5.930306021428855e-05,4.171538583430667e-05
7.134,0.0002931751435242269,0.003132596004862487,0.017067597181461336,0.008839859747463708,5.919035204970946e-05,4.163054290562407e-05
7.136,0.00029265902000941146,0.0031295553682757493,0.017065997049393822,0.008839268193559846,5.907785808845212e-05,4.154587253490938e-05
7.138,0.000292143804372369,0.003126517683038621,0.0170643970660862,0.008838676679910673,5.8965577923286716e-05,4.146137437155417e-05
7.140000000000001,0.0002916294950168208,0.0031234829462865044,0.01706279723152604,0.008838085206512636,5.885351114787163e-05,4.137704806495002e-05
7.142,0.0002911160903493748,0.0031204511551579106,0.0170611975457009,0.008837493773362626,5.874165735653136e-05,4.129289326582075e-05
7.144,0.0002906035887795255,0.0031174223067937934,0.017059598008598797,0.008836902380457534,5.863001614470065e-05,4.12089096253343e-05
7.146,0.00029009198871920994,0.003114396398338215,0.017057998620207293,0.008836311027793808,5.85185871082583e-05,4.112509679532472e-05
7.148000000000001,0.00028958128858347365,0.0031113734269376803,0.017056399380513954,0.00883571971536834,5.8407369843971324e-05,4.104145442829221e-05
7.15,0.00028907148679024885,0.0031083533897413584,0.01705480028950679,0.008835128443177798,5.829636394949489e-05,4.095798217762514e-05
7.152,0.0002885625817596882,0.0031053362839017495,0.017053201347173363,0.008834537211219073,5.818556902292826e-05,4.0874679697378014e-05
7.154,0.00028805457191527495,0.003102322106573574,0.017051602553501466,0.008833946019488614,5.807498466348093e-05,4.079154664227147e-05
7.156000000000001,0.000287547455683157,0.003099310854914661,0.01705000390847866,0.008833354867983312,5.796461047102852e-05,4.070858266747024e-05
7.158,0.00028704123149214666,0.0030963025260852817,0.017048405412092738,0.008832763756699835,5.7854446046112784e-05,4.0625787429471316e-05
7.16,0.0002865358977737209,0.0030932971172488166,0.017046807064331482,0.008832172685635076,5.774449098994161e-05,4.05431605847717e-05
7.162,0.0002860314529622432,0.0030902946255710884,0.01704520886518246,0.008831581654785703,5.763474490461107e-05,4.0460701790978604e-05
7.164000000000001,0.00028552789549474156,0.003087295048220806,0.01704361081463346,0.008830990664148386,5.7525207393105404e-05,4.0378410706365386e-05
7.166,0.00028502522381135265,0.0030842983823695658,0.017042012912672266,0.008830399713719794,5.7415878059075e-05,4.029628698987153e-05
7.168,0.00028452343635443356,0.0030813046251914056,0.01704041515928667,0.00882980880349682,5.7306756506836365e-05,4.021433030088062e-05
7.17,0.00028402253156922797,0.0030783137738632504,0.017038817554464236,0.008829217933475908,5.719784234137215e-05,4.013254029988644e-05
7.172,0.00028352250790408817,0.003075325825564912,0.01703722009819253,0.008828627103654174,5.7089135168553184e-05,4.0050916647826895e-05
7.174,0.0002830233638095869,0.0030723407774786438,0.017035622790459337,0.008828036314028065,5.698063459513847e-05,3.9969459006305996e-05
7.176,0.00028252509773918355,0.0030693586267898088,0.017034025631252447,0.008827445564594472,5.687234022855314e-05,3.988816703781595e-05
7.178,0.00028202770814922395,0.00306637937068599,0.017032428620559648,0.008826854855350064,5.676425167666643e-05,3.980704040529304e-05
7.18,0.0002815311934987186,0.003063403006358101,0.017030831758368503,0.00882626418629151,5.665636854845779e-05,3.9726078772561735e-05
7.182,0.00028103555224912036,0.0030604295309992757,0.0170292350446668,0.008825673557415703,5.65486904535728e-05,3.96452818038906e-05
7.184,0.00028054078286499085,0.0030574589418057574,0.01702763847944211,0.008825082968719311,5.6441217002323185e-05,3.956464916443636e-05
7.186,0.0002800468838133341,0.003054491235976009,0.017026042062682212,0.008824492420199004,5.633394780568679e-05,3.9484180520021894e-05
7.188,0.0002795538535638187,0.0030515264107118245,0.017024445794374676,0.00882390191185145,5.622688247552965e-05,3.94038755371362e-05
7.19,0.00027906169058899977,0.003048564463217218,0.017022849674507512,0.008823311443673543,5.6120020624383926e-05,3.9323733882712375e-05
7.192,0.000278570393363875,0.003045605390699313,0.017021253703068062,0.008822721015662172,5.6013361865669964e-05,3.924375522479373e-05
7.194,0.00027807996036632865,0.0030426491903676744,0.017019657880044115,0.008822130627813785,5.5906905813252195e-05,3.916393923186767e-05
7.196,0.00027759039007690944,0.0030396958594345325,0.017018062205423456,0.008821540280125273,5.580065208210527e-05,3.9084285572865696e-05
7.198,0.00027710168097860866,0.0030367453951150036,0.017016466679193876,0.008820949972593306,5.56946002874259e-05,3.900479391782952e-05
7.2,0.0002766138315573041,0.003033797794626869,0.017014871301342938,0.008820359705214775,5.558875004574304e-05,3.892546393724494e-05
7.202,0.0002761268403015382,0.0030308530551905744,0.017013276071858208,0.00881976947798635,5.548310097380771e-05,3.884629530226391e-05
7.204,0.0002756407057022958,0.0030279111740292297,0.017011680990727474,0.0088191792909047,5.5377652689259094e-05,3.87672876847045e-05
7.206,0.00027515542625344835,0.003024972148368832,0.017010086057938523,0.008818589143966493,5.5272404810624565e-05,3.868844075705091e-05
7.208,0.0002746710004515318,0.003022035975437598,0.01700849127347892,0.008817999037168622,5.5167356957097624e-05,3.8609754192453494e-05
7.21,0.00027418742679552466,0.003019102652467076,0.017006896637336455,0.008817408970507756,5.5062508748315864e-05,3.853122766495076e-05
7.212,0.0002737047037870699,0.0030161721766910343,0.01700530214949869,0.008816818943980786,5.49578598050271e-05,3.845286084880328e-05
7.214,0.00027322282993069713,0.0030132445453461276,0.017003707809953417,0.008816228957584382,5.4853409748645277e-05,3.837465341938184e-05
7.216,0.0002727418037333784,0.0030103197556714534,0.017002113618688197,0.008815639011315213,5.4749158201028436e-05,3.829660505250132e-05
7.218,0.00027226162370452833,0.0030073978049092176,0.01700051957569082,0.008815049105169948,5.464510478492279e-05,3.8218715424642724e-05
7.22,0.000271782288356448,0.0030044786903038467,0.01699892568094885,0.008814459239145478,5.45412491237407e-05,3.8140984212731155e-05
7.222,0.00027130379620410316,0.003001562409102876,0.016997331934450077,0.008813869413238695,5.4437590841560635e-05,3.8063411094801936e-05
7.224,0.0002708261457646799,0.0029986489585560605,0.016995738336182287,0.008813279627446047,5.433412956357131e-05,3.798599574933448e-05
7.226,0.00027034933555847296,0.0029957383359160428,0.016994144886132823,0.008812689881764424,5.4230864915183474e-05,3.7908737855252284e-05
7.228,0.00026987336410799756,0.0029928305384383513,0.016992551584289695,0.008812100176190718,5.412779652269606e-05,3.7831637092589077e-05
7.23,0.0002693982299386555,0.0029899255633807353,0.016990958430640468,0.008811510510721376,5.402492401307413e-05,3.7754693141600626e-05
7.232,0.000268923931578291,0.0029870234080040525,0.01698936542517271,0.008810920885353513,5.392224701417092e-05,3.7677905683208834e-05
7.234,0.0002684504675571908,0.002984124069571381,0.016987772567874204,0.008810331300083574,5.381976515428377e-05,3.760127439944583e-05
7.236,0.00026797783640852835,0.002981227545348908,0.01698617985873252,0.008809741754908451,5.3717478062820234e-05,3.7524798972565776e-05
7.238,0.00026750603666769734,0.00297833383260504,0.016984587297735443,0.008809152249824814,5.361538536940991e-05,3.7448479085488984e-05
7.24,0.0002670350668729782,0.0029754429286110717,0.01698299488487054,0.008808562784829554,5.351348670457057e-05,3.737231442180189e-05
7.242,0.0002665649255650937,0.002972554830640961,0.016981402620125596,0.008807973359919341,5.341178169970817e-05,3.729630466597911e-05
7.244,0.0002660956112874313,0.002969669535971109,0.01697981050348818,0.008807383975090843,5.3310269986672765e-05,3.7220449502939346e-05
7.246,0.0002656271225858209,0.002966787041881025,0.016978218534946077,0.008806794630340953,5.3208951197980525e-05,3.71447486180454e-05
7.248,0.0002651594580085348,0.002963907345652217,0.016976626714486853,0.008806205325666339,5.3107824967257855e-05,3.706920169777028e-05
7.25,0.000264692616106732,0.0029610304445693014,0.016975035042098297,0.008805616061063892,5.30068909283532e-05,3.699380842880906e-05
7.252,0.0002642265954337919,0.0029581563359193375,0.016973443517767972,0.008805026836530283,5.290614871622523e-05,3.6918568498744975e-05
7.2540000000000004,0.0002637613945457584,0.0029552850169920486,0.016971852141483446,0.00880443765206218,5.280559796605466e-05,3.68434815958274e-05
7.256,0.00026329701200134004,0.002952416485079823,0.016970260913232504,0.008803848507656475,5.270523831413243e-05,3.6768547408749797e-05
7.258,0.0002628334463616877,0.002949550737477713,0.016968669833002714,0.008803259403309838,5.260506939719356e-05,3.669376562664972e-05
7.26,0.0002623706961903949,0.002946687771483436,0.016967078900781862,0.008802670339018936,5.250509085286126e-05,3.661913593977495e-05
7.2620000000000005,0.00026190876005371955,0.0029438275843969297,0.016965488116557514,0.008802081314780663,5.240530231920282e-05,3.6544658038817346e-05
7.264,0.0002614476365203622,0.00294097017352124,0.016963897480317458,0.008801492330591909,5.230570343517371e-05,3.647033161513491e-05
7.266,0.00026098732416146575,0.002938115536161856,0.01696230699204926,0.008800903386449344,5.2206293840395546e-05,3.639615636052973e-05
7.268,0.00026052782155083776,0.0029352636696269307,0.016960716651740704,0.008800314482349636,5.2107073174934015e-05,3.632213196747003e-05
7.2700000000000005,0.0002600691272647282,0.00293241457122706,0.016959126459379137,0.008799725618289678,5.200804107996504e-05,3.6248258129312205e-05
7.272,0.00025961123988182955,0.002929568238275504,0.016957536414952568,0.008799136794266138,5.1909197197108625e-05,3.6174534539634706e-05
7.274,0.0002591541579832768,0.0029267246680884096,0.01695594651844834,0.008798548010275686,5.181054116842887e-05,3.6100960892904155e-05
7.276,0.00025869788015286943,0.002923883857984144,0.01695435676985424,0.008797959266315214,5.171207263710009e-05,3.602753688425331e-05
7.2780000000000005,0.0002582424049770715,0.0029210458052839616,0.016952767169158056,0.00879737056238139,5.1613791246740703e-05,3.5954262209259014e-05
7.28,0.0002577877310443455,0.0029182105073113362,0.016951177716347354,0.008796781898471107,5.151569664185729e-05,3.5881136564386296e-05
7.282,0.00025733385694581834,0.002915377961392851,0.0169495884114097,0.008796193274581032,5.141778846717848e-05,3.5808159646322224e-05
7.284,0.0002568807812752816,0.0029125481648573093,0.01694799925433288,0.008795604690708059,5.132006636854314e-05,3.573533115264205e-05
7.2860000000000005,0.0002564285026289692,0.002909721115036179,0.01694641024510446,0.008795016146848855,5.12225299922342e-05,3.56626507813651e-05
7.288,0.0002559770196053357,0.0029068968092635927,0.016944821383712005,0.008794427643000313,5.112517898542279e-05,3.5590118231398904e-05
7.29,0.0002555263308055,0.0029040752448763474,0.016943232670143304,0.008793839179159102,5.1028012995724126e-05,3.551773320209506e-05
7.292,0.00025507643483302367,0.0029012564192136825,0.016941644104385922,0.00879325075532189,5.093103167164159e-05,3.544549539324926e-05
7.2940000000000005,0.0002546273302939106,0.002898440329617502,0.016940055686427424,0.008792662371485571,5.083423466212267e-05,3.537340450554538e-05
7.296,0.0002541790157966073,0.0028956269734321527,0.016938467416255598,0.008792074027646812,5.073762161678097e-05,3.5301460240333427e-05
7.298,0.0002537314899520027,0.0028928163480046454,0.01693687929385801,0.008791485723802506,5.064119218611829e-05,3.522966229918545e-05
7.3,0.00025328475137320616,0.0028900084506846557,0.016935291319222445,0.00879089745994932,5.054494602130255e-05,3.515801038456168e-05
7.3020000000000005,0.00025283879867621373,0.00288720327882408,0.01693370349233625,0.008790309236084148,5.0448882773723724e-05,3.508650419936643e-05
7.304,0.00025239363047901975,0.0028844008297779222,0.01693211581318743,0.008789721052203658,5.035300209610405e-05,3.5015143447392205e-05
7.306,0.0002519492454025052,0.002881601100903408,0.016930528281763335,0.008789132908304742,5.025730364116576e-05,3.494392783265354e-05
7.308,0.0002515056420695494,0.002878804089560427,0.016928940898051748,0.008788544804384069,5.0161787062741325e-05,3.4872857060053164e-05
7.3100000000000005,0.0002510628191056963,0.0028760097931113116,0.016927353662040234,0.00878795674043853,5.006645201510729e-05,3.480193083493788e-05
7.312,0.00025062077513871017,0.002873218208921058,0.016925766573716583,0.008787368716464794,4.997129815342838e-05,3.473114886354267e-05
7.314,0.00025017950879901996,0.0028704293343573273,0.016924179633068137,0.008786780732459532,4.987632513309137e-05,3.466051085232458e-05
7.316,0.00024973901871927495,0.0028676431667902236,0.016922592840082906,0.008786192788419633,4.978153261059326e-05,3.459001650840676e-05
7.3180000000000005,0.000249299303534567,0.002864859703592293,0.016921006194748234,0.008785604884341991,4.968692024287513e-05,3.451966553980057e-05
7.32,0.0002488603618824303,0.002862078942138746,0.016919419697051907,0.008785017020223274,4.959248768754421e-05,3.444945765473939e-05
7.322,0.00024842219240261976,0.002859300879807236,0.016917833346981492,0.00878442919606015,4.9498234602873836e-05,3.4379392562122746e-05
7.324,0.00024798479373755455,0.002856525513978081,0.016916247144524554,0.008783841411849513,4.940416064780351e-05,3.430946997173834e-05
7.3260000000000005,0.00024754816453187445,0.002853752842034263,0.01691466108966888,0.008783253667588253,4.931026548193884e-05,3.423968959359591e-05
7.328,0.00024711230343266166,0.0028509828613609844,0.016913075182402038,0.00878266596327304,4.921654876555159e-05,3.4170051138593394e-05
7.33,0.0002466772090894409,0.002848215569346335,0.01691148942271159,0.008782078298900542,4.9123010159357605e-05,3.4100554318072795e-05
7.332,0.00024624288015395734,0.0028454509633806246,0.016909903810585325,0.008781490674467651,4.9029649324738855e-05,3.403119884382022e-05
7.3340000000000005,0.0002458093152803986,0.0028426890408568273,0.01690831834601081,0.00878090308997126,4.8936465924187544e-05,3.396198442850995e-05
7.336,0.00024537651312517283,0.002839929799170582,0.016906733028975607,0.008780315545408035,4.884345962019587e-05,3.3892910785260355e-05
7.338,0.0002449444723473526,0.0028371732357197477,0.016905147859467284,0.008779728040774648,4.8750630076366264e-05,3.3823977627633894e-05
7.34,0.00024451319160823104,0.0028344193479050706,0.01690356283747363,0.00877914057606799,4.865797695674523e-05,3.375518466985916e-05
7.3420000000000005,0.00024408266957132163,0.002831668133129517,0.016901977962982206,0.008778553151284951,4.8565499925823374e-05,3.368653162705293e-05
7.344,0.0002436529049025804,0.0028289195887987173,0.016900393235980582,0.008777965766422202,4.847319864920152e-05,3.361801821433197e-05
7.346,0.00024322389627040586,0.0028261737123207453,0.01689880865645632,0.008777378421476412,4.838107279270254e-05,3.3549644147923274e-05
7.348,0.00024279564234541695,0.0028234305011061167,0.01689722422439721,0.008776791116444471,4.828912202303748e-05,3.3481409144275887e-05
7.3500000000000005,0.00024236814180045307,0.002820689952568234,0.01689563993979082,0.008776203851323272,4.819734600758352e-05,3.341331292072702e-05
7.352,0.00024194139331101816,0.0028179520641224975,0.016894055802624708,0.008775616626109484,4.810574441393989e-05,3.3345355194835946e-05
7.354,0.0002415153955548366,0.002815216833187195,0.016892471812886445,0.008775029440799997,4.8014316910816035e-05,3.32775356850501e-05
7.356,0.00024109014721163113,0.0028124842571830566,0.016890887970563817,0.008774442295391482,4.79230631673655e-05,3.3209854110261006e-05
7.3580000000000005,0.00024066564696401116,0.002809754333533254,0.01688930427564439,0.00877385518988083,4.7831982853185906e-05,3.3142310190026336e-05
7.36,0.00024024189349636238,0.002807027059663403,0.01688772072811573,0.00877326812426471,4.7741075638763064e-05,3.30749036441258e-05
7.362,0.00023981888549573505,0.00280430243300156,0.016886137327965622,0.008772681098540014,4.765034119524891e-05,3.3007634193227275e-05
7.364,0.0002393966216511778,0.002801580450978669,0.016884554075181413,0.00877209411270341,4.755977919423948e-05,3.294050155866479e-05
7.3660000000000005,0.00023897510065440386,0.002798861111027673,0.016882970969750888,0.00877150716675179,4.7469389307996934e-05,3.287350546199441e-05
7.368,0.00023855432119912479,0.0027961444105844002,0.016881388011661613,0.008770920260681825,4.737917120922752e-05,3.280664562566038e-05
7.37,0.00023813428198149467,0.0027934303470869004,0.016879805200901155,0.008770333394490404,4.728912457174772e-05,3.2739921772328984e-05
7.372,0.00023771498170011007,0.0027907189179756653,0.0168782225374573,0.008769746568174419,4.719924906959605e-05,3.267333362555469e-05
7.3740000000000006,0.00023729641905556598,0.0027880101206938512,0.016876640021317613,0.00876915978173054,4.7109544377477164e-05,3.2606880909336056e-05
7.376,0.00023687859275089984,0.002785303952687279,0.01687505765246966,0.008768573035155436,4.702001017076185e-05,3.254056334833777e-05
7.378,0.00023646150149136957,0.0027826004114037683,0.016873475430901008,0.00876798632844622,4.693064612548703e-05,3.247438066744657e-05
7.38,0.00023604514398445353,0.0027798994942940247,0.01687189335659922,0.00876739966159934,4.6841451918133714e-05,3.240833259243736e-05
7.382000000000001,0.00023562951894007256,0.0027772011988109746,0.016870311429552087,0.008766813034611909,4.675242722607109e-05,3.234241884952915e-05
7.384,0.0002352146250701459,0.002774505522410209,0.01686872964974695,0.008766226447480374,4.666357172711244e-05,3.227663916560708e-05
7.386,0.00023480046108925734,0.002771812462549539,0.016867148017171596,0.00876563990020185,4.657488509973717e-05,3.221099326777832e-05
7.388,0.00023438702571376702,0.0027691220166894404,0.01686556653181359,0.008765053392773003,4.648636702286879e-05,3.214548088426028e-05
7.390000000000001,0.0002339743176626996,0.0027664341822928318,0.016863985193660502,0.008764466925190728,4.639801717631897e-05,3.208010174327036e-05
7.392,0.00023356233565730022,0.002763748956825074,0.016862404002700115,0.008763880497451693,4.630983524034349e-05,3.201485557391415e-05
7.394,0.0002331510784208124,0.00276106633775397,0.016860822958919996,0.008763294109552788,4.622182089586424e-05,3.194974210574131e-05
7.396,0.00023274054467892213,0.0027583863225499883,0.01685924206230749,0.008762707761490685,4.613397382424722e-05,3.1884761068745604e-05
7.398000000000001,0.00023233073315931385,0.0027557089086855946,0.01685766131285038,0.008762121453262273,4.60462937077466e-05,3.1819912193808975e-05
7.4,0.00023192164259211445,0.002753034093636142,0.016856080710536236,0.008761535184864444,4.5958780229060636e-05,3.175519521181336e-05
7.402,0.00023151327170989333,0.0027503618748789815,0.016854500255352844,0.008760948956293868,4.587143307133168e-05,3.169060985475092e-05
7.404,0.00023110561924699624,0.0027476922498945733,0.016852919947287548,0.008760362767547214,4.578425191859026e-05,3.162615585483586e-05
7.406000000000001,0.00023069868394021142,0.0027450252161651534,0.016851339786328134,0.008759776618621595,4.5697236455310986e-05,3.156183294494852e-05
7.408,0.00023029246452854757,0.0027423607711758446,0.01684975977246217,0.008759190509513681,4.5610386366634614e-05,3.1497640858413334e-05
7.41,0.0002298869597532338,0.0027396989124139903,0.01684817990567722,0.008758604440220141,4.552370133814598e-05,3.143357932922086e-05
7.412,0.00022948216835771973,0.002737039637369376,0.016846600185960847,0.008758018410737867,4.543718105631811e-05,3.136964809180576e-05
7.414000000000001,0.00022907808908767535,0.0027343829435344524,0.01684502061330062,0.008757432421063749,4.53508252080681e-05,3.130584688104676e-05
7.416,0.0002286747206907691,0.002731728828403668,0.016843441187684105,0.008756846471194457,4.5264633480757155e-05,3.1242175432710795e-05
7.418,0.00022827206191733396,0.0027290772894743576,0.016841861909099087,0.008756260561126883,4.51786055624126e-05,3.117863348278682e-05
7.42,0.00022787011151925718,0.0027264283242460774,0.01684028277753291,0.008755674690857917,4.5092741141949944e-05,3.111522076792994e-05
7.422000000000001,0.00022746886825131263,0.0027237819302208255,0.016838703792973364,0.00875508886038423,4.500703990850674e-05,3.105193702523934e-05
7.424,0.00022706833086982847,0.0027211381049030425,0.01683712495540801,0.008754503069702713,4.492150155188668e-05,3.0988781992258296e-05
7.426,0.00022666849813379741,0.0027184968457996117,0.01683554626482442,0.008753917318810256,4.483612576278162e-05,3.0925755407418265e-05
7.428,0.00022626936880421056,0.0027158581504196366,0.016833967721210152,0.00875333160770353,4.475091223188343e-05,3.0862857009372746e-05
7.43,0.0002258709416440574,0.0027132220162751075,0.016832389324552777,0.008752745936379203,4.466586065121625e-05,3.0800086537441373e-05
7.432,0.000225473215418992,0.002710588440879791,0.01683081107484008,0.008752160304834389,4.45809707128042e-05,3.0737443731609915e-05
7.434,0.00022507618889622272,0.00270795742175034,0.016829232972059405,0.008751574713065757,4.449624210933756e-05,3.067492833208618e-05
7.436,0.00022467986084562241,0.002705328956405628,0.01682765501619854,0.008750989161069977,4.441167453439476e-05,3.061254007974412e-05
7.438,0.00022428423003884035,0.002702703042367194,0.016826077207244827,0.00875040364884394,4.4327267681776306e-05,3.055027871590177e-05
7.44,0.00022388929524996826,0.0027000796771585733,0.016824499545186056,0.008749818176384538,4.4243021246170855e-05,3.0488143982543292e-05
7.442,0.00022349505525531832,0.0026974588583059678,0.01682292203000979,0.008749232743688662,4.4158934922489124e-05,3.042613562209695e-05
7.444,0.00022310150883297908,0.0026948405833377986,0.016821344661703597,0.00874864735075298,4.407500840675205e-05,3.0364253377657136e-05
7.446,0.00022270865476348156,0.002692224849785152,0.01681976744025504,0.008748061997574386,4.399124139498056e-05,3.0302496992540284e-05
7.448,0.0002223164918293552,0.0026896116551813343,0.016818190365651686,0.008747476684149547,4.390763358408378e-05,3.0240866210951012e-05
7.45,0.00022192501881557192,0.0026870009970620945,0.016816613437881323,0.008746891410475355,4.3824184671636957e-05,3.0179360777315978e-05
7.452,0.00022153423450865795,0.002684392872965402,0.016815036656931293,0.008746306176548702,4.374089435565942e-05,3.0117980436727976e-05
7.454,0.00022114413769780406,0.002681787280431891,0.016813460022789162,0.008745720982366478,4.36577623346146e-05,3.005672493472389e-05
7.456,0.00022075472717419942,0.0026791842170044156,0.016811883535442718,0.008745135827925354,4.357478830763206e-05,2.9995594017506733e-05
7.458,0.0002203660017310316,0.0026765836802282728,0.016810307194879304,0.008744550713222221,4.349197197450749e-05,2.993458743150157e-05
7.46,0.00021997796016370863,0.00267398566765098,0.016808731001086707,0.008743965638253748,4.3409313035702723e-05,2.9873704924021638e-05
7.462,0.00021959060126985896,0.002671390176822719,0.016807154954052494,0.008743380603016826,4.3326811191901626e-05,2.9812946242602223e-05
7.464,0.00021920392384888743,0.002668797205295892,0.01680557905376423,0.008742795607508347,4.324446614467625e-05,2.9752311135444742e-05
7.466,0.00021881792670264133,0.002666206750625344,0.01680400330020948,0.00874221065172498,4.31622775958207e-05,2.9691799351194703e-05
7.468,0.00021843260863474434,0.0026636188103683622,0.01680242769337581,0.008741625735663838,4.3080245248017235e-05,2.9631410639163747e-05
7.47,0.00021804796845126262,0.0026610333820842325,0.016800852233250563,0.00874104085932137,4.299836880461427e-05,2.957114474888556e-05
7.472,0.00021766400496026073,0.002658450463334905,0.01679927691982175,0.008740456022694687,4.291664796896022e-05,2.9511001430559958e-05
7.474,0.00021728071697180162,0.002655870051684772,0.01679770175307671,0.00873987122578046,4.2835082445513706e-05,2.9450980434830853e-05
7.476,0.00021689810329816872,0.0026532921447004476,0.016796126733003014,0.00873928646857558,4.275367193917745e-05,2.9391081513008288e-05
7.478,0.00021651616275364383,0.0026507167399507647,0.016794551859588225,0.008738701751076938,4.2672416155298265e-05,2.9331304416846393e-05
7.48,0.0002161348941547292,0.0026481438350072217,0.01679297713281991,0.008738117073281204,4.2591314799667046e-05,2.927164889854339e-05
7.482,0.00021575429631970344,0.002645573427443537,0.016791402552685852,0.008737532435185269,4.251036757896287e-05,2.9212114710963633e-05
7.484,0.00021537436806928767,0.00264300551483565,0.0167898281191734,0.008736947836785802,4.2429574200308906e-05,2.915270160719352e-05
7.486,0.00021499510822597934,0.0026404400947621642,0.016788253832270117,0.008736363278079917,4.2348934371272406e-05,2.9093409340985588e-05
7.488,0.00021461651561449635,0.0026378771648036814,0.01678667969196379,0.008735778759064283,4.226844779986472e-05,2.9034237666536455e-05
7.49,0.00021423858906155502,0.002635316722543468,0.016785105698241765,0.00873519427973557,4.218811419498536e-05,2.8975186338486836e-05
7.492,0.00021386132739587005,0.0026327587655670115,0.016783531851091604,0.00873460984009089,4.210793326597795e-05,2.8916255112143574e-05
7.494,0.00021348472944859864,0.002630203291462019,0.016781958150501097,0.008734025440126914,4.202790472263018e-05,2.8857443743257605e-05
7.496,0.0002131087940524523,0.00262765029781864,0.016780384596457587,0.008733441079840532,4.1948028275173854e-05,2.8798751988245996e-05
7.498,0.00021273352004258506,0.0026250997822292454,0.01677881118894886,0.008732856759228635,4.186830363472893e-05,2.8740179603525817e-05
7.5,0.00021235890625592724,0.00262255174228887,0.016777237927962485,0.008732272478287895,4.178873051263743e-05,2.8681726346402314e-05
7.502,0.00021198495153140762,0.002620006175594547,0.016775664813485802,0.0087316882370152,4.170930862112954e-05,2.8623391974846868e-05
7.5040000000000004,0.00021161165471039745,0.002617463079745752,0.0167740918455066,0.008731104035407444,4.1630037672657494e-05,2.856517624683086e-05
7.506,0.00021123901463582229,0.0026149224523444037,0.016772519024012222,0.008730519873461295,4.155091738033967e-05,2.8507078920991802e-05
7.508,0.0002108670301530502,0.0026123842909946404,0.016770946348990456,0.008729935751173645,4.147194745796057e-05,2.8449099756633345e-05
7.51,0.00021049570010922558,0.0026098485933028215,0.016769373820428646,0.008729351668541385,4.139312761974878e-05,2.839123851328118e-05
7.5120000000000005,0.0002101250233537133,0.0026073153568777485,0.016767801438314578,0.008728767625561407,4.1314457580376995e-05,2.833349495134918e-05
7.514,0.00020975499873765457,0.0026047845793306657,0.01676622920263582,0.0087281836222306,4.1235937055184024e-05,2.8275868831251216e-05
7.516,0.00020938562511441106,0.0026022562582748154,0.01676465711337971,0.008727599658545637,4.115756576017482e-05,2.8218359914289337e-05
7.518,0.00020901690133912076,0.002599730391326105,0.016763085170534042,0.008727015734503407,4.1079343411576374e-05,2.8160967961987637e-05
7.5200000000000005,0.00020864882626914216,0.0025972069761026617,0.016761513374086157,0.00872643185010058,4.100126972628182e-05,2.8103692736536345e-05
7.522,0.00020828139876405416,0.0025946860102246116,0.01675994172402384,0.008725848005334269,4.0923344421850416e-05,2.8046534000569778e-05
7.524,0.00020791461768498998,0.0025921674913147452,0.016758370220334662,0.008725264200201144,4.0845567216285517e-05,2.7989491516944298e-05
7.526,0.00020754848189508124,0.0025896514169980733,0.01675679886300596,0.008724680434698096,4.076793782803456e-05,2.7932565049404445e-05
7.5280000000000005,0.00020718299025990206,0.0025871377849020494,0.01675522765202553,0.008724096708821794,4.0690455976211126e-05,2.7875754361916805e-05
7.53,0.0002068181416468029,0.002584626592656125,0.016753656587380705,0.008723513022569351,4.0613121380372874e-05,2.7819059219114095e-05
7.532,0.0002064539349249106,0.002582117837892195,0.01675208566905928,0.008722929375937438,4.05359337607436e-05,2.776247938585108e-05
7.534,0.00020609036896579447,0.0025796115182443735,0.016750514897048596,0.008722345768922946,4.04588928379912e-05,2.7706014627648656e-05
7.5360000000000005,0.00020572744264257814,0.002577107631349218,0.01674894427133622,0.008721762201522765,4.038199833344969e-05,2.764966471047181e-05
7.538,0.00020536515483038364,0.0025746061748455062,0.016747373791909936,0.008721178673733565,4.030524996867513e-05,2.7593429400951663e-05
7.54,0.00020500350440655346,0.0025721071463744583,0.01674580345875709,0.008720595185552238,4.022864746588972e-05,2.7537308465719335e-05
7.542,0.00020464249025042847,0.0025696105435792926,0.01674423327186525,0.008720011736975675,4.01521905479818e-05,2.7481301672294123e-05
7.5440000000000005,0.0002042821112431259,0.0025671163641056705,0.0167426632312222,0.008719428328000767,4.007587893828379e-05,2.742540878841737e-05
7.546,0.0002039223662677614,0.002564624605601473,0.016741093336815283,0.008718844958624405,3.9999712360572204e-05,2.7369629582496557e-05
7.548,0.00020356325420944898,0.002562135265717025,0.016739523588632066,0.00871826162884326,3.992369053928968e-05,2.7313963823161203e-05
7.55,0.00020320477395530112,0.00255964834210487,0.016737953986660115,0.008717678338654222,3.984781319932296e-05,2.7258411279929007e-05
7.5520000000000005,0.00020284692439442864,0.002557163832419773,0.016736384530886994,0.008717095088054183,3.977208006600286e-05,2.720297172231767e-05
7.554,0.00020248970441771874,0.00255468173431872,0.016734815221300492,0.008716511877040034,3.969649086532634e-05,2.714764492073307e-05
7.556,0.00020213311291805702,0.0025522020454609162,0.01673324605788795,0.008715928705608444,3.962104532373445e-05,2.7092430645803134e-05
7.558,0.0002017771487903275,0.002549724763508232,0.01673167704063694,0.008715345573756528,3.9545743168112324e-05,2.703732866859987e-05
7.5600000000000005,0.00020142181093141254,0.0025472498861243142,0.016730108169534796,0.008714762481480953,3.947058412601123e-05,2.698233876063938e-05
7.562,0.00020106709823997093,0.002544777410975474,0.016728539444569313,0.00871417942877839,3.939556792564858e-05,2.69274606941039e-05
7.564,0.00020071300961688188,0.0025423073357300208,0.016726970865728052,0.008713596415645952,3.9320694295241765e-05,2.6872694241619755e-05
7.566,0.0002003595439645789,0.0025398396580584848,0.016725402432998582,0.00871301344208053,3.924596296411842e-05,2.6818039176035313e-05
7.5680000000000005,0.00020000670018771594,0.0025373743756340605,0.016723834146368244,0.008712430508078794,3.917137366160617e-05,2.676349527086508e-05
7.57,0.00019965447719294538,0.002534911486131719,0.016722266005824826,0.008711847613637635,3.9096926117920816e-05,2.67090622998456e-05
7.572,0.0001993028738884739,0.0025324509872290957,0.016720698011355672,0.008711264758753945,3.902262006372226e-05,2.66547400376016e-05
7.574,0.00019895188918472861,0.0025299928766056023,0.01671913016294857,0.008710681943424614,3.894845522989243e-05,2.6600528258757805e-05
7.5760000000000005,0.00019860152199369097,0.0025275371519435375,0.016717562460590862,0.008710099167646312,3.8874431348201455e-05,2.6546426738827122e-05
7.578,0.00019825177122978488,0.0025250838109267537,0.016715994904270337,0.008709516431416153,3.880054815064149e-05,2.6492435253322455e-05
7.58,0.0001979026358089886,0.0025226328512419904,0.016714427493974338,0.008708933734730806,3.872680536987083e-05,2.6438553578644886e-05
7.582,0.00019755411464927874,0.0025201842705777633,0.01671286022969043,0.008708351077587162,3.865320273921391e-05,2.638478149141754e-05
7.5840000000000005,0.00019720620667063038,0.0025177380666250304,0.016711293111406178,0.00870776845998189,3.85797399922172e-05,2.633111876870764e-05
7.586,0.00019685891079457285,0.0025152942370769704,0.01670972613910915,0.008707185881912105,3.850641686287126e-05,2.6277565188026486e-05
7.588,0.000196512225945078,0.0025128527796289823,0.016708159312786908,0.008706603343374697,3.843323308605484e-05,2.622412052755152e-05
7.59,0.00019616615104744994,0.0025104136919786857,0.016706592632426798,0.008706020844366336,3.836018839686872e-05,2.6170784565682226e-05
7.5920000000000005,0.00019582068502921324,0.0025079769718259204,0.016705026098016607,0.008705438384883912,3.828728253085778e-05,2.6117557081262177e-05
7.594,0.0001954758268196688,0.002505542616872969,0.0167034597095439,0.008704855964924318,3.8214515224233025e-05,2.606443785380108e-05
7.596,0.00019513157535011594,0.002503110624824112,0.01670189346699602,0.008704273584484445,3.8141886213649556e-05,2.601142666303069e-05
7.598,0.00019478792955363033,0.002500680993385851,0.016700327370360757,0.008703691243561185,3.8069395236428605e-05,2.595852328934889e-05
7.6000000000000005,0.00019444488836506402,0.0024982537202671296,0.016698761419625452,0.008703108942151205,3.799704203011345e-05,2.590572751337561e-05
7.602,0.00019410245072126742,0.002495828803178668,0.01669719561477767,0.008702526680251399,3.79248263329135e-05,2.585303911617487e-05
7.604,0.00019376061556108937,0.002493406239834073,0.01669562995580498,0.008701944457858879,3.785274788348225e-05,2.5800457879476824e-05
7.606,0.000193419381824933,0.002490986027948505,0.016694064442694945,0.008701362274970315,3.77808064209173e-05,2.574798358523367e-05
7.6080000000000005,0.00019307874845542194,0.0024885681652397906,0.01669249907543513,0.008700780131582597,3.770900168498237e-05,2.5695616016063738e-05
7.61,0.00019273871439673407,0.002486152649427753,0.0166909338540131,0.008700198027692618,3.7637333415885266e-05,2.5643354954807407e-05
7.612,0.00019239927859504569,0.002483739478234659,0.016689368778416203,0.008699615963297047,3.756580135405585e-05,2.5591200184971186e-05
7.614,0.00019206043999830946,0.002481328649384773,0.01668780384863222,0.008699033938392997,3.7494405240812156e-05,2.553915149028363e-05
7.6160000000000005,0.00019172219755647646,0.0024789201606045808,0.0166862390646485,0.008698451952977138,3.7423144817694265e-05,2.548720865491738e-05
7.618,0.0001913845502212741,0.0024765140096227878,0.016684674426452828,0.00869787000704636,3.735201982690839e-05,2.543537146371122e-05
7.62,0.00019104749694620615,0.0024741101941703203,0.016683109934032547,0.008697288100597556,3.728103001088279e-05,2.538363970172597e-05
7.622,0.00019071103668655276,0.002471708711980325,0.016681545587375224,0.008696706233627838,3.7210175112933896e-05,2.5332013154466537e-05
7.6240000000000006,0.00019037516839959245,0.0024693095607881688,0.016679981386468423,0.008696124406133654,3.71394548766002e-05,2.5280491608103972e-05
7.626,0.00019003989104438013,0.0024669127383312173,0.01667841733129949,0.008695542618112118,3.706886904586426e-05,2.5229074849031363e-05
7.628,0.00018970520358174703,0.0024645182423495005,0.016676853421856208,0.00869496086956012,3.699841736537479e-05,2.517776266408589e-05
7.63,0.00018937110497430076,0.0024621260705846026,0.016675289658126147,0.00869437916047433,3.692809958022458e-05,2.512655484054882e-05
7.632000000000001,0.00018903759418686938,0.0024597362207809947,0.016673726040096648,0.008693797490851862,3.685791543572847e-05,2.5075451166145513e-05
7.634,0.0001887046701856132,0.002457348690684702,0.016672162567755278,0.008693215860689385,3.678786467808948e-05,2.5024451429267458e-05
7.636,0.00018837233193869096,0.002454963478044414,0.0166705992410896,0.00869263426998379,3.671794705373266e-05,2.4973555418306148e-05
7.638,0.00018804057841603772,0.002452580580610597,0.016669036060087183,0.008692052718731968,3.664816230974921e-05,2.4922762922319208e-05
7.640000000000001,0.00018770940858958696,0.002450199996136382,0.01666747302473559,0.008691471206930812,3.6578510193452374e-05,2.4872073730808353e-05
7.642,0.00018737882143282647,0.002447821722376675,0.016665910135022388,0.008690889734577212,3.650899045282152e-05,2.4821487633719386e-05
7.644,0.00018704881592124245,0.0024454457570886046,0.01666434739093492,0.00869030830166806,3.6439602836280116e-05,2.4771004421220155e-05
7.646,0.00018671939103209745,0.00244307209803174,0.016662784792460972,0.008689726908200246,3.6370347092917754e-05,2.4720623884144644e-05
7.648000000000001,0.00018639054574420832,0.0024407007429674277,0.01666122233958789,0.008689145554170441,3.630122297182403e-05,2.4670345813770922e-05
7.65,0.00018606227903839034,0.0024383316896596785,0.016659660032303236,0.008688564239575758,3.6232230222976725e-05,2.4620170001599107e-05
7.652,0.00018573458989745717,0.0024359649358740576,0.01665809787059458,0.008687982964412866,3.6163368596797696e-05,2.4570096239573402e-05
7.654,0.00018540747730555474,0.0024336004793790167,0.016656535854449483,0.008687401728678878,3.6094637843930855e-05,2.452012432030415e-05
7.656000000000001,0.00018508094024882737,0.002431238317944562,0.016654973983855514,0.008686820532370465,3.602603771568624e-05,2.447025403662373e-05
7.658,0.00018475497771541782,0.0024288784493431415,0.016653412258800016,0.008686239375484517,3.5957567963817993e-05,2.4420485181808615e-05
7.66,0.00018442958869502313,0.0024265208713494246,0.016651850679270552,0.008685658258017925,3.588922834074637e-05,2.437081754957937e-05
7.662,0.00018410477217889465,0.0024241655817400787,0.016650289245254912,0.008685077179967582,3.582101859889164e-05,2.4321250933878602e-05
7.664000000000001,0.0001837805271605042,0.0024218125782939914,0.01664872795674044,0.008684496141330378,3.575293849156225e-05,2.4271785129537093e-05
7.666,0.00018345685263487788,0.002419461858792271,0.016647166813714476,0.008683915142103205,3.568498777228868e-05,2.4222419931163586e-05
7.668,0.00018313374759881818,0.0024171134210180245,0.01664560581616481,0.008683334182282954,3.561716619526756e-05,2.4173155134477042e-05
7.67,0.00018281121105090392,0.0024147672627565786,0.016644044964079008,0.008682753261866516,3.554947351491755e-05,2.4123990535196427e-05
7.672000000000001,0.0001824892419914903,0.002412423381795703,0.016642484257444412,0.008682172380850561,3.548190948632346e-05,2.4074925929484792e-05
7.674,0.00018216783942270887,0.0024100817759247217,0.01664092369624859,0.008681591539232203,3.541447386501417e-05,2.402596111394928e-05
7.676,0.00018184700234824547,0.002407742442935623,0.016639363280479103,0.00868101073700811,3.534716640696267e-05,2.397709588564112e-05
7.678,0.00018152672977378437,0.002405405380622172,0.01663780301012352,0.008680429974175397,3.527998686858602e-05,2.3928330042055634e-05
7.68,0.00018120702070678618,0.0024030705867805757,0.016636242885169183,0.008679849250730731,3.521293500696743e-05,2.3879663380910188e-05
7.682,0.00018088787415626584,0.00240073805920904,0.01663468290560388,0.008679268566671228,3.514601057919009e-05,2.383109570058828e-05
7.684,0.00018056928913279258,0.002398407795707991,0.016633123071414957,0.008678687921993555,3.507921334322539e-05,2.3782626799917495e-05
7.686,0.00018025126464915608,0.002396079794079631,0.016631563382589976,0.008678107316694827,3.5012543057266754e-05,2.373425647794747e-05
7.688,0.00017993379971970036,0.002393754052128827,0.016630003839116503,0.008677526750771714,3.4945999479951695e-05,2.3685984533949878e-05
7.69,0.00017961689336054576,0.0023914305676622227,0.016628444440982104,0.008676946224221105,3.487958237058386e-05,2.3637810768084577e-05
7.692,0.00017930054458936695,0.002389109338488682,0.016626885188174345,0.008676365737039893,3.481329148891099e-05,2.3589734980511423e-05
7.694,0.00017898475242561496,0.0023867903624192888,0.01662532608068057,0.008675785289224969,3.4747126594902866e-05,2.3541756972056405e-05
7.696,0.00017866951589051716,0.002384473637267126,0.016623767118488342,0.008675204880773446,3.46810874491954e-05,2.3493876543767556e-05
7.698,0.00017835483400685526,0.002382159160847497,0.01662220830158523,0.008674624511681994,3.461517381264656e-05,2.3446093497359044e-05
7.7,0.00017804070579940934,0.0023798469309779247,0.016620649629958795,0.008674044181947504,3.4549385446780434e-05,2.3398407634545038e-05
7.702,0.00017772713029473586,0.0023775369454777096,0.016619091103596384,0.008673463891566868,3.448372211356521e-05,2.3350818757705838e-05
7.704,0.00017741410652072354,0.002375229202168372,0.016617532722485784,0.008672883640536977,3.441818357541315e-05,2.3303326669665836e-05
7.706,0.0001771016335072595,0.0023729236988736524,0.016615974486614338,0.008672303428854722,3.435276959518063e-05,2.325593117369351e-05
7.708,0.00017678971028578516,0.0023706204334195125,0.01661441639596961,0.008671723256516994,3.42874799361681e-05,2.3208632073057345e-05
7.71,0.00017647833588951833,0.0023683194036339117,0.01661285845053917,0.008671143123520686,3.422231436189804e-05,2.3161429171913994e-05
7.712,0.0001761675093532311,0.002366020607346808,0.016611300650310357,0.008670563029862688,3.4157272636781144e-05,2.3114322274642163e-05
7.714,0.000175857229713694,0.0023637240423903805,0.01660974299527096,0.008669982975539892,3.4092354525228075e-05,2.30673111858426e-05
7.716,0.00017554749600900976,0.0023614297065988055,0.016608185485408322,0.008669402960548966,3.402755979253769e-05,2.3020395710560138e-05
7.718,0.00017523830727927958,0.0023591375978084805,0.01660662812071001,0.008668822984887026,3.3962888204008834e-05,2.297357565450575e-05
7.72,0.00017492966256615894,0.0023568477138580235,0.016605070901163588,0.008668243048550961,3.38983395256065e-05,2.2926850823612455e-05
7.722,0.00017462156091307968,0.0023545600525878285,0.0166035138267564,0.008667663151537663,3.383391352396181e-05,2.2880221024035308e-05
7.724,0.00017431400136502795,0.0023522746118407323,0.016601956897476233,0.008667083293844025,3.376960996570588e-05,2.283368606281755e-05
7.726,0.00017400698296854422,0.0023499913894613478,0.016600400113310432,0.008666503475466936,3.370542861835801e-05,2.278724574678037e-05
7.728,0.00017370050477216736,0.0023477103832965085,0.01659884347424656,0.008665923696403288,3.36413692494375e-05,2.2740899883411103e-05
7.73,0.00017339456582599055,0.0023454315911950463,0.016597286980271964,0.008665343956649973,3.357743162735183e-05,2.2694648280863206e-05
7.732,0.00017308916518166129,0.0023431550110080135,0.016595730631374428,0.008664764256203883,3.3513615520508466e-05,2.264849074729014e-05
7.734,0.0001727843018926034,0.002340880640588683,0.016594174427541297,0.008664184595061908,3.344992069798103e-05,2.2602427091289456e-05
7.736,0.00017247997501401713,0.0023386084777921035,0.016592618368760137,0.00866360497322094,3.338634692950926e-05,2.2556457121902795e-05
7.738,0.00017217618360243492,0.002336338520475545,0.016591062455018513,0.00866302539067787,3.33228939848329e-05,2.251058064883793e-05
7.74,0.00017187292671638765,0.002334070766498497,0.01658950668630399,0.00866244584742959,3.325956163435784e-05,2.2464797481802634e-05
7.742,0.00017157020341573848,0.0023318052137222267,0.01658795106260391,0.00866186634347299,3.319634964893403e-05,2.241910743094877e-05
7.744,0.00017126801276234893,0.0023295418600102202,0.016586395583905844,0.008661286878804964,3.31332577996335e-05,2.237351030687229e-05
7.746,0.00017096635381941283,0.002327280703228185,0.016584840250197352,0.008660707453422622,3.3070285858416426e-05,2.2328005920613236e-05
7.748,0.00017066522565190034,0.0023250217412438268,0.016583285061466002,0.008660128067322637,3.300743359724301e-05,2.2282594083655738e-05
7.75,0.000170364627326558,0.0023227649719266275,0.016581730017699137,0.008659548720501897,3.294470078851752e-05,2.223727460770597e-05
7.752,0.00017006455791168662,0.0023205103931485116,0.01658017511888432,0.008658969412957296,3.288208720553243e-05,2.2192047304914198e-05
7.7540000000000004,0.00016976501647691933,0.00231825800278318,0.016578620365009344,0.008658390144685724,3.281959262135814e-05,2.2146911987874773e-05
7.756,0.00016946600209410967,0.002316007798706776,0.016577065756061327,0.008657810915684294,3.2757216810175294e-05,2.2101868469404096e-05
7.758,0.00016916751383622142,0.0023137597787972197,0.016575511292028056,0.008657231725949677,3.269495954594248e-05,2.2056916562762652e-05
7.76,0.00016886955077821675,0.0023115139409344287,0.016573956972896875,0.008656652575478985,3.2632820603506474e-05,2.2012056081655018e-05
7.7620000000000005,0.0001685721119963901,0.002309270283000542,0.01657240279865535,0.008656073464268887,3.257079975815813e-05,2.196728684022986e-05
7.764,0.0001682751965688123,0.002307028802879696,0.016570848769291047,0.008655494392316276,3.250889678518831e-05,2.192260865285789e-05
7.766,0.00016797880357533046,0.0023047894984580264,0.01656929488479153,0.008654915359618265,3.244711146077606e-05,2.1878021334353903e-05
7.768,0.00016768293209712404,0.002302552367623889,0.016567741145144144,0.008654336366171744,3.238544356132245e-05,2.1833524699754747e-05
7.7700000000000005,0.0001673875812171488,0.002300317408267416,0.016566187550336453,0.008653757411973384,3.232389286345061e-05,2.17891185647634e-05
7.772,0.00016709275001969282,0.002298084618281182,0.016564634100356024,0.008653178497020297,3.226245914467185e-05,2.1744802745526925e-05
7.774,0.00016679843759104251,0.002295853995559538,0.01656308079519042,0.008652599621309376,3.220114218249748e-05,2.170057705797035e-05
7.776,0.00016650464301903867,0.0022936255379988335,0.01656152763482699,0.00865202078483751,3.213994175510493e-05,2.1656441319128916e-05
7.7780000000000005,0.0001662113653928543,0.002291399243497416,0.016559974619253293,0.008651441987601594,3.207885764111573e-05,2.1612395345815827e-05
7.78,0.0001659186038034388,0.0022891751099560764,0.016558421748456897,0.008650863229598516,3.201788961937346e-05,2.1568438955510416e-05
7.782,0.00016562635734351794,0.002286953135277159,0.01655686902242537,0.008650284510825168,3.195703746916578e-05,2.1524571966136108e-05
7.784,0.0001653346251071497,0.0022847333173654505,0.01655531644114605,0.008649705831278443,3.189630097044649e-05,2.1480794195616326e-05
7.7860000000000005,0.0001650434061899464,0.002282515654127293,0.016553764004606508,0.00864912719095523,3.183567990316938e-05,2.1437105462762673e-05
7.788,0.00016475269968929673,0.002280300143471692,0.016552211712794307,0.008648548589852645,3.1775174048176424e-05,2.1393505586386752e-05
7.79,0.0001644625047041437,0.0022780867833089857,0.016550659565697012,0.008647970027967355,3.171478318653165e-05,2.1349994385744253e-05
7.792,0.00016417282033476255,0.0022758755715521772,0.016549107563301968,0.008647391505296476,3.165450709952111e-05,2.1306571680312913e-05
7.7940000000000005,0.00016388364568342695,0.0022736665061158234,0.01654755570559674,0.008646813021836675,3.1594345569097015e-05,2.1263237290458648e-05
7.796,0.00016359497985374283,0.002271459584916702,0.016546003992568892,0.008646234577585066,3.15342983774336e-05,2.1219991036325325e-05
7.798,0.00016330682195087043,0.0022692548058735884,0.01654445242420599,0.00864565617253854,3.1474365307371244e-05,2.117683273872295e-05
7.8,0.00016301917108174635,0.0022670521669074795,0.01654290100049538,0.008645077806693768,3.1414546141972366e-05,2.113376221868357e-05
7.8020000000000005,0.00016273202635463946,0.0022648516659409257,0.016541349721424625,0.008644499480047863,3.135484066496552e-05,2.1090779297683326e-05
7.804,0.00016244538687937293,0.0022626533008989203,0.01653979858698129,0.008643921192597936,3.129524866007927e-05,2.104788379764244e-05
7.806,0.0001621592517675463,0.0022604570697082327,0.016538247597152944,0.00864334294434066,3.123576991170829e-05,2.100507554070319e-05
7.808,0.00016187362013231343,0.002258262970297853,0.016536696751926927,0.008642764735272923,3.117640420446932e-05,2.0962354349451928e-05
7.8100000000000005,0.00016158849108816042,0.0022560710005985474,0.016535146051290806,0.008642186565391619,3.111715132364523e-05,2.091972004691911e-05
7.812,0.00016130386375134975,0.0022538811585430807,0.016533595495232145,0.00864160843469386,3.105801105474093e-05,2.087717245635723e-05
7.814,0.00016101973723947616,0.00225169344206666,0.01653204508373829,0.008641030343176537,3.0998983183927464e-05,2.0834711401240824e-05
7.816,0.00016073611067191074,0.002249507849105825,0.016530494816797026,0.00864045229083632,3.094006749737588e-05,2.0792336705710568e-05
7.8180000000000005,0.00016045298316935686,0.0022473243775997798,0.016528944694395475,0.008639874277670323,3.0881263782145396e-05,2.0750048194129178e-05
7.82,0.00016017035385429423,0.0022451430254892824,0.016527394716521426,0.008639296303675437,3.08225718250732e-05,2.0707845691081417e-05
7.822,0.0001598882218507569,0.0022429637907170896,0.016525844883162444,0.008638718368848552,3.0763991414106684e-05,2.0665729021596135e-05
7.824,0.00015960658628411117,0.0022407866712281788,0.01652429519430587,0.008638140473186784,3.0705522336971214e-05,2.062369801136832e-05
7.8260000000000005,0.00015932544628127765,0.0022386116649695253,0.016522745649939274,0.0086375626166868,3.064716438228032e-05,2.0581752486092952e-05
7.828,0.00015904480097073126,0.0022364387698898813,0.016521196250049996,0.008636984799345493,3.058891733864755e-05,2.0539892271687066e-05
7.83,0.00015876464948272329,0.002234267983940219,0.016519646994625825,0.008636407021159975,3.05307809955746e-05,2.0498117194955867e-05
7.832,0.00015848499094883728,0.0022320993050732874,0.016518097883654104,0.008635829282127139,3.0472755142341157e-05,2.045642708248252e-05
7.8340000000000005,0.00015820582450198906,0.0022299327312440553,0.016516548917122176,0.008635251582243875,3.0414839569337104e-05,2.0414821761516322e-05
7.836,0.0001579271492768708,0.0022277682604092686,0.01651500009501783,0.008634673921507074,3.0357034066730293e-05,2.037330105975066e-05
7.838,0.00015764896440972898,0.002225605890527671,0.016513451417328406,0.00863409629991363,3.0299338425354705e-05,2.033186480487892e-05
7.84,0.00015737126903814236,0.002223445619560227,0.016511902884041474,0.008633518717460431,3.024175243648841e-05,2.029051282526062e-05
7.8420000000000005,0.00015709406230146605,0.0022212874454696774,0.016510354495144597,0.008632941174144593,3.018427589163153e-05,2.024924494947733e-05
7.844,0.00015681734334038744,0.002219131366220539,0.01650880625062512,0.008632363669962784,3.0126908582728262e-05,2.02080610065547e-05
7.846,0.00015654111129692616,0.002216977379779772,0.016507258150470605,0.008631786204912117,3.006965030238895e-05,2.0166960825740432e-05
7.848,0.00015626536531510027,0.00221482548411589,0.01650571019466862,0.008631208778989485,3.0012500843223933e-05,2.0125944236504267e-05
7.8500000000000005,0.000155990104539816,0.002212675677199849,0.016504162383206733,0.008630631392191779,2.995545999850968e-05,2.0085011068982084e-05
7.852,0.00015571532811797795,0.0022105279570039382,0.016502614716072284,0.008630054044516111,2.9898527561744714e-05,2.0044161153531803e-05
7.854,0.00015544103519782304,0.0022083823215028886,0.01650106719325284,0.008629476735959152,2.9841703327093683e-05,2.0003394320733392e-05
7.856,0.00015516722492914248,0.0022062387686734297,0.016499519814735963,0.008628899466518014,2.9784987088721238e-05,1.996271040183295e-05
7.8580000000000005,0.00015489389646305973,0.0022040972964938454,0.016497972580509,0.008628322236189367,2.9728378641458164e-05,1.992210922807658e-05
7.86,0.00015462104895247464,0.002201957902944862,0.01649642549055952,0.008627745044970325,2.9671877780357292e-05,1.9881590630932422e-05
7.862,0.00015434868155139725,0.0021998205860087605,0.01649487854487508,0.008627167892857779,2.9615484301137585e-05,1.9841154442756803e-05
7.864,0.00015407679341561398,0.0021976853436700416,0.01649333174344303,0.008626590779848842,2.9559197999518005e-05,1.9800800495906046e-05
7.8660000000000005,0.0001538053837022435,0.002195552173914983,0.016491785086251154,0.008626013705940183,2.9503018671883652e-05,1.9760528622958518e-05
7.868,0.00015353445156995882,0.0021934210747320826,0.016490238573286797,0.008625436671128917,2.944694611506371e-05,1.972033865715872e-05
7.87,0.00015326399617876518,0.0021912920441113926,0.016488692204537303,0.008624859675411933,2.9390980125887367e-05,1.9680230431751156e-05
7.872,0.0001529940166904442,0.0021891650800451856,0.01648714597999046,0.008624282718786125,2.9335120502071987e-05,1.964020378064646e-05
7.8740000000000006,0.0001527245122681098,0.002187040180527733,0.016485599899633607,0.008623705801248382,2.9279367041334936e-05,1.9600258537755266e-05
7.876,0.00015245548207620807,0.0021849173435550817,0.016484053963454315,0.008623128922795598,2.9223719542059712e-05,1.9560394537654346e-05
7.878,0.00015218692528096156,0.002182796567125278,0.016482508171439925,0.008622552083424884,2.9168177802629813e-05,1.9520611615142514e-05
7.88,0.000151918841049703,0.002180677849238366,0.016480962523578002,0.008621975283133132,2.9112741622094873e-05,1.9480909605240626e-05
7.882000000000001,0.00015165122855154145,0.0021785611878963884,0.016479417019856113,0.008621398521917234,2.9057410799948613e-05,1.9441288343191587e-05
7.884,0.00015138408695669625,0.002176446581103164,0.016477871660261822,0.008620821799774081,2.90021851359068e-05,1.940174766512648e-05
7.886,0.00015111741543716306,0.0021743340268645106,0.016476326444782474,0.008620245116700564,2.8947064430129288e-05,1.9362287406954337e-05
7.888,0.00015085121316626982,0.0021722235231882436,0.016474781373405634,0.008619668472693798,2.8892048483220023e-05,1.932290740502829e-05
7.890000000000001,0.00015058547931867672,0.0021701150680839554,0.016473236446118866,0.00861909186775045,2.8837137096004994e-05,1.9283607496367594e-05
7.892,0.00015032021307082033,0.0021680086595632364,0.016471691662909516,0.008618515301867635,2.878233006975428e-05,1.9244387517769468e-05
7.894,0.00015005541360024743,0.0021659042956396757,0.016470147023765147,0.008617938775042466,2.872762720618205e-05,1.9205247306919304e-05
7.896,0.00014979108008628117,0.0021638019743288606,0.016468602528673326,0.008617362287271613,2.8673028307224513e-05,1.9166186701502497e-05
7.898000000000001,0.0001495272117093549,0.002161701693648155,0.016467058177621396,0.008616785838552188,2.8618533175261973e-05,1.912720553964853e-05
7.9,0.0001492638076514563,0.0021596034516169205,0.016465513970597145,0.008616209428881083,2.8564141613340865e-05,1.9088303659708927e-05
7.902,0.00014900086709612737,0.002157507246256296,0.016463969907587916,0.00861563305825519,2.8509853424507625e-05,1.904948090047931e-05
7.904,0.0001487383892280203,0.0021554130755896406,0.016462425988581053,0.0086150567266714,2.8455668412252777e-05,1.9010737100977337e-05
7.906000000000001,0.0001484763732337857,0.002153320937641867,0.01646088221356412,0.008614480434126603,2.8401586380510935e-05,1.897207210066476e-05
7.908,0.0001482148183009624,0.0021512308304401095,0.016459338582524685,0.008613904180617915,2.8347607133438757e-05,1.8933485739225375e-05
7.91,0.0001479537236188655,0.0021491427520132778,0.01645779509545031,0.008613327966142226,2.8293730475859036e-05,1.8894977856787065e-05
7.912,0.0001476930883779204,0.002147056700392058,0.016456251752328566,0.008612751790696427,2.8239956212816608e-05,1.885654829369976e-05
7.914000000000001,0.0001474329117703288,0.0021449726736093577,0.01645470855314679,0.008612175654277632,2.8186284149578356e-05,1.8818196890757477e-05
7.916,0.00014717319298940268,0.0021428906696998595,0.01645316549789233,0.008611599556882732,2.813271409185525e-05,1.8779923488754235e-05
7.918,0.00014691393123023033,0.002140810686700023,0.016451622586552972,0.008611023498508619,2.8079245846024392e-05,1.874172792937223e-05
7.92,0.0001466551256890103,0.0021387327226483066,0.01645007981911606,0.008610447479152183,2.802587921846289e-05,1.8703610054071618e-05
7.922000000000001,0.00014639677556327335,0.002136656775585166,0.016448537195569157,0.008609871498810318,2.7972614015991937e-05,1.866556970497868e-05
7.924,0.00014613888005232667,0.0021345828435528347,0.01644699471589961,0.008609295557480134,2.791945004609886e-05,1.8627606724219703e-05
7.926,0.00014588143835658762,0.002132510924595543,0.016445452380094983,0.008608719655158525,2.786638711604894e-05,1.8589720954587108e-05
7.928,0.0001456244496780279,0.002130441016759299,0.01644391018814284,0.008608143791842382,2.7813425033995642e-05,1.855191223909536e-05
7.930000000000001,0.00014536791321972942,0.0021283731180921084,0.01644236814003075,0.008607567967528595,2.776056360831447e-05,1.8514180420980964e-05
7.932,0.00014511182818677248,0.0021263072266437533,0.016440826235746053,0.00860699218221428,2.7707802647602975e-05,1.8476525343702477e-05
7.934,0.0001448561937851256,0.0021242433404662364,0.016439284475276317,0.008606416435896325,2.765514196112484e-05,1.8438946851384586e-05
7.936,0.00014460100922231156,0.002122181457612893,0.016437742858609106,0.008605840728571623,2.7602581358143752e-05,1.8401444788151977e-05
7.938,0.00014434627370718545,0.0021201215761395,0.016436201385731763,0.008605265060237288,2.7550120648367482e-05,1.8364018998573428e-05
7.94,0.0001440919864499346,0.0021180636941033892,0.016434660056631856,0.008604689430890211,2.749775964216994e-05,1.8326669327661804e-05
7.942,0.0001438381466625227,0.0021160078095638912,0.016433118871296948,0.008604113840527283,2.744549814992503e-05,1.828939562042997e-05
7.944,0.00014358475355780165,0.0021139539205821123,0.016431577829714383,0.008603538289145396,2.739333598245075e-05,1.8252197722334884e-05
7.946,0.00014333180635039966,0.0021119020252211573,0.016430036931871728,0.008602962776741663,2.7341272951009188e-05,1.8215075479277587e-05
7.948,0.0001430793042560552,0.0021098521215461297,0.016428496177756546,0.008602387303312753,2.7289308867306517e-05,1.817802873738117e-05
7.95,0.00014282724649206102,0.002107804207623687,0.016426955567356405,0.008601811868856002,2.7237443543270956e-05,1.8141057343212807e-05
7.952,0.00014257563227704217,0.002105758281522707,0.016425415100658647,0.008601236473368079,2.718567679105277e-05,1.810416114333968e-05
7.954,0.0001423244608307339,0.0021037143413136228,0.016423874777650838,0.008600661116846098,2.713400842346836e-05,1.80673399849951e-05
7.956,0.00014207373137464785,0.0021016723850688646,0.01642233459832032,0.00860008579928695,2.7082438253556163e-05,1.803059371541238e-05
7.958,0.00014182344313140582,0.0020996324108628617,0.01642079456265466,0.008599510520687526,2.703096609457667e-05,1.7993922182268918e-05
7.96,0.000141573595325184,0.0020975944167718197,0.016419254670641426,0.008598935281044717,2.6979591760234456e-05,1.7957325233686205e-05
7.962,0.00014132418718149076,0.0020955584008737205,0.01641771492226818,0.008598360080355638,2.6928315064678188e-05,1.7920802717785733e-05
7.964,0.00014107521792694477,0.0020935243612487664,0.016416175317522264,0.00859778491861718,2.687713582250062e-05,1.7884354483355125e-05
7.966,0.00014082668678994104,0.002091492295978492,0.016414635856391246,0.008597209795826455,2.6826053848294507e-05,1.7847980379182005e-05
7.968,0.00014057859299976272,0.0020894622031464305,0.016413096538862693,0.008596634711980355,2.6775068957318737e-05,1.781168025472013e-05
7.97,0.0001403309357872473,0.002087434080838335,0.016411557364923945,0.008596059667075773,2.67241809648322e-05,1.777545395942326e-05
7.972,0.00014008371438478662,0.002085407927141514,0.01641001833456257,0.008595484661109598,2.6673389686981963e-05,1.7739301342967195e-05
7.974,0.00013983692802588266,0.0020833837401452726,0.01640847944776591,0.008594909694078945,2.6622694939915093e-05,1.7703222255693873e-05
7.976,0.00013959057594559177,0.002081361517940472,0.016406940704521755,0.008594334765980705,2.65720965400007e-05,1.766721654794523e-05
7.978,0.00013934465737985846,0.002079341258620193,0.016405402104817446,0.008593759876811768,2.6521594304274032e-05,1.763128407050729e-05
7.98,0.00013909917156662566,0.002077322960279293,0.016403863648640327,0.00859318502656925,2.6471188049770333e-05,1.7595424674388127e-05
7.982,0.00013885411774472445,0.0020753066210141835,0.016402325335978185,0.00859261021525004,2.6420877594413028e-05,1.7559638211039896e-05
7.984,0.0001386094951543182,0.0020732922389234965,0.016400787166818365,0.008592035442851031,2.6370662755903496e-05,1.752392453191476e-05
7.986,0.00013836530303712458,0.0020712798121076403,0.01639924914114821,0.008591460709369336,2.632054335260925e-05,1.7488283489131007e-05
7.988,0.00013812154063619353,0.002069269338668578,0.016397711258955505,0.008590886014801624,2.6270519203119846e-05,1.745271493502898e-05
7.99,0.00013787820719568522,0.0020672608167104922,0.016396173520227597,0.00859031135914523,2.622059012624689e-05,1.7417218722171057e-05
7.992,0.00013763530196109208,0.002065254244339121,0.01639463592495205,0.008589736742396825,2.6170755941468116e-05,1.738179470334167e-05
7.994,0.0001373928241796829,0.0020632496196621997,0.016393098473116208,0.008589162164553521,2.6121016468483305e-05,1.734644273176933e-05
7.996,0.0001371507730993926,0.002061246940789463,0.016391561164707635,0.00858858762561221,2.6071371527214282e-05,1.73111626609046e-05
7.998,0.00013690914796993248,0.002059246205831977,0.0163900239997139,0.008588013125570004,2.6021820938026963e-05,1.7275954344420086e-05
8.0,0.00013666794804234605,0.0020572474129030294,0.01638848697812234,0.008587438664423797,2.597236452173135e-05,1.724081763643248e-05
8.002,0.00013642717256878711,0.002055250560117683,0.016386950099920528,0.008586864242170478,2.592300209913745e-05,1.720575239150257e-05
8.004,0.0001361868208027417,0.0020532556455927775,0.016385413365096024,0.008586289858807161,2.5873733491721396e-05,1.7170758463969094e-05
8.006,0.0001359468919990281,0.002051262667446929,0.016383876773636397,0.008585715514330738,2.5824558521181373e-05,1.7135835709058966e-05
8.008000000000001,0.0001357073854137969,0.0020492716238007525,0.016382340325528988,0.0085851412087381,2.577547700943761e-05,1.7100983981777063e-05
8.01,0.00013546830030453094,0.002047282512776416,0.016380804020761364,0.008584566942026362,2.5726488779076462e-05,1.706620313779439e-05
8.012,0.00013522963593004533,0.002045295332498309,0.016379267859320867,0.008583992714192412,2.5677593652684294e-05,1.7031493033003997e-05
8.014,0.00013499139155048745,0.0020433100810923754,0.016377731841195065,0.008583418525233144,2.5628791453291555e-05,1.6996853523298938e-05
8.016,0.0001347535664271149,0.0020413267566863347,0.01637619596637152,0.00858284437514567,2.5580082004372784e-05,1.6962284465238398e-05
8.018,0.00013451615982251752,0.002039345357409683,0.0163746602348378,0.008582270263926883,2.5531465129624564e-05,1.6927785715603605e-05
8.02,0.00013427917100083953,0.0020373658813939155,0.01637312464658125,0.008581696191573673,2.548294065318757e-05,1.6893357131397835e-05
8.022,0.0001340425992273353,0.0020353883267723027,0.01637158920158943,0.008581122158083154,2.5434508399424516e-05,1.6858998569846406e-05
8.024000000000001,0.00013380644376836948,0.0020334126916798922,0.01637005389984969,0.008580548163452217,2.5386168192920167e-05,1.6824709888618727e-05
8.026,0.00013357070389208303,0.0020314389742537298,0.01636851874134959,0.008579974207677976,2.5337919858925417e-05,1.6790490945384207e-05
8.028,0.00013333537886728308,0.0020294671726321933,0.0163669837260767,0.008579400290757322,2.5289763222691164e-05,1.6756341598478386e-05
8.03,0.0001331004679645531,0.0020274972849558814,0.016365448854018583,0.008578826412687146,2.524169810991239e-05,1.6722261706236807e-05
8.032,0.00013286597045580884,0.002025529309367169,0.016363914125162582,0.008578252573464562,2.5193724346728175e-05,1.6688251127439102e-05
8.034,0.00013263188561363215,0.002023563244009985,0.016362379539496263,0.008577678773086461,2.5145841759721677e-05,1.665430972130899e-05
8.036,0.00013239821271260332,0.002021599087030257,0.016360845097007193,0.008577105011549735,2.5098050175254016e-05,1.662043734684815e-05
8.038,0.00013216495102796877,0.002019636836575689,0.016359310797682713,0.008576531288851497,2.505034942057449e-05,1.658663386394643e-05
8.040000000000001,0.00013193209983675125,0.002017676490795761,0.01635777664151039,0.008575957604988638,2.5002739323154444e-05,1.6552899132271648e-05
8.042,0.00013169965841708375,0.0020157180478419523,0.01635624262847757,0.008575383959958272,2.4955219710465215e-05,1.6519233011935697e-05
8.044,0.00013146762604798745,0.0020137615058670733,0.016354708758572034,0.00857481035375729,2.4907790410866326e-05,1.648563536371661e-05
8.046,0.0001312360020104819,0.0020118068630261554,0.01635317503178091,0.008574236786382583,2.4860451252495253e-05,1.645210604817038e-05
8.048,0.00013100478558625284,0.0020098541174757845,0.01635164144809198,0.008573663257831265,2.481320206393356e-05,1.6418644926297077e-05
8.05,0.0001307739760583182,0.0020079032673743225,0.016350108007492592,0.008573089768100228,2.4766042674428945e-05,1.6385251859318828e-05
8.052,0.00013054357271125028,0.00200595431088213,0.01634857470997031,0.008572516317186585,2.471897291322911e-05,1.6351926708901843e-05
8.054,0.00013031357483073158,0.0020040072461611214,0.016347041555512698,0.008571942905087226,2.4671992609803794e-05,1.6318669336934377e-05
8.056000000000001,0.00013008398170355484,0.002002062071374988,0.0163455085441071,0.008571369531799045,2.462510159428888e-05,1.628547960552673e-05
8.058,0.00012985479261784505,0.0020001187846896418,0.016343975675741085,0.008570796197319153,2.4578299697042283e-05,1.6252357377233295e-05
8.06,0.00012962600686305947,0.001998177384272104,0.016342442950402214,0.008570222901644442,2.4531586748643974e-05,1.6219302514608458e-05
8.062,0.00012939762372998764,0.001996237868291839,0.016340910368077832,0.008569649644772026,2.4484962580118008e-05,1.61863148806507e-05
8.064,0.00012916964251052931,0.0019943002349196437,0.016339377928755505,0.008569076426698796,2.4438427022710485e-05,1.6153394338802585e-05
8.066,0.0001289420624979165,0.0019923644823280906,0.0163378456324228,0.008568503247421644,2.439197990788955e-05,1.612054075228464e-05
8.068,0.00012871488298626943,0.001990430608691751,0.016336313479067055,0.008567930106937682,2.434562106778948e-05,1.6087753985205566e-05
8.07,0.00012848810327148463,0.001988498612186973,0.01633478146867584,0.008567357005243803,2.4299350334544556e-05,1.605503390145202e-05
8.072000000000001,0.00012826172265034685,0.001986568490991436,0.01633324960123672,0.00856678394233712,2.42531675405111e-05,1.6022380365576794e-05
8.074,0.0001280357404209731,0.001984640243285263,0.01633171787673704,0.008566210918214523,2.4207072518933614e-05,1.5989793242132677e-05
8.076,0.00012781015588281264,0.001982713867249908,0.01633018629516436,0.008565637932873127,2.416106510261251e-05,1.595727239611655e-05
8.078,0.00012758496833642496,0.0019807893610686023,0.016328654856506253,0.008565064986309823,2.411514512523638e-05,1.592481769274734e-05
8.08,0.0001273601770834798,0.0019788667229263535,0.016327123560750056,0.008564492078521502,2.406931242071586e-05,1.5892428997466013e-05
8.082,0.00012713578142720117,0.0019769459510101672,0.016325592407883338,0.008563919209505277,2.402356682318363e-05,1.5860106175935584e-05
8.084,0.00012691178067170128,0.0019750270435086037,0.016324061397893663,0.008563346379258263,2.397790816699441e-05,1.5827849094263158e-05
8.086,0.00012668817412264666,0.0019731099986119993,0.016322530530768375,0.008562773587777128,2.393233628694702e-05,1.579565761877788e-05
8.088000000000001,0.000126464961086592,0.001971194814512467,0.016320999806495262,0.008562200835059208,2.3886851018062316e-05,1.5763531616030946e-05
8.09,0.00012624214087142427,0.0019692814894038957,0.016319469225061445,0.008561628121101172,2.3841452195805246e-05,1.573147095279559e-05
8.092,0.00012601971278658475,0.001967370021481729,0.01631793878645471,0.008561055445900134,2.3796139655862802e-05,1.569947549628914e-05
8.094,0.00012579767614218085,0.001965460408943631,0.016316408490662404,0.008560482809453207,2.3750913234144022e-05,1.566754511372892e-05
8.096,0.0001255760302498743,0.001963552649988376,0.016314878337671868,0.008559910211757282,2.3705772767224076e-05,1.5635679672998393e-05
8.098,0.00012535477442243703,0.00196164674281718,0.01631334832747089,0.008559337652809473,2.366071809145609e-05,1.5603879041758972e-05
8.1,0.00012513390797375123,0.0019597426856323708,0.016311818460046812,0.008558765132606672,2.361574904408137e-05,1.557214308833821e-05
8.102,0.00012491343021925339,0.001957840476638495,0.0163102887353872,0.008558192651145768,2.3570865462119173e-05,1.554047168106365e-05
8.104000000000001,0.0001246933404750461,0.0019559401140414323,0.016308759153479402,0.008557620208423877,2.3526067183254895e-05,1.550886468892898e-05
8.106,0.00012447363805900835,0.001954041596049283,0.016307229714310978,0.00855704780443789,2.3481354045395975e-05,1.5477321980705838e-05
8.108,0.00012425432228968525,0.0019521449208714792,0.016305700417869495,0.008556475439184918,2.3436725886671894e-05,1.544584342560995e-05
8.11,0.00012403539248739825,0.0019502500867192296,0.01630417126414252,0.008555903112661856,2.3392182545656226e-05,1.5414428893301135e-05
8.112,0.00012381684797313497,0.0019483570918057413,0.016302642253117394,0.008555330824865814,2.3347723861144587e-05,1.538307825343921e-05
8.114,0.00012359868806921526,0.0019464659343457758,0.016301113384781685,0.008554758575793686,2.330334967215464e-05,1.5351791376128077e-05
8.116,0.00012338091209929125,0.0019445766125558706,0.016299584659122734,0.008554186365442584,2.325905981814813e-05,1.532056813169369e-05
8.118,0.00012316351938834735,0.0019426891246543398,0.01629805607612811,0.0085536141938094,2.321485413880886e-05,1.528940839090609e-05
8.120000000000001,0.0001229465092620341,0.001940803468861052,0.016296527635785374,0.008553042060891247,2.317073247426471e-05,1.525831202431327e-05
8.122,0.00012272988104777838,0.0019389196433976519,0.016294999338082095,0.008552469966685017,2.3126694664643566e-05,1.522727890312936e-05
8.124,0.00012251363407367322,0.0019370376464877825,0.016293471183005614,0.0085518979111876,2.3082740550739445e-05,1.5196308898790534e-05
8.126,0.00012229776766936595,0.0019351574763564194,0.0162919431705435,0.008551325894396111,2.303886997356841e-05,1.516540188295501e-05
8.128,0.0001220822811653921,0.0019332791312305364,0.016290415300683092,0.008550753916307663,2.2995082774146525e-05,1.5134557727281006e-05
8.13,0.00012186717389361945,0.0019314026093386616,0.01628888757341196,0.008550181976919147,2.2951378794155985e-05,1.5103776304092875e-05
8.132,0.00012165244518724805,0.0019295279089110995,0.016287359988717665,0.008549610076227676,2.2907757875501034e-05,1.5073057485714969e-05
8.134,0.00012143809438036612,0.001927655028179931,0.016285832546587775,0.008549038214230142,2.2864219860307955e-05,1.5042401144915729e-05
8.136000000000001,0.00012122412080839418,0.0019257839653790132,0.016284305247009634,0.008548466390923437,2.282076459092508e-05,1.5011807154685641e-05
8.138,0.00012101052380786292,0.0019239147187437577,0.016282778089970806,0.008547894606304673,2.277739191014483e-05,1.4981275388015192e-05
8.14,0.00012079730271663536,0.0019220472865111304,0.016281251075458858,0.008547322860370965,2.2734101660981665e-05,1.4950805718561e-05
8.142,0.00012058445687346264,0.0019201816669203176,0.016279724203461132,0.008546751153119203,2.2690893686672098e-05,1.4920398019757641e-05
8.144,0.00012037198561842821,0.0019183178582118376,0.016278197473965195,0.008546179484546501,2.2647767830896726e-05,1.4890052165705825e-05
8.146,0.00012015988829250368,0.0019164558586279856,0.01627667088695861,0.00854560785464975,2.2604723937780236e-05,1.4859768030728304e-05
8.148,0.00011994816423821497,0.0019145956664126107,0.016275144442428724,0.008545036263425843,2.2561761851447315e-05,1.4829545489147833e-05
8.15,0.00011973681279919823,0.0019127372798115605,0.0162736181403631,0.00854446471087189,2.2518881416244696e-05,1.4799384415731254e-05
8.152000000000001,0.00011952583331997779,0.001910880697072237,0.016272091980749304,0.008543893196985008,2.2476082477185244e-05,1.4769284685467454e-05
8.154,0.00011931522514641024,0.0019090259164438184,0.01627056596357468,0.008543321721762087,2.2433364879281825e-05,1.4739246173789411e-05
8.156,0.0001191049876254624,0.0019071729361770373,0.01626904008882679,0.00854275028520024,2.2390728467991394e-05,1.4709268755908056e-05
8.158,0.00011889512010543335,0.0019053217545246248,0.016267514356493207,0.008542178887296359,2.234817308899295e-05,1.4679352307700455e-05
8.16,0.00011868562193528831,0.0019034723697404221,0.016265988766561268,0.008541607528047557,2.2305698588409584e-05,1.4649496705043674e-05
8.162,0.00011847649246554681,0.001901624780080713,0.01626446331901854,0.008541036207450725,2.2263304812364382e-05,1.4619701824258868e-05
8.164,0.00011826773104783861,0.0018997789838028911,0.01626293801385259,0.008540464925502977,2.2220991607646567e-05,1.4589967541889237e-05
8.166,0.00011805933703490368,0.0018979349791663491,0.016261412851050983,0.008539893682201427,2.2178758821045363e-05,1.4560293734700025e-05
8.168000000000001,0.00011785130978037017,0.0018960927644318115,0.01625988783060106,0.008539322477542743,2.2136606299572037e-05,1.453068027967852e-05
8.17,0.00011764364863942056,0.0018942523378622234,0.01625836295249017,0.008538751311524262,2.209453389090399e-05,1.4501127054034058e-05
8.172,0.00011743635296790345,0.001892413697721862,0.016256838216706093,0.008538180184142874,2.2052541442496576e-05,1.4471633935198014e-05
8.174,0.00011722942212322174,0.001890576842276781,0.01625531362323618,0.00853760909539547,2.2010628802693333e-05,1.4442200801045857e-05
8.176,0.00011702285546388858,0.0018887417697945885,0.01625378917206799,0.008537038045279166,2.196879581961575e-05,1.4412827529675099e-05
8.178,0.00011681665234908323,0.0018869084785448909,0.016252264863189092,0.008536467033791073,2.192704234205145e-05,1.438351399918325e-05
8.18,0.00011661081213953928,0.0018850769667986267,0.01625074069658683,0.008535896060928083,2.188536821878806e-05,1.435426008788987e-05
8.182,0.00011640533419710053,0.001883247232828511,0.016249216672248767,0.00853532512668731,2.1843773298835245e-05,1.4325065674780646e-05
8.184000000000001,0.00011620021788449897,0.0018814192749092573,0.01624769279016225,0.008534754231065644,2.180225743186881e-05,1.429593063884127e-05
8.186,0.00011599546256579885,0.0018795930913166892,0.016246169050315062,0.0085341833740602,2.1760820467564557e-05,1.4266854859279476e-05
8.188,0.00011579106760595259,0.0018777686803286286,0.01624464545269455,0.00853361255566809,2.1719462256042377e-05,1.4237838215525045e-05
8.19,0.00011558703237146695,0.0018759460402246741,0.016243121997288057,0.008533041775886208,2.1678182647644206e-05,1.4208880587451844e-05
8.192,0.00011538335622951479,0.0018741251692857563,0.01624159868408337,0.008532471034711442,2.1636981492934027e-05,1.4179981854711698e-05
8.194,0.00011518003854837922,0.0018723060657948043,0.01624007551306783,0.008531900332140907,2.1595858642919907e-05,1.415114189784461e-05
8.196,0.00011497707869789764,0.0018704887280363014,0.016238552484229007,0.008531329668171717,2.155481394860992e-05,1.4122360597168537e-05
8.198,0.0001147744760485736,0.0018686731542962853,0.016237029597554242,0.008530759042800762,2.1513847261678265e-05,1.4093637833445527e-05
8.2,0.00011457222997202088,0.0018668593428625702,0.0162355068530311,0.008530188456025156,2.147295843379915e-05,1.4064973487437626e-05
8.202,0.00011437033984140754,0.0018650472920247463,0.01623398425064715,0.008529617907841791,2.143214731686882e-05,1.4036367440573017e-05
8.204,0.00011416880503056781,0.0018632370000737364,0.01623246179038973,0.00852904739824778,2.1391413763227618e-05,1.4007819574057834e-05
8.206,0.00011396762491466816,0.0018614284653024615,0.01623093947224663,0.008528476927240236,2.1350757625659966e-05,1.3979329769764348e-05
8.208,0.00011376679886976326,0.001859621686005175,0.016229417296204973,0.008527906494816051,2.131017875672825e-05,1.395089790956483e-05
8.21,0.00011356632627324004,0.0018578166604781288,0.016227895262252545,0.008527336100972338,2.1269677009883026e-05,1.3922523875553594e-05
8.212,0.00011336620650337359,0.0018560133870189066,0.01622637337037669,0.008526765745705989,2.1229252238352814e-05,1.3894207550047e-05
8.214,0.00011316643893954925,0.001854211863927091,0.016224851620564973,0.008526195429014116,2.1188904295810218e-05,1.3865948815805496e-05
8.216,0.00011296702296248462,0.0018524120895035967,0.01622333001280496,0.008525625150893612,2.1148633036371933e-05,1.383774755558953e-05
8.218,0.00011276795795378547,0.0018506140620511147,0.016221808547083993,0.00852505491134159,2.11084383143767e-05,1.3809603652603641e-05
8.22,0.0001125692432961678,0.0018488177798738903,0.01622028722338964,0.008524484710355162,2.1068319984163253e-05,1.3781516990274412e-05
8.222,0.00011237087837345783,0.0018470232412779453,0.016218766041709465,0.008523914547931222,2.102827790073647e-05,1.3753487452028423e-05
8.224,0.00011217286257036996,0.0018452304445710777,0.016217245002031033,0.008523344424066881,2.098831191910122e-05,1.3725514921736348e-05
8.226,0.0001119751952731729,0.0018434393880624178,0.01621572410434169,0.008522774338759254,2.0948421894484426e-05,1.3697599283490902e-05
8.228,0.00011177787586857946,0.0018416500700628724,0.016214203348628997,0.008522204292005231,2.0908607682779135e-05,1.3669740421384802e-05
8.23,0.00011158090374507879,0.0018398624888849024,0.0162126827348803,0.008521634283801705,2.0868869139656354e-05,1.3641938220176897e-05
8.232,0.00011138427829160413,0.0018380766428429673,0.016211162263083168,0.00852106431414601,2.0829206121453225e-05,1.3614192564403993e-05
8.234,0.00011118799889864306,0.0018362925302526367,0.01620964193322516,0.008520494383035038,2.0789618484728933e-05,1.358650333926903e-05
8.236,0.00011099206495734926,0.0018345101494314786,0.016208121745293846,0.00851992449046568,2.0750106086042663e-05,1.3558870429974945e-05
8.238,0.00011079647586043073,0.0018327294986983933,0.016206601699276568,0.00851935463643505,2.071066878239769e-05,1.3531293721946724e-05
8.24,0.00011060123100103958,0.0018309505763742795,0.01620508179516089,0.008518784820940262,2.0671306431241376e-05,1.3503773100831395e-05
8.242,0.00011040632977410425,0.0018291733807815902,0.016203562032934382,0.008518215043978428,2.0632018890021087e-05,1.3476308452498031e-05
8.244,0.00011021177157499729,0.0018273979102441107,0.016202042412584383,0.00851764530554644,2.059280601640623e-05,1.3448899663259795e-05
8.246,0.0001100175558004235,0.0018256241630876247,0.01620052293409846,0.008517075605641189,2.0553667668732345e-05,1.3421546619429847e-05
8.248,0.00010982368184819791,0.001823852137639248,0.01619900359746418,0.008516505944259789,2.0514603705334977e-05,1.3394249207543396e-05
8.25,0.00010963014911702373,0.001822081832227651,0.016197484402669104,0.008515936321399353,2.0475613984771712e-05,1.3367007314579737e-05
8.252,0.00010943695700693645,0.0018203132451835025,0.01619596534970058,0.008515366737056995,2.0436698366044226e-05,1.3339820827740212e-05
8.254,0.00010924410491863767,0.0018185463748390251,0.016194446438546173,0.008514797191229606,2.0397856708154194e-05,1.331268963422616e-05
8.256,0.00010905159225438332,0.0018167812195277744,0.016192927669193447,0.0085142276839143,2.035908887054738e-05,1.3285613621460968e-05
8.258000000000001,0.00010885941841687341,0.0018150177775850818,0.016191409041629745,0.008513658215107966,2.0320394713113643e-05,1.3258592677312109e-05
8.26,0.00010866758281036226,0.0018132560473478332,0.016189890555842634,0.008513088784807943,2.0281774095742833e-05,1.3231626689647058e-05
8.262,0.00010847608483999238,0.001811496027154691,0.01618837221181968,0.008512519393010898,2.024322687854685e-05,1.3204715546999424e-05
8.264,0.00010828492391179445,0.0018097377153458716,0.016186854009548224,0.008511950039714167,2.020475292208168e-05,1.3177859137458725e-05
8.266,0.00010809409943313142,0.001807981110263146,0.016185335949016055,0.008511380724914641,2.016635208712536e-05,1.315105735000266e-05
8.268,0.00010790361081225441,0.0018062262102498394,0.016183818030210517,0.008510811448609212,2.012802423490001e-05,1.312431007338688e-05
8.27,0.00010771345745830274,0.0018044730136510534,0.016182300253118953,0.008510242210795216,2.0089769226405707e-05,1.3097617196811129e-05
8.272,0.00010752363878174798,0.0018027215188132217,0.016180782617728928,0.008509673011469543,2.0051586923308662e-05,1.3070978609475148e-05
8.274000000000001,0.00010733415419394987,0.0018009717240845546,0.01617926512402823,0.008509103850629085,2.001347718749713e-05,1.3044394201244813e-05
8.276,0.00010714500310715636,0.0017992236278150386,0.01617774777200398,0.008508534728271178,1.9975439881081414e-05,1.3017863861763956e-05
8.278,0.00010695618493494763,0.0017974772283559926,0.016176230561643967,0.008507965644392712,1.9937474866393856e-05,1.2991387480898453e-05
8.28,0.00010676769909179207,0.0017957325240605115,0.016174713492935533,0.00850739659899058,1.9899582005988847e-05,1.2964964949180313e-05
8.282,0.00010657954499304623,0.001793989513283245,0.016173196565866244,0.008506827592062116,1.986176116264282e-05,1.2938596156919502e-05
8.284,0.00010639172205539893,0.001792248194380175,0.016171679780423442,0.008506258623604213,1.9824012199576302e-05,1.2912280994870073e-05
8.286,0.00010620422969642718,0.0017905085657092812,0.016170163136594917,0.00850568969361376,1.9786334980231857e-05,1.2886019354008127e-05
8.288,0.00010601706733459615,0.0017887706256300984,0.01616864663436801,0.008505120802088095,1.9748729368274098e-05,1.2859811125531806e-05
8.290000000000001,0.00010583023438948125,0.0017870343725034932,0.01616713027373029,0.008504551949024108,1.9711195227589684e-05,1.2833656200639254e-05
8.292,0.0001056437302817681,0.0017852998046918866,0.016165614054669097,0.008503983134418691,1.9673732422287316e-05,1.2807554470972704e-05
8.294,0.00010545755443303051,0.0017835669205596982,0.016164097977172,0.008503414358269179,1.963634081669774e-05,1.2781505828396433e-05
8.296,0.0001052717062659525,0.0017818357184724576,0.01616258204122656,0.008502845620572463,1.959902027559579e-05,1.275551016477472e-05
8.298,0.00010508618520410629,0.0017801061967976928,0.016161066246820344,0.008502276921325658,1.956177066397835e-05,1.2729567372637973e-05
8.3,0.00010490099067239633,0.0017783783539042641,0.016159550593940697,0.008501708260525653,1.9524591847064343e-05,1.2703677344294562e-05
8.302,0.00010471612209639325,0.0017766521881628083,0.016158035082575184,0.008501139638169564,1.9487483690294738e-05,1.2677839972274896e-05
8.304,0.00010453157890277787,0.0017749276979452944,0.01615651971271137,0.008500571054254502,1.945044605933255e-05,1.265205514977552e-05
8.306000000000001,0.00010434736051934124,0.0017732048816252455,0.01615500448433682,0.008500002508777582,1.9413478820062835e-05,1.2626322769770937e-05
8.308,0.00010416346637454055,0.0017714837375781833,0.01615348939743888,0.008499434001735695,1.9376581838814744e-05,1.2600642725679734e-05
8.31,0.0001039798958983873,0.0017697642641809619,0.016151974452005113,0.008498865533125954,1.9339754982139468e-05,1.2575014910920501e-05
8.312,0.00010379664852155912,0.0017680464598117673,0.016150459648023086,0.008498297102945251,1.93029981165882e-05,1.2549439219355918e-05
8.314,0.00010361372367562183,0.0017663303228507843,0.01614894498548014,0.008497728711190922,1.9266311109378265e-05,1.2523915544848663e-05
8.316,0.0001034311207934735,0.0017646158516793076,0.016147430464363843,0.008497160357859856,1.9229693827504946e-05,1.2498443781705504e-05
8.318,0.00010324883930867834,0.0017629030446806304,0.01614591608466176,0.008496592042948947,1.9193146138629658e-05,1.2473023824455254e-05
8.32,0.00010306687865613284,0.0017611919002396004,0.016144401846361456,0.00849602376645553,1.915666791019177e-05,1.2447655567626725e-05
8.322000000000001,0.00010288523827139961,0.0017594824167421752,0.016142887749450274,0.008495455528376494,1.9120259010518836e-05,1.242233890619282e-05
8.324,0.0001027039175911515,0.001757774592576311,0.01614137379391578,0.008494887328708955,1.9083919307716357e-05,1.2397073734904396e-05
8.326,0.00010252291605317154,0.0017560684261315185,0.01613985997974554,0.008494319167449804,1.9047648670333928e-05,1.2371859949400488e-05
8.328,0.000102342233096131,0.0017543639157986402,0.01613834630692712,0.008493751044596376,1.901144696692114e-05,1.2346697444876042e-05
8.33,0.00010216186815981132,0.0017526610599702952,0.016136832775447862,0.008493182960145562,1.8975314066693727e-05,1.232158611719214e-05
8.332,0.00010198182068466011,0.001750959857040435,0.016135319385295332,0.008492614914094254,1.8939249838645367e-05,1.2296525862209862e-05
8.334,0.00010180209011245722,0.0017492603054047873,0.016133806136457096,0.008492046906439787,1.8903254152435878e-05,1.2271516576234376e-05
8.336,0.00010162267588564866,0.001747562403460412,0.01613229302892072,0.008491478937179053,1.886732687794712e-05,1.2246558155348808e-05
8.338000000000001,0.00010144357744801269,0.0017458661496061456,0.016130780062673544,0.008490911006309165,1.8831467884838915e-05,1.2221650496080372e-05
8.34,0.0001012647942439937,0.0017441715422423787,0.016129267237703138,0.008490343113827237,1.8795677043659254e-05,1.2196793495400371e-05
8.342,0.00010108632571914633,0.0017424785797708342,0.016127754553997065,0.008489775259730159,1.8759954224512043e-05,1.2171987050280109e-05
8.344,0.00010090817132013541,0.0017407872605947894,0.01612624201154267,0.008489207444015046,1.872429929838937e-05,1.2147231057690888e-05
8.346,0.00010073033049429192,0.00173909758311952,0.016124729610327515,0.00848863966667901,1.8688712136283314e-05,1.2122525415048102e-05
8.348,0.00010055280269027911,0.0017374095457514116,0.01612321735033917,0.008488071927719165,1.8653192609185965e-05,1.2097870020211232e-05
8.35,0.00010037558735742635,0.0017357231468984047,0.016121705231565198,0.008487504227132403,1.8617740588755538e-05,1.207326477059567e-05
8.352,0.00010019868394617326,0.0017340383849702157,0.016120193253992943,0.008486936564915837,1.8582355946650253e-05,1.2048709564504989e-05
8.354000000000001,0.00010002209190784761,0.0017323552583778934,0.016118681417610192,0.00848636894106658,1.8547038554750372e-05,1.2024204300020713e-05
8.356,9.984581069466536e-05,0.001730673765534263,0.01611716972240429,0.008485801355581746,1.851178828538025e-05,1.1999748875668459e-05
8.358,9.966983976017474e-05,0.0017289939048532599,0.01611565816836258,0.008485233808458226,1.8476605010864233e-05,1.1975343189973842e-05
8.36,9.949417855859011e-05,0.0017273156747508178,0.016114146755472847,0.008484666299693133,1.8441488603970768e-05,1.1950987141906566e-05
8.362,9.9318826545014e-05,0.001725639073644425,0.016112635483722437,0.008484098829283582,1.8406438937468295e-05,1.1926680630436337e-05
8.364,9.91437831756592e-05,0.0017239640999526795,0.016111124353098916,0.008483531397226685,1.8371455884569343e-05,1.1902423554754904e-05
8.366,9.896904790762662e-05,0.0017222907520959563,0.016109613363589848,0.008482964003519333,1.833653931870849e-05,1.1878215814498105e-05
8.368,9.879462019912744e-05,0.0017206190284961842,0.016108102515182576,0.008482396648158863,1.8301689113542352e-05,1.1854057309079735e-05
8.370000000000001,9.8620499509261e-05,0.0017189489275768466,0.016106591807864667,0.008481829331142166,1.8266905142949597e-05,1.1829947938579721e-05
8.372,9.844668529779277e-05,0.001717280447762981,0.016105081241623687,0.008481262052466132,1.823218728103093e-05,1.1805887602855947e-05
8.374,9.82731770258205e-05,0.0017156135874809575,0.0161035708164472,0.008480694812128098,1.819753540210911e-05,1.1781876202210384e-05
8.376,9.809997415533012e-05,0.0017139483451589221,0.01610206053232255,0.008480127610124955,1.8162949380950977e-05,1.1757913637389095e-05
8.378,9.792707614897367e-05,0.0017122847192261315,0.016100550389237522,0.008479560446453815,1.8128429092101328e-05,1.1733999808694051e-05
8.38,9.775448247051344e-05,0.0017106227081140624,0.016099040387179464,0.008478993321111794,1.8093974410771096e-05,1.1710134617315404e-05
8.382,9.758219258482193e-05,0.00170896231025508,0.016097530526135717,0.008478426234095782,1.805958521239326e-05,1.168631796422126e-05
8.384,9.741020595743777e-05,0.0017073035240833256,0.01609602080609407,0.008477859185403114,1.802526137240079e-05,1.166254975060177e-05
8.386000000000001,9.723852205500982e-05,0.0017056463480342732,0.016094511227041863,0.008477292175030682,1.799100276667076e-05,1.1638829878091173e-05
8.388,9.706714034529718e-05,0.0017039907805451726,0.016093001788966665,0.008476725202975599,1.7956809271080232e-05,1.1615158248101665e-05
8.39,9.6896060296503e-05,0.0017023368200548283,0.01609149249185604,0.008476158269234979,1.792268076195036e-05,1.1591534762711575e-05
8.392,9.672528137816272e-05,0.001700684465003377,0.016089983335697555,0.008475591373805713,1.7888617115824346e-05,1.1567959323999233e-05
8.394,9.655480306047792e-05,0.0016990337138325096,0.016088474320478552,0.008475024516684915,1.7854618209245388e-05,1.1544431834265012e-05
8.396,9.638462481498244e-05,0.0016973845649852493,0.016086965446186596,0.00847445769786992,1.782068391942282e-05,1.1520952196031331e-05
8.398,9.621474611365421e-05,0.0016957370169066177,0.016085456712809254,0.008473890917357396,1.778681412334393e-05,1.1497520311820608e-05
8.4,9.604516642980343e-05,0.0016940910680425247,0.01608394812033409,0.00847332417514468,1.7753008698662143e-05,1.1474136084599351e-05
8.402000000000001,9.587588523740642e-05,0.0016924467168411006,0.01608243966874845,0.008472757471228887,1.7719267522808835e-05,1.1450799417556112e-05
8.404,9.57069020113277e-05,0.0016908039617513637,0.016080931358039896,0.008472190805606905,1.768559047388152e-05,1.1427510213879444e-05
8.406,9.5538216227542e-05,0.0016891628012238868,0.016079423188195996,0.00847162417827585,1.765197742975566e-05,1.1404268376979942e-05
8.408,9.536982736313426e-05,0.0016875232337112411,0.016077915159204315,0.008471057589232833,1.7618428268972863e-05,1.138107381049025e-05
8.41,9.520173489563355e-05,0.001685885257667108,0.016076407271052418,0.00847049103847497,1.7584942870074727e-05,1.1357926418265052e-05
8.412,9.503393830367912e-05,0.001684248871546501,0.016074899523727648,0.00846992452599915,1.7551521111824897e-05,1.133482610438108e-05
8.414,9.486643706679843e-05,0.0016826140738064321,0.016073391917217572,0.008469358051802711,1.751816287343111e-05,1.1311772773137108e-05
8.416,9.469923066562913e-05,0.0016809808629050238,0.016071884451509755,0.008468791615882543,1.7484868034101098e-05,1.1288766328831912e-05
8.418000000000001,9.453231858169708e-05,0.0016793492373021746,0.01607037712659154,0.008468225218235759,1.7451636473264642e-05,1.1265806676430401e-05
8.42,9.436570029719427e-05,0.0016777191954591153,0.016068869942450714,0.008467658858859473,1.7418468070795612e-05,1.1242893720453395e-05
8.422,9.419937529520084e-05,0.0016760907358384092,0.016067362899074622,0.008467092537750576,1.7385362706567875e-05,1.1220027366087848e-05
8.424,9.403334306012923e-05,0.0016744638569043957,0.01606585599645083,0.008466526254906404,1.7352320260677345e-05,1.1197207518520713e-05
8.426,9.386760307683595e-05,0.0016728385571227466,0.0160643492345669,0.008465960010323847,1.7319340613664025e-05,1.1174434083160989e-05
8.428,9.370215483128774e-05,0.0016712148349609102,0.016062842613410178,0.008465393804000021,1.728642364628996e-05,1.1151706965417674e-05
8.43,9.353699781056157e-05,0.0016695926888872226,0.01606133613296845,0.008464827635932037,1.72535692393172e-05,1.11290260713659e-05
8.432,9.337213150217849e-05,0.0016679721173720186,0.016059829793229063,0.00846426150611701,1.7220777273729837e-05,1.1106391306858754e-05
8.434000000000001,9.320755539499181e-05,0.0016663531188869651,0.01605832359417958,0.00846369541455183,1.7188047631178094e-05,1.1083802578193414e-05
8.436,9.3043268978521e-05,0.0016647356919052836,0.016056817535807566,0.008463129361233834,1.7155380192868108e-05,1.1061259791667055e-05
8.438,9.287927174317367e-05,0.0016631198349015275,0.016055311618100365,0.008462563346159913,1.712277484067215e-05,1.10387628537989e-05
8.44,9.271556318024565e-05,0.0016615055463520267,0.016053805841045543,0.008461997369327179,1.7090231456684535e-05,1.1016311671330214e-05
8.442,9.255214278214297e-05,0.0016598928247339995,0.016052300204630887,0.008461431430732747,1.705774992322162e-05,1.0993906151224309e-05
8.444,9.238901004171574e-05,0.0016582816685268842,0.01605079470884352,0.008460865530373729,1.702533012259977e-05,1.0971546200666538e-05
8.446,9.22261644533684e-05,0.0016566720762110076,0.016049289353671226,0.00846029966824724,1.6992971937357382e-05,1.0949231726842257e-05
8.448,9.206360551172743e-05,0.001655064046268473,0.016047784139101573,0.008459733844350392,1.6960675250698998e-05,1.092696263738091e-05
8.45,9.190133271275158e-05,0.0016534575771827154,0.016046279065121904,0.008459168058680078,1.692843994560711e-05,1.0904738839911943e-05
8.452,9.173934555306573e-05,0.0016518526674387246,0.016044774131719786,0.00845860231123341,1.6896265905286256e-05,1.0882560242286843e-05
8.454,9.157764353040498e-05,0.0016502493155228226,0.016043269338882782,0.008458036602007502,1.6864153013385064e-05,1.0860426752801189e-05
8.456,9.141622614317058e-05,0.0016486475199231077,0.01604176468659846,0.008457470930999467,1.6832101153774204e-05,1.0838338279528514e-05
8.458,9.125509289065192e-05,0.0016470472791290103,0.01604026017485416,0.008456905298206419,1.6800110210324348e-05,1.0816294730764398e-05
8.46,9.109424327302662e-05,0.0016454485916310713,0.01603875580363745,0.00845633970362547,1.6768180067350258e-05,1.079429601547055e-05
8.462,9.093367679158249e-05,0.0016438514559218298,0.016037251572936118,0.008455774147253736,1.6736310609388738e-05,1.0772342042164595e-05
8.464,9.077339294805142e-05,0.0016422558704949353,0.016035747482737506,0.008455208629088107,1.6704501720976594e-05,1.075043272003029e-05
8.466,9.061339124549761e-05,0.0016406618338458134,0.016034243533028958,0.008454643149125696,1.667275328709472e-05,1.072856795825139e-05
8.468,9.045367118765135e-05,0.0016390693444710003,0.01603273972379826,0.008454077707363838,1.6641065192724014e-05,1.0706747666233696e-05
8.47,9.029423227913114e-05,0.001637478400868586,0.01603123605503276,0.008453512303799426,1.6609437323289455e-05,1.068497175338301e-05
8.472,9.013507402522158e-05,0.0016358890015382155,0.01602973252672002,0.008452946938429573,1.6577869564438075e-05,1.0663240129549223e-05
8.474,8.997619593253958e-05,0.0016343011449810874,0.016028229138847605,0.00845238161125117,1.65463618018169e-05,1.0641552704582224e-05
8.476,8.981759750814611e-05,0.0016327148296995109,0.016026725891403082,0.008451816322261552,1.6514913921295005e-05,1.061990938855395e-05
8.478,8.965927825999032e-05,0.0016311300541975715,0.016025222784374016,0.008451251071457833,1.648352580918555e-05,1.0598310091758378e-05
8.48,8.950123769713159e-05,0.001629546816980687,0.01602371981774775,0.008450685858836904,1.64521973518017e-05,1.0576754724711535e-05
8.482,8.934347532951747e-05,0.0016279651165558295,0.016022216991512073,0.0084501206843961,1.6420928435900706e-05,1.0555243198151487e-05
8.484,8.918599066776167e-05,0.0016263849514310813,0.016020714305654327,0.008449555548132315,1.6389718948239818e-05,1.0533775422816305e-05
8.486,8.902878322336605e-05,0.001624806320116523,0.016019211760162078,0.00844899045004266,1.6358568775798332e-05,1.0512351309888146e-05
8.488,8.887185250872065e-05,0.0016232292211231236,0.01601770935502267,0.008448425390124248,1.6327477805999635e-05,1.0490970770327124e-05
8.49,8.871519803688166e-05,0.0016216536529636283,0.01601620709022389,0.008447860368374194,1.629644592626711e-05,1.046963371553744e-05
8.492,8.855881932223753e-05,0.0016200796141521145,0.01601470496575308,0.00844729538478961,1.626547302424619e-05,1.0448340057367389e-05
8.494,8.840271587962079e-05,0.0016185071032042142,0.016013202981597807,0.008446730439367611,1.623455898780435e-05,1.0427089707221171e-05
8.496,8.824688722475216e-05,0.0016169361186368914,0.016011701137745638,0.008446165532105088,1.6203703705253147e-05,1.0405882577169123e-05
8.498,8.809133287446258e-05,0.0016153666589684423,0.016010199434184136,0.008445600662999375,1.6172907064904152e-05,1.0384718579281582e-05
8.5,8.793605234624913e-05,0.0016137987227189399,0.016008697870900868,0.008445035832047365,1.6142168955068925e-05,1.0363597625850929e-05
8.502,8.7781045158275e-05,0.0016122323084095669,0.0160071964478834,0.008444471039246393,1.6111489264725165e-05,1.0342519629169544e-05
8.504,8.762631083003569e-05,0.0016106674145630606,0.01600569516511907,0.00844390628459335,1.608086788285057e-05,1.0321484501973899e-05
8.506,8.747184888147075e-05,0.0016091040397037126,0.016004194022595453,0.00844334156808535,1.605030469864488e-05,1.0300492157222507e-05
8.508000000000001,8.731765883340792e-05,0.0016075421823569247,0.016002693020300107,0.008442776889719728,1.6019799601307838e-05,1.0279542507873884e-05
8.51,8.716374020756312e-05,0.001605981841049875,0.0160011921582206,0.008442212249493375,1.598935248070532e-05,1.0258635466886545e-05
8.512,8.701009252654046e-05,0.0016044230143108518,0.0159996914363445,0.008441647647403405,1.595896322648116e-05,1.0237770947663094e-05
8.514,8.685671531383221e-05,0.0016028657006699198,0.015998190854659367,0.008441083083446932,1.5928631728723275e-05,1.0216948863828179e-05
8.516,8.670360809359678e-05,0.0016013098986584762,0.015996690413152548,0.008440518557620846,1.5898357877519587e-05,1.019616912900645e-05
8.518,8.655077039110282e-05,0.001599755606809028,0.015995190111811608,0.008439954069922484,1.5868141563402105e-05,1.0175431657044598e-05
8.52,8.639820173206303e-05,0.0015982028236558588,0.015993689950624113,0.008439389620348958,1.5837982677124884e-05,1.0154736362011363e-05
8.522,8.624590164330037e-05,0.0015966515477345844,0.015992189929577627,0.00843882520889716,1.580788110944198e-05,1.0134083158197527e-05
8.524000000000001,8.609386965252597e-05,0.001595101777582375,0.015990690048659717,0.008438260835564426,1.5777836751329488e-05,1.0113471959893872e-05
8.526,8.594210528811708e-05,0.001593553511737511,0.015989190307857948,0.008437696500347647,1.57478494942076e-05,1.009290268183527e-05
8.528,8.579060807933914e-05,0.001592006748739827,0.015987690707159663,0.008437132203244158,1.5717919229496502e-05,1.0072375238534548e-05
8.53,8.563937755612372e-05,0.00159046148713049,0.01598619124655265,0.00843656794425085,1.5688045849060472e-05,1.0051889544948622e-05
8.532,8.548841324951262e-05,0.0015889177254522213,0.015984691926024253,0.00843600372336506,1.5658229244541744e-05,1.0031445516256454e-05
8.534,8.533771469121376e-05,0.0015873754622492964,0.015983192745562036,0.008435439540583678,1.5628469308026638e-05,1.0011043067859049e-05
8.536,8.518728141382326e-05,0.001585834696067101,0.015981693705153566,0.008434875395903818,1.5598765932045566e-05,9.990682114935368e-06
8.538,8.503711295060334e-05,0.0015842954254525754,0.015980194804786407,0.008434311289322594,1.5569119008906895e-05,9.97036257310846e-06
8.540000000000001,8.488720883570444e-05,0.0015827576489539918,0.015978696044448126,0.008433747220837118,1.553952843136308e-05,9.950084358223421e-06
8.542,8.473756860438719e-05,0.001581221365121177,0.015977197424126066,0.008433183190444726,1.5509994092388624e-05,9.92984738634739e-06
8.544,8.458819179235633e-05,0.00157968657250529,0.015975698943807792,0.00843261919814231,1.548051588518007e-05,9.909651573325462e-06
8.546,8.443907793620475e-05,0.0015781532696588219,0.015974200603481092,0.008432055243926984,1.545109370293396e-05,9.889496835668865e-06
8.548,8.429022657341356e-05,0.0015766214551358182,0.01597270240313331,0.00843149132779586,1.542172743906889e-05,9.869383089666783e-06
8.55,8.414163724235202e-05,0.0015750911274914348,0.01597120434275201,0.008430927449745829,1.5392416987447533e-05,9.84931025205249e-06
8.552,8.399330948205552e-05,0.0015735622852826037,0.01596970642232476,0.008430363609774227,1.536316224193257e-05,9.829278239559258e-06
8.554,8.384524283244765e-05,0.0015720349270675893,0.0159682086418389,0.008429799807878169,1.533396309683077e-05,9.80928696936445e-06
8.556000000000001,8.369743683411812e-05,0.0015705090514057662,0.01596671100128222,0.008429236044054766,1.5304819446226858e-05,9.789336358423384e-06
8.558,8.354989102876687e-05,0.0015689846568582855,0.015965213500642284,0.008428672318301134,1.5275731184871688e-05,9.769426323913422e-06
8.56,8.340260495853791e-05,0.0015674617419874082,0.015963716139906436,0.008428108630614384,1.5246698207294074e-05,9.749556783456015e-06
8.562,8.32555781666855e-05,0.0015659403053569498,0.015962218919062243,0.008427544980991408,1.5217720408466917e-05,9.729727654672615e-06
8.564,8.310881019713001e-05,0.0015644203455320582,0.01596072183809727,0.008426981369429543,1.5188797683585165e-05,9.709938855406719e-06
8.566,8.296230059468002e-05,0.0015629018610792134,0.01595922489699908,0.0084264177959259,1.5159929928065807e-05,9.690190303723867e-06
8.568,8.281604890458816e-05,0.0015613848505662276,0.01595772809575524,0.008425854260477372,1.5131117037325836e-05,9.6704819176896e-06
8.57,8.267005467343935e-05,0.0015598693125626895,0.01595623143435332,0.008425290763081295,1.5102358907226332e-05,9.650813615591503e-06
8.572000000000001,8.252431744826261e-05,0.001558355245639076,0.015954734912780877,0.00842472730373478,1.507365543340633e-05,9.631185315939206e-06
8.574,8.23788367769751e-05,0.00155684264836764,0.01595323853102526,0.008424163882434721,1.5045006512171e-05,9.61159693724234e-06
8.576,8.223361220838221e-05,0.0015553315193217454,0.015951742289074256,0.008423600499178452,1.501641203982551e-05,9.592048398454622e-06
8.578,8.208864329195542e-05,0.0015538218570765316,0.015950246186915207,0.008423037153963087,1.4987871912897077e-05,9.572539618529774e-06
8.58,8.194392957805441e-05,0.0015523136602080267,0.01594875022453568,0.008422473846785516,1.4959386028134958e-05,9.553070516421514e-06
8.582,8.179947061770498e-05,0.001550806927293813,0.01594725440192324,0.008421910577643077,1.4930954282510456e-05,9.53364101152765e-06
8.584,8.165526596282113e-05,0.001549301656913027,0.01594575871906545,0.00842134734653266,1.4902576572994874e-05,9.514251023468034e-06
8.586,8.151131516598298e-05,0.0015477978476461374,0.01594426317594988,0.0084207841534516,1.4874252797003606e-05,9.494900471862522e-06
8.588000000000001,8.136761778088086e-05,0.0015462954980747234,0.015942767772564093,0.00842022099839701,1.4845982851952044e-05,9.475589276330965e-06
8.59,8.122417336142718e-05,0.0015447946067821405,0.015941272508895654,0.008419657881365783,1.4817766635477625e-05,9.456317356937305e-06
8.592,8.108098146286657e-05,0.0015432951723526322,0.015939777384931908,0.008419094802355254,1.478960404543983e-05,9.437084633745485e-06
8.594,8.093804164110985e-05,0.0015417971933724406,0.01593828240066064,0.008418531761362535,1.4761494980142231e-05,9.417891027041492e-06
8.596,8.079535345251188e-05,0.0015403006684284737,0.0159367875560692,0.00841796875838452,1.4733439337666354e-05,9.398736457333356e-06
8.598,8.065291645453776e-05,0.001538805596109638,0.015935292851145144,0.008417405793418542,1.4705437016537815e-05,9.37962084512911e-06
8.6,8.051073020531874e-05,0.0015373119750059505,0.015933798285876266,0.008416842866461716,1.4677487915504273e-05,9.36054411115883e-06
8.602,8.036879426387422e-05,0.00153581980370876,0.015932303860249908,0.008416279977510932,1.4649591933313388e-05,9.341506176374637e-06
8.604000000000001,8.022710818988976e-05,0.001534329080810748,0.015930809574253635,0.008415717126563527,1.4621748969156911e-05,9.322506961950694e-06
8.606,8.008567154371704e-05,0.0015328398049059277,0.015929315427875013,0.008415154313616613,1.4593958922004546e-05,9.303546389061168e-06
8.608,7.994448388681796e-05,0.0015313519745900894,0.015927821421101607,0.008414591538667082,1.4566221691492132e-05,9.284624379324313e-06
8.61,7.980354478109852e-05,0.001529865588459689,0.01592632755392076,0.00841402880171227,1.4538537177255506e-05,9.26574085413634e-06
8.612,7.966285378913085e-05,0.001528380645113181,0.01592483382632026,0.00841346610274929,1.4510905278930508e-05,9.246895735115501e-06
8.614,7.952241047481934e-05,0.00152689714315013,0.015923340238287675,0.008412903441775255,1.4483325896597066e-05,9.228088944324142e-06
8.616,7.938221440229043e-05,0.0015254150811714329,0.015921846789810346,0.008412340818787278,1.4455798930557151e-05,9.209320403824606e-06
8.618,7.924226513678079e-05,0.001523934457779319,0.01592035348087606,0.008411778233782474,1.4428324281112737e-05,9.190590035679236e-06
8.620000000000001,7.910256224397116e-05,0.0015224552715773498,0.01591886031147216,0.008411215686757956,1.440090184878784e-05,9.171897762394465e-06
8.622,7.896310529065254e-05,0.0015209775211706411,0.015917367281586214,0.008410653177710836,1.4373531534550565e-05,9.153243506254682e-06
8.624,7.882389384405997e-05,0.001519501205165641,0.01591587439120601,0.008410090706638229,1.4346213239146977e-05,9.13462719021041e-06
8.626,7.868492747253875e-05,0.0015180263221699075,0.015914381640318886,0.008409528273537248,1.4318946863767223e-05,9.116048736990123e-06
8.628,7.854620574487825e-05,0.0015165528707925535,0.015912889028912414,0.008408965878405006,1.4291732309601457e-05,9.097508069544347e-06
8.63,7.840772823053399e-05,0.0015150808496438017,0.015911396556974156,0.008408403521238617,1.4264569478283917e-05,9.079005111045646e-06
8.632,7.826949450029375e-05,0.0015136102573356514,0.015909904224491678,0.008407841202035193,1.4237458271670889e-05,9.060539784888633e-06
8.634,7.813150412516734e-05,0.0015121410924809897,0.015908412031452546,0.008407278920792072,1.4210398591396611e-05,9.042112014467918e-06
8.636000000000001,7.799375667705277e-05,0.0015106733536944805,0.015906919977844325,0.008406716677506143,1.4183390339539415e-05,9.023721723400158e-06
8.638,7.785625172851418e-05,0.0015092070395916757,0.01590542806365458,0.00840615447217452,1.4156433418621717e-05,9.005368835302008e-06
8.64,7.771898885322592e-05,0.0015077421487899034,0.015903936288870657,0.00840559230479454,1.4129527730943892e-05,8.987053274234214e-06
8.642,7.758196762530645e-05,0.0015062786799076022,0.01590244465348034,0.008405030175363093,1.4102673179028358e-05,8.96877496425752e-06
8.644,7.744518761954033e-05,0.0015048166315645428,0.015900953157471198,0.008404468083877514,1.4075869665841623e-05,8.950533829654717e-06
8.646,7.730864841182239e-05,0.0015033560023818282,0.015899461800830572,0.008403906030334696,1.404911709412815e-05,8.932329794930638e-06
8.648,7.717234957826946e-05,0.0015018967909821157,0.01589797058354625,0.008403344014731973,1.4022415367298535e-05,8.914162784590118e-06
8.65,7.703629069633067e-05,0.0015004389959889508,0.015896479505605576,0.008402782037066459,1.3995764388763376e-05,8.896032723137992e-06
8.652000000000001,7.690047134389921e-05,0.0014989826160276554,0.015894988566996116,0.008402220097335267,1.396916406193327e-05,8.877939535523183e-06
8.654,7.676489109953444e-05,0.0014975276497248835,0.015893497767705655,0.00840165819553551,1.3942614290662902e-05,8.859883146694614e-06
8.656,7.662954954268386e-05,0.0014960740957083996,0.01589200710772154,0.008401096331664304,1.391611497880696e-05,8.841863482045298e-06
8.658,7.649444625346113e-05,0.001494621952607078,0.015890516587031334,0.00840053450571876,1.3889666030442172e-05,8.823880466524159e-06
8.66,7.635958081264604e-05,0.001493171219051792,0.015889026205622825,0.008399972717695992,1.3863267349867314e-05,8.805934025968298e-06
8.662,7.622495280190655e-05,0.0014917218936740806,0.015887535963483357,0.008399410967593113,1.3836918841603207e-05,8.78802408577073e-06
8.664,7.609056180357676e-05,0.0014902739751072591,0.015886045860600495,0.008398849255407237,1.3810620410170671e-05,8.770150571768554e-06
8.666,7.595640740087894e-05,0.0014888274619857533,0.015884555896961805,0.0083982875811357,1.3784371960534614e-05,8.752313409798873e-06
8.668000000000001,7.582248917747947e-05,0.0014873823529453212,0.015883066072554852,0.008397725944775392,1.3758173397659945e-05,8.734512525920834e-06
8.67,7.568880671793288e-05,0.001485938646623275,0.015881576387367202,0.008397164346323649,1.3732024626733619e-05,8.716747846415629e-06
8.672,7.555535960745985e-05,0.001484496341657815,0.01588008684138642,0.008396602785777363,1.3705925553164633e-05,8.699019297564448e-06
8.674,7.542214743216924e-05,0.0014830554366889181,0.015878597434600072,0.008396041263133869,1.3679876082361986e-05,8.681326805870526e-06
8.676,7.528916977883604e-05,0.0014816159303576715,0.015877108166995724,0.00839547977839028,1.3653876120178765e-05,8.663670298059145e-06
8.678,7.515642623490137e-05,0.0014801778213062722,0.01587561903856094,0.00839491833154371,1.3627925572468058e-05,8.64604970107763e-06
8.68,7.50239163884725e-05,0.0014787411081786939,0.015874130049283286,0.008394356922591273,1.3602024345304997e-05,8.62846494165126e-06
8.682,7.489163982832281e-05,0.0014773057896197983,0.015872641199150328,0.008393795551530081,1.3576172344986759e-05,8.610915947171449e-06
8.684000000000001,7.475959614433592e-05,0.0014758718642760016,0.01587115248814963,0.00839323421835747,1.3550369478032565e-05,8.593402644585524e-06
8.686,7.462778492683952e-05,0.001474439330795052,0.01586966391626876,0.008392672923070332,1.3524615650961636e-05,8.575924961506942e-06
8.688,7.449620576682747e-05,0.0014730081878260304,0.015868175483495284,0.00839211166566578,1.3498910770515238e-05,8.558482825549163e-06
8.69,7.436485825595973e-05,0.0014715784340189053,0.015866687189816764,0.00839155044614115,1.3473254743878726e-05,8.541076164325645e-06
8.692,7.42337419870065e-05,0.001470150068025644,0.015865199035220767,0.008390989264493554,1.3447647478015412e-05,8.523704905671892e-06
8.694,7.410285655296e-05,0.00146872308849888,0.015863711019694637,0.008390428120719884,1.3422088880332694e-05,8.506368977423406e-06
8.696,7.397220154792272e-05,0.0014672974940930228,0.015862223143226162,0.008389867014817476,1.3396578858237973e-05,8.489068307859782e-06
8.698,7.38417765664412e-05,0.0014658732834635924,0.015860735405802906,0.008389305946783443,1.3371117319582737e-05,8.47180282526061e-06
8.700000000000001,7.371158120395016e-05,0.0014644504552672188,0.015859247807412435,0.00838874491661512,1.3345704171996431e-05,8.45457245812753e-06
8.702,7.358161505655048e-05,0.0014630290081623087,0.015857760348042316,0.0083881839243094,1.3320339323774633e-05,8.437377134962176e-06
8.704,7.345187772100914e-05,0.0014616089408081567,0.01585627302767989,0.008387622969863395,1.3295022682990876e-05,8.420216784710277e-06
8.706,7.332236879498133e-05,0.0014601902518653898,0.015854785846312947,0.008387062053274441,1.3269754157940739e-05,8.40309133587347e-06
8.708,7.319308787634426e-05,0.001458772939996189,0.01585329880392905,0.008386501174539651,1.3244533657363888e-05,8.386000717619524e-06
8.71,7.306403456430743e-05,0.0014573570038638461,0.015851811900515766,0.008385940333655917,1.3219361089777948e-05,8.368944859338256e-06
8.712,7.293520845830237e-05,0.0014559424421332068,0.01585032513606066,0.008385379530620574,1.319423636414463e-05,8.351923689975393e-06
8.714,7.280660915864878e-05,0.001454529253470005,0.0158488385105513,0.008384818765430735,1.3169159389647689e-05,8.334937139142795e-06
8.716,7.267823626655456e-05,0.001453117436541529,0.015847352023975025,0.008384258038083736,1.3144130075470883e-05,8.317985136452322e-06
8.718,7.255008938344965e-05,0.0014517069900161772,0.015845865676319626,0.008383697348576469,1.3119148331020014e-05,8.301067611737878e-06
8.72,7.242216811209623e-05,0.0014502979125639026,0.015844379467572667,0.008383136696906046,1.3094214065922927e-05,8.284184494611324e-06
8.722,7.229447205525652e-05,0.0014488902028557682,0.015842893397721713,0.008382576083069804,1.3069327190029512e-05,8.267335715350654e-06
8.724,7.216700081702498e-05,0.0014474838595641693,0.01584140746675433,0.008382015507064855,1.304448761318966e-05,8.250521204011818e-06
8.726,7.203975400194018e-05,0.0014460788813628334,0.015839921674658086,0.008381454968888313,1.3019695245475305e-05,8.23374089087281e-06
8.728,7.191273121498476e-05,0.0014446752669265983,0.015838436021420543,0.008380894468537292,1.2994949997180427e-05,8.216994706433667e-06
8.73,7.178593206225159e-05,0.0014432730149318562,0.015836950507029268,0.008380334006008905,1.2970251778821051e-05,8.200282581194429e-06
8.732,7.165935615027763e-05,0.0014418721240561094,0.015835465131471826,0.008379773581300265,1.2945600500913201e-05,8.18360444587718e-06
8.734,7.153300308648802e-05,0.0014404725929781925,0.015833979894735783,0.008379213194408708,1.2920996074194946e-05,8.166960231426046e-06
8.736,7.140687247875199e-05,0.0014390744203782724,0.015832494796808705,0.008378652845331347,1.2896438409848443e-05,8.150349868785156e-06
8.738,7.12809639356049e-05,0.001437677604937626,0.015831009837678156,0.008378092534065296,1.2871927418833806e-05,8.133773289120683e-06
8.74,7.115527706669234e-05,0.001436282145339085,0.015829525017331703,0.008377532260607667,1.2847463012555238e-05,8.117230423820843e-06
8.742,7.102981148188192e-05,0.0014348880402663688,0.01582804033575691,0.008376972024955576,1.2823045102416941e-05,8.100721204273853e-06
8.744,7.090456679192947e-05,0.0014334952884049734,0.015826555792941344,0.008376411827106134,1.2798673599823118e-05,8.084245561867931e-06
8.746,7.077954260825692e-05,0.0014321038884410608,0.01582507138887257,0.008375851667056677,1.2774348416844106e-05,8.067803428657427e-06
8.748,7.065473854295234e-05,0.0014307138390625695,0.015823587123538374,0.008375291544804098,1.275006946555024e-05,8.051394736252604e-06
8.75,7.053015420876996e-05,0.0014293251389587702,0.015822102996926102,0.00837473146034573,1.2725836657789813e-05,8.035019416707812e-06
8.752,7.040578921935214e-05,0.0014279377868195997,0.015820619009023318,0.008374171413678688,1.270164990607725e-05,8.018677402077401e-06
8.754,7.028164318856334e-05,0.0014265517813369932,0.01581913515981781,0.008373611404800085,1.2677509122704933e-05,8.002368624637768e-06
8.756,7.015771573137819e-05,0.0014251671212035522,0.01581765144929692,0.008373051433707257,1.2653414220409331e-05,7.986093016887352e-06
8.758000000000001,7.003400646343749e-05,0.0014237838051136542,0.01581616787744844,0.008372491500397095,1.262936511214896e-05,7.969850511324594e-06
8.76,6.991051500082612e-05,0.0014224018317625653,0.015814684444259708,0.008371931604866933,1.260536171066029e-05,7.953641040447934e-06
8.762,6.97872409602951e-05,0.0014210211998468836,0.015813201149718514,0.008371371747113887,1.258140392912388e-05,7.937464537199901e-06
8.764,6.96641839594836e-05,0.0014196419080645395,0.015811717993812424,0.008370811927135069,1.2557491680942334e-05,7.921320934745069e-06
8.766,6.95413436164749e-05,0.0014182639551147957,0.01581023497652878,0.008370252144927592,1.2533624879296212e-05,7.905210165803922e-06
8.768,6.941871955024048e-05,0.0014168873396980253,0.015808752097855372,0.008369692400488793,1.2509803438032208e-05,7.88913216376308e-06
8.77,6.929631138019587e-05,0.0014155120605161553,0.015807269357779763,0.008369132693815784,1.2486027270997013e-05,7.87308686200916e-06
8.772,6.91741187266448e-05,0.0014141381162720013,0.01580578675628952,0.008368573024905457,1.2462296292037323e-05,7.857074194150826e-06
8.774000000000001,6.90521412103351e-05,0.0014127655056697108,0.015804304293372207,0.008368013393755369,1.2438610415443918e-05,7.841094093574696e-06
8.776,6.893037845290273e-05,0.001411394227414986,0.01580282196901539,0.008367453800362412,1.2414969555285538e-05,7.825146494111479e-06
8.778,6.880883007664984e-05,0.001410024280214417,0.015801339783206636,0.0083668942447237,1.2391373626075008e-05,7.809231329813926e-06
8.78,6.868749570432264e-05,0.0014086556627761482,0.01579985773593351,0.008366334726836566,1.2367822542325158e-05,7.793348534512745e-06
8.782,6.856637495955553e-05,0.0014072883738094344,0.015798375827183575,0.008365775246698126,1.2344316218992901e-05,7.777498042482733e-06
8.784,6.844546746642699e-05,0.0014059224120246405,0.01579689405694462,0.008365215804305492,1.2320854571035156e-05,7.761679787998688e-06
8.786,6.832477284990368e-05,0.0014045577761336858,0.015795412425203992,0.008364656399655779,1.2297437513408838e-05,7.745893705335405e-06
8.788,6.820429073539636e-05,0.0014031944648493777,0.015793930931949474,0.00836409703274632,1.2274064961292908e-05,7.730139729211771e-06
8.790000000000001,6.808402074920394e-05,0.0014018324768863,0.01579244957716841,0.008363537703574231,1.2250736830310416e-05,7.714417794346673e-06
8.792,6.796396251806947e-05,0.0014004718109597025,0.01579096836084859,0.008362978412136401,1.2227453035862368e-05,7.69872783568104e-06
8.794,6.784411566940207e-05,0.0013991124657863896,0.015789487282977577,0.00836241915843039,1.2204213493793858e-05,7.68306978793376e-06
8.796,6.77244798314991e-05,0.0013977544400844977,0.015788006343542937,0.008361859942453087,1.2181018119949982e-05,7.667443586489853e-06
8.798,6.760505463310196e-05,0.0013963977325730514,0.015786525542532237,0.008361300764201829,1.2157866830397879e-05,7.651849166290248e-06
8.8,6.748583970361821e-05,0.0013950423419726299,0.01578504487993304,0.008360741623673507,1.2134759541426732e-05,7.63628646294201e-06
8.802,6.736683467334359e-05,0.0013936882670051443,0.015783564355732915,0.008360182520865456,1.2111696169325725e-05,7.6207554116081155e-06
8.804,6.724803917279587e-05,0.001392335506393394,0.015782083969919425,0.008359623455775012,1.2088676630606088e-05,7.605255948117673e-06
8.806000000000001,6.712945283338101e-05,0.0013909840588615108,0.015780603722480135,0.008359064428399066,1.2065700842001092e-05,7.5897880082997915e-06
8.808,6.701107528739314e-05,0.0013896339231351806,0.015779123613402835,0.008358505438734953,1.2042768720466057e-05,7.5743515279835805e-06
8.81,6.689290616734844e-05,0.0013882850979409778,0.015777643642674866,0.008357946486779788,1.2019880182734255e-05,7.558946443220194e-06
8.812,6.677494510665127e-05,0.0013869375820068086,0.015776163810284016,0.008357387572530683,1.1997035146205093e-05,7.543572690060785e-06
8.814,6.665719173915008e-05,0.001385591374061912,0.015774684116217852,0.008356828695984975,1.1974233528277978e-05,7.528230204778552e-06
8.816,6.653964569958148e-05,0.0013842464728366366,0.015773204560463716,0.008356269857139553,1.1951475246130272e-05,7.512918923868739e-06
8.818,6.64223066231262e-05,0.0013829028770624419,0.015771725143009396,0.008355711055991755,1.1928760217605472e-05,7.497638783826588e-06
8.82,6.630517414585313e-05,0.0013815605854723412,0.01577024586384268,0.008355152292538692,1.1906088360547074e-05,7.482389721369387e-06
8.822000000000001,6.618824790427524e-05,0.0013802195968004582,0.01576876672295091,0.008354593566777702,1.1883459592798573e-05,7.467171673214423e-06
8.824,6.607152753557166e-05,0.001378879909782027,0.015767287720321654,0.008354034878705896,1.1860873832425511e-05,7.4519845763010295e-06
8.826,6.595501267758763e-05,0.0013775415231536137,0.015765808855942698,0.008353476228320167,1.1838330997715474e-05,7.436828367568538e-06
8.828,6.58387029686125e-05,0.0013762044356531167,0.015764330129801385,0.008352917615618072,1.181583100717809e-05,7.421702984400369e-06
8.83,6.572259804804581e-05,0.0013748686460193227,0.015762851541885503,0.008352359040596502,1.1793373779322991e-05,7.4066083639579006e-06
8.832,6.560669755550919e-05,0.0013735341529925726,0.015761373092182618,0.008351800503252793,1.177095923288185e-05,7.391544443846598e-06
8.834,6.549100113129036e-05,0.0013722009553140957,0.015759894780680295,0.008351242003584058,1.1748587286808387e-05,7.3765111614498835e-06
8.836,6.537550841634321e-05,0.0013708690517268973,0.0157584166073661,0.008350683541587411,1.1726257860056322e-05,7.361508454373222e-06
8.838000000000001,6.526021905250978e-05,0.0013695384409746492,0.015756938572227597,0.008350125117259966,1.1703970872023461e-05,7.34653626066617e-06
8.84,6.514513268185418e-05,0.001368209121802355,0.015755460675252353,0.008349566730599056,1.1681726241663526e-05,7.331594518156237e-06
8.842,6.503024894755072e-05,0.0013668810929565733,0.015753982916428155,0.008349008381601797,1.1659523888818413e-05,7.316683164892979e-06
8.844,6.491556749277372e-05,0.0013655543531847503,0.015752505295742347,0.0083484500702653,1.163736373288593e-05,7.301802139147995e-06
8.846,6.480108796202977e-05,0.0013642289012356645,0.015751027813182716,0.008347891796586904,1.161524569393002e-05,7.286951379192885e-06
8.848,6.468680999982546e-05,0.001362904735859205,0.015749550468736828,0.008347333560563719,1.1593169691792582e-05,7.2721308235212945e-06
8.85,6.457273325155555e-05,0.0013615818558065929,0.015748073262392248,0.00834677536219286,1.1571135646537556e-05,7.257340410626867e-06
8.852,6.445885736350299e-05,0.0013602602598301594,0.015746596194136542,0.00834621720147144,1.154914347845093e-05,7.2425800792252915e-06
8.854000000000001,6.434518198195072e-05,0.0013589399466835683,0.015745119263957497,0.008345659078396572,1.152719310781869e-05,7.227849768032257e-06
8.856,6.423170675451395e-05,0.0013576209151215934,0.015743642471842456,0.008345100992965593,1.1505284455370912e-05,7.213149416207543e-06
8.858,6.41184313288079e-05,0.0013563031639003409,0.015742165817779208,0.008344542945175837,1.1483417441837673e-05,7.198478962688881e-06
8.86,6.4005355353558e-05,0.001354986691777027,0.015740689301755317,0.008343984935024196,1.1461591987949049e-05,7.183838346636051e-06
8.862,6.389247847771173e-05,0.0013536714975099784,0.01573921292375835,0.008343426962508005,1.1439808014879205e-05,7.169227507430875e-06
8.864,6.377980035110475e-05,0.0013523575798588539,0.01573773668377587,0.008342869027624378,1.1418065443580261e-05,7.154646384455177e-06
8.866,6.366732062401681e-05,0.0013510449375846445,0.015736260581795447,0.008342311130370428,1.1396364195448427e-05,7.1400949173128225e-06
8.868,6.355503894761583e-05,0.0013497335694492296,0.015734784617804864,0.00834175327074349,1.1374704192101959e-05,7.125573045829725e-06
8.870000000000001,6.344295497329178e-05,0.0013484234742158208,0.015733308791791467,0.00834119544874068,1.1353085354937065e-05,7.111080709609752e-06
8.872,6.33310683533228e-05,0.0013471146506489617,0.015731833103743043,0.008340637664359107,1.1331507605794044e-05,7.096617848700859e-06
8.874,6.321937874043115e-05,0.0013458070975143066,0.015730357553647156,0.008340079917595888,1.1309970866735242e-05,7.082184402928959e-06
8.876,6.310788578822724e-05,0.0013445008135788417,0.015728882141491374,0.008339522208448358,1.1288475059600955e-05,7.067780312786098e-06
8.878,6.299658915054351e-05,0.0013431957976104414,0.015727406867263483,0.008338964536913629,1.1267020106675574e-05,7.053405518320233e-06
8.88,6.288548848210063e-05,0.0013418920483783126,0.015725931730950826,0.008338406902989037,1.124560593046553e-05,7.039059960023408e-06
8.882,6.27745834380633e-05,0.0013405895646529942,0.015724456732541192,0.008337849306671474,1.1224232453255212e-05,7.024743578387671e-06
8.884,6.266387367448445e-05,0.0013392883452059134,0.015722981872022146,0.008337291747958275,1.1202899597773097e-05,7.0104563141271115e-06
8.886000000000001,6.255335884763902e-05,0.0013379883888100519,0.015721507149381253,0.008336734226846776,1.1181607286747663e-05,6.996198108177865e-06
8.888,6.244303861469014e-05,0.0013366896942395012,0.01572003256460608,0.008336176743333867,1.1160355443351477e-05,6.981968901254021e-06
8.89,6.233291263324503e-05,0.0013353922602692414,0.01571855811768441,0.008335619297416885,1.1139143990313016e-05,6.96776863451376e-06
8.892,6.222298056157705e-05,0.0013340960856758066,0.015717083808603816,0.008335061889093165,1.1117972851248936e-05,6.953597248893217e-06
8.894,6.211324205862567e-05,0.0013328011692368413,0.015715609637351635,0.008334504518359598,1.1096841949331804e-05,6.939454685772617e-06
8.896,6.200369678377449e-05,0.0013315075097308782,0.015714135603915658,0.00833394718521352,1.1075751208178275e-05,6.925340886532183e-06
8.898,6.18943443970732e-05,0.001330215105938004,0.01571266170828367,0.008333389889652043,1.1054700551405006e-05,6.91125579255214e-06
8.9,6.178518455923765e-05,0.0013289239566394162,0.015711187950443017,0.008332832631672504,1.1033689902628652e-05,6.8971993456568015e-06
8.902000000000001,6.167621693142777e-05,0.001327634060617422,0.015709714330381486,0.008332275411272017,1.1012719186132003e-05,6.883171487448436e-06
8.904,6.156744117546964e-05,0.001326345416655439,0.01570824084808664,0.008331718228447693,1.0991788325975804e-05,6.869172159751358e-06
8.906,6.145885695407749e-05,0.001325058023537995,0.01570676750354605,0.008331161083196648,1.0970897246220801e-05,6.855201304611924e-06
8.908,6.135046393018762e-05,0.0013237718800511722,0.015705294296747274,0.008330603975516215,1.0950045871371827e-05,6.841258864076494e-06
8.91,6.12422617671804e-05,0.001322486984981941,0.015703821227678105,0.008330046905403732,1.0929234125933718e-05,6.827344780413469e-06
8.912,6.113425012954643e-05,0.0013212033371186038,0.015702348296325885,0.008329489872856088,1.0908461934633351e-05,6.813458995891253e-06
8.914,6.102642868199837e-05,0.0013199209352503516,0.015700875502678402,0.00832893287787062,1.0887729222419651e-05,6.799601453000292e-06
8.916,6.0918797090137033e-05,0.0013186397781679293,0.01569940284672322,0.008328375920444442,1.0867035914019496e-05,6.785772094231035e-06
8.918000000000001,6.0811355019785296e-05,0.0013173598646629703,0.01569793032844813,0.008327819000574888,1.08463819348259e-05,6.7719708625180175e-06
8.92,6.070410213743216e-05,0.00131608119352844,0.01569645794784047,0.008327262118259071,1.0825767209787784e-05,6.758197700351687e-06
8.922,6.0597038110454804e-05,0.0013148037635584142,0.01569498570488803,0.008326705273494106,1.0805191664520208e-05,6.74445255066658e-06
8.924,6.049016260645246e-05,0.001313527573548079,0.01569351359957838,0.008326148466277106,1.0784655224416184e-05,6.730735356619277e-06
8.926,6.0383475293912525e-05,0.0013122526222939523,0.0156920416318993,0.008325591696605406,1.0764157815312814e-05,6.717046061366361e-06
8.928,6.02769758417665e-05,0.001310978908593441,0.01569056980183814,0.008325034964476341,1.0743699362825154e-05,6.703384608064411e-06
8.93,6.0170663919389966e-05,0.0013097064312455053,0.015689098109382682,0.008324478269886804,1.0723279793234397e-05,6.689750940092054e-06
8.932,6.006453919682464e-05,0.0013084351890499946,0.015687626554520495,0.008323921612834129,1.0702899032377644e-05,6.67614500104996e-06
8.934000000000001,5.995860134477837e-05,0.0013071651808078677,0.015686155137239144,0.008323364993315652,1.0682557006536086e-05,6.662566734316755e-06
8.936,5.985285003462515e-05,0.0013058964053216382,0.015684683857526416,0.008322808411328264,1.066225364221296e-05,6.6490160837151535e-06
8.938,5.974728493818304e-05,0.0013046288613944856,0.015683212715369876,0.008322251866869301,1.0641988865689456e-05,6.635492993289915e-06
8.94,5.964190572771422e-05,0.001303362547831144,0.01568174171075687,0.008321695359936099,1.0621762603912899e-05,6.621997406641711e-06
8.942,5.953671207614697e-05,0.001302097463437235,0.015680270843675403,0.00832113889052577,1.0601574783386525e-05,6.608529268037344e-06
8.944,5.943170365707573e-05,0.0013008336070197135,0.015678800114112823,0.008320582458635428,1.0581425331279704e-05,6.5950885217436195e-06
8.946,5.932688014476106e-05,0.0012995709773866437,0.015677329522056915,0.008320026064262187,1.056131417453976e-05,6.581675111805296e-06
8.948,5.922224121390762e-05,0.0012983095733472005,0.015675859067495246,0.008319469707403382,1.0541241240558108e-05,6.568288982711223e-06
8.950000000000001,5.911778653966415e-05,0.001297049393711669,0.01567438875041538,0.008318913388056126,1.0521206456504117e-05,6.554930079172294e-06
8.952,5.901351579784553e-05,0.0012957904372916662,0.015672918570805106,0.008318357106217755,1.0501209749991247e-05,6.541598345455313e-06
8.954,5.890942866493276e-05,0.0012945327028999198,0.015671448528651988,0.008317800861885383,1.0481251048632956e-05,6.528293726493217e-06
8.956,5.880552481785095e-05,0.0012932761893502676,0.015669978623943592,0.008317244655056344,1.0461330280264747e-05,6.5150161672189455e-06
8.958,5.870180393419133e-05,0.0012920208954574353,0.015668508856667485,0.00831668848572753,1.0441447372500079e-05,6.5017656125654355e-06
8.96,5.859826569221127e-05,0.0012907668200377032,0.015667039226811452,0.008316132353896277,1.0421602253618545e-05,6.488542007465625e-06
8.962,5.849490977039018e-05,0.0012895139619084617,0.01566556973436284,0.00831557625955992,1.0401794851899737e-05,6.475345297296542e-06
8.964,5.839173584809565e-05,0.0012882623198879894,0.015664100379309653,0.008315020202715573,1.0382025095401204e-05,6.462175427213168e-06
8.966,5.8288743604917315e-05,0.0012870118927958973,0.01566263116163924,0.008314464183360348,1.0362292912846627e-05,6.449032342814576e-06
8.968,5.8185932721555034e-05,0.0012857626794529065,0.015661162081339386,0.008313908201491582,1.0342598232737643e-05,6.435915989477792e-06
8.97,5.8083302878708665e-05,0.0012845146786810702,0.015659693138397657,0.008313352257106388,1.032294098357589e-05,6.422826312801888e-06
8.972,5.7980853757966244e-05,0.001283267889303108,0.015658224332801618,0.0083127963502021,1.0303321094529139e-05,6.409763258607981e-06
8.974,5.78785850413599e-05,0.0012820223101432937,0.015656755664539057,0.008312240480775834,1.028373849432107e-05,6.396726772717187e-06
8.976,5.777649641136584e-05,0.0012807779400267894,0.01565528713359754,0.008311684648824702,1.0264193112341502e-05,6.383716800950623e-06
8.978,5.7674587551348466e-05,0.0012795347777803112,0.01565381873996463,0.00831112885434604,1.0244684877758203e-05,6.370733289573494e-06
8.98,5.757285814489421e-05,0.0012782928222312417,0.015652350483627897,0.00831057309733696,1.022521371996099e-05,6.3577761846289604e-06
8.982,5.7471307876477695e-05,0.0012770520722080736,0.015650882364575125,0.008310017377794576,1.0205779568339679e-05,6.344845432604274e-06
8.984,5.7369936430795576e-05,0.0012758125265408538,0.01564941438279388,0.008309461695716225,1.0186382352728174e-05,6.331940979764639e-06
8.986,5.7268743493432694e-05,0.0012745741840607394,0.01564794653827173,0.008308906051099019,1.016702200296038e-05,6.319062772597306e-06
8.988,5.7167728750195934e-05,0.001273337043599554,0.015646478830996458,0.008308350443940293,1.0147698448870202e-05,6.30621075781157e-06
8.99,5.706689188755831e-05,0.0012721011039906749,0.015645011260955632,0.008307794874237162,1.0128411620513589e-05,6.293384882116726e-06
8.992,5.696623259243694e-05,0.0012708663640685902,0.01564354382813682,0.00830723934198696,1.0109161448168535e-05,6.280585092444113e-06
8.994,5.6865750552637095e-05,0.001269632822668676,0.015642076532527804,0.008306683847186802,1.0089947862113036e-05,6.267811335503026e-06
8.996,5.6765445456186114e-05,0.0012684004786274183,0.015640609374116154,0.0083061283898338,1.0070770792847128e-05,6.2550635584468495e-06
8.998,5.6665316991999504e-05,0.001267169330782858,0.015639142352889435,0.00830557296992529,1.0051630171092896e-05,6.242341708428967e-06
9.0,5.6565364849214816e-05,0.0012659393779737016,0.015637675468835432,0.008305017587458385,1.0032525927350378e-05,6.229645732824807e-06
9.002,5.646558871763574e-05,0.0012647106190402102,0.01563620872194149,0.008304462242430422,1.0013457992563701e-05,6.216975579009798e-06
9.004,5.636598828751005e-05,0.001263483052823311,0.01563474211219562,0.008303906934838512,9.99442629789904e-06,6.204331194359369e-06
9.006,5.6266563249751655e-05,0.0012622566781652633,0.015633275639585165,0.00830335166467977,9.97543077430052e-06,6.191712526470994e-06
9.008000000000001,5.616731329571856e-05,0.001261031493909659,0.01563180930409791,0.008302796431951531,9.956471352934315e-06,6.179119523164189e-06
9.01,5.606823811765693e-05,0.0012598074989007557,0.015630343105721423,0.008302241236650909,9.937547965410687e-06,6.166552132036429e-06
9.012,5.596933740781296e-05,0.0012585846919843657,0.01562887704444349,0.008301686078775239,9.918660543117852e-06,6.154010301129276e-06
9.014,5.587061085932099e-05,0.0012573630720074114,0.015627411120251677,0.008301130958321856,9.899809017666072e-06,6.1414939784842915e-06
9.016,5.5772058165759475e-05,0.0012561426378174811,0.01562594533313355,0.008300575875287652,9.880993320887654e-06,6.129003112143039e-06
9.018,5.567367902137299e-05,0.0012549233882637179,0.015624479683076675,0.008300020829669963,9.862213384614904e-06,6.116537650369125e-06
9.02,5.557547312062816e-05,0.0012537053221961525,0.015623014170068839,0.008299465821466123,9.843469141124217e-06,6.104097541426157e-06
9.022,5.547744015887979e-05,0.0012524884384661483,0.015621548794097828,0.008298910850673247,9.824760522469944e-06,6.091682733799786e-06
9.024000000000001,5.537957983170472e-05,0.0012512727359259568,0.015620083555150988,0.008298355917288447,9.806087460706436e-06,6.079293175975664e-06
9.026,5.5281891835567976e-05,0.0012500582134291616,0.015618618453216104,0.00829780102130906,9.787449888554178e-06,6.066928816661488e-06
9.028,5.518437586715663e-05,0.0012488448698302346,0.015617153488280744,0.008297246162732197,9.76884773851161e-06,6.054589604786997e-06
9.03,5.5087031624045935e-05,0.001247632703984758,0.015615688660332694,0.008296691341555196,9.750280943077172e-06,6.042275488837845e-06
9.032,5.498985880381113e-05,0.001246421714749646,0.01561422396935952,0.008296136557775169,9.731749435193393e-06,6.029986417965816e-06
9.034,5.4892857105137693e-05,0.0012452119009829232,0.015612759415348787,0.008295581811389452,9.713253147802803e-06,6.0177223413226955e-06
9.036,5.479602622671109e-05,0.0012440032615435026,0.015611294998288283,0.008295027102395158,9.69479201384793e-06,6.005483208060269e-06
9.038,5.4699365868104977e-05,0.001242795795291407,0.015609830718165574,0.008294472430789623,9.676365966715395e-06,5.993268967330323e-06
9.040000000000001,5.4602875729337086e-05,0.0012415895010879918,0.015608366574968446,0.00829391779656996,9.657974939569769e-06,5.9810795685066864e-06
9.042,5.450655551086925e-05,0.0012403843777955004,0.015606902568684466,0.008293363199733284,9.639618866019717e-06,5.968914961185234e-06
9.044,5.4410404913829424e-05,0.0012391804242775084,0.0156054386993012,0.008292808640276927,9.621297679451857e-06,5.956775094739797e-06
9.046,5.4314423639789666e-05,0.0012379776393984798,0.015603974966806211,0.008292254118198228,9.603011313696896e-06,5.944659918988293e-06
9.048,5.4218611390766114e-05,0.0012367760220239887,0.015602511371187289,0.008291699633494298,9.584759702363499e-06,5.932569383748643e-06
9.05,5.412296786944104e-05,0.0012355755710209415,0.01560104791243222,0.008291145186162252,9.566542779726461e-06,5.9205034388387645e-06
9.052,5.402749277894081e-05,0.0012343762852571327,0.01559958459052857,0.008290590776199425,9.548360479616491e-06,5.908462034298623e-06
9.054,5.3932185822835876e-05,0.0012331781636014671,0.015598121405463905,0.00829003640360293,9.530212736308386e-06,5.896445120168181e-06
9.056000000000001,5.383704670558487e-05,0.0012319812049239598,0.01559665835722579,0.008289482068370102,9.512099484076941e-06,5.884452646487404e-06
9.058,5.3742075131646416e-05,0.0012307854080957359,0.015595195445802013,0.008288927770498056,9.494020657419e-06,5.872484563740343e-06
9.06,5.364727080636733e-05,0.0012295907719890309,0.01559373267118036,0.008288373509984126,9.475976190831403e-06,5.860540822411053e-06
9.062,5.3552633435316466e-05,0.0012283972954771905,0.015592270033348177,0.008287819286825426,9.457966019255082e-06,5.848621372761542e-06
9.064,5.345816272495085e-05,0.0012272049774346705,0.01559080753229325,0.008287265101019292,9.439990077186877e-06,5.8367261654979075e-06
9.066,5.336385838194957e-05,0.0012260138167370371,0.015589345168003366,0.008286710952562837,9.422048299789765e-06,5.824855151326247e-06
9.068,5.326972011387987e-05,0.0012248238122609667,0.015587882940466091,0.008286156841453396,9.404140622004675e-06,5.8130082809526584e-06
9.07,5.317574762830901e-05,0.0012236349628840237,0.015586420849668992,0.008285602767688083,9.386266979216629e-06,5.801185505305284e-06
9.072000000000001,5.308194063347038e-05,0.001222447267484883,0.015584958895599854,0.008285048731264233,9.3684273065886e-06,5.789386775534311e-06
9.074,5.298829883848555e-05,0.0012212607249435514,0.015583497078246245,0.00828449473217896,9.35062153950561e-06,5.777612042567881e-06
9.076,5.289482195247608e-05,0.0012200753341409243,0.01558203539759595,0.008283940770429599,9.332849613574723e-06,5.765861257556182e-06
9.078,5.2801509685229675e-05,0.001218891093959229,0.015580573853636537,0.008283386846013263,9.315111464403003e-06,5.754134372093489e-06
9.08,5.2708361747422217e-05,0.0012177080032813592,0.01557911244635557,0.008282832958927289,9.297407028041604e-06,5.7424313373299896e-06
9.082,5.261537784972958e-05,0.0012165260609917627,0.015577651175740836,0.008282279109168789,9.279736240319636e-06,5.730752104637915e-06
9.084,5.252255770349379e-05,0.0012153452659755537,0.015576190041779903,0.008281725296734876,9.262099037066207e-06,5.719096625833586e-06
9.086,5.242990102072298e-05,0.0012141656171191784,0.015574729044460556,0.008281171521622888,9.24449535477656e-06,5.707464852511279e-06
9.088000000000001,5.2337407513869394e-05,0.0012129871133101933,0.015573268183770361,0.008280617783830158,9.22692512950185e-06,5.695856736487315e-06
9.09,5.2245076895829357e-05,0.0012118097534370431,0.015571807459697107,0.0082800640833538,9.20938829773732e-06,5.6842722295780135e-06
9.092,5.215290887994328e-05,0.0012106335363892828,0.015570346872228358,0.00827951042019115,9.191884795978211e-06,5.672711283821741e-06
9.094,5.206090318021772e-05,0.0012094584610575776,0.01556888642135168,0.00827895679433932,9.174414560941813e-06,5.661173851478907e-06
9.096,5.1969059510881266e-05,0.0012082845263339248,0.01556742610705486,0.008278403205795648,9.156977529567456e-06,5.649659884365832e-06
9.098,5.187737758705069e-05,0.001207111731110988,0.015565965929325465,0.008277849654557246,9.139573638572429e-06,5.638169334964971e-06
9.1,5.1785857124064805e-05,0.001205940074282763,0.015564505888151281,0.008277296140621448,9.122202824896064e-06,5.626702155758778e-06
9.102,5.1694497837928566e-05,0.001204769554744356,0.015563045983519874,0.00827674266398537,9.104865025699738e-06,5.615258299007664e-06
9.104000000000001,5.1603299444868966e-05,0.001203600171391761,0.015561586215419032,0.008276189224646346,9.087560178366871e-06,5.603837717416127e-06
9.106,5.151226166200118e-05,0.0012024319231220826,0.01556012658383632,0.00827563582260149,9.070288220058842e-06,5.592440363466622e-06
9.108,5.1421384206662424e-05,0.0012012648088335354,0.015558667088759526,0.008275082457848137,9.053049088381115e-06,5.581066190085693e-06
9.11,5.133066679685605e-05,0.0012000988274254443,0.015557207730176215,0.008274529130383401,9.035842721161202e-06,5.5697151499778386e-06
9.112,5.1240109150807456e-05,0.0011989339777980224,0.015555748508073952,0.008273975840204617,9.018669055782524e-06,5.5583871962916476e-06
9.114,5.1149710987630215e-05,0.001197770258852815,0.015554289422440526,0.008273422587308898,9.001528030294637e-06,5.547082281953664e-06
9.116,5.105947202665995e-05,0.0011966076694922556,0.015552830473263723,0.00827286937169358,8.98441958252505e-06,5.535800360112475e-06
9.118,5.0969391987898405e-05,0.00119544620862011,0.01555137166053111,0.008272316193356,8.967343650745363e-06,5.52454138391667e-06
9.120000000000001,5.087947059156939e-05,0.0011942858751408103,0.015549912984230252,0.008271763052293268,8.950300173005132e-06,5.513305306958927e-06
9.122,5.0789707558562824e-05,0.0011931266679598984,0.015548454444348936,0.0082712099485025,8.933289087798002e-06,5.502092082387833e-06
9.124,5.070010261021274e-05,0.0011919685859842488,0.015546996040874728,0.008270656881981253,8.916310333395572e-06,5.490901663796066e-06
9.126,5.061065546851928e-05,0.0011908116281218462,0.015545537773795415,0.008270103852726418,8.89936384851353e-06,5.479734004998349e-06
9.128,5.05213658559267e-05,0.0011896557932813412,0.015544079643098563,0.00826955086073533,8.882449571645523e-06,5.468589059365314e-06
9.13,5.0432233495101286e-05,0.001188501080372717,0.01554262164877196,0.008268997906005326,8.865567441507238e-06,5.4574667809337285e-06
9.132,5.0343258109375455e-05,0.0011873474883068447,0.015541163790803392,0.008268444988533519,8.848717397258454e-06,5.446367123518314e-06
9.134,5.025443942252572e-05,0.0011861950159959278,0.015539706069180204,0.008267892108317243,8.831899377836905e-06,5.435290041155838e-06
9.136000000000001,5.016577715899473e-05,0.001185043662352836,0.015538248483890404,0.008267339265353613,8.815113322180324e-06,5.424235487883067e-06
9.138,5.007727104344717e-05,0.0011838934262919931,0.015536791034921338,0.008266786459639963,8.798359169892578e-06,5.413203417958812e-06
9.14,4.9988920801213865e-05,0.0011827443067282672,0.015535333722261013,0.00826623369117363,8.781636860133446e-06,5.4021937856418845e-06
9.142,4.9900726157847686e-05,0.0011815963025783027,0.015533876545896774,0.008265680959951727,8.764946332284751e-06,5.391206545191096e-06
9.144,4.981268683978968e-05,0.001180449412759188,0.01553241950581663,0.008265128265971367,8.748287526172405e-06,5.380241651309348e-06
9.146,4.972480257370293e-05,0.0011793036361891218,0.015530962602007925,0.008264575609230107,8.731660381400275e-06,5.36929905825545e-06
9.148,4.963707308691667e-05,0.0011781589717878571,0.015529505834458668,0.00826402298972484,8.715064837794273e-06,5.358378720954349e-06
9.15,4.954949810698217e-05,0.001177015418475591,0.015528049203156424,0.0082634704074529,8.698500835180312e-06,5.3474805938869e-06
9.152000000000001,4.9462077361894785e-05,0.0011758729751738528,0.01552659270808876,0.008262917862411623,8.681968313828392e-06,5.336604631978048e-06
9.154,4.937481058053805e-05,0.0011747316408052821,0.015525136349243462,0.008262365354598344,8.66546721378647e-06,5.325750790152739e-06
9.156,4.928769749201756e-05,0.0011735914142934067,0.015523680126608097,0.008261812884010178,8.648997475324549e-06,5.314919023335918e-06
9.158,4.920073782566092e-05,0.0011724522945630866,0.015522224040170451,0.008261260450644237,8.632559038712628e-06,5.304109286896619e-06
9.16,4.9113931311683956e-05,0.001171314280539626,0.015520768089918091,0.008260708054497856,8.616151844664799e-06,5.293321535759787e-06
9.162,4.902727768074655e-05,0.0011701773711501051,0.015519312275838804,0.008260155695568372,8.599775833895151e-06,5.282555725294458e-06
9.164,4.8940776663730645e-05,0.0011690415653220487,0.015517856597920376,0.008259603373852897,8.583430946895731e-06,5.271811810869664e-06
9.166,4.885442799218431e-05,0.0011679068619843136,0.015516401056150375,0.008259051089348768,8.567117124602674e-06,5.261089747854442e-06
9.168000000000001,4.876823139787767e-05,0.0011667732600668668,0.015514945650516365,0.008258498842053319,8.550834307952115e-06,5.250389492061913e-06
9.17,4.8682186613469014e-05,0.0011656407585005635,0.015513490381006356,0.008257946631963664,8.534582438102234e-06,5.2397109988611135e-06
9.172,4.859629337161664e-05,0.0011645093562171471,0.015512035247607692,0.008257394459076917,8.51836145621121e-06,5.229054224287211e-06
9.174,4.851055140586702e-05,0.0011633790521496934,0.015510580250308159,0.008256842323390412,8.502171303437223e-06,5.218419123931284e-06
9.176,4.8424960449988674e-05,0.0011622498452323882,0.015509125389095546,0.008256290224901486,8.486011921382541e-06,5.207805653828501e-06
9.178,4.8339520238416256e-05,0.0011611217344000835,0.015507670663957418,0.008255738163607251,8.46988325142739e-06,5.197213769791986e-06
9.18,4.825423050580646e-05,0.0011599947185887416,0.015506216074881563,0.008255186139505044,8.453785235396083e-06,5.186643428078952e-06
9.182,4.816909098748212e-05,0.001158868796735657,0.015504761621855767,0.0082546341525922,8.437717814890888e-06,5.176094584946611e-06
9.184000000000001,4.808410141898811e-05,0.0011577439677787904,0.015503307304867597,0.008254082202865831,8.42168093173612e-06,5.165567196430132e-06
9.186,4.799926153653544e-05,0.0011566202306574347,0.015501853123904619,0.008253530290323274,8.405674527978135e-06,5.1550612192308165e-06
9.188,4.791457107677921e-05,0.001155497584311771,0.015500399078954619,0.008252978414961643,8.389698545441249e-06,5.144576609605878e-06
9.19,4.7830029776818606e-05,0.0011543760276830906,0.015498945170005385,0.008252426576778271,8.373752926615907e-06,5.134113324034573e-06
9.192,4.77456373741969e-05,0.001153255559713351,0.015497491397044483,0.008251874775770496,8.357837613770513e-06,5.123671319218204e-06
9.194,4.766139360690147e-05,0.0011521361793460638,0.0154960377600597,0.00825132301193543,8.34195254917347e-06,5.113250551858073e-06
9.196,4.7577298213585806e-05,0.0011510178855254072,0.015494584259038602,0.008250771285270186,8.326097675315225e-06,5.102850978877527e-06
9.198,4.749335093290341e-05,0.0011499006771968912,0.015493130893968976,0.008250219595772323,8.31027293490827e-06,5.092472556977867e-06
9.200000000000001,4.7409551504395964e-05,0.001148784553306692,0.01549167766483861,0.008249667943438954,8.294478270665095e-06,5.082115243304486e-06
9.202,4.732589966804923e-05,0.0011476695128023184,0.01549022457163507,0.008249116328267192,8.278713625298195e-06,5.071778994780729e-06
9.204,4.724239516407103e-05,0.001146555554631945,0.015488771614346142,0.008248564750254372,8.26297894196415e-06,5.061463768551988e-06
9.206,4.715903773311325e-05,0.0011454426777453008,0.015487318792959393,0.008248013209397831,8.247274163597496e-06,5.051169521985699e-06
9.208,4.707582711649394e-05,0.001144330881092559,0.01548586610746261,0.008247461705694903,8.231599233354814e-06,5.040896212449297e-06
9.21,4.699276305597522e-05,0.0011432201636252248,0.015484413557843357,0.008246910239142702,8.21595409461473e-06,5.030643797310219e-06
9.212,4.690984529354125e-05,0.001142110524295692,0.015482961144089424,0.008246358809738341,8.20033869075587e-06,5.0204122339359e-06
9.214,4.682707357206439e-05,0.0011410019620576861,0.015481508866188598,0.008245807417479378,8.18475296515686e-06,5.010201480137866e-06
9.216000000000001,4.674444763419494e-05,0.0011398944758655993,0.015480056724128444,0.008245256062362927,8.16919686141837e-06,5.000011493505596e-06
9.218,4.6661967223693424e-05,0.0011387880646747117,0.015478604717896749,0.0082447047443861,8.153670323363116e-06,4.989842231628572e-06
9.22,4.657963208454241e-05,0.0011376827274418577,0.015477152847481301,0.008244153463546233,8.138173294591766e-06,4.979693652540362e-06
9.222,4.649744196094652e-05,0.001136578463124538,0.015475701112869666,0.008243602219840662,8.122705719149081e-06,4.9695657142745375e-06
9.224,4.641539659777649e-05,0.001135475270681141,0.015474249514049632,0.008243051013266722,8.107267541079821e-06,4.959458374642622e-06
9.226,4.6333495740347175e-05,0.0011343731490713882,0.015472798051008763,0.008242499843821527,8.09185870465079e-06,4.949371591678187e-06
9.228,4.625173913441749e-05,0.0011332720972556665,0.015471346723734847,0.00824194871150219,8.076479153906746e-06,4.939305323858889e-06
9.23,4.617012652619046e-05,0.0011321721141956953,0.015469895532215672,0.008241397616306267,8.061128833114495e-06,4.9292595292182995e-06
9.232,4.608865766231318e-05,0.0011310731988540823,0.015468444476438803,0.008240846558230874,8.04580768698493e-06,4.919234166234077e-06
9.234,4.600733228987686e-05,0.0011299753501945453,0.015466993556392028,0.008240295537273123,8.030515659784854e-06,4.909229193383879e-06
9.236,4.592615015641677e-05,0.0011288785671814683,0.015465542772062912,0.008239744553430572,8.015252696447206e-06,4.899244569145367e-06
9.238,4.584511100969024e-05,0.0011277828487805674,0.015464092123439244,0.008239193606700113,8.000018741460835e-06,4.889280252218242e-06
9.24,4.576421459834279e-05,0.0011266881939584472,0.01546264161050881,0.008238642697079301,7.984813739758678e-06,4.879336201080164e-06
9.242,4.568346067124196e-05,0.0011255946016826002,0.015461191233259175,0.008238091824565252,7.969637636495719e-06,4.869412374652882e-06
9.244,4.560284897747735e-05,0.0011245020709218512,0.015459740991678128,0.0082375409891553,7.954490376604895e-06,4.859508731858142e-06
9.246,4.5522379267026736e-05,0.0011234106006456912,0.015458290885753456,0.008236990190846782,7.939371905241188e-06,4.8496252316176935e-06
9.248,4.544205128986789e-05,0.0011223201898247215,0.015456840915472725,0.00823643942963681,7.924282167781627e-06,4.839761832853284e-06
9.25,4.5361864796644724e-05,0.0011212308374306534,0.015455391080823722,0.00823588870552272,7.909221109603237e-06,4.829918494930752e-06
9.252,4.5281819538445234e-05,0.0011201425424360867,0.015453941381794234,0.008235338018501626,7.894188676083047e-06,4.820095176771844e-06
9.254,4.520191526680151e-05,0.001119055303814731,0.015452491818371827,0.008234787368570862,7.879184813042173e-06,4.8102918377423975e-06
9.256,4.512215173368972e-05,0.0011179691205409625,0.01545104239054429,0.008234236755727764,7.864209466079686e-06,4.800508437208251e-06
9.258000000000001,4.504252869130809e-05,0.0011168839915904893,0.015449593098299408,0.008233686179969446,7.849262580794658e-06,4.790744934757285e-06
9.26,4.496304589252098e-05,0.001115799915939908,0.015448143941624748,0.008233135641293243,7.83434410323025e-06,4.781001289755338e-06
9.262,4.488370309063683e-05,0.0011147168925669249,0.015446694920508097,0.008232585139696491,7.81945397965167e-06,4.771277461790291e-06
9.264,4.480450003940817e-05,0.001113634920449913,0.015445246034937243,0.008232034675176525,7.80459215588003e-06,4.761573410672071e-06
9.266,4.472543649280958e-05,0.0011125539985685773,0.015443797284899752,0.008231484247730458,7.789758578180539e-06,4.751889096210604e-06
9.268,4.4646512205259725e-05,0.001111474125903511,0.01544234867038341,0.008230933857355627,7.774953192818401e-06,4.742224478215817e-06
9.27,4.456772693184341e-05,0.0011103953014361956,0.015440900191376006,0.008230383504049144,7.760175946280867e-06,4.732579516497637e-06
9.272,4.448908042808952e-05,0.0011093175241492226,0.015439451847865104,0.008229833187808344,7.745426785055187e-06,4.722954171310079e-06
9.274000000000001,4.441057244952695e-05,0.0011082407930260718,0.015438003639838493,0.008229282908630564,7.730705655850656e-06,4.713348402463069e-06
9.276,4.4332202752794814e-05,0.0011071651070513333,0.01543655556728396,0.008228732666513139,7.716012505376568e-06,4.703762170432668e-06
9.278,4.4253971094310174e-05,0.0011060904652104853,0.015435107630189071,0.008228182461453182,7.701347280564264e-06,4.6941954352508475e-06
9.28,4.4175877231156235e-05,0.001105016866490116,0.015433659828541835,0.008227632293448028,7.686709928123037e-06,4.684648157393667e-06
9.282,4.4097920921082334e-05,0.0011039443098774804,0.015432212162329595,0.008227082162494792,7.672100395206272e-06,4.6751202973371875e-06
9.284,4.4020101921837806e-05,0.001102872794361165,0.015430764631540361,0.00822653206859103,7.657518628745308e-06,4.665611815557469e-06
9.286,4.394241999183812e-05,0.0011018023189306447,0.0154293172361617,0.008225982011733857,7.642964576115574e-06,4.6561226725305715e-06
9.288,4.3864874890164884e-05,0.001100732882576283,0.015427869976181396,0.008225431991920384,7.628438184692499e-06,4.6466528289546005e-06
9.290000000000001,4.378746637567765e-05,0.001099664484289553,0.01542642285158724,0.008224882009148171,7.6139394018515105e-06,4.637202245749705e-06
9.292,4.371019420834621e-05,0.0010985971230628166,0.015424975862366797,0.00822433206341433,7.599468175190083e-06,4.627770883613991e-06
9.294,4.3633058148140336e-05,0.0010975307978893234,0.015423529008507852,0.008223782154715975,7.585024452305689e-06,4.6183587034676066e-06
9.296,4.3556057955473904e-05,0.0010964655077634333,0.015422082289998196,0.008223232283050663,7.5706081807958014e-06,4.608965666230702e-06
9.298,4.347919339142692e-05,0.0010954012516803946,0.015420635706825392,0.008222682448415508,7.5562193087019836e-06,4.599591733045472e-06
9.3,4.340246421730143e-05,0.0010943380286367876,0.01541918925897745,0.008222132650807845,7.541857783843753e-06,4.590236865054109e-06
9.302,4.3325870194843574e-05,0.001093275837629637,0.015417742946441715,0.008221582890224788,7.527523554262672e-06,4.580901023398809e-06
9.304,4.324941108624358e-05,0.0010922146776570774,0.015416296769206195,0.008221033166663672,7.513216568000303e-06,4.57158416944381e-06
9.306000000000001,4.317308665413577e-05,0.0010911545477185758,0.015414850727258678,0.008220483480121832,7.498936773320253e-06,4.56228626455335e-06
9.308,4.309689666159855e-05,0.0010900954468140434,0.015413404820586729,0.008219933830596604,7.484684118486129e-06,4.553007270313714e-06
9.31,4.302084087215441e-05,0.0010890373739447234,0.015411959049178137,0.008219384218085102,7.470458551983583e-06,4.543747148089139e-06
9.312,4.294491904954789e-05,0.0010879803281129696,0.015410513413020466,0.00821883464258466,7.456260022520311e-06,4.534505859465909e-06
9.314,4.286913095796763e-05,0.0010869243083215796,0.015409067912101726,0.008218285104092615,7.442088478359921e-06,4.525283366252353e-06
9.316,4.2793476362046334e-05,0.0010858693135746833,0.015407622546409483,0.008217735602606302,7.427943868432152e-06,4.516079630256797e-06
9.318,4.2717955027082866e-05,0.0010848153428772989,0.015406177315931524,0.008217186138122834,7.4138261414447015e-06,4.506894613287571e-06
9.32,4.264256671859812e-05,0.0010837623952353326,0.015404732220655415,0.008216636710639547,7.399735246549355e-06,4.497728277153001e-06
9.322000000000001,4.2567311202335034e-05,0.001082710469655801,0.015403287260569165,0.008216087320153775,7.385671132453808e-06,4.488580584105506e-06
9.324,4.249218824470269e-05,0.0010816595651466088,0.01540184243566034,0.008215537966662634,7.371633748309847e-06,4.479451495953413e-06
9.326,4.241719761255425e-05,0.0010806096807167709,0.015400397745916727,0.008214988650163457,7.3576230434913015e-06,4.470340975171183e-06
9.328,4.234233907296492e-05,0.0010795608153759684,0.015398953191325893,0.008214439370653581,7.343638967149957e-06,4.46124898378919e-06
9.33,4.2267612393454e-05,0.0010785129681349925,0.015397508771875845,0.008213890128130119,7.3296814686596434e-06,4.45217548405985e-06
9.332,4.219301734220693e-05,0.0010774661380057449,0.01539606448755415,0.008213340922590628,7.315750497616236e-06,4.443120438457626e-06
9.334,4.211855368740913e-05,0.001076420324000793,0.015394620338348597,0.008212791754032223,7.3018460036156085e-06,4.434083809456979e-06
9.336,4.204422119791218e-05,0.0010753755251338148,0.015393176324246971,0.008212242622452015,7.2879679362536365e-06,4.425065559754415e-06
9.338000000000001,4.197001964278968e-05,0.0010743317404195984,0.015391732445236839,0.008211693527847563,7.274116245126194e-06,4.416065651824397e-06
9.34,4.189594879178138e-05,0.001073288968873598,0.015390288701305987,0.00821114447021598,7.26029088049529e-06,4.407084048141385e-06
9.342,4.182200841507111e-05,0.001072247209512378,0.015388845092442205,0.008210595449554603,7.2464917919567995e-06,4.398120711845976e-06
9.344,4.174819828284271e-05,0.0010712064613533911,0.015387401618633278,0.008210046465860765,7.23271892977273e-06,4.3891756056346765e-06
9.346,4.167451816594614e-05,0.0010701667234152001,0.015385958279866996,0.008209497519131581,7.218972243983046e-06,4.3802486924260364e-06
9.348,4.160096783567546e-05,0.001069127994717256,0.015384515076131144,0.008208948609364386,7.205251685071801e-06,4.371339935138607e-06
9.35,4.152754706354678e-05,0.0010680902742798981,0.01538307200741329,0.008208399736556515,7.191557203078958e-06,4.362449296912985e-06
9.352,4.1454255621520275e-05,0.0010670535611243537,0.01538162907370122,0.008207850900705305,7.177888748710615e-06,4.353576740889764e-06
9.354000000000001,4.138109328222228e-05,0.0010660178542727383,0.015380186274982721,0.00820730210180809,7.164246272450825e-06,4.344722230431586e-06
9.356,4.1308059818501164e-05,0.0010649831527484999,0.01537874361124536,0.008206753339861983,7.1506297247836414e-06,4.335885728679045e-06
9.358,4.123515500342734e-05,0.0010639494555757523,0.015377301082477146,0.00820620461486432,7.137039056415162e-06,4.327067198994783e-06
9.36,4.116237861073735e-05,0.0010629167617794977,0.015375858688665645,0.008205655926812216,7.123474218273529e-06,4.318266604963483e-06
9.362,4.108973041438979e-05,0.0010618850703858485,0.015374416429798643,0.008205107275703227,7.109935161286884e-06,4.309483909947787e-06
9.364,4.1017210188787345e-05,0.0010608543804218051,0.015372974305863929,0.008204558661534467,7.096421836383371e-06,4.300719077532378e-06
9.366,4.094481770877678e-05,0.0010598246909152564,0.01537153231684929,0.00820401008430327,7.082934194713175e-06,4.291972071523986e-06
9.368,4.087255274964896e-05,0.0010587960008952013,0.015370090462742514,0.008203461544006974,7.069472187426484e-06,4.283242855729341e-06
9.370000000000001,4.0800415086916786e-05,0.0010577683093913048,0.015368648743531166,0.00820291304064269,7.05603576589553e-06,4.2745313937331275e-06
9.372,4.072840449653725e-05,0.0010567416154343423,0.015367207159203033,0.008202364574207976,7.042624881492543e-06,4.265837649564119e-06
9.374,4.065652075491144e-05,0.0010557159180561992,0.015365765709745904,0.008201816144699947,7.0292394855897555e-06,4.25716158725109e-06
9.376,4.058476363910657e-05,0.0010546912162894273,0.015364324395147566,0.008201267752115715,7.015879529781444e-06,4.24850317060077e-06
9.378,4.051313292596781e-05,0.0010536675091676884,0.015362883215395806,0.008200719396452838,7.002544965661883e-06,4.239862363863978e-06
9.38,4.044162839322851e-05,0.0010526447957253104,0.015361442170478412,0.008200171077708429,6.989235745047395e-06,4.231239131291531e-06
9.382,4.037024981884407e-05,0.0010516230749979538,0.01536000126038295,0.008199622795880046,6.9759518197543e-06,4.222633437134249e-06
9.384,4.0298996981213975e-05,0.001050602346021945,0.015358560485097206,0.00819907455096458,6.962693141598919e-06,4.21404524564295e-06
9.386000000000001,4.022786965895975e-05,0.0010495826078344983,0.015357119844608969,0.008198526342959589,6.949459662619617e-06,4.205474521290498e-06
9.388,4.015686763136905e-05,0.0010485638594741609,0.015355679338906025,0.008197978171862408,6.936251335076804e-06,4.196921228549755e-06
9.39,4.0085990677729555e-05,0.0010475460999799235,0.015354238967976164,0.00819743003767015,6.9230681110088454e-06,4.188385331893585e-06
9.392,4.0015238578217094e-05,0.0010465293283918875,0.015352798731807171,0.008196881940380152,6.909909942898196e-06,4.179866795794851e-06
9.394,3.994461111300751e-05,0.0010455135437512642,0.015351358630386835,0.008196333879989748,6.896776783005265e-06,4.171365585170506e-06
9.396,3.987410806272074e-05,0.001044498745099931,0.015349918663702722,0.008195785856496052,6.883668583812508e-06,4.1628816647154565e-06
9.398,3.9803729208642835e-05,0.0010434849314808758,0.015348478831742618,0.008195237869896621,6.8705852978023785e-06,4.154414999346656e-06
9.4,3.973347433205987e-05,0.0010424721019379746,0.015347039134494311,0.00819468992018857,6.857526877679376e-06,4.145965553981057e-06
9.402000000000001,3.9663343214701996e-05,0.0010414602555159913,0.015345599571945812,0.008194142007369232,6.844493276148e-06,4.137533293535611e-06
9.404,3.95933356389655e-05,0.0010404493912605783,0.015344160144084462,0.008193594131435944,6.8314844461347946e-06,4.129118182927272e-06
9.406,3.952345138746871e-05,0.0010394395082182761,0.015342720850898273,0.00819304629238582,6.8185003405663025e-06,4.12072018751708e-06
9.408,3.945369024305201e-05,0.0010384306054369574,0.01534128169237503,0.008192498490216193,6.805540912369068e-06,4.112339272221988e-06
9.41,3.93840519892219e-05,0.001037422681964939,0.015339842668502524,0.008191950724924624,6.792606114691679e-06,4.103975402403037e-06
9.412,3.9314536409706946e-05,0.001036415736851426,0.015338403779268317,0.008191402996508224,6.779695900682725e-06,4.09562854342127e-06
9.414,3.9245143288679785e-05,0.0010354097691469555,0.015336965024660199,0.008190855304964106,6.766810223712838e-06,4.087298660859773e-06
9.416,3.9175872410535106e-05,0.001034404777902953,0.015335526404666178,0.00819030765028983,6.7539490369306066e-06,4.078985719857542e-06
9.418000000000001,3.9106723560333734e-05,0.0010334007621712882,0.01533408791927382,0.008189760032482507,6.741112294150753e-06,4.070689686219708e-06
9.42,3.9037696523358534e-05,0.0010323977210051627,0.015332649568470913,0.008189212451539696,6.728299948521865e-06,4.0624105255293586e-06
9.422,3.896879108511442e-05,0.0010313956534586666,0.015331211352245244,0.00818866490745851,6.715511953858666e-06,4.054148203369579e-06
9.424,3.890000703155039e-05,0.001030394558586778,0.015329773270584601,0.008188117400236061,6.702748263975877e-06,4.045902685545499e-06
9.426,3.883134414928158e-05,0.0010293944354451412,0.015328335323476772,0.008187569929869909,6.690008832688221e-06,4.037673937862252e-06
9.428,3.876280222492312e-05,0.0010283952830907328,0.01532689751090932,0.008187022496357166,6.677293613588375e-06,4.0294619261249665e-06
9.43,3.869438104575629e-05,0.0010273971005809734,0.015325459832870258,0.00818647509969539,6.664602560935151e-06,4.021266616360819e-06
9.432,3.8626080399062346e-05,0.001026399886974616,0.01532402228934715,0.008185927739881693,6.651935628765315e-06,4.0130879748190296e-06
9.434000000000001,3.855790007301074e-05,0.0010254036413313017,0.015322584880328005,0.008185380416913413,6.639292771115635e-06,4.004925967304729e-06
9.436,3.8489839855770924e-05,0.0010244083627113376,0.01532114760580039,0.008184833130787661,6.626673942466965e-06,3.996780560067137e-06
9.438,3.842189953595643e-05,0.0010234140501759192,0.015319710465752312,0.008184285881501996,6.614079096856074e-06,3.988651719355474e-06
9.44,3.835407890262488e-05,0.0010224207027873522,0.015318273460171339,0.00818373866905353,6.601508188985861e-06,3.98053941141896e-06
9.442,3.8286377745055944e-05,0.0010214283196090523,0.015316836589045257,0.008183191493439601,6.588961173115138e-06,3.972443602728859e-06
9.444,3.821879585319543e-05,0.0010204368997048796,0.015315399852361855,0.008182644354657542,6.576438003946805e-06,3.964364259756437e-06
9.446,3.815133301698914e-05,0.0010194464421398042,0.01531396325010892,0.00818209725270469,6.563938636183764e-06,3.956301348972957e-06
9.448,3.8083989027049014e-05,0.0010184569459796844,0.015312526782274238,0.00818155018757838,6.551463024528914e-06,3.948254836849685e-06
9.450000000000001,3.801676367420903e-05,0.0010174684102912668,0.015311090448845599,0.008181003159275946,6.539011123907201e-06,3.940224690301974e-06
9.452,3.794965674974726e-05,0.001016480834142408,0.015309654249810789,0.008180456167794503,6.526582889243571e-06,3.93221087580109e-06
9.454,3.7882668045163825e-05,0.0010154942166016312,0.015308218185157596,0.008179909213131387,6.514178275462967e-06,3.924213360262385e-06
9.456,3.781579735262497e-05,0.0010145085567383472,0.015306782254873808,0.008179362295283932,6.501797237712381e-06,3.91623211037917e-06
9.458,3.7749044464296944e-05,0.0010135238536230773,0.015305346458947211,0.008178815414249474,6.489439731138802e-06,3.908267093066797e-06
9.46,3.768240917279009e-05,0.001012540106327009,0.015303910797365594,0.008178268570025349,6.477105711111264e-06,3.900318275462666e-06
9.462,3.7615891271380875e-05,0.0010115573139224399,0.015302475270116522,0.00817772176260867,6.464795132998802e-06,3.892385624482131e-06
9.464,3.754949055334578e-05,0.0010105754754825558,0.015301039877188005,0.008177174991996994,6.45250795217045e-06,3.884469107484634e-06
9.466000000000001,3.7483206812405356e-05,0.0010095945900812087,0.01529960461856783,0.008176628258187435,6.440244124217287e-06,3.876568691385529e-06
9.468,3.741703984294631e-05,0.0010086146567933607,0.015298169494243785,0.008176081561177329,6.428003604952437e-06,3.86868434354426e-06
9.47,3.735098943935533e-05,0.0010076356746948623,0.015296734504203435,0.00817553490096401,6.415786349744934e-06,3.860816031320269e-06
9.472,3.728505539646321e-05,0.0010066576428624519,0.01529529964843479,0.008174988277544815,6.403592314629947e-06,3.8529637220729995e-06
9.474,3.721923750954481e-05,0.0010056805603737562,0.015293864926925416,0.008174441690917078,6.391421455198554e-06,3.845127383161895e-06
9.476,3.715353557409706e-05,0.0010047044263070681,0.015292430339663321,0.008173895141077914,6.379273727707968e-06,3.8373069821684425e-06
9.478,3.7087949386283015e-05,0.0010037292397420128,0.015290995886636294,0.008173348628024879,6.367149087971313e-06,3.82950248667413e-06
9.48,3.702247874226572e-05,0.0010027549997586593,0.0152895615678319,0.008172802151755088,6.355047492245802e-06,3.82171386448249e-06
9.482,3.695712343887436e-05,0.0010017817054384093,0.015288127383238148,0.008172255712265875,6.342968896566603e-06,3.81394108317501e-06
9.484,3.689188327293813e-05,0.0010008093558631082,0.015286693332842605,0.008171709309554576,6.330913257412973e-06,3.806184110555222e-06
9.486,3.6826758041952345e-05,0.0009998379501159338,0.015285259416633279,0.008171162943618526,6.318880531042126e-06,3.7984429144266585e-06
9.488,3.676174754363437e-05,0.0009988674872805081,0.015283825634597958,0.008170616614455062,6.306870673933318e-06,3.790717462592852e-06
9.49,3.669685157614566e-05,0.0009978979664417853,0.015282391986724209,0.008170070322061296,6.294883642565807e-06,3.7830077233014237e-06
9.492,3.6632069937869716e-05,0.0009969293866851636,0.01528095847300004,0.008169524066434786,6.282919393640896e-06,3.775313664355906e-06
9.494,3.656740242763412e-05,0.0009959617470973736,0.015279525093413238,0.008168977847572645,6.270977883859885e-06,3.7676352540039204e-06
9.496,3.650284884448851e-05,0.00099499504676559,0.01527809184795137,0.008168431665472209,6.259059069924078e-06,3.7599724604930884e-06
9.498,3.643840898814865e-05,0.0009940292847783194,0.015276658736602444,0.008167885520130813,6.24716290875682e-06,3.752325251848987e-06
9.5,3.637408265833031e-05,0.0009930644602245131,0.01527522575935425,0.008167339411545793,6.235289357281459e-06,3.744693596541282e-06
9.502,3.630986965541538e-05,0.0009921005721944542,0.015273792916194573,0.008166793339714484,6.223438372643386e-06,3.737077462817595e-06
9.504,3.6245769779785775e-05,0.0009911376197788702,0.01527236020711098,0.008166247304634222,6.211609911765947e-06,3.7294768191475924e-06
9.506,3.618178283248952e-05,0.0009901756020698205,0.01527092763209148,0.00816570130630212,6.199803932016579e-06,3.72189163400094e-06
9.508000000000001,3.611790861479669e-05,0.0009892145181598089,0.01526949519112386,0.008165155344715735,6.188020390540672e-06,3.7143218760693486e-06
9.51,3.6054146928199415e-05,0.0009882543671424493,0.01526806288419591,0.008164609419872182,6.176259244705662e-06,3.7067675138224843e-06
9.512,3.599049757485595e-05,0.0009872951481122438,0.015266630711295415,0.008164063531768795,6.16452045210103e-06,3.6992285159520577e-06
9.514,3.592696035692455e-05,0.0009863368601645828,0.015265198672410163,0.00816351768040291,6.152803970094212e-06,3.6917048513718242e-06
9.516,3.5863535077229614e-05,0.0009853795023957446,0.015263766767527942,0.008162971865772084,6.1411097562746875e-06,3.6841964887734946e-06
9.518,3.580022153859552e-05,0.0009844230739026738,0.01526233499663654,0.008162426087873209,6.1294377684539825e-06,3.676703397070824e-06
9.52,3.5737019544512805e-05,0.0009834675737834253,0.015260903359723743,0.008161880346703843,6.117787964221577e-06,3.669225545177568e-06
9.522,3.567392889869403e-05,0.00098251300113672,0.015259471856777562,0.00816133464226132,6.1061603013889965e-06,3.661762902229526e-06
9.524000000000001,3.561094940507381e-05,0.0009815593550623891,0.015258040487785562,0.008160788974542976,6.09455473798981e-06,3.654315437140454e-06
9.526,3.5548080868252896e-05,0.00098060663466093,0.015256609252735531,0.008160243343545925,6.082971232057588e-06,3.6468831190461515e-06
9.528,3.548532309283203e-05,0.00097965483903395,0.015255178151615478,0.008159697749267725,6.071409741625899e-06,3.6394659170824184e-06
9.53,3.542267588385606e-05,0.0009787039672837228,0.015253747184412969,0.008159152191705488,6.059870224950359e-06,3.6320638006070993e-06
9.532,3.53601390468139e-05,0.0009777540185134104,0.015252316351116013,0.00815860667085655,6.048352640064536e-06,3.6246767389780388e-06
9.534,3.5297712387416524e-05,0.0009768049918272848,0.015250885651712398,0.008158061186718246,6.03685694544609e-06,3.6173047015530813e-06
9.536,3.5235395711818995e-05,0.0009758568863300621,0.01524945508618969,0.008157515739287913,6.025383099350634e-06,3.6099476576900713e-06
9.538,3.5173188826398416e-05,0.0009749097011277907,0.015248024654535897,0.008156970328562885,6.013931060477873e-06,3.602605576968898e-06
9.540000000000001,3.511109153797598e-05,0.0009739634353269633,0.015246594356738807,0.008156424954540498,6.00250078708342e-06,3.5952784289694506e-06
9.542,3.504910365381697e-05,0.0009730180880354045,0.01524516419278621,0.008155879617218087,5.991092238089024e-06,3.587966183271618e-06
9.544,3.4987224981408716e-05,0.0009720736583611611,0.01524373416266589,0.008155334316592988,5.979705371972344e-06,3.5806688094552896e-06
9.546,3.492545532823854e-05,0.0009711301454138344,0.015242304266365858,0.008154789052662315,5.968340147655127e-06,3.5733862775444436e-06
9.548,3.4863794502681955e-05,0.0009701875483034694,0.01524087450387368,0.008154243825423624,5.956996524059122e-06,3.566118557118969e-06
9.55,3.480224231333651e-05,0.0009692458661409997,0.015239444875177144,0.00815369863487403,5.945674460106076e-06,3.5588656182028444e-06
9.552,3.474079856879975e-05,0.0009683050980384689,0.015238015380264258,0.008153153481011088,5.934373914717739e-06,3.5516274305980033e-06
9.554,3.467946307833536e-05,0.0009673652431085866,0.01523658601912281,0.008152608363831915,5.923094847037902e-06,3.544403964328424e-06
9.556000000000001,3.4618235651429075e-05,0.0009664263004647289,0.015235156791740367,0.008152063283333844,5.911837216210358e-06,3.53719518964013e-06
9.558,3.455711609801071e-05,0.0009654882692216038,0.015233727698104937,0.008151518239514433,5.900600981600945e-06,3.5300010763350542e-06
9.56,3.449610422801008e-05,0.0009645511484945857,0.015232298738204308,0.008150973232370795,5.8893861023534555e-06,3.5228215948812647e-06
9.562,3.4435199852023146e-05,0.0009636149373997149,0.015230869912026268,0.008150428261900267,5.878192538055771e-06,3.5156567153027396e-06
9.564,3.4374402780867896e-05,0.0009626796350539202,0.015229441219558826,0.008149883328100183,5.867020248073729e-06,3.5085064080675465e-06
9.566,3.431371282580642e-05,0.0009617452405752402,0.015228012660789547,0.008149338430967878,5.855869192217256e-06,3.5013706434217085e-06
9.568,3.4253129798322846e-05,0.0009608117530823801,0.015226584235706442,0.008148793570500468,5.844739329852189e-06,3.494249391833293e-06
9.57,3.419265351012335e-05,0.0009598791716951549,0.015225155944297075,0.008148248746695508,5.833630620788455e-06,3.487142623992412e-06
9.572000000000001,3.4132283773358196e-05,0.000958947495533824,0.015223727786549457,0.008147703959550334,5.82254302483598e-06,3.4800503101450886e-06
9.574,3.407202040062174e-05,0.0009580167237197568,0.015222299762451375,0.00814715920906206,5.811476502026736e-06,3.472972420981435e-06
9.576,3.4011863204730375e-05,0.0009570868553749889,0.015220871871990616,0.008146614495228244,5.800431012170648e-06,3.4659089271915633e-06
9.578,3.395181199872255e-05,0.0009561578896226663,0.01521944411515519,0.00814606981804622,5.789406515077644e-06,3.4588597994655856e-06
9.58,3.389186659608079e-05,0.000955229825586823,0.015218016491932662,0.008145525177513102,5.778402971223784e-06,3.4518250087156588e-06
9.582,3.383202681073172e-05,0.0009543026623919371,0.015216589002311043,0.008144980573626226,5.7674203406410385e-06,3.444804525631895e-06
9.584,3.3772292456824005e-05,0.0009533763991635968,0.01521516164627812,0.008144436006383149,5.756458583583424e-06,3.4377983211264507e-06
9.586,3.3712663348728356e-05,0.0009524510350282789,0.015213734423821679,0.008143891475780984,5.745517660304955e-06,3.430806366111483e-06
9.588000000000001,3.365313930125957e-05,0.0009515265691133479,0.015212307334929509,0.008143346981817068,5.734597531281693e-06,3.423828631721193e-06
9.59,3.3593720129454496e-05,0.0009506030005468347,0.015210880379589398,0.008142802524488957,5.723698156989698e-06,3.4168650890897823e-06
9.592,3.353440564879406e-05,0.0009496803284576583,0.015209453557789132,0.008142258103793765,5.712819497905031e-06,3.4099157091294074e-06
9.594,3.347519567498125e-05,0.0009487585519756259,0.015208026869516722,0.008141713719728827,5.701961514725795e-06,3.4029804631963145e-06
9.596,3.3416090024163125e-05,0.0009478376702314328,0.015206600314759955,0.008141169372291479,5.691124168150097e-06,3.396059322424705e-06
9.598,3.33570885127088e-05,0.0009469176823566627,0.015205173893506618,0.008140625061479057,5.6803074188760405e-06,3.389152258392869e-06
9.6,3.329819095743147e-05,0.0009459985874835652,0.0152037476057445,0.008140080787288895,5.669511227823776e-06,3.3822592422350084e-06
9.602,3.323939717536639e-05,0.0009450803847452782,0.015202321451461387,0.00813953654971833,5.658735555913452e-06,3.375380245307369e-06
9.604000000000001,3.318070698377085e-05,0.0009441630732758277,0.01520089543064529,0.008138992348764695,5.647980364287264e-06,3.3685152394102857e-06
9.606,3.312212020034622e-05,0.0009432466522101279,0.015199469543283994,0.008138448184425329,5.63724561386536e-06,3.361664195900005e-06
9.608,3.306363664323797e-05,0.0009423311206839813,0.01519804378936529,0.008137904056697565,5.626531265789936e-06,3.354827086354817e-06
9.61,3.3005256130591576e-05,0.0009414164778338563,0.015196618168876963,0.008137359965578739,5.615837281425229e-06,3.3480038823530123e-06
9.612,3.2946978481218636e-05,0.0009405027227971097,0.015195192681806802,0.008136815911066186,5.605163621913434e-06,3.3411945556949263e-06
9.614,3.28888035141528e-05,0.0009395898547117643,0.015193767328142815,0.008136271893157243,5.594510248618789e-06,3.334399078180894e-06
9.616,3.283073104864975e-05,0.0009386778727171752,0.015192342107872792,0.008135727911849022,5.5838771231275786e-06,3.327617421611251e-06
9.618,3.277276090418724e-05,0.0009377667759531416,0.015190917020984518,0.008135183967139081,5.5732642068040406e-06,3.3208495580083763e-06
9.620000000000001,3.2714892900687076e-05,0.000936856563560351,0.015189492067465782,0.008134640059024756,5.562671461456503e-06,3.3140954591726057e-06
9.622,3.2657126858515184e-05,0.0009359472346803788,0.015188067247304371,0.008134096187503381,5.552098848449205e-06,3.307355097126319e-06
9.624,3.259946259825952e-05,0.0009350387884556888,0.015186642560488295,0.008133552352572071,5.541546329812519e-06,3.30062844411394e-06
9.626,3.254189994073009e-05,0.0009341312240294108,0.015185218007005341,0.008133008554228383,5.531013867132728e-06,3.2939154719358044e-06
9.628,3.248443870695894e-05,0.000933224540545563,0.015183793586843297,0.008132464792469651,5.520501422440205e-06,3.287216153058381e-06
9.63,3.242707871864425e-05,0.0009323187371490516,0.015182369299990173,0.008131921067293213,5.510008957765322e-06,3.2805304595040496e-06
9.632,3.2369819797706256e-05,0.0009314138129856708,0.015180945146433533,0.00813137737869618,5.499536434916408e-06,3.2738583637392793e-06
9.634,3.2312661766065176e-05,0.0009305097672018814,0.015179521126161388,0.008130833726676112,5.489083816145879e-06,3.2671998380084943e-06
9.636000000000001,3.225560444630737e-05,0.000929606598945254,0.015178097239161525,0.008130290111230343,5.478651063484108e-06,3.260554854556119e-06
9.638,3.219864766101921e-05,0.0009287043073638035,0.015176673485421954,0.008129746532355986,5.468238139183512e-06,3.2539233860706673e-06
9.64,3.2141791233453176e-05,0.000927802891606655,0.01517524986493024,0.008129202990050599,5.4578450057185535e-06,3.247305405018608e-06
9.642,3.208503498686177e-05,0.0009269023508235996,0.015173826377674393,0.008128659484311296,5.447471625341649e-06,3.2407008838664098e-06
9.644,3.202837874494158e-05,0.0009260026841653168,0.0151724030236422,0.008128116015135634,5.43711796052726e-06,3.2341097953025866e-06
9.646,3.197182233161122e-05,0.0009251038907833742,0.015170979802821671,0.008127572582520948,5.426783973971894e-06,3.227532112015652e-06
9.648,3.191536557145547e-05,0.0009242059698300054,0.015169556715200372,0.008127029186464352,5.416469628150011e-06,3.220967806916164e-06
9.65,3.185900828883703e-05,0.0009233089204583322,0.015168133760766311,0.008126485826963403,5.406174885536075e-06,3.214416852470592e-06
9.652000000000001,3.1802750308784766e-05,0.0009224127418223649,0.0151667109395075,0.008125942504015438,5.395899709048635e-06,3.207879221811538e-06
9.654,3.1746591456549567e-05,0.0009215174330770015,0.015165288251411502,0.008125399217617568,5.385644061606243e-06,3.2013548876275166e-06
9.656,3.169053155760437e-05,0.0009206229933778065,0.015163865696466328,0.008124855967767353,5.375407905905405e-06,3.19484382305113e-06
9.658,3.1634570437866216e-05,0.0009197294218812324,0.015162443274659765,0.008124312754462126,5.365191205086717e-06,3.1883460009929365e-06
9.66,3.157870792347417e-05,0.0009188367177443979,0.0151610209859796,0.008123769577699003,5.354993922068729e-06,3.1818613943634944e-06
9.662,3.15229438410114e-05,0.0009179448801255319,0.015159598830413845,0.00812322643747554,5.344816019992038e-06,3.175389976517451e-06
9.664,3.146727801706106e-05,0.0009170539081833073,0.015158176807950285,0.008122683333789071,5.334657461997239e-06,3.168931720587409e-06
9.666,3.141171027887246e-05,0.0009161638010777295,0.01515675491857671,0.008122140266636935,5.324518211224927e-06,3.1624865997059715e-06
9.668000000000001,3.1356240453694895e-05,0.0009152745579690258,0.015155333162281126,0.008121597236016243,5.3143982310377424e-06,3.1560545872277856e-06
9.67,3.1300868369221746e-05,0.0009143861780187557,0.015153911539051323,0.008121054241924552,5.304297484798326e-06,3.149635656507499e-06
9.672,3.124559385336845e-05,0.0009134986603889228,0.015152490048875089,0.0081205112843592,5.294215936091362e-06,3.143229780899759e-06
9.674,3.119041673449452e-05,0.0009126120042426411,0.01515106869174021,0.00811996836331752,5.284153548279491e-06,3.1368369339812574e-06
9.676,3.113533684118153e-05,0.0009117262087436906,0.015149647467634697,0.008119425478796849,5.2741102849473975e-06,3.130457089106642e-06
9.678,3.108035400223308e-05,0.0009108412730565174,0.015148226376546337,0.008118882630794522,5.264086109901811e-06,3.1240902198526044e-06
9.68,3.102546804711892e-05,0.0009099571963464559,0.015146805418462916,0.008118339819307874,5.254080986727416e-06,3.117736299795837e-06
9.682,3.097067880508675e-05,0.0009090739777799506,0.015145384593372446,0.00811779704433424,5.244094879230943e-06,3.111395302735076e-06
9.684000000000001,3.091598610582835e-05,0.0009081916165238901,0.015143963901262714,0.008117254305870958,5.234127751441164e-06,3.105067202247014e-06
9.686,3.0861389779701653e-05,0.0009073101117460514,0.015142543342121728,0.00811671160391536,5.224179566942766e-06,3.0987519723524315e-06
9.688,3.080688965684253e-05,0.0009064294626150993,0.015141122915937055,0.008116168938464785,5.214250289986566e-06,3.092449586628021e-06
9.69,3.0752485568275034e-05,0.000905549668300365,0.015139702622696705,0.008115626309516566,5.204339884601339e-06,3.086160018872519e-06
9.692,3.0698177344579136e-05,0.0009046707279722899,0.015138282462388686,0.008115083717068039,5.194448314815858e-06,3.0798832433287515e-06
9.694,3.064396481722298e-05,0.0009037926408019814,0.015136862435000786,0.00811454116111654,5.184575545102987e-06,3.073619233795455e-06
9.696,3.0589847817896754e-05,0.0009029154059609912,0.015135442540520794,0.008113998641659403,5.1747215394915e-06,3.0673679642934104e-06
9.698,3.053582617829065e-05,0.000902039022622203,0.015134022778936496,0.008113456158694188,5.164886262232216e-06,3.0611294088433993e-06
9.700000000000001,3.0481899730760986e-05,0.000901163489959167,0.015132603150235902,0.008112913712218006,5.155069678020041e-06,3.0549035416882475e-06
9.702,3.042806830766409e-05,0.000900288807145877,0.015131183654406799,0.008112371302228194,5.1452717511057955e-06,3.0486903370707807e-06
9.704,3.0374331741800376e-05,0.0008994149733576595,0.015129764291437198,0.008111828928722309,5.1354924461843865e-06,3.0424897690117803e-06
9.706,3.0320689866192296e-05,0.0008985419877702849,0.015128345061314663,0.008111286591697464,5.125731727728677e-06,3.0363018119761165e-06
9.708,3.0267142514084355e-05,0.0008976698495601898,0.015126925964027427,0.008110744291151217,5.115989560433576e-06,3.03012644042866e-06
9.71,3.0213689519165143e-05,0.000896798557905143,0.015125506999563054,0.008110202027080682,5.10626590899399e-06,3.0239636286122362e-06
9.712,3.016033071556734e-05,0.0008959281119833573,0.015124088167909555,0.008109659799483415,5.096560738326872e-06,3.017813350991716e-06
9.714,3.0107065937423627e-05,0.0008950585109737119,0.015122669469054939,0.008109117608356753,5.086874013349174e-06,3.0116755822540142e-06
9.716000000000001,3.0053895019088728e-05,0.000894189754056196,0.015121250902986993,0.008108575453697808,5.077205698977849e-06,3.0055502966419567e-06
9.718,3.00008177955835e-05,0.0008933218404114651,0.015119832469693506,0.008108033335504139,5.067555760129849e-06,2.999437469064503e-06
9.72,2.994783410170676e-05,0.0008924547692210627,0.015118414169162264,0.00810749125377308,5.057924161944172e-06,2.993337073986524e-06
9.722,2.98949437731455e-05,0.0008915885396671985,0.015116996001381278,0.008106949208501968,5.048310869559813e-06,2.987249086094934e-06
9.724,2.9842146645364664e-05,0.0008907231509327485,0.015115577966338334,0.008106407199688137,5.038715848115771e-06,2.9811734802986933e-06
9.726,2.9789442554495338e-05,0.0008898586022016985,0.015114160064021442,0.008105865227328923,5.029139062973087e-06,2.9751102315067612e-06
9.728,2.9736831336890646e-05,0.000888994892658701,0.015112742294418391,0.008105323291421662,5.019580479492802e-06,2.969059314406053e-06
9.73,2.9684312828903714e-05,0.0008881320214890742,0.015111324657517189,0.008104781391963689,5.010040063035959e-06,2.963020703905528e-06
9.732,2.9631886867331758e-05,0.0008872699878790247,0.015109907153305624,0.008104239528952561,5.000517778963598e-06,2.956994374914146e-06
9.734,2.9579553289416083e-05,0.0008864087910156471,0.015108489781771484,0.008103697702385393,4.991013592858806e-06,2.950980302562911e-06
9.736,2.9527311932397993e-05,0.0008855484300867023,0.015107072542902777,0.008103155912259519,4.981527470526714e-06,2.944978461982828e-06
9.738,2.9475162634184926e-05,0.0008846889042806172,0.015105655436687293,0.008102614158572496,4.9720593775504085e-06,2.9389888283049004e-06
9.74,2.942310523268432e-05,0.0008838302127869291,0.01510423846311304,0.008102072441321662,4.962609279512975e-06,2.933011376660133e-06
9.742,2.937113956602566e-05,0.0008829723547956192,0.015102821622167806,0.008101530760504128,4.953177142219545e-06,2.9270460821795297e-06
9.744,2.931926547278252e-05,0.000882115329497779,0.015101404913839378,0.008100989116117452,4.943762931697293e-06,2.9210929202161395e-06
9.746,2.9267482791972554e-05,0.0008812591360849442,0.015099988338115766,0.00810044750815897,4.934366613751351e-06,2.9151518661230114e-06
9.748,2.921579136261343e-05,0.0008804037737497605,0.015098571894984758,0.008099905936626017,4.924988154408894e-06,2.909222895253194e-06
9.75,2.9164191023944852e-05,0.0008795492416855399,0.015097155584434363,0.00809936440151593,4.915627519919141e-06,2.9033059829597363e-06
9.752,2.911268161587266e-05,0.0008786955390862605,0.015095739406452369,0.008098822902826042,4.906284676087225e-06,2.8974011048177317e-06
9.754,2.9061262978302693e-05,0.0008778426651467885,0.015094323361026785,0.00809828144055369,4.896959589384409e-06,2.891508236180229e-06
9.756,2.9009934951362837e-05,0.0008769906190628785,0.015092907448145398,0.008097740014696209,4.8876522258378685e-06,2.8856273528443666e-06
9.758000000000001,2.8958697375625064e-05,0.0008761394000307288,0.01509149166779622,0.008097198625251156,4.878362551918869e-06,2.8797584303852375e-06
9.76,2.8907550091883394e-05,0.0008752890072476482,0.015090076019967036,0.008096657272215646,4.86909053387663e-06,2.8739014443779354e-06
9.762,2.8856492941375933e-05,0.0008744394399116118,0.015088660504645635,0.008096115955587235,4.859836138182416e-06,2.8680563706195983e-06
9.764,2.880552576534079e-05,0.0008735906972214824,0.015087245121820025,0.008095574675363038,4.850599331529537e-06,2.8622231849073643e-06
9.766,2.875464840546016e-05,0.0008727427783765673,0.015085829871477996,0.00809503343154061,4.8413800801672124e-06,2.8564018630383714e-06
9.768,2.870386070341624e-05,0.0008718956825772839,0.015084414753607556,0.008094492224117289,4.832178351010796e-06,2.8505923808097577e-06
9.77,2.8653162501779406e-05,0.0008710494090247156,0.015082999768196492,0.008093951053090409,4.822994110753598e-06,2.844794714240706e-06
9.772,2.8602553642675943e-05,0.0008702039569208342,0.015081584915232815,0.008093409918457306,4.813827325866882e-06,2.839008839128354e-06
9.774000000000001,2.8552033969120316e-05,0.0008693593254680554,0.015080170194704534,0.008092868820215315,4.8046779634880465e-06,2.8332347317139295e-06
9.776,2.850160332412699e-05,0.0008685155138699052,0.015078755606599215,0.008092327758361995,4.795545990310401e-06,2.82747236779457e-06
9.778,2.8451261550932472e-05,0.0008676725213305758,0.015077341150905088,0.008091786732894457,4.786431373471345e-06,2.821721723833548e-06
9.78,2.8401008492995317e-05,0.0008668303470551475,0.01507592682760972,0.008091245743810038,4.777334079886231e-06,2.815982775628001e-06
9.782,2.835084399444021e-05,0.0008659889902491447,0.015074512636701343,0.008090704791106296,4.768254076470413e-06,2.810255499641201e-06
9.784,2.83007678991698e-05,0.0008651484501192019,0.01507309857816752,0.008090163874780565,4.7591913305833344e-06,2.8045398721143755e-06
9.786,2.8250780051752855e-05,0.000864308725872398,0.015071684651996486,0.008089622994830181,4.750145809362394e-06,2.7988358692887516e-06
9.788,2.8200880296758157e-05,0.0008634698167169219,0.015070270858175805,0.00808908215125248,4.7411174799449896e-06,2.7931434676276012e-06
9.790000000000001,2.815106847919857e-05,0.0008626317218616286,0.015068857196693708,0.008088541344044797,4.732106309912609e-06,2.7874626433721517e-06
9.792,2.8101344444086962e-05,0.0008617944405158173,0.015067443667537761,0.008088000573204468,4.7231122664026515e-06,2.7817933729856748e-06
9.794,2.805170803710233e-05,0.0008609579718901195,0.015066030270696196,0.008087459838728828,4.714135316996604e-06,2.776135633153487e-06
9.796,2.800215910414572e-05,0.0008601223151953885,0.015064617006156578,0.008086919140615434,4.705175429275954e-06,2.7704894003388603e-06
9.798,2.7952697491118172e-05,0.0008592874696438102,0.015063203873907138,0.0080863784788614,4.696232570600145e-06,2.7648546510050664e-06
9.8,2.7903323044364825e-05,0.0008584534344477923,0.015061790873935665,0.008085837853464284,4.687306708772709e-06,2.759231361837422e-06
9.802,2.7854035610452854e-05,0.0008576202088208529,0.015060378006229946,0.00808529726442142,4.6783978113751346e-06,2.753619509743288e-06
9.804,2.7804835036171482e-05,0.000856787791976954,0.01505896527077799,0.008084756711730146,4.669505846210953e-06,2.7480190711859365e-06
9.806000000000001,2.7755721168531977e-05,0.000855956183131168,0.015057552667567586,0.008084216195387794,4.660630781083697e-06,2.7424300230727283e-06
9.808,2.770669385521174e-05,0.0008551253814992332,0.015056140196586743,0.008083675715391703,4.651772584018943e-06,2.7368523423110247e-06
9.81,2.7657752943666125e-05,0.0008542953862975544,0.015054727857823469,0.008083135271739428,4.6429312228202235e-06,2.731286005586142e-06
9.812,2.7608898282016625e-05,0.0008534661967434243,0.015053315651265553,0.008082594864428083,4.634106665513116e-06,2.725730990027486e-06
9.814,2.7560129718162685e-05,0.0008526378120545797,0.015051903576901005,0.008082054493455226,4.6252988801231965e-06,2.720187272542418e-06
9.816,2.7511447100891928e-05,0.0008518102314498677,0.015050491634717611,0.008081514158818193,4.616507834898087e-06,2.714654830038299e-06
9.818,2.7462850278769935e-05,0.0008509834541488015,0.01504907982470316,0.008080973860514318,4.607733497863364e-06,2.709133639866579e-06
9.82,2.7414339100806373e-05,0.0008501574793717825,0.015047668146845883,0.008080433598540937,4.598975837488695e-06,2.703623678934619e-06
9.822000000000001,2.7365913416232956e-05,0.0008493323063396563,0.015046256601133567,0.008079893372895386,4.590234821799655e-06,2.6981249243718253e-06
9.824,2.7317573074503443e-05,0.0008485079342741564,0.015044845187554001,0.008079353183575,4.581510419265911e-06,2.6926373535296477e-06
9.826,2.726931792551568e-05,0.0008476843623976826,0.015043433906095194,0.008078813030577336,4.5728025983571285e-06,2.687160943537492e-06
9.828,2.7221147819167513e-05,0.000846861589933745,0.015042022756745155,0.008078272913899509,4.5641113275429745e-06,2.6816956717468088e-06
9.83,2.7173062606022924e-05,0.0008460396161062977,0.015040611739491672,0.008077732833539075,4.555436575515159e-06,2.676241515509048e-06
9.832,2.712506213642385e-05,0.000845218440139961,0.015039200854322532,0.00807719278949337,4.546778310743349e-06,2.67079845217566e-06
9.834,2.707714626137836e-05,0.0008443980612604651,0.015037790101225967,0.00807665278175973,4.538136501919254e-06,2.6653664590980952e-06
9.836,2.7029314831894524e-05,0.0008435784786939848,0.015036379480189765,0.008076112810335712,4.529511117734586e-06,2.6599455138498485e-06
9.838000000000001,2.6981567699424502e-05,0.0008427596916675828,0.015034968991201714,0.008075572875218429,4.5209021268810545e-06,2.6545355940044146e-06
9.84,2.6933904715420454e-05,0.0008419416994089879,0.015033558634249822,0.008075032976405438,4.5123094982724155e-06,2.6491366771352887e-06
9.842,2.688632573200067e-05,0.0008411245011468171,0.0150321484093221,0.008074493113893855,4.503733200822424e-06,2.6437487408159654e-06
9.844,2.6838830601283448e-05,0.0008403080961103537,0.015030738316406334,0.008073953287681235,4.4951732034448355e-06,2.6383717628419845e-06
9.846,2.679141917560912e-05,0.000839492483529547,0.015029328355490534,0.008073413497764914,4.48662947527545e-06,2.6330057207868407e-06
9.848,2.6744091307540074e-05,0.0008386776626352344,0.01502791852656249,0.00807287374414245,4.478101985228022e-06,2.6276505924460736e-06
9.85,2.6696846850082778e-05,0.0008378636326589195,0.015026508829610208,0.008072334026810957,4.469590702660398e-06,2.6223063556152226e-06
9.852,2.664968565646575e-05,0.0008370503928329942,0.0150250992646217,0.00807179434576799,4.461095596708375e-06,2.616972988311872e-06
9.854000000000001,2.6602607580139548e-05,0.0008362379423902944,0.015023689831584974,0.008071254701010666,4.452616636507756e-06,2.6116504681095165e-06
9.856,2.655561247477678e-05,0.000835426280564544,0.015022280530487597,0.00807071509253654,4.444153791416383e-06,2.606338773247785e-06
9.858,2.6508700194272095e-05,0.0008346154065903555,0.0150208713613178,0.00807017552034317,4.435707030792102e-06,2.601037881522217e-06
9.86,2.6461870592964232e-05,0.0008338053197030071,0.01501946232406337,0.00806963598442767,4.427276324214802e-06,2.5957477709503962e-06
9.862,2.6415123525413975e-05,0.0008329960191384433,0.015018053418712318,0.008069096484787375,4.4188616410423265e-06,2.590468419771952e-06
9.864,2.6368458846182108e-05,0.0008321875041332749,0.015016644645252653,0.008068557021419842,4.410462950854566e-06,2.585199806004468e-06
9.866,2.6321876410273504e-05,0.0008313797739252227,0.015015236003672161,0.008068017594322408,4.402080223231408e-06,2.5799419076655283e-06
9.868,2.627537607291508e-05,0.0008305728277522295,0.015013827493958631,0.008067478203492406,4.3937134277527434e-06,2.5746947032168066e-06
9.870000000000001,2.62289576895558e-05,0.0008297666648533486,0.015012419116100295,0.008066938848927174,4.385362534220505e-06,2.5694581706758868e-06
9.872,2.618262111608871e-05,0.0008289612844682992,0.01501101087008494,0.008066399530624047,4.3770275124366265e-06,2.564232288504442e-06
9.874,2.613636620840687e-05,0.0008281566858374667,0.015009602755900575,0.00806586024858058,4.368708332203042e-06,2.5590170349421015e-06
9.876,2.6090192822847413e-05,0.0008273528682021247,0.015008194773534989,0.008065321002794112,4.360404963543729e-06,2.553812388450538e-06
9.878,2.6044100815747484e-05,0.0008265498308039909,0.01500678692297619,0.008064781793261977,4.3521173762606224e-06,2.5486183274914254e-06
9.88,2.5998090044110356e-05,0.0008257475728858932,0.015005379204212188,0.00806424261998151,4.3438455403777e-06,2.543434830304392e-06
9.882,2.5952160364717258e-05,0.0008249460936911035,0.015003971617230771,0.008063703482950046,4.33558942591894e-06,2.5382618755731556e-06
9.884,2.5906311635015555e-05,0.00082414539246356,0.015002564162019949,0.008063164382164922,4.327349003130365e-06,2.5330994419814346e-06
9.886000000000001,2.586054371245261e-05,0.000823345468448311,0.01500115683856773,0.008062625317623695,4.319124242035954e-06,2.527947507990902e-06
9.888,2.5814856454919877e-05,0.000822546320890849,0.014999749646861904,0.0080620862893237,4.310915113103775e-06,2.5228060522852758e-06
9.89,2.5769249720308807e-05,0.0008217479490375545,0.014998342586890479,0.008061547297262273,4.302721586357805e-06,2.5176750533262293e-06
9.892,2.5723723366732898e-05,0.0008209503521354744,0.014996935658641464,0.008061008341436748,4.294543632266112e-06,2.5125544902415697e-06
9.894,2.5678277252971782e-05,0.0008201535294323214,0.01499552886210287,0.008060469421844685,4.2863812212967645e-06,2.5074443414929704e-06
9.896,2.5632911237583045e-05,0.0008193574801764747,0.014994122197262483,0.008059930538483417,4.278234323695784e-06,2.5023445859861937e-06
9.898,2.5587625179790408e-05,0.0008185622036172013,0.014992715664108314,0.008059391691350282,4.270102910153284e-06,2.4972552026270023e-06
9.9,2.5542418938595546e-05,0.0008177676990046567,0.01499130926262815,0.008058852880442613,4.2619869513593756e-06,2.4921761703211587e-06
9.902000000000001,2.549729237366627e-05,0.0008169739655894404,0.01498990299281,0.008058314105757747,4.253886417782127e-06,2.4871074679744254e-06
9.904,2.5452245344670388e-05,0.0008161810026228178,0.014988496854641875,0.00805777536729324,4.24580128011165e-06,2.4820490747146096e-06
9.906,2.54072777117198e-05,0.0008153888093569428,0.014987090848111784,0.008057236665046208,4.237731509038056e-06,2.4770009694474737e-06
9.908,2.536238933514845e-05,0.0008145973850448573,0.014985684973207514,0.008056697999014206,4.229677075473504e-06,2.471963131300825e-06
9.91,2.531758007529028e-05,0.0008138067289400475,0.014984279229917075,0.008056159369194571,4.221637950108104e-06,2.466935539180426e-06
9.912,2.5272849792923324e-05,0.0008130168402968874,0.014982873618228476,0.00805562077558486,4.213614103854013e-06,2.4619181724361283e-06
9.914,2.5228198348825615e-05,0.0008122277183701954,0.014981468138129728,0.008055082218182408,4.2056055078454335e-06,2.456911010195739e-06
9.916,2.5183625604441318e-05,0.0008114393624159,0.014980062789608617,0.008054543696984329,4.1976121329945215e-06,2.4519140318091104e-06
9.918000000000001,2.51391314212146e-05,0.0008106517716905959,0.014978657572653153,0.00805400521198818,4.1896339504354785e-06,2.4469272166260936e-06
9.92,2.5094715661033717e-05,0.0008098649454513218,0.014977252487251347,0.008053466763191519,4.181670931302506e-06,2.441950543774496e-06
9.922,2.505037818556488e-05,0.0008090788829560047,0.014975847533390985,0.00805292835059146,4.173723046729805e-06,2.436983992826214e-06
9.924,2.5006118857140436e-05,0.0008082935834632377,0.014974442711060076,0.008052389974185559,4.165790267851577e-06,2.432027543131099e-06
9.926,2.496193753831477e-05,0.0008075090462325019,0.014973038020246632,0.008051851633971152,4.157872566024068e-06,2.427081174039003e-06
9.928,2.4917834091642277e-05,0.0008067252705239447,0.01497163346093866,0.008051313329945575,4.149969912603524e-06,2.4221448651218225e-06
9.93,2.487380838012143e-05,0.0008059422555981577,0.014970229033124172,0.008050775062106386,4.142082278946191e-06,2.4172185959514536e-06
9.932,2.4829860266750714e-05,0.0008051600007168425,0.014968824736790953,0.008050236830450697,4.134209636630359e-06,2.412302345877748e-06
9.934000000000001,2.4785989615194737e-05,0.0008043785051421448,0.014967420571927015,0.008049698634976066,4.126351957012275e-06,2.4073960949166917e-06
9.936,2.4742196288896068e-05,0.0008035977681370987,0.014966016538520144,0.008049160475679829,4.118509211892274e-06,2.402499822418136e-06
9.938,2.4698480151741364e-05,0.0008028177889651822,0.014964612636558572,0.008048622352559542,4.110681372626601e-06,2.397613508176022e-06
9.94,2.4654841068061373e-05,0.0008020385668909835,0.014963208866030087,0.00804808426561232,4.102868411015592e-06,2.3927371319842905e-06
9.942,2.4611278901964795e-05,0.0008012601011795351,0.014961805226922698,0.008047546214835721,4.095070298859582e-06,2.3878706736368827e-06
9.944,2.4567793518226466e-05,0.0008004823910965353,0.014960401719224414,0.00804700820022708,4.087287007736862e-06,2.3830141129277393e-06
9.946,2.4524384781621222e-05,0.0007997054359085709,0.014958998342923246,0.00804647022178373,4.0795185096698106e-06,2.3781674296508015e-06
9.948,2.4481052557367988e-05,0.0007989292348828947,0.014957595098006982,0.008045932279503232,4.071764776458764e-06,2.3733306038220547e-06
9.950000000000001,2.443779671068569e-05,0.0007981537872874256,0.01495619198446363,0.00804539437338292,4.064025779904057e-06,2.3685036154574846e-06
9.952,2.4394617107015293e-05,0.0007973790923909707,0.014954789002281199,0.008044856503420128,4.056301492250114e-06,2.363686444351032e-06
9.954,2.4351513612463904e-05,0.0007966051494627813,0.0149533861514477,0.008044318669612194,4.04859188529727e-06,2.358879070740727e-06
9.956,2.4308486092694537e-05,0.0007958319577729966,0.014951983431951144,0.008043780871956674,4.04089693128995e-06,2.3540814744205107e-06
9.958,2.4265534414258383e-05,0.0007950595165922003,0.014950580843779315,0.008043243110450682,4.033216602472578e-06,2.349293635850458e-06
9.96,2.422265844348459e-05,0.000794287825192086,0.014949178386920225,0.008042705385091775,4.025550870867534e-06,2.344515535046554e-06
9.962,2.4179858047146396e-05,0.0007935168828447914,0.014947776061361884,0.008042167695877511,4.017899708941286e-06,2.3397471520247848e-06
9.964,2.4137133092239083e-05,0.0007927466888231205,0.0149463738670923,0.008041630042805004,4.010263088716215e-06,2.334988467245225e-06
9.966000000000001,2.4094483445979975e-05,0.0007919772424007654,0.014944971804099483,0.00804109242587181,4.0026409826587894e-06,2.3302394609459043e-06
9.968,2.4051908975808445e-05,0.0007912085428520843,0.01494356987237122,0.008040554845075265,3.995033363235478e-06,2.3255001133648534e-06
9.97,2.4009409549385907e-05,0.0007904405894521016,0.014942168071895745,0.008040017300412927,3.987440202912751e-06,2.320770404962147e-06
9.972,2.3966985034595822e-05,0.0007896733814765078,0.014940766402660843,0.00803947979188191,3.9798614743791205e-06,2.316050315975815e-06
9.974,2.3924635299543695e-05,0.0007889069182016595,0.014939364864654525,0.00803894231947977,3.972297149879012e-06,2.3113398268659324e-06
9.976,2.3882360212557074e-05,0.0007881411989048015,0.014937963457864578,0.008038404883203842,3.964747202322982e-06,2.3066389183146185e-06
9.978,2.38401596424076e-05,0.0007873762228636227,0.014936562182279234,0.008037867483051686,3.957211604177502e-06,2.3019475705599035e-06
9.98,2.3798033457866907e-05,0.0007866119893567003,0.01493516103788628,0.008037330119020414,3.9496903281310836e-06,2.2972657642839067e-06
9.982000000000001,2.3755981527928682e-05,0.0007858484976632774,0.014933760024673948,0.008036792791107583,3.942183347094286e-06,2.2925934801687475e-06
9.984,2.3714003721808652e-05,0.0007850857470632633,0.014932359142630025,0.008036255499310752,3.934690633977667e-06,2.2879306988965453e-06
9.986,2.3672099909166633e-05,0.0007843237368374556,0.014930958391742521,0.008035718243627032,3.92721216146974e-06,2.283277400927375e-06
9.988,2.3630269959662442e-05,0.0007835624662670959,0.014929557771999447,0.008035181024053983,3.919747902703108e-06,2.2786335671654e-06
9.99,2.3588513743399986e-05,0.000782801934634092,0.01492815728338881,0.00803464384058894,3.912297830588329e-06,2.273999178070696e-06
9.992,2.354683113048317e-05,0.0007820421412212397,0.014926756925898399,0.008034106693229237,3.904861918035962e-06,2.2693742147694707e-06
9.994,2.350522199145999e-05,0.0007812830853120012,0.014925356699516446,0.008033569581972433,3.897440138400654e-06,2.264758657943844e-06
9.996,2.346368619687844e-05,0.0007805247661902825,0.014923956604230737,0.008033032506815863,3.890032464592963e-06,2.2601524884979796e-06
9.998,2.342222361773061e-05,0.0007797671831411002,0.014922556640029283,0.008032495467756862,3.882638869745492e-06,2.255555687113997e-06
