time,joint_1,joint_2,joint_3,joint_4,joint_5,joint_6
0.0,-1.5706381967038248,-1.571273146076058,-1.5691367720844005,-1.5701040171740974,-1.5697061451590466,-1.5697243575771433
0.002,-1.5703124962471606,-1.5719597641013574,-1.5665394652996603,-1.5686722940707107,-1.5675479558468388,-1.5676114551817881
0.004,-1.5698196808408083,-1.5724273253573806,-1.5642326900857528,-1.5664956348093744,-1.5648584897514488,-1.5649796648306395
0.006,-1.5691597482822401,-1.5728167788321121,-1.5618142653305702,-1.5640106959039968,-1.5619543612601996,-1.562148323547356
0.008,-1.5683320664669373,-1.5730790850744767,-1.5594226999870202,-1.5613684615549186,-1.5589667731861134,-1.5592409381703116
0.01,-1.5673368799840242,-1.573228703984122,-1.557018096732821,-1.5586573459523192,-1.5559473174462137,-1.5563055348436046
0.012,-1.5661744883606759,-1.5732609371574613,-1.5546154003798796,-1.5559133948534012,-1.5529170094914095,-1.5533607225972497
0.014,-1.5648464663663144,-1.573177809769566,-1.552210797528438,-1.5531551630412466,-1.5498841621021233,-1.5504137418730992
0.016,-1.563367476528345,-1.5729795546158805,-1.5498054964139132,-1.550388721408022,-1.5468527107942858,-1.5474674074493382
0.018000000000000002,-1.5617509148335182,-1.5726668932381809,-1.5473993803867738,-1.5476172320987973,-1.5438241560026917,-1.5445228142683058
0.02,-1.560009009796675,-1.5722404388749904,-1.5449926717369769,-1.5448423203736585,-1.5407990347324658,-1.541580388556086
0.022,-1.5581529215903387,-1.5717008659852654,-1.5425854398288976,-1.5420649283042855,-1.5377774999923783,-1.5386402970532056
0.024,-1.5561928328614616,-1.5710488450785063,-1.5401777790110815,-1.5392856491052287,-1.534759557742317,-1.535702605501617
0.026000000000000002,-1.55413803302454,-1.5702850582205754,-1.5377697612090917,-1.5365049063092766,-1.5317451599925072,-1.5327673403637887
0.028,-1.551996995510951,-1.5694101911580607,-1.5353614559238895,-1.5337230315776331,-1.5287342419998098,-1.5298345127821082
0.03,-1.5497774485582922,-1.5684249341212342,-1.5329529262820334,-1.5309403039732563,-1.5257267365237885,-1.5269041279200608
0.032,-1.5474864399321338,-1.5673299803883276,-1.5305442316697,-1.5281569681926708,-1.5227225791617536,-1.5239761885986252
0.034,-1.5451303960743585,-1.5661260258230367,-1.5281354277268009,-1.5253732438493293,-1.5197217101131857,-1.5210506967170654
0.036000000000000004,-1.542715199968159,-1.5648217011852712,-1.5257122493948314,-1.5225901108728002,-1.5167240236633326,-1.5181276609261245
0.038,-1.5402462323741906,-1.5634360540189198,-1.5232484369215527,-1.5198079222726582,-1.5137294764677445,-1.5152070881223043
0.04,-1.5377283235550256,-1.561970963902136,-1.5207612019665078,-1.5170230468481247,-1.5107383124013396,-1.5122889533704462
0.042,-1.5351659194488503,-1.5604357615095839,-1.5182461257954327,-1.5142359902613938,-1.5077504747968238,-1.5093732605747103
0.044,-1.5325630649135784,-1.5588352556722316,-1.5157090802754276,-1.511446249833028,-1.5047659764016847,-1.5064600059723885
0.046,-1.5299234656218579,-1.5571756846663602,-1.5131505948885506,-1.5086542762841033,-1.501784760507731,-1.5035491926445559
0.048,-1.527250505916786,-1.5554618684155597,-1.5105735388988897,-1.505860251580606,-1.4988067898713187,-1.500640821723586
0.05,-1.5245472828081414,-1.5536986660316023,-1.5079793771306282,-1.5030645628584531,-1.495832013557369,-1.4977348958862582
0.052000000000000005,-1.5218166281422594,-1.551890316985739,-1.505370024821534,-1.5002675130010084,-1.4928603880524367,-1.4948314172493722
0.054,-1.5190611328903383,-1.5500408142488848,-1.5027469580569752,-1.4974694356962495,-1.4898918691849317,-1.4919303882173829
0.056,-1.5162831672890877,-1.548153767386279,-1.5001116672940993,-1.4946706276750528,-1.48692641698901,-1.4890318109843903
0.058,-1.5134849001528465,-1.5462325115435647,-1.4974654517629855,-1.4918713773082934,-1.4839639936115527,-1.4861356877439458
0.06,-1.510668316040276,-1.5442800924673867,-1.4948095352925377,-1.489071949452654,-1.4810045643127296,-1.483242020575109
0.062,-1.5078352311397434,-1.5422993089920582,-1.4921450235757296,-1.486272593202412,-1.4780480968189404,-1.480350811497685
0.064,-1.5049873076691638,-1.5402927244625817,-1.4894729378857514,-1.4834735391577696,-1.4750945614211348,-1.4774620624493586
0.066,-1.5021260670750332,-1.538262690670764,-1.4867942103411718,-1.4806750021021424,-1.472143930690046,-1.4745757753029594
0.068,-1.4992529020640846,-1.5362113632148517,-1.484109697005118,-1.4778771811412503,-1.4691961793768784,-1.47169195186468
0.07,-1.4963690876051299,-1.5341407188031138,-1.4814201813766863,-1.4750802610870806,-1.466251284230998,-1.4688105938815903
0.07200000000000001,-1.4934757909750467,-1.5320525695474176,-1.4787263817597471,-1.4722844131982542,-1.4633092238691765,-1.4659317030443184
0.074,-1.490574080940583,-1.5299485768397911,-1.4760289559882125,-1.4694897961763038,-1.460369978632364,-1.4630552809917041
0.076,-1.4876649361478693,-1.5278302637031236,-1.4733285067539796,-1.4666965569706303,-1.4574335304614883,-1.460181329314066
0.078,-1.4847492527906294,-1.5256990263014956,-1.4706255860098776,-1.4639048316065466,-1.4544998627767531,-1.4573098495567276
0.08,-1.4818278516191654,-1.5235561444076475,-1.4679206992450258,-1.4611147459317642,-1.451568960367521,-1.454440843223021
0.082,-1.4789014843479245,-1.5214027910471775,-1.4652143092916197,-1.4583264163334693,-1.4486408092887508,-1.4515743117771713
0.084,-1.475970839513757,-1.5192400413231142,-1.4625068398731773,-1.4555399504027675,-1.4457153967653125,-1.448710256646894
0.08600000000000001,-1.4730365478326486,-1.5170688805204673,-1.4597986788321866,-1.4527554475603766,-1.4427927111028909,-1.4458486792258103
0.088,-1.4700991870983648,-1.514890211535146,-1.4570901811042605,-1.4499729996396933,-1.439872741605464,-1.442989580875658
0.09,-1.4671592866626848,-1.512704861690746,-1.4543816714399957,-1.4471926914321043,-1.4369554784987448,-1.4401329629283286
0.092,-1.4642173315333806,-1.5105135889903158,-1.4516734469049914,-1.4444146011952201,-1.4340409128592813,-1.4372788266877394
0.094,-1.4612737661229473,-1.508317087851677,-1.4489657791716908,-1.4416388011267391,-1.4311290365487934,-1.4344271734315546
0.096,-1.4583289976781828,-1.5061159943682154,-1.4462589166225202,-1.4388653578056159,-1.428219842153411,-1.4315780044127686
0.098,-1.4553833994180876,-1.503910891134844,-1.4435530862788148,-1.4360943326026372,-1.4253133229274575,-1.4287313208611618
0.1,-1.4524373134051622,-1.5017023116749233,-1.4408484955704648,-1.4333257820622112,-1.42240947274147,-1.425887123984638
0.10200000000000001,-1.449491053172981,-1.4994907445012544,-1.43814533395918,-1.4305597582572114,-1.4195082860341475,-1.4230454149704554
0.10400000000000001,-1.4465449061309414,-1.497276636841363,-1.4354437744276,-1.4277963091185846,-1.41660975776795,-1.4202061949863574
0.106,-1.443599135765263,-1.495060398054865,-1.432743974845269,-1.4250354787413781,-1.4137138833880782,-1.4173694651816124
0.108,-1.4406539836536592,-1.492842402768358,-1.430046079221684,-1.4222773076687427,-1.410820658784594,-1.414535226687971
0.11,-1.4377096713095936,-1.4906229937512008,-1.4273502188557314,-1.4195218331553923,-1.4079300802574415,-1.4117034806205437
0.112,-1.4347664018706596,-1.4884024845535915,-1.4246565133900808,-1.416769089411914,-1.405042144484162,-1.4088742280786115
0.114,-1.4318243616443582,-1.4861811619265934,-1.4219650717783872,-1.4140191078312483,-1.4021568484900973,-1.4060474701463666
0.116,-1.428883721523416,-1.4839592880421304,-1.4192759931725076,-1.4112719171985677,-1.3992741896208942,-1.4032232078935978
0.11800000000000001,-1.425944638281727,-1.4817371025294737,-1.416589367736344,-1.4085275438857248,-1.3963941655171423,-1.4004014423763185
0.12,-1.4230072557610574,-1.4795148243433929,-1.4139052773923702,-1.4057860120313472,-1.3935167740909755,-1.3975821746373445
0.122,-1.4200717059577839,-1.4772926534778699,-1.4112237965064158,-1.403047343707608,-1.390642013504497,-1.394765405706826
0.124,-1.4171381100181262,-1.475070772538142,-1.4085449925157991,-1.4003115590746145,-1.387769882149881,-1.3919511366027362
0.126,-1.4142065791496312,-1.472849348182776,-1.4058689265055009,-1.397578676523311,-1.3849003786310292,-1.3891393683313218
0.128,-1.4112772154559874,-1.470628532446511,-1.4031956537366665,-1.3948487128077223,-1.3820335017466572,-1.386330101887516
0.13,-1.4083501127016465,-1.4684084639537205,-1.4005252241313824,-1.3921216831673118,-1.3791692504747066,-1.3835233382553205
0.132,-1.405425357012184,-1.4661892690315315,-1.3978576827173372,-1.3893976014401748,-1.3763076239579746,-1.380719078408154
0.134,-1.4025030275158161,-1.463971062730889,-1.395193070035687,-1.3866764801677376,-1.3734486214908723,-1.3779173233091768
0.136,-1.399583196931034,-1.4617539497631729,-1.3925314225151635,-1.383958330691585,-1.3705922425072201,-1.3751180739115865
0.138,-1.3966659321048958,-1.4595380253593446,-1.3898727728152216,-1.3812431632430002,-1.3677384865690037,-1.372321331158892
0.14,-1.3937512945061288,-1.457323376058024,-1.3872171501407786,-1.3785309870257494,-1.3648873533560109,-1.3695270959851646
0.14200000000000002,-1.3908393406768416,-1.4551100804283696,-1.3845645805309021,-1.3758218102926183,-1.3620388426562857,-1.3667353693152706
0.14400000000000002,-1.3879301226463294,-1.4528982097331493,-1.3819150871235946,-1.373115640416161,-1.3591929543573327,-1.3639461520650844
0.146,-1.3850236883101539,-1.4506878285369458,-1.3792686903986573,-1.370412483954095,-1.3563496884380142,-1.3611594451416866
0.148,-1.3821200817774146,-1.4484789952640285,-1.3766254084004406,-1.3677123467097392,-1.3535090449610854,-1.3583752494435442
0.15,-1.3792193436888822,-1.4462717627100552,-1.3739852569421498,-1.3650152337878705,-1.3506710240663178,-1.3555935658606788
0.152,-1.3763215115084384,-1.4440661785114182,-1.3713482497932297,-1.3623211496463394,-1.3478356259641648,-1.3528143952748215
0.154,-1.3734266197900569,-1.4418622855757364,-1.3687143988512278,-1.359630098143764,-1.3450028509299274,-1.3500377385595552
0.156,-1.37053470042238,-1.4396601224767067,-1.3660837142994213,-1.3569420825835976,-1.3421726992983776,-1.347263596580446
0.158,-1.3676457828527668,-1.4374597238162607,-1.3634562047513863,-1.3542571057548471,-1.3393451714588092,-1.344491970195166
0.16,-1.3647598942925292,-1.4352611205567298,-1.3608318773835872,-1.351575169969689,-1.3365202678504753,-1.3417228602536047
0.162,-1.3618770599049346,-1.4330643403255012,-1.3582107380569837,-1.348896277098223,-1.3336979889583875,-1.3389562675979736
0.164,-1.3589973029774174,-1.4308694076944377,-1.3555927914285557,-1.346220428600578,-1.3308783353094467,-1.3361921930629026
0.166,-1.3561206450793168,-1.4286763444361508,-1.3529780410535905,-1.3435476255565724,-1.3280613074688752,-1.3334306374755296
0.168,-1.353247106206358,-1.426485169759039,-1.3503664894794893,-1.3408778686931146,-1.3252469060369343,-1.3306716016555824
0.17,-1.3503767049129807,-1.4242959005228544,-1.3477581383318002,-1.3382111584095144,-1.3224351316458964,-1.3279150864154559
0.17200000000000001,-1.3475094584335336,-1.4221085514363998,-1.345152988393119,-1.3355474948008663,-1.3196259849572578,-1.3251610925602832
0.17400000000000002,-1.3446453827932678,-1.4199231352388446,-1.3425510396754485,-1.3328868776796516,-1.316819466659167,-1.322409620888002
0.176,-1.3417844929099765,-1.4177396628660093,-1.339952291486561,-1.330229306595695,-1.3140155774640585,-1.3196606721894162
0.178,-1.3389268026870706,-1.4155581436028641,-1.3373567424908572,-1.3275747808546008,-1.3112143181064697,-1.3169142472482527
0.18,-1.3360723250988011,-1.4133785852233856,-1.3347643907651796,-1.3249232995347877,-1.3084156893410286,-1.3141703468412147
0.182,-1.3332210722682871,-1.4112009941188144,-1.3321752338499973,-1.3222748615032265,-1.305619691940599,-1.311428971738033
0.184,-1.3303730555389504,-1.4090253754152793,-1.3295892687963484,-1.319629465429983,-1.3028263266945699,-1.3086901227015109
0.186,-1.3275282855399098,-1.4068517330816628,-1.3270064922088882,-1.3169871098016563,-1.3000355944072792,-1.3059538004875684
0.188,-1.3246867722458384,-1.4046800700285216,-1.324426900285368,-1.3143477929337986,-1.2972474958965572,-1.3032200058452825
0.19,-1.3218485250317482,-1.4025103881988004,-1.3218504888528406,-1.311711512982393,-1.2944620319923847,-1.300488739516927
0.192,-1.3190135527231266,-1.400342688651021,-1.3192772534008637,-1.3090782679544655,-1.291679203535654,-1.2977600022380062
0.194,-1.316181863641814,-1.3981769716355685,-1.3167071891119484,-1.3064480557178932,-1.2888990113770247,-1.2950337947372905
0.196,-1.3133534656479788,-1.3960132366646465,-1.314140290889485,-1.3038208740104757,-1.2861214563758678,-1.292310117736847
0.198,-1.310528366178517,-1.3938514825764299,-1.3115765533833526,-1.3011967204483228,-1.2833465393992896,-1.289588971952071
0.2,-1.3077065722821746,-1.3916917075938926,-1.309015971013404,-1.2985755925336138,-1.2805742613212303,-1.2868703580917122
0.202,-1.304888090651672,-1.389533909378752,-1.3064585379910048,-1.2959574876617757,-1.27780462302163,-1.2841542768579042
0.20400000000000001,-1.302072927653075,-1.387378085080939,-1.3039042483387882,-1.2933424031281269,-1.2750376253856581,-1.2814407289461878
0.20600000000000002,-1.299261089352649,-1.3852242313839598,-1.3013530959087696,-1.290730336134025,-1.2722732693029999,-1.2787297150455366
0.20800000000000002,-1.2964525815414063,-1.383072344546494,-1.2988050743989612,-1.2881212837925609,-1.269511555667196,-1.2760212358383796
0.21,-1.2936474097575381,-1.3809224204405404,-1.2962601773686115,-1.285515243133832,-1.2667524853750307,-1.273315292000623
0.212,-1.2908455793069125,-1.3787744545863951,-1.2937183982521785,-1.282912211109827,-1.2639960593259651,-1.270611884201672
0.214,-1.2880470952817975,-1.3766284421847295,-1.29117973037215,-1.2803121845989553,-1.2612422784216106,-1.2679110131044498
0.216,-1.2852519625779626,-1.374484378146003,-1.2886441669507978,-1.2777151604102441,-1.2584911435652422,-1.2652126793654184
0.218,-1.2824601859102907,-1.3723422571174373,-1.286111701120962,-1.275121135287235,-1.2557426556613434,-1.2625168836345952
0.22,-1.2796717698531483,-1.3702020740379988,-1.2835823271963915,-1.2725301108817724,-1.2529974214847037,-1.2598247350620813
0.222,-1.276886718808669,-1.3680638244712837,-1.2810560397428208,-1.269942091997848,-1.2502566018593804,-1.257137104851132
0.224,-1.274105037001233,-1.365927503631554,-1.2785328305447314,-1.2673570728133126,-1.2475206686008413,-1.2544543243420083
0.226,-1.271326728502332,-1.3637931055067305,-1.2760126926294475,-1.264775045980765,-1.2447898101486745,-1.251776515932045
0.228,-1.2685517972496554,-1.361660623854362,-1.2734956185041797,-1.2621960050961434,-1.24206409836954,-1.249103721161821
0.23,-1.2657802470647124,-1.3595300520793776,-1.2709816008976098,-1.2596199447618626,-1.2393435571806335,-1.2464359502886122
0.232,-1.263012081665313,-1.3574013834451943,-1.2684706324268171,-1.2570468603181169,-1.2366281907774854,-1.243773201473733
0.234,-1.2602473037678952,-1.3552746101812725,-1.2659626985676693,-1.25447691736112,-1.2339179972073366,-1.2411154680135619
0.23600000000000002,-1.2574859109640393,-1.3531497162599415,-1.263457752765376,-1.2519112399253807,-1.231212981106764,-1.2384627404249187
0.23800000000000002,-1.2547279045334851,-1.3510266733966754,-1.260955817780505,-1.2493503419463492,-1.2285131320276863,-1.2358150099337657
0.24,-1.2519732873190228,-1.348905473619277,-1.2584568803801308,-1.2467944596208453,-1.2258184366317109,-1.2331722677354369
0.242,-1.2492220628574344,-1.3467861072167877,-1.2559609395629234,-1.2442436958468575,-1.2231288823551405,-1.2305345048175373
0.244,-1.2464742349264568,-1.3446685682779116,-1.2534679876640724,-1.2416980925234296,-1.2204444577052138,-1.227901712026546
0.246,-1.243729807360263,-1.342552850565944,-1.2509780190961062,-1.239157662395492,-1.2177651520615402,-1.2252738801210261
0.248,-1.2409887839579923,-1.3404389484401245,-1.248491027008551,-1.2366224047999568,-1.2150909553409817,-1.222650999820154
0.25,-1.238251168449275,-1.3383268560964972,-1.24600700486243,-1.2340923126821755,-1.212421857784932,-1.2200330618291662
0.252,-1.2355169644800865,-1.3362165677252213,-1.2435259458525838,-1.2315673760296357,-1.2097578498184258,-1.2174200568549995
0.254,-1.2327861756103224,-1.3341080773807323,-1.2410478431929015,-1.2290475834178665,-1.207098921974815,-1.2148119756139164
0.256,-1.2300588053154498,-1.3320013790166996,-1.238572690021802,-1.226532922761016,-1.2044450648533775,-1.2122088088356515
0.258,-1.2273348569902427,-1.3298964664723394,-1.2361004794569506,-1.2240233816533577,-1.2017962690978015,-1.20961054726537
0.26,-1.2246143339530309,-1.3277933334875618,-1.2336312045833673,-1.2215189475345944,-1.1991525253847897,-1.207017181664663
0.262,-1.2218972394500298,-1.3256919737094506,-1.2311648584667263,-1.2190196077663036,-1.1965138244183369,-1.2044287028119995
0.264,-1.2191835766594563,-1.3235923807031813,-1.2287014341548437,-1.216525349669364,-1.193880156926723,-1.2018451015029363
0.266,-1.2164733486953554,-1.3214945479608813,-1.2262409246831294,-1.2140361605419883,-1.1912515136609374,-1.1992663685502025
0.268,-1.2137665586111044,-1.3193984689106526,-1.2237833230777575,-1.2115520276690726,-1.188627885393791,-1.1966924947837225
0.27,-1.2110632094025988,-1.317304136924678,-1.2213286223592568,-1.2090729383272518,-1.1860092629193792,-1.1941234710506134
0.272,-1.208363304011139,-1.3152115453268205,-1.218876815545495,-1.2065988797879745,-1.1833956370527168,-1.1915592882151653
0.274,-1.2056668453260362,-1.3131206873995713,-1.2164278956545282,-1.2041298393195778,-1.1807869986294621,-1.1889999371588182
0.276,-1.2029738361869593,-1.3110315563904544,-1.2139818557071667,-1.2016658041888693,-1.1781833385056872,-1.1864454087801335
0.278,-1.2002842793860475,-1.3089441455179016,-1.2115386887293447,-1.1992067616624327,-1.1755846475576752,-1.1838956939947651
0.28,-1.197598177669807,-1.3068584479766465,-1.209098387754291,-1.196752699007779,-1.1729909166817323,-1.1813507837354291
0.28200000000000003,-1.194915533740808,-1.3047744569426762,-1.2066609458245217,-1.1943036034943861,-1.1704021367940127,-1.1788106689518731
0.28400000000000003,-1.192236350259206,-1.3026921655777752,-1.2042263559936703,-1.1918594623946646,-1.1678182988303505,-1.1762753406108468
0.28600000000000003,-1.1895606298440973,-1.300611567033697,-1.201794611328168,-1.1894202629848565,-1.165239393746099,-1.1737447896960698
0.28800000000000003,-1.1868883750747274,-1.298532654455992,-1.1993657049087867,-1.186985992545883,-1.1626654125159759,-1.1712190072082014
0.29,-1.184219588491562,-1.2964554209875225,-1.196939629832056,-1.184556638364143,-1.1600963461339147,-1.16869798416481
0.292,-1.1815542725972374,-1.2943798597716873,-1.1945163792115658,-1.1821321877322677,-1.1575321856129186,-1.1661817116003421
0.294,-1.1788924298573975,-1.2923059639553862,-1.192095946179161,-1.1797126279498373,-1.1549729219849227,-1.1636701805660907
0.296,-1.1762340627014296,-1.2902337266917376,-1.18967832388604,-1.177297946324059,-1.152418546300656,-1.161163382130166
0.298,-1.1735791735231098,-1.2881631411425776,-1.187263505503766,-1.1748881301704142,-1.1498690496295105,-1.1586613073774619
0.3,-1.1709277646811618,-1.286094200480753,-1.1848514842251914,-1.1724831668132722,-1.147324423059413,-1.156163947409628
0.302,-1.1682798384997426,-1.284026897892228,-1.1824422532653123,-1.170083043586478,-1.1447846576966998,-1.1536712933450368
0.304,-1.1656353972688593,-1.2819612265780207,-1.1800358058620508,-1.1676877478339096,-1.142249744665994,-1.1511833363187536
0.306,-1.1629944432447223,-1.2798971797559802,-1.1776321352769739,-1.1652972669100155,-1.1397196751100882,-1.148700067482505
0.308,-1.1603569786500443,-1.2778347506624217,-1.1752312347959566,-1.162911588180326,-1.1371944401898266,-1.1462214780046487
0.31,-1.1577230056742875,-1.2757739325536266,-1.1728330977297878,-1.1605306990219453,-1.1346740310839927,-1.1437475590701425
0.312,-1.1550925264738665,-1.2737147187072242,-1.1704377174147313,-1.1581545868240226,-1.1321584389891977,-1.1412783018805135
0.314,-1.1524655431723083,-1.2716571024234593,-1.1680450872130375,-1.155783238988207,-1.1296476551197707,-1.1388136976538266
0.316,-1.149842057860377,-1.2696010770263595,-1.1656552005134158,-1.1534166429290842,-1.1271416707076536,-1.1363537376246555
0.318,-1.1472220725961637,-1.267546635864807,-1.1632680507314692,-1.151054786074597,-1.1246404770022953,-1.13389841304405
0.32,-1.1446055894051486,-1.2654937723135262,-1.1608836313100923,-1.1486976558664532,-1.1221440652705488,-1.1314477151795068
0.322,-1.1419926102802347,-1.2634424797739896,-1.158501935719838,-1.1463452397605183,-1.119652426796571,-1.1290016353149384
0.324,-1.1393831371817589,-1.2613927516752543,-1.156122957459254,-1.1439975252271966,-1.1171655528817233,-1.1265601647506422
0.326,-1.1367771720374809,-1.2593445814747284,-1.1537466900551911,-1.1416544997517994,-1.1146834348444732,-1.1241232948032704
0.328,-1.134174716742554,-1.2572979626588792,-1.1513731270630898,-1.1393161508349037,-1.1122060640202998,-1.1216910168057994
0.33,-1.1315757731594795,-1.255252888743883,-1.1490022620672375,-1.1369824659926986,-1.1097334317615972,-1.1192633221074995
0.332,-1.1289803431180458,-1.2532093532762236,-1.1466340886810111,-1.1346534327573248,-1.107265529437584,-1.1168402020739037
0.334,-1.126388428415255,-1.251167349833245,-1.1442686005470948,-1.1323290386772025,-1.104802348434209,-1.1144216480867788
0.336,-1.1238000308152372,-1.2491268720236575,-1.1419057913376813,-1.1300092713173517,-1.1023438801540637,-1.112007651544094
0.338,-1.1212151520491576,-1.2470879134880057,-1.1395456547546579,-1.1276941182597056,-1.0998901160162897,-1.1095982038599903
0.34,-1.118633793815112,-1.2450504678990992,-1.1371881845297735,-1.1253835671034154,-1.0974410474564937,-1.1071932964647522
0.342,-1.1160559577780174,-1.2430145289624086,-1.1348333744247951,-1.1230776054651472,-1.0949966659266597,-1.104792920804775
0.34400000000000003,-1.113481645569495,-1.2409800904164308,-1.1324812182316477,-1.120776220979375,-1.0925569628950633,-1.102397068342537
0.34600000000000003,-1.1109108587877494,-1.238947146033025,-1.1301317097725443,-1.1184794012986647,-1.090121929846187,-1.1000057305565676
0.34800000000000003,-1.108343598997443,-1.2369156896177234,-1.1277848429001025,-1.116187134093953,-1.0876915582806377,-1.0976188989414188
0.35000000000000003,-1.1057798677295674,-1.2348857150100145,-1.1254406114974531,-1.1138994070548218,-1.085265839715063,-1.0952365650076343
0.352,-1.1032196664813103,-1.232857216083608,-1.1230990094783357,-1.111616207889765,-1.0828447656820708,-1.09285872028172
0.354,-1.1006629967159247,-1.2308301867466742,-1.1207600307871883,-1.1093375243264518,-1.0804283277301485,-1.0904853563061139
0.356,-1.0981098598625916,-1.2288046209420689,-1.118423669399226,-1.1070633441119857,-1.0780165174235834,-1.0881164646391566
0.358,-1.095560257316287,-1.2267805126475362,-1.1160899193205136,-1.1047936550131567,-1.0756093263423843,-1.085752036855062
0.36,-1.093014190437645,-1.2247578558758978,-1.1137587745880297,-1.10252844481669,-1.073206746082204,-1.0833920645438861
0.362,-1.0904716605528226,-1.2227366446752266,-1.1114302292697242,-1.1002677013294921,-1.0708087682542622,-1.0810365393114993
0.364,-1.0879326689533655,-1.2207168731290043,-1.1091042774645705,-1.0980114123788893,-1.0684153844852695,-1.0786854527795557
0.366,-1.0853972168960744,-1.2186985353562692,-1.1067809133026096,-1.0957595658128658,-1.066026586417353,-1.0763387965854636
0.368,-1.0828653056028728,-1.2166816255117487,-1.104460130944991,-1.0935121495002957,-1.0636423657079814,-1.0739965623823566
0.37,-1.0803369362606767,-1.2146661377859829,-1.1021419245840067,-1.0912691513311725,-1.0612627140298923,-1.0716587418390635
0.372,-1.0778121100212656,-1.212652066405437,-1.0998262884431207,-1.0890305592168337,-1.0588876230710182,-1.0693253266400797
0.374,-1.075290828001157,-1.2106394056326035,-1.0975132167769943,-1.0867963610901836,-1.0565170845344172,-1.0669963084855376
0.376,-1.0727730912814821,-1.208628149766096,-1.0952027038715064,-1.0845665449059116,-1.054151090138199,-1.0646716790911768
0.378,-1.0702589009078642,-1.2066182931407348,-1.0928947440437713,-1.0823410986407076,-1.051789631615457,-1.0623514301883161
0.38,-1.067748257890301,-1.204609830127624,-1.0905893316421493,-1.0801200102934745,-1.0494327007141977,-1.0600355535238237
0.382,-1.0652411632030496,-1.202602755134222,-1.0882864610462577,-1.0779032678855363,-1.047080289197272,-1.0577240408600876
0.384,-1.0627376177845127,-1.200597062604404,-1.085986126666976,-1.0756908594608454,-1.0447323888423077,-1.0554168839749876
0.386,-1.0602376225371306,-1.1985927470185198,-1.083688322946447,-1.0734827730861853,-1.042388991441642,-1.0531140746618664
0.388,-1.0577411783272763,-1.1965898028934443,-1.081393044358078,-1.0712789968513698,-1.0400500888022546,-1.050815604729499
0.39,-1.0552482859851513,-1.1945882247826225,-1.0791002854065352,-1.0690795188694422,-1.0377156727457022,-1.0485214660020659
0.392,-1.0527589463046885,-1.1925880072761095,-1.0768100406277394,-1.0668843272768678,-1.0353857351080533,-1.0462316503191238
0.394,-1.0502731600434565,-1.1905891450006059,-1.0745223045888543,-1.0646934102337275,-1.0330602677398242,-1.043946149535576
0.396,-1.0477909279225688,-1.1885916326194874,-1.0722370718882765,-1.0625067559239054,-1.030739262505914,-1.041664955521644
0.398,-1.045312250626595,-1.186595464832831,-1.0699543371556204,-1.0603243525552766,-1.0284227112855433,-1.0393880601628398
0.4,-1.042837128803479,-1.184600636377436,-1.0676740950517016,-1.0581461883598893,-1.0261106059721907,-1.0371154553599364
0.402,-1.0403655630644564,-1.1826071420268423,-1.065396340268519,-1.0559722515941479,-1.0238029384735305,-1.03484713302894
0.404,-1.0378975539839805,-1.180614976591344,-1.0631210675292326,-1.0538025305389906,-1.0214997007113737,-1.0325830851010602
0.406,-1.0354331020996494,-1.1786241349179987,-1.0608482715881407,-1.051637013500065,-1.0192008846216059,-1.030323303522683
0.40800000000000003,-1.0329722079121373,-1.1766346118906352,-1.058577947230655,-1.0494756888079027,-1.0169064821541274,-1.0280677802553424
0.41000000000000003,-1.0305148718851314,-1.1746464024298569,-1.0563100892732726,-1.0473185448180902,-1.014616485272796,-1.025816507275691
0.41200000000000003,-1.0280610944452695,-1.1726595014930412,-1.054044692563549,-1.045165569911437,-1.0123308859553668,-1.0235694765754726
0.41400000000000003,-1.0256108759820854,-1.1706739040743381,-1.0517817519800645,-1.0430167524941427,-1.0100496761934346,-1.0213266801614937
0.41600000000000004,-1.0231642168479564,-1.1686896052046636,-1.049521262432394,-1.0408720809979601,-1.0077728479923778,-1.0190881100555962
0.418,-1.0207211173580537,-1.1667065999516917,-1.047263218861071,-1.0387315438803566,-1.005500393371301,-1.0168537582946273
0.42,-1.0182815777902985,-1.1647248834198436,-1.0450076162375523,-1.036595129624674,-1.003232304362979,-1.0146236169304141
0.422,-1.0158455983853218,-1.162744450750274,-1.0427544495641805,-1.0344628267402842,-1.000968573013802,-1.0123976780297332
0.424,-1.0134131793464278,-1.1607652971208555,-1.0405037138741444,-1.0323346237627447,-0.9987091913837209,-1.010175933674285
0.426,-1.0109843208395612,-1.158787417746159,-1.038255404231438,-1.030210509253949,-0.9964541515461929,-1.0079583759606636
0.428,-1.0085590229932788,-1.1568108078774346,-1.0360095157308185,-1.0280904718022783,-0.994203445588128,-1.0057449970003307
0.43,-1.0061372858987243,-1.1548354628025874,-1.0337660434977627,-1.0259745000227474,-0.9919570656098365,-1.003535788919587
0.432,-1.0037191096096083,-1.1528613778461532,-1.0315249826884214,-1.0238625825571503,-0.9897150037249767,-1.001330743859545
0.434,-1.0013044945818734,-1.150888561001571,-1.029286307391498,-1.0217547059786978,-0.9874772522650704,-0.9991298539876343
0.436,-0.9988934533216254,-1.1489173526796168,-1.0270494464890931,-1.019650799050535,-0.9852438091293251,-0.9969331117747039
0.438,-0.9964859981130909,-1.146947780049019,-1.0248146062165118,-1.0175507806071076,-0.9830146714474595,-0.9947405090390862
0.44,-0.9940821383951096,-1.1449799451146951,-1.022581770157132,-1.015454630066387,-0.9807898322727618,-0.9925520379305512
0.442,-0.9916818820295826,-1.1430139178437329,-1.0203509804266622,-1.0133623355529295,-0.97856928383355,-0.9903676906068405
0.444,-0.9892852353261862,-1.1410497674699496,-1.0181222593303612,-1.011273893756603,-0.9763530177280048,-0.9881874592878185
0.446,-0.9868922033300519,-1.139087554846327,-1.0158956313889256,-1.0091893032951873,-0.9741410253902809,-0.986011336218267
0.448,-0.9845027899825946,-1.1371273353949567,-1.0136711175147197,-1.0071085635442278,-0.9719332982031258,-0.9838393136658604
0.45,-0.9821169982797231,-1.1351691590056472,-1.0114487368590301,-1.0050316736354807,-0.9697298275764191,-0.9816713839152972
0.452,-0.9797348304019705,-1.133213070684995,-1.0092285065391335,-1.0029586321768336,-0.9675306049731242,-0.9795075392666819
0.454,-0.9773562878289158,-1.1312591109358565,-1.0070104419259067,-1.0008894371237598,-0.9653356219207428,-0.9773477720344106
0.456,-0.9749813714381759,-1.129307316156996,-1.0047945567623389,-0.9988240857657421,-0.9631448700134572,-0.9751920745467548
0.458,-0.9726100815916187,-1.1273577189919781,-1.0025808633113829,-0.9967625747495831,-0.9609583409108555,-0.9730404391456646
0.46,-0.9702424182102671,-1.125410348651646,-1.0003693724808875,-0.994704900120502,-0.9587760263350589,-0.9708928581867075
0.462,-0.967878380839329,-1.1234652312077453,-0.9981600939407665,-0.9926510573679755,-0.9565979180673323,-0.9687493240390596
0.464,-0.9655179687045464,-1.1215223898617077,-0.995953036229507,-0.9906010414717211,-0.9544240079446074,-0.9666098290855224
0.466,-0.9631611807609225,-1.1195818451904516,-0.9937482068518501,-0.9885548469455794,-0.952254287856118,-0.964474365722547
0.468,-0.9608080157347553,-1.1176436153713052,-0.9915456123681424,-0.9865124678785294,-0.9500887497402276,-0.9623429263602598
0.47000000000000003,-0.9584584772320623,-1.1157074618831853,-0.9893459741399423,-0.9844738324906176,-0.9479273897762214,-0.9602155030168692
0.47200000000000003,-0.9561125872695391,-1.1137732423271225,-0.9871498125924035,-0.9824389006293458,-0.9457702016094689,-0.9580920880617415
0.47400000000000003,-0.9537705109307578,-1.111841064573594,-0.984957021997036,-0.9804076831083985,-0.9436171680137079,-0.9559726743605848
0.47600000000000003,-0.9514323923245334,-1.1099109693841285,-0.9827676472558287,-0.9783801770059215,-0.9414682784373152,-0.9538572544493824
0.47800000000000004,-0.9490983565484398,-1.1079830054891033,-0.9805816922769042,-0.9763563850032935,-0.9393235243387128,-0.951745820847061
0.48,-0.9467685121202369,-1.1060572118833287,-0.9783991682952063,-0.9743363082882899,-0.9371828981251298,-0.9496383660519274
0.482,-0.9444429529431232,-1.104133623150396,-0.9762200821823276,-0.9723199474296212,-0.9350463925182178,-0.9475348825699097
0.484,-0.9421217600828791,-1.102212268944309,-0.9740444396264192,-0.9703073018652824,-0.9329140003520936,-0.9454353629174731
0.486,-0.9398050033247155,-1.1002931748135394,-0.9718722446118884,-0.9682983699930501,-0.9307857144821396,-0.9433397996243981
0.488,-0.9374927425490557,-1.0983763626128868,-0.9697034997772356,-0.9662931492197787,-0.9286615277542281,-0.9412481852342897
0.49,-0.9351850289438657,-1.0964618509441775,-0.9675382065331714,-0.964291636059361,-0.9265414329942216,-0.9391605123048214
0.492,-0.9328819060731623,-1.0945496555276146,-0.9653763652155671,-0.9622938262276147,-0.9244254230063501,-0.9370767734077621
0.494,-0.9305834108180777,-1.0926397895349933,-0.9632179752094526,-0.9602997147340313,-0.9223134905747026,-0.9349969611289604
0.496,-0.9282895742052457,-1.090732263883707,-0.9610630350616548,-0.958309295965548,-0.9202056284658148,-0.9329210680683117
0.498,-0.9260004221355606,-1.0888270874973671,-0.9589115425799389,-0.9563225637620756,-0.9181018294314878,-0.9308490868397216
0.5,-0.9237159760248999,-1.086924267536555,-0.9567634949209881,-0.9543395114838945,-0.9160020862115243,-0.9287810100710691
0.502,-0.9214362533670986,-1.0850238096031861,-0.9546188886682994,-0.9523601320715377,-0.9139063915362685,-0.926716830404171
0.504,-0.919161268228297,-1.0831257179214915,-0.9524777199011887,-0.9503844180988587,-0.9118147381289172,-0.9246565404947474
0.506,-0.9168910316807518,-1.081229995498287,-0.9503399842559085,-0.9484123618199973,-0.9097271187076058,-0.9226001330123884
0.508,-0.9146255521832775,-1.079336644264903,-0.9482056769797806,-0.9464439552109118,-0.9076435259872789,-0.9205476006405209
0.51,-0.9123648359146671,-1.0774456652028788,-0.9460747929791435,-0.9444791900060855,-0.905563952681364,-0.918498936076377
0.512,-0.9101088870657108,-1.0755570584552736,-0.9439473268618213,-0.9425180577309595,-0.903488391503264,-0.9164541320309629
0.514,-0.9078577080947824,-1.0736708234252568,-0.9418232729747417,-0.9405605497305818,-0.9014168351676856,-0.9144131812290286
0.516,-0.9056112999513899,-1.0717869588634288,-0.9397026254372607,-0.9386066571949085,-0.899349276391819,-0.9123760764090374
0.518,-0.9033696622715711,-1.0699054629451743,-0.937585378170684,-0.9366563711811468,-0.8972857078963837,-0.9103428103231374
0.52,-0.9011327935485651,-1.068026333339192,-0.9354715249244231,-0.9347096826334816,-0.8952261224065516,-0.9083133757371321
0.522,-0.8989006912817835,-1.0661495672682153,-0.9333610592991718,-0.9327665824004926,-0.8931705126527628,-0.9062877654304526
0.524,-0.8966733521067514,-1.064275161562825,-0.9312539747674445,-0.9308270612505285,-0.8911188713714426,-0.9042659721961296
0.526,-0.8944507719083692,-1.062403112709147,-0.92915026469178,-0.9288911098852806,-0.8890711913056308,-0.9022479888407656
0.528,-0.8922329459195677,-1.0605334168911396,-0.927049922340877,-0.9269587189517633,-0.8870274652055329,-0.9002338081845085
0.53,-0.8900198688071781,-1.0586660700280937,-0.9249529409039002,-0.9250298790528907,-0.8849876858290007,-0.8982234230610244
0.532,-0.8878115347466229,-1.056801067807894,-0.9228593135031645,-0.9231045807568126,-0.8829518459419511,-0.8962168263174715
0.534,-0.8856079374868363,-1.0549384057165307,-0.9207690332053842,-0.9211828146051558,-0.880919938318729,-0.8942140108144735
0.536,-0.8834090704066525,-1.053078079064291,-0.9186820930316509,-0.9192645711203011,-0.8788919557424206,-0.8922149694260942
0.538,-0.8812149265637497,-1.0512200830090102,-0.9165984859662852,-0.9173498408118059,-0.8768678910051243,-0.8902196950398116
0.54,-0.8790254987371023,-1.0493644125767205,-0.9145182049646896,-0.9154386141820772,-0.8748477369081812,-0.8882281805564921
0.542,-0.8768407794637787,-1.0475110626799946,-0.9124412429603174,-0.9135308817313792,-0.8728314862623732,-0.886240418890366
0.544,-0.8746607610708147,-1.0456600281342456,-0.9103675928708572,-0.9116266339622572,-0.8708191318880906,-0.8842564029690014
0.546,-0.8724854357028059,-1.0438113036722174,-0.9082972476037223,-0.9097258613834436,-0.8688106666154731,-0.88227612573328
0.548,-0.8703147953457767,-1.041964883956871,-0.9062302000609224,-0.9078285545133091,-0.8668060832845286,-0.8802995801373715
0.55,-0.8681488318478184,-1.040120763592846,-0.904166443143388,-0.9059347038829109,-0.864805374745231,-0.8783267591487096
0.552,-0.8659875369369222,-1.038278937136663,-0.9021059697548091,-0.9040443000386855,-0.8628085338576016,-0.8763576557479665
0.554,-0.8638309022363807,-1.0364393991058014,-0.9000487728050415,-0.9021573335448291,-0.8608155534917743,-0.8743922629290293
0.556,-0.8616789192780846,-1.034602143986787,-0.89799484521313,-0.9002737949853996,-0.8588264265280485,-0.8724305736989745
0.558,-0.859531579513996,-1.0327671662423912,-0.8959441799099903,-0.8983936749661748,-0.8568411458569303,-0.8704725810780443
0.56,-0.8573888743260466,-1.0309344603180497,-0.8938967698407873,-0.8965169641162942,-0.8548597043791636,-0.8685182780996219
0.562,-0.8552507950346753,-1.0291040206475788,-0.8918526079670435,-0.8946436530897092,-0.8528820950057543,-0.8665676578102075
0.5640000000000001,-0.8531173329061899,-1.0272758416582726,-0.8898116872685073,-0.8927737325664645,-0.8509083106579856,-0.8646207132693938
0.5660000000000001,-0.8509884791591179,-1.025449917775446,-0.887774000744807,-0.89090719325383,-0.8489383442674285,-0.8626774375498419
0.5680000000000001,-0.848864224969684,-1.0236262434264853,-0.8857395414169128,-0.8890440258872997,-0.8469721887759475,-0.8607378237372573
0.5700000000000001,-0.8467445614765371,-1.0218048130444592,-0.8837083023284305,-0.8871842212314733,-0.8450098371357008,-0.8588018649303653
0.5720000000000001,-0.8446294797848333,-1.0199856210713376,-0.8816802765467407,-0.8853277700808343,-0.8430512823091383,-0.8568695542408877
0.5740000000000001,-0.8425189709697632,-1.01816866196086,-0.8796554571640045,-0.8834746632604346,-0.841096517268996,-0.8549408847935185
0.5760000000000001,-0.8404130260796062,-1.0163539301810949,-0.8776338372980454,-0.8816248916264977,-0.8391455349982888,-0.8530158497258995
0.578,-0.8383116361383753,-1.014541420216713,-0.8756154100931249,-0.8797784460669495,-0.8371983284903004,-0.851094442188597
0.58,-0.8362147921481153,-1.0127311265710173,-0.8736001687206191,-0.8779353175018831,-0.8352548907485726,-0.8491766553450774
0.582,-0.8341224850909024,-1.0109230437677459,-0.8715881063796093,-0.8760954968839668,-0.8333152147868935,-0.8472624823716836
0.584,-0.8320347059305886,-1.0091171663526741,-0.869579216297394,-0.8742589751988001,-0.8313792936292842,-0.8453519164576111
0.586,-0.8299514456143305,-1.0073134888950381,-0.8675734917299314,-0.8724257434652243,-0.8294471203099855,-0.8434449508048842
0.588,-0.8278726950739317,-1.0055120059887956,-0.8655709259622186,-0.8705957927355914,-0.8275186878734443,-0.8415415786283322
0.59,-0.8257984452270284,-1.0037127122537448,-0.8635715123086147,-0.868769114095997,-0.8255939893742994,-0.8396417931555656
0.592,-0.8237286869781414,-1.0019156023365081,-0.8615752441131131,-0.8669456986664801,-0.8236730178773676,-0.8377455876269525
0.594,-0.821663411219614,-1.0001206709114032,-0.8595821147495685,-0.8651255376011933,-0.8217557664576296,-0.8358529552955947
0.596,-0.8196026088324533,-0.9983279126812071,-0.8575921176218823,-0.8633086220885471,-0.8198422282002165,-0.8339638894273042
0.598,-0.8175462706870906,-0.9965373223778242,-0.855605246164152,-0.86149494335133,-0.8179323962003958,-0.8320783833005797
0.6,-0.8154943876440718,-0.9947488947628705,-0.8536214938407868,-0.8596844926468077,-0.8160262635635591,-0.830196430206583
0.602,-0.8134469505546895,-0.9929626246281794,-0.851640854146593,-0.8578772612668022,-0.8141238234052083,-0.828318023449115
0.604,-0.8114039502615662,-0.9911785067962386,-0.8496633206068333,-0.8560732405377548,-0.8122250688509437,-0.8264431563445928
0.606,-0.8093653775991951,-0.9893965361205638,-0.847688886777261,-0.8542724218207725,-0.810329993036452,-0.8245718222220257
0.608,-0.8073312233944461,-0.9876167074860154,-0.8457175462441328,-0.8524747965116605,-0.8084385891074948,-0.8227040144229922
0.61,-0.8053014784670414,-0.9858390158090642,-0.8437492926242013,-0.850680356040942,-0.806550850219897,-0.8208397263016161
0.612,-0.803276133630007,-0.9840634560380106,-0.8417841195646902,-0.8488890918738664,-0.8046667695395371,-0.8189789512245433
0.614,-0.8012551796901027,-0.9822900231531615,-0.8398220207432533,-0.8471009955104062,-0.8027863402423362,-0.8171216825709188
0.616,-0.7992386074482335,-0.9805187121669694,-0.8378629898679182,-0.8453160584852452,-0.8009095555142488,-0.8152679137323626
0.618,-0.7972264076998464,-0.978749518124137,-0.8359070206770183,-0.8435342723677575,-0.7990364085512534,-0.8134176381129474
0.62,-0.7952185712353148,-0.976982436101691,-0.8339541069391118,-0.8417556287619785,-0.7971668925593436,-0.8115708491291744
0.622,-0.7932150888403112,-0.9752174612090266,-0.8320042424528905,-0.8399801193065688,-0.7953010007545201,-0.8097275402099507
0.624,-0.7912159512961711,-0.9734545885879278,-0.8300574210470794,-0.8382077356747709,-0.7934387263627826,-0.807887704796566
0.626,-0.7892211493802482,-0.9716938134125633,-0.8281136365803263,-0.8364384695743606,-0.7915800626201217,-0.8060513363426691
0.628,-0.7872306738662641,-0.9699351308894625,-0.8261728829410859,-0.8346723127475919,-0.7897250027725127,-0.8042184283142454
0.63,-0.78524451552465,-0.9681785362574713,-0.8242351540474945,-0.8329092569711374,-0.7878735400759082,-0.8023889741895933
0.632,-0.7832626651228849,-0.966424024787692,-0.8223004438472398,-0.8311492940560238,-0.7860256677962317,-0.8005629674593014
0.634,-0.781285113425828,-0.9646715917834061,-0.8203687463174248,-0.829392415847563,-0.7841813792093721,-0.7987404016262257
0.636,-0.7793118511960473,-0.9629212325799846,-0.818440055464427,-0.827638614225279,-0.7823406676011774,-0.7969212702054661
0.638,-0.7773428691941445,-0.9611729425447841,-0.8165143653237519,-0.8258878811028315,-0.780503526267449,-0.795105566724344
0.64,-0.7753781581790764,-0.9594267170770324,-0.814591669959884,-0.824140208427936,-0.7786699485139376,-0.7932932847223791
0.642,-0.7734177089084723,-0.9576825516077031,-0.8126719634661332,-0.8223955881822802,-0.7768399276563371,-0.791484417751267
0.644,-0.7714615121389493,-0.9559404415993807,-0.8107552399644785,-0.8206540123814383,-0.7750134570202811,-0.7896789593748555
0.646,-0.7695095586264245,-0.9542003825461182,-0.8088414936054084,-0.8189154730747821,-0.7731905299413379,-0.7878769031691231
0.648,-0.7675618391264235,-0.9524623699732853,-0.8069307185677593,-0.8171799623453897,-0.7713711397650063,-0.7860782427221549
0.65,-0.7656183443943876,-0.9507263994374116,-0.805022909058552,-0.8154474723099518,-0.7695552798467123,-0.784282971634121
0.652,-0.763679065185977,-0.9489924665260222,-0.8031180593128252,-0.8137179951186763,-0.7677429435518053,-0.7824910835172534
0.654,-0.7617439922573722,-0.947260566857469,-0.8012161635934686,-0.81199152295519,-0.7659341242555538,-0.7807025719958233
0.656,-0.7598131163655726,-0.9455306960807555,-0.7993172161910539,-0.8102680480364394,-0.7641288153431435,-0.7789174307061187
0.658,-0.757886428268692,-0.943802849875359,-0.7974212114236647,-0.8085475626125893,-0.7623270102096729,-0.777135653296422
0.66,-0.7559639187262526,-0.9420770239510474,-0.7955281436367257,-0.8068300589669198,-0.7605287022601511,-0.7753572334269869
0.662,-0.7540455784994752,-0.9403532140476932,-0.7936380072028307,-0.8051155294157218,-0.7587338849094949,-0.7735821647700168
0.664,-0.7521313983515676,-0.9386314159350847,-0.7917507965215701,-0.8034039663081913,-0.756942551582526,-0.7718104410096418
0.666,-0.7502213690480102,-0.9369116254127335,-0.789866506019358,-0.8016953620263223,-0.7551546957139685,-0.7700420558418963
0.668,-0.7483154813568385,-0.9351938383096811,-0.7879851301492591,-0.799989708984798,-0.753370310748447,-0.7682770029746971
0.67,-0.7464137260489239,-0.9334780504843018,-0.7861066633908146,-0.7982869996308822,-0.7515893901404834,-0.7665152761278208
0.672,-0.744516093898251,-0.9317642578241055,-0.7842311002498686,-0.796587226444308,-0.7498119273544958,-0.7647568690328812
0.674,-0.7426225756821926,-0.9300524562455379,-0.7823584352583949,-0.7948903819371665,-0.7480379158647955,-0.763001775433308
0.676,-0.7407331621817818,-0.9283426416937793,-0.7804886629743224,-0.7931964586537947,-0.7462673491555861,-0.7612499890843238
0.678,-0.7388478441819817,-0.926634810142544,-0.7786217779813623,-0.791505449170662,-0.7445002207209608,-0.7595015037529221
0.68,-0.7369666124719522,-0.9249289575938765,-0.7767577748888342,-0.7898173460962559,-0.7427365240649008,-0.7577563132178456
0.682,-0.7350894578453139,-0.9232250800779489,-0.7748966483314936,-0.7881321420709675,-0.7409762527012739,-0.7560144112695638
0.684,-0.7332163711004095,-0.9215231736528573,-0.7730383929693587,-0.7864498297669761,-0.7392194001538327,-0.7542757917102508
0.686,-0.7313473430405625,-0.9198232344044173,-0.7711830034875387,-0.7847704018881327,-0.7374659599562131,-0.7525404483537639
0.6880000000000001,-0.7294823644743327,-0.91812525844596,-0.7693304745960613,-0.7830938511698438,-0.7357159256519329,-0.7508083750256211
0.6900000000000001,-0.7276214262157693,-0.9164292419181281,-0.7674808010297024,-0.7814201703789531,-0.7339692907943899,-0.7490795655629796
0.6920000000000001,-0.7257645190846613,-0.914735180988671,-0.7656339775478147,-0.7797493523136247,-0.7322260489468612,-0.7473540138146134
0.6940000000000001,-0.7239116339067848,-0.913043071852241,-0.7637899989341579,-0.7780813898032245,-0.7304861936825012,-0.7456317136408922
0.6960000000000001,-0.7220627615141475,-0.9113529107301898,-0.7619488599967291,-0.776416275708201,-0.7287497185843411,-0.7439126589137589
0.6980000000000001,-0.7202178927452306,-0.9096646938703646,-0.7601105555675945,-0.7747540029199668,-0.7270166172452869,-0.7421968435167084
0.7000000000000001,-0.7183770184452282,-0.9079784175469056,-0.758275080502721,-0.7730945643607784,-0.7252868832681184,-0.7404842613447657
0.7020000000000001,-0.7165401294662828,-0.9062940780600428,-0.7564424296818089,-0.7714379529836167,-0.7235605102654882,-0.7387749063044641
0.704,-0.7147072166677194,-0.904611671735895,-0.7546125980081256,-0.7697841617720667,-0.7218374918599203,-0.7370687723138234
0.706,-0.7128782709162761,-0.9029311949262676,-0.75278558040834,-0.7681331837401965,-0.7201178216838092,-0.7353658533023291
0.708,-0.7110532830863314,-0.9012526440084527,-0.750961371832357,-0.7664850119324372,-0.7184014933794186,-0.7336661432109098
0.71,-0.7092322440601299,-0.899576015385029,-0.7491399672531541,-0.7648396394234616,-0.7166885005988802,-0.7319696359919168
0.712,-0.707415144728004,-0.8979013054836625,-0.7473213616666178,-0.7631970593180623,-0.7149788370041927,-0.7302763256091014
0.714,-0.7056019759885942,-0.896228510756909,-0.7455055500913811,-0.7615572647510307,-0.713272496267221,-0.7285862060375944
0.716,-0.7037927287490648,-0.8945576276820161,-0.7436925275686623,-0.7599202488870355,-0.7115694720696945,-0.7268992712638844
0.718,-0.701987393925319,-0.8928886527607268,-0.7418822891621042,-0.7582860049205001,-0.7098697581032064,-0.7252155152857964
0.72,-0.700185962442209,-0.8912215825190846,-0.7400748299576144,-0.7566545260754813,-0.7081733480692128,-0.7235349321124706
0.722,-0.6983884252337454,-0.8895564135072384,-0.7382701450632064,-0.7550258056055466,-0.7064802356790314,-0.7218575157643408
0.724,-0.6965947732433024,-0.8878931422992492,-0.7364682296088417,-0.753399836793652,-0.7047904146538401,-0.7201832602731136
0.726,-0.6948049974238212,-0.8862317654928978,-0.734669078746273,-0.7517766129520198,-0.7031038787246764,-0.7185121596817471
0.728,-0.6930190887380097,-0.884572279709493,-0.7328726876488875,-0.7501561274220162,-0.7014206216324362,-0.7168442080444292
0.73,-0.6912370381585408,-0.8829146815936814,-0.7310790515115526,-0.7485383735740283,-0.6997406371278725,-0.7151793994265572
0.732,-0.6894588366682469,-0.8812589678132579,-0.729288165550461,-0.7469233448073419,-0.6980639189715943,-0.7135177279047163
0.734,-0.6876844752603124,-0.8796051350589776,-0.727500025002978,-0.7453110345500187,-0.6963904609340655,-0.7118591875666589
0.736,-0.6859139449384629,-0.877953180044369,-0.7257146251274882,-0.7437014362587736,-0.694720256795604,-0.7102037725112829
0.738,-0.6841472367171527,-0.8763030995055471,-0.7239319612032451,-0.7420945434188522,-0.6930533003463799,-0.7085514768486114
0.74,-0.6823843416217484,-0.8746548902010295,-0.7221520285302202,-0.7404903495439078,-0.6913895853864149,-0.7069022946997717
0.742,-0.6806252506887113,-0.8730085489115519,-0.7203748224289533,-0.7388888481758791,-0.6897291057255808,-0.705256220196974
0.744,-0.6788699549657757,-0.8713640724398859,-0.7186003382404045,-0.737290032884867,-0.688071855183598,-0.7036132474834909
0.746,-0.6771184455121262,-0.8697214576106573,-0.7168285713258057,-0.7356938972690127,-0.6864178275900349,-0.7019733707136362
0.748,-0.6753707133985708,-0.8680807012701661,-0.7150595170665146,-0.7341004349543743,-0.6847670167843057,-0.7003365840527448
0.75,-0.6736267497077129,-0.8664418002862067,-0.7132931708638688,-0.7325096395948049,-0.6831194166156699,-0.6987028816771512
0.752,-0.6718865455341195,-0.8648047515478905,-0.7115295281390408,-0.7309215048718299,-0.6814750209432301,-0.6970722577741693
0.754,-0.6701500919844882,-0.8631695519654689,-0.7097685843328945,-0.7293360244945246,-0.6798338236359314,-0.6954447065420714
0.756,-0.6684173801778099,-0.8615361984701574,-0.7080103349058416,-0.7277531921993919,-0.6781958185725593,-0.6938202221900678
0.758,-0.6666884012455313,-0.8599046880139615,-0.7062547753377005,-0.72617300175024,-0.6765609996417385,-0.6921987989382862
0.76,-0.6649631463317126,-0.858275017569503,-0.7045019011275545,-0.7245954469380604,-0.6749293607419317,-0.690580431017751
0.762,-0.6632416065931843,-0.8566471841298479,-0.702751707793612,-0.7230205215809059,-0.6733008957814369,-0.6889651126703629
0.764,-0.6615237731997011,-0.8550211847083354,-0.7010041908730672,-0.7214482195237686,-0.6716755986783872,-0.6873528381488783
0.766,-0.6598096373340931,-0.8533970163384085,-0.6992593459219621,-0.7198785346384581,-0.6700534633607483,-0.6857436017168889
0.768,-0.658099190192415,-0.8517746760734444,-0.697517168515049,-0.7183114608234801,-0.6684344837663169,-0.6841373976488014
0.77,-0.6563924229840926,-0.8501541609865878,-0.6957776542456536,-0.7167469920039147,-0.666818653842719,-0.6825342202298174
0.772,-0.654689326932067,-0.8485354681705843,-0.6940407987255405,-0.715185122131295,-0.6652059675474083,-0.680934063755912
0.774,-0.6529898932729368,-0.8469185947376152,-0.6923065975847775,-0.7136258451834864,-0.6635964188476644,-0.6793369225338148
0.776,-0.6512941132570971,-0.8453035378191334,-0.6905750464716028,-0.7120691551645648,-0.6619900017205903,-0.677742790880989
0.778,-0.6496019781488771,-0.8436902945657005,-0.6888461410522919,-0.7105150461046966,-0.6603867101531111,-0.676151663125611
0.78,-0.6479134792266751,-0.8420788621468255,-0.6871198770110255,-0.7089635120600173,-0.6587865381419717,-0.674563533606551
0.782,-0.6462286077830907,-0.8404692377508034,-0.6853962500497588,-0.7074145471125114,-0.6571894796937351,-0.6729783966733517
0.784,-0.6445473551250553,-0.8388614185845565,-0.6836752558880915,-0.7058681453698922,-0.6555955288247798,-0.6713962466862093
0.786,-0.6428697125739605,-0.8372554018734761,-0.6819568902631383,-0.7043243009654814,-0.6540046795612979,-0.6698170780159529
0.788,-0.6411956714657835,-0.8356511848612647,-0.680241148929401,-0.7027830080580894,-0.6524169259392931,-0.6682408850440245
0.79,-0.6395252231512109,-0.8340487648097805,-0.6785280276586406,-0.7012442608318954,-0.650832262004578,-0.6666676621624588
0.792,-0.63785835899576,-0.8324481389988825,-0.6768175222397512,-0.6997080534963285,-0.6492506818127722,-0.6650974037738638
0.794,-0.6361950703798986,-0.8308493047262763,-0.6751096284786341,-0.6981743802859478,-0.6476721794292997,-0.6635301042914006
0.796,-0.6345353486991614,-0.8292522593073619,-0.673404342198073,-0.6966432354603237,-0.6460967489293864,-0.6619657581387631
0.798,-0.632879185364265,-0.8276570000750821,-0.6717016592376102,-0.695114613303919,-0.6445243843980578,-0.660404359750159
0.8,-0.6312265718012213,-0.8260635243797717,-0.6700015754534233,-0.6935885081259705,-0.6429550799301365,-0.658845903570289
0.802,-0.6295774994514475,-0.8244718295890083,-0.6683040867182034,-0.6920649142603705,-0.641388829630239,-0.657290384054328
0.804,-0.6279319597718751,-0.8228819130874644,-0.6666091889210332,-0.6905438260655491,-0.639825627612774,-0.6557377956679048
0.806,-0.6262899442350564,-0.8212937722767596,-0.6649168779672668,-0.6890252379243557,-0.6382654680019387,-0.6541881328870823
0.808,-0.6246514443292688,-0.8197074045753152,-0.6632271497784101,-0.687509144243942,-0.6367083449317168,-0.6526413901983382
0.81,-0.6230164515586175,-0.8181228074182088,-0.6615400002920018,-0.685995539455645,-0.635154252545875,-0.6510975620985453
0.812,-0.6213849574431356,-0.8165399782570302,-0.6598554254614951,-0.6844844180148688,-0.6336031849979604,-0.6495566430949515
0.8140000000000001,-0.6197569535188828,-0.8149589145597392,-0.6581734212561413,-0.6829757744009693,-0.6320551364512974,-0.6480186277051609
0.8160000000000001,-0.6181324313380417,-0.8133796138105234,-0.6564939836608726,-0.6814696031171366,-0.6305101010789849,-0.6464835104571138
0.8180000000000001,-0.6165113824690124,-0.811802073509657,-0.6548171086761873,-0.6799658986902791,-0.6289680730638926,-0.6449512858890674
0.8200000000000001,-0.6148937984965047,-0.8102262911733623,-0.6531427923180341,-0.678464655670908,-0.6274290465986584,-0.6434219485495761
0.8220000000000001,-0.6132796710216291,-0.8086522643336698,-0.6514710306176994,-0.676965868633021,-0.6258930158856849,-0.6418954929974727
0.8240000000000001,-0.6116689916619851,-0.8070799905382814,-0.6498018196216933,-0.6754695321739875,-0.6243599751371361,-0.6403719138018483
0.8260000000000001,-0.6100617520517484,-0.8055094673504337,-0.6481351553916374,-0.6739756409144332,-0.622829918574934,-0.6388512055420333
0.8280000000000001,-0.6084579438417554,-0.8039406923487622,-0.6464710340041536,-0.6724841894981254,-0.621302840430755,-0.6373333628075784
0.8300000000000001,-0.6068575586995868,-0.8023736631271668,-0.6448094515507533,-0.6709951725918586,-0.6197787349460268,-0.6358183801982344
0.8320000000000001,-0.6052605883096481,-0.8008083772946789,-0.6431504041377272,-0.6695085848853404,-0.6182575963719241,-0.6343062523239343
0.834,-0.6036670243732496,-0.799244832475328,-0.641493887886036,-0.6680244210910774,-0.6167394189693658,-0.632796973804773
0.836,-0.6020768586086837,-0.7976830263080107,-0.6398398989312027,-0.666542675944262,-0.6152241970090105,-0.6312905392709883
0.838,-0.6004900827513007,-0.7961229564463603,-0.6381884334232044,-0.6650633442026589,-0.6137119247712534,-0.6297869433629426
0.84,-0.5989066885535831,-0.7945646205586172,-0.6365394875263655,-0.6635864206464922,-0.6122025965462214,-0.6282861807311027
0.842,-0.5973266677852175,-0.7930080163275001,-0.6348930574192516,-0.6621119000783329,-0.6106962066337706,-0.6267882460360215
0.844,-0.5957500122331655,-0.7914531414500786,-0.6332491392945645,-0.6606397773229866,-0.6091927493434808,-0.6252931339483185
0.846,-0.5941767137017323,-0.7898999936376471,-0.6316077293590372,-0.6591700472273817,-0.6076922189946525,-0.6238008391486616
0.848,-0.592606764012634,-0.7883485706155983,-0.6299688238333302,-0.6577027046604573,-0.6061946099163024,-0.6223113563277469
0.85,-0.5910401550050629,-0.7867988701232992,-0.6283324189519283,-0.6562377445130526,-0.6046999164471588,-0.6208246801862811
0.852,-0.5894768785357515,-0.7852508899139674,-0.6266985109630384,-0.6547751616977951,-0.603208132935658,-0.6193408054349616
0.854,-0.5879169264790343,-0.7837046277545481,-0.6250670961284879,-0.6533149511489909,-0.6017192537399392,-0.6178597267944583
0.856,-0.5863602907269085,-0.7821600814255923,-0.6234381707236233,-0.6518571078225135,-0.6002332732278407,-0.6163814389953944
0.858,-0.5848069631890933,-0.7806172487211361,-0.6218117310372108,-0.6504016266956946,-0.598750185776895,-0.614905936778328
0.86,-0.5832569357930865,-0.7790761274485806,-0.6201877733713362,-0.6489485027672139,-0.5972699857743243,-0.6134332148937331
0.862,-0.5817102004842204,-0.7775367154285727,-0.6185662940413065,-0.6474977310569905,-0.595792667617036,-0.6119632681019809
0.864,-0.5801667492257164,-0.7759990104948876,-0.6169472893755513,-0.6460493066060731,-0.5943182257116177,-0.610496091173321
0.866,-0.5786265739987373,-0.7744630104943111,-0.6153307557155264,-0.6446032244765322,-0.5928466544743327,-0.6090316788878635
0.868,-0.5770896668024382,-0.7729287132865234,-0.6137166894156163,-0.6431594797513513,-0.5913779483311148,-0.6075700260355593
0.87,-0.5755560196540165,-0.7713961167439836,-0.6121050868430385,-0.6417180675343197,-0.5899121017175636,-0.6061111274161826
0.872,-0.5740256245887594,-0.7698652187518155,-0.6104959443777486,-0.6402789829499241,-0.5884491090789394,-0.6046549778393113
0.874,-0.5724984736600911,-0.7683360172076937,-0.6088892584123451,-0.6388422211432422,-0.5869889648701584,-0.6032015721243096
0.876,-0.5709745589396176,-0.7668085100217311,-0.6072850253519759,-0.6374077772798353,-0.5855316635557868,-0.6017509051003087
0.878,-0.5694538725171703,-0.7652826951163668,-0.6056832416142452,-0.6359756465456425,-0.5840771996100362,-0.600302971606189
0.88,-0.5679364065008483,-0.7637585704262552,-0.6040839036291207,-0.6345458241468739,-0.5826255675167584,-0.5988577664905609
0.882,-0.5664221530170597,-0.7622361338981558,-0.6024870078388415,-0.6331183053099053,-0.5811767617694394,-0.5974152846117475
0.884,-0.5649111042105601,-0.7607153834908241,-0.6008925506978274,-0.6316930852811727,-0.5797307768711946,-0.5959755208377655
0.886,-0.5634032522444918,-0.7591963171749031,-0.5993005286725882,-0.6302701593270673,-0.5782876073347626,-0.594538470046307
0.888,-0.5618985893004194,-0.7576789329328154,-0.5977109382416335,-0.6288495227338309,-0.5768472476825003,-0.5931041271247216
0.89,-0.5603971075783654,-0.7561632287586568,-0.5961237758953836,-0.6274311708074514,-0.5754096924463769,-0.5916724869699979
0.892,-0.5588987992968446,-0.7546492026580904,-0.5945390381360811,-0.6260150988735592,-0.573974936167968,-0.5902435444887453
0.894,-0.5574036566928968,-0.7531368526482413,-0.5929567214777027,-0.6246013022773236,-0.5725429733984502,-0.5888172945971761
0.896,-0.5559116720221176,-0.7516261767575922,-0.591376822445872,-0.6231897763833493,-0.5711137986985947,-0.5873937322210872
0.898,-0.5544228375586886,-0.7501171730258807,-0.5897993375777725,-0.621780516575574,-0.5696874066387618,-0.5859728522958417
0.9,-0.5529371455954064,-0.7486098395039954,-0.588224263422062,-0.6203735182571658,-0.5682637917988951,-0.5845546497663517
0.902,-0.5514545884437103,-0.7471041742538752,-0.5866515965387868,-0.6189687768504212,-0.5668429487685143,-0.5831391195870596
0.904,-0.549975158433708,-0.7456001753484076,-0.5850813334992969,-0.617566287796663,-0.5654248721467101,-0.5817262567219199
0.906,-0.5484988479142012,-0.7440978408713287,-0.5835134708861619,-0.6161660465561398,-0.5640095565421377,-0.5803160561443823
0.908,-0.547025649252709,-0.7425971689171235,-0.5819480052930874,-0.6147680486079243,-0.5625969965730104,-0.5789085128373727
0.91,-0.5455555548354909,-0.7410981575909275,-0.580384933324832,-0.6133722894498133,-0.561187186867093,-0.5775036217932756
0.912,-0.544088557067568,-0.7396008050084284,-0.5788242515971246,-0.6119787645982268,-0.5597801220616958,-0.5761013780139169
0.914,-0.5426246483727433,-0.7381051092957694,-0.577265956736583,-0.6105874695881089,-0.5583757968036678,-0.5747017765105453
0.916,-0.5411638211936207,-0.7366110685894525,-0.5757100453806325,-0.6091983999728283,-0.55697420574939,-0.5733048123038148
0.918,-0.5397060679916235,-0.7351186810362427,-0.5741565141774255,-0.6078115513240788,-0.5555753435647692,-0.571910480423767
0.92,-0.5382513812470104,-0.7336279447930735,-0.572605359785761,-0.6064269192317809,-0.5541792049252308,-0.5705187759098134
0.922,-0.536799753458892,-0.7321388580269526,-0.5710565788750057,-0.6050444993039836,-0.552785784515712,-0.5691296938107175
0.924,-0.5353511771452446,-0.7306514189148684,-0.5695101681250148,-0.6036642871667662,-0.5513950770306555,-0.5677432291845776
0.926,-0.5339056448429247,-0.7291656256436975,-0.5679661242260536,-0.6022862784641411,-0.5500070771740018,-0.5663593770988087
0.928,-0.5324631491076806,-0.7276814764101126,-0.5664244438787203,-0.6009104688579562,-0.5486217796591828,-0.5649781326301251
0.93,-0.5310236825141641,-0.7261989694204914,-0.5648851237938681,-0.5995368540277987,-0.5472391792091145,-0.563599490864523
0.932,-0.5295872376559412,-0.724718102890826,-0.5633481606925292,-0.5981654296708983,-0.5458592705561898,-0.5622234468972629
0.934,-0.5281538071455005,-0.7232388750466334,-0.5618135513058387,-0.5967961915020311,-0.5444820484422712,-0.5608499958328521
0.936,-0.5267233836142624,-0.721761284122866,-0.5602812923749587,-0.5954291352534246,-0.5431075076186838,-0.5594791327850268
0.9380000000000001,-0.5252959597125857,-0.7202853283638235,-0.5587513806510038,-0.5940642566746616,-0.5417356428462077,-0.5581108528767358
0.9400000000000001,-0.5238715281097743,-0.7188110060230652,-0.5572238128949663,-0.5927015515325859,-0.5403664488950708,-0.5567451512401218
0.9420000000000001,-0.5224500814940825,-0.7173383153633229,-0.5556985858776426,-0.5913410156112076,-0.5389999205449412,-0.5553820230165052
0.9440000000000001,-0.521031612572719,-0.7158672546564149,-0.5541756963795605,-0.5899826447116092,-0.5376360525849195,-0.554021463356366
0.9460000000000001,-0.5196161140718505,-0.7143978221831598,-0.5526551411909049,-0.5886264346518516,-0.5362748398135315,-0.5526634674193267
0.9480000000000001,-0.5182035787366042,-0.7129300162332924,-0.5511369171114469,-0.5872723812668811,-0.5349162770387206,-0.5513080303741353
0.9500000000000001,-0.5167939993310691,-0.7114638351053788,-0.5496210209504715,-0.5859204804084359,-0.5335603590778393,-0.5499551473986479
0.9520000000000001,-0.5153873686382964,-0.7099992771067327,-0.5481074495267069,-0.5845707279449542,-0.5322070807576422,-0.5486048136798114
0.9540000000000001,-0.5139836794602997,-0.7085363405533333,-0.5465961996682529,-0.5832231197614816,-0.5308564369142781,-0.5472570244136465
0.9560000000000001,-0.5125829246180535,-0.7070750237697419,-0.5450872682125116,-0.5818776517595792,-0.5295084223932813,-0.5459117748052307
0.9580000000000001,-0.5111850969514911,-0.7056153250890211,-0.5435806520061177,-0.5805343198572325,-0.5281630320495647,-0.5445690600686806
0.96,-0.5097901893195012,-0.7041572428526538,-0.5420763479048687,-0.5791931199887603,-0.5268202607474106,-0.5432288754271357
0.962,-0.5083981945999247,-0.7027007754104622,-0.5405743527736568,-0.5778540481047238,-0.5254801033604632,-0.5418912161127412
0.964,-0.5070091056895503,-0.7012459211205286,-0.539074663486401,-0.5765171001718367,-0.5241425547717204,-0.5405560773666298
0.966,-0.5056229155041077,-0.6997926783491165,-0.5375772769259786,-0.5751822721728747,-0.5228076098735257,-0.5392234544389067
0.968,-0.5042396169782624,-0.6983410454705916,-0.536082189984159,-0.5738495601065865,-0.5214752635675592,-0.5378933425886312
0.97,-0.502859203065608,-0.6968910208673446,-0.5345893995615367,-0.5725189599876048,-0.5201455107648298,-0.5365657370838004
0.972,-0.5014816667386588,-0.6954426029297133,-0.5330989025674651,-0.571190467846357,-0.5188183463856668,-0.535240633201332
0.974,-0.5001070009888404,-0.6939957900559066,-0.5316106959199904,-0.5698640797289769,-0.5174937653597109,-0.5339180262270478
0.976,-0.49873519882648054,-0.6925505806519283,-0.5301247765457875,-0.5685397916972175,-0.5161717626259061,-0.5325979114556567
0.978,-0.49736625328079875,-0.6911069731315017,-0.528641141380094,-0.5672175998283622,-0.5148523331324908,-0.5312802841907383
0.98,-0.49600015739989534,-0.6896649659159949,-0.5271597873666471,-0.5658975002151383,-0.5135354718369893,-0.5299651397447254
0.982,-0.4946369042507397,-0.6882245574343464,-0.5256807114576194,-0.5645794889656304,-0.512221173706203,-0.528652473438888
0.984,-0.4932764869191577,-0.6867857461229918,-0.524203910613555,-0.563263562203193,-0.5109094337162015,-0.5273422806033161
0.986,-0.4919188985098182,-0.6853485304257907,-0.5227293818033079,-0.5619497160663649,-0.5096002468523138,-0.5260345565769038
0.988,-0.49056413214621974,-0.6839129087939539,-0.5212571220039783,-0.5606379467087841,-0.5082936081091192,-0.5247292967073316
0.99,-0.48921218097067554,-0.6824788796859724,-0.5197871282008517,-0.5593282502991013,-0.5069895124904389,-0.5234264963510509
0.992,-0.4878630381442979,-0.6810464415675452,-0.518319397387337,-0.5580206230208957,-0.5056879550093261,-0.5221261508732666
0.994,-0.4865166968469825,-0.6796155929115092,-0.5168539265649057,-0.5567150610725904,-0.5043889306880576,-0.5208282556479213
0.996,-0.48517315027739194,-0.6781863321977685,-0.515390712743031,-0.5554115606673677,-0.5030924345581245,-0.519532806057678
0.998,-0.4838323916529377,-0.6767586579132255,-0.5139297529391282,-0.5541101180330856,-0.5017984616602225,-0.5182397974939046
1.0,-0.4824944142097629,-0.6753325685517114,-0.5124710441784943,-0.5528107294121944,-0.500507007044243,-0.5169492253566563
1.002,-0.4811592112027232,-0.6739080626139178,-0.5110145834942494,-0.5515133910616536,-0.4992180657692644,-0.5156610850546606
1.004,-0.4798267759053678,-0.6724851386073286,-0.509560367927278,-0.5502180992528489,-0.4979316329035415,-0.5143753720052997
1.006,-0.4784971016099193,-0.6710637950461532,-0.5081083945261697,-0.5489248502715101,-0.4966477035244967,-0.513092081634595
1.008,-0.47717018162725355,-0.6696440304512589,-0.5066586603471626,-0.5476336404176292,-0.4953662727187107,-0.51181120937719
1.01,-0.47584600928687815,-0.6682258433501049,-0.5052111624540847,-0.5463444660053787,-0.4940873355819124,-0.5105327506763349
1.012,-0.47452457793691116,-0.6668092322766767,-0.5037658979182973,-0.54505732336303,-0.49281088721897004,-0.5092567009838695
1.014,-0.47320588094405847,-0.6653941957714203,-0.5023228638186386,-0.5437722088328736,-0.49153692274388106,-0.5079830557602081
1.016,-0.4718899116935915,-0.6639807323811784,-0.5008820572413664,-0.5424891187711374,-0.49026543727976213,-0.506711810474322
1.018,-0.4705766635893234,-0.6625688406591248,-0.4994434752801038,-0.5412080495479072,-0.48899642595883996,-0.5054429606037245
1.02,-0.469266130053585,-0.6611585191647019,-0.49800711503578254,-0.5399289975470472,-0.4877298839224411,-0.5041765016344537
1.022,-0.46795830452720044,-0.659749766463557,-0.4965729736165885,-0.5386519591661196,-0.4864658063209826,-0.5029124290610576
1.024,-0.46665318046946247,-0.6583425811274795,-0.49514104813790705,-0.5373769308163072,-0.4852041883139613,-0.5016507383865769
1.026,-0.46535075135810655,-0.6569369617343388,-0.4937113357222691,-0.5361039089223332,-0.4839450250699444,-0.5003914251225297
1.028,-0.4640510106892848,-0.6555329068680228,-0.4922838334992967,-0.5348328899223838,-0.48268831176655946,-0.49913448478889544
1.03,-0.46275395197753966,-0.6541304151183763,-0.4908585386056503,-0.5335638702680301,-0.48143404359048403,-0.4978799129140985
1.032,-0.4614595687557763,-0.6527294850811406,-0.4894354481849754,-0.5322968464241502,-0.480182215737436,-0.49662770503499276
1.034,-0.4601678545752357,-0.6513301153578932,-0.48801455938785,-0.5310318148688526,-0.47893282341216303,-0.4953778566968454
1.036,-0.458878803005466,-0.6499323045559879,-0.48659586937173227,-0.5297687720933992,-0.4776858618284323,-0.49413036345332095
1.038,-0.4575924076342943,-0.6485360512884958,-0.4851793753009088,-0.5285077146021286,-0.47644132620902035,-0.492885220866466
1.04,-0.45630866206779785,-0.6471413541741461,-0.48376507434644367,-0.52724863891238,-0.4751992117857031,-0.4916424245066924
1.042,-0.4550275599302742,-0.6457482118372683,-0.48235296368612635,-0.5259915415544176,-0.47395951379924517,-0.4904019699527624
1.044,-0.45374909486421156,-0.6443566229077338,-0.48094304050442194,-0.5247364190713555,-0.4727222274993894,-0.48916385279177255
1.046,-0.45247326053025816,-0.642966586020899,-0.47953530199242045,-0.5234832680190822,-0.4714873481448465,-0.48792806861913784
1.048,-0.4512000506071918,-0.641578099817548,-0.47812974534778685,-0.5222320849661863,-0.4702548710032848,-0.48669461303857586
1.05,-0.4499294587918883,-0.6401911629438364,-0.47672636777471156,-0.520982866493882,-0.469024791351319,-0.48546348166209197
1.052,-0.4486614787992902,-0.638805774051235,-0.47532516648386136,-0.5197356091959349,-0.46779710447450085,-0.48423467010996246
1.054,-0.44739610436237465,-0.6374219317964744,-0.47392613869233036,-0.5184903096785891,-0.46657180566730694,-0.48300817401071994
1.056,-0.446133329232121,-0.6360396348414902,-0.472529281623592,-0.5172469645604933,-0.4653488902331291,-0.48178398900113706
1.058,-0.4448731471774776,-0.6346588818533674,-0.4711345925074504,-0.5160055704726283,-0.4641283534842635,-0.4805621107262117
1.06,-0.4436155519853291,-0.6332796715042872,-0.4697420685799927,-0.5147661240582342,-0.46291019074189976,-0.47934253483915046
1.062,-0.4423605374604622,-0.6319020024714727,-0.4683517070835419,-0.5135286219727384,-0.46169439733611006,-0.4781252570013541
1.064,-0.4411080974255326,-0.6305258734371353,-0.4669635052666101,-0.5122930608836838,-0.4604809686058384,-0.4769102728824015
1.066,-0.4398582257210297,-0.6291512830884224,-0.46557746038385095,-0.5110594374706572,-0.4592698998988898,-0.47569757816003455
1.068,-0.43861091620524273,-0.6277782301173643,-0.4641935696960142,-0.5098277484252183,-0.45806118657191885,-0.4744871685201424
1.07,-0.4373661627542249,-0.6264067132208225,-0.46281183046989915,-0.5085979904508287,-0.45685482399041977,-0.47327903965674656
1.072,-0.4361239592617585,-0.6250367311004378,-0.4614322399783093,-0.5073701602627816,-0.45565080752871423,-0.4720731872719852
1.074,-0.43488429963931896,-0.6236682824625791,-0.4600547955000067,-0.5061442545881318,-0.4544491325699411,-0.4708696070760978
1.076,-0.4336471778160391,-0.6223013660182927,-0.4586794943196679,-0.5049202701656261,-0.4532497945060452,-0.46966829478741
1.078,-0.4324125877386722,-0.6209359804832516,-0.457306333727838,-0.503698203745633,-0.45205278873776544,-0.46846924613231833
1.08,-0.43118052337155555,-0.6195721245777059,-0.4559353110208877,-0.5024780520900749,-0.450858110674625,-0.4672724568452751
1.082,-0.4299509786965736,-0.6182097970264328,-0.4545664235009681,-0.5012598119723586,-0.44966575573491885,-0.4660779226687728
1.084,-0.4287239477131206,-0.6168489965586874,-0.45319966847596804,-0.500043480177307,-0.4484757193457032,-0.4648856393533294
1.086,-0.42749942443806255,-0.6154897219081544,-0.4518350432594702,-0.4988290535010913,-0.44728799694278387,-0.4636956026574728
1.088,-0.4262774029056997,-0.614131971812899,-0.4504725451707088,-0.49761652875116336,-0.4461025839707051,-0.4625078083477261
1.09,-0.425057877167728,-0.6127757450153193,-0.4491121715345263,-0.496405902746188,-0.4449194758827384,-0.461322252198592
1.092,-0.4238408412932013,-0.6114210402620984,-0.44775391968133116,-0.49519717231597604,-0.4437386681408706,-0.46013892999253847
1.094,-0.42262628936849156,-0.6100678563041576,-0.44639778694705634,-0.49399033430141803,-0.44256015621579303,-0.4589578375199832
1.096,-0.42141421549725044,-0.608716191896609,-0.44504377067311696,-0.49278538555441753,-0.4413839355868896,-0.4577789705792783
1.098,-0.42020461380037033,-0.6073660457987093,-0.4436918682063695,-0.49158232293782533,-0.44021000174222524,-0.45660232497669617
1.1,-0.4189974784159438,-0.6060174167738138,-0.44234207689907046,-0.4903811433253733,-0.4390383501785351,-0.455427896526414
1.102,-0.4177928034992249,-0.6046703035893303,-0.44099439410883545,-0.48918184360160977,-0.4378689764012118,-0.45425568105049874
1.104,-0.41659058322258846,-0.603324705016674,-0.43964881719859905,-0.4879844206618338,-0.4367018759242949,-0.4530856743788927
1.106,-0.41539081177548987,-0.6019806198312226,-0.4383053435365749,-0.4867888714120312,-0.43553704427045825,-0.4519178723493982
1.108,-0.41419348336442496,-0.6006380468122715,-0.43696397049621516,-0.4855951927688096,-0.4343744769709994,-0.450752270807663
1.11,-0.4129985922128885,-0.5992969847429896,-0.43562469545617155,-0.48440338165933494,-0.43321416956582715,-0.4495888656071656
1.112,-0.411806132561334,-0.5979574324103754,-0.43428751580025593,-0.4832134350212671,-0.43205611760344986,-0.44842765260920014
1.114,-0.41061609866713256,-0.5966193886052134,-0.4329524289174016,-0.4820253498026972,-0.43090031664096395,-0.4472686276828619
1.116,-0.4094284848045304,-0.5952828521220309,-0.43161943220162424,-0.4808391229620841,-0.42974676224404185,-0.4461117867050324
1.118,-0.40824328526460874,-0.5939478217590556,-0.43028852305198395,-0.47965475146819214,-0.42859544998692,-0.4449571255603648
1.12,-0.40706049435524116,-0.5926142963181724,-0.42895969887254726,-0.47847223230002833,-0.4274463754523876,-0.4438046401412694
1.122,-0.40588010640105154,-0.5912822746048819,-0.42763295707234894,-0.4772915624467806,-0.42629953423177414,-0.4426543263478986
1.124,-0.4047021157433721,-0.5899517554282581,-0.42630829506535517,-0.4761127389077555,-0.42515492192493753,-0.4415061800881328
1.1260000000000001,-0.40352651674020157,-0.5886227376009073,-0.42498571027042575,-0.47493575869231774,-0.42401253414025253,-0.44036019727756526
1.1280000000000001,-0.4023533037661615,-0.5872952199389271,-0.42366520011127773,-0.473760618819828,-0.42287236649459836,-0.4392163738394881
1.1300000000000001,-0.40118247121245454,-0.5859692012618651,-0.4223467620164483,-0.47258731631958284,-0.4217344146133466,-0.4380747057048773
1.1320000000000001,-0.4000140134868213,-0.5846446803926791,-0.42103039341925874,-0.471415848230754,-0.42059867413034957,-0.43693518881237847
1.1340000000000001,-0.3988479250134971,-0.5833216561576966,-0.4197160917577787,-0.4702462116023285,-0.41946514068792773,-0.4357978191082923
1.1360000000000001,-0.39768420023316864,-0.582000127386575,-0.4184038544747901,-0.4690784034930482,-0.4183338099368583,-0.4346625925465599
1.1380000000000001,-0.3965228336029314,-0.5806800929122625,-0.4170936790177513,-0.467912420971351,-0.4172046775363625,-0.4335295050887491
1.1400000000000001,-0.3953638195962452,-0.5793615515709588,-0.41578556283876256,-0.4667482611153113,-0.4160777391540935,-0.43239855270403904
1.1420000000000001,-0.3942071527028912,-0.5780445022020761,-0.41447950339453077,-0.465585921012581,-0.4149529904661242,-0.43126973136920665
1.1440000000000001,-0.3930528274289278,-0.5767289436482012,-0.4131754981463347,-0.46442539776033076,-0.4138304271569355,-0.4301430370686119
1.1460000000000001,-0.3919008382966469,-0.5754148747550564,-0.4118735445599906,-0.46326668846519237,-0.41271004491940344,-0.42901846579418335
1.1480000000000001,-0.39075117984452934,-0.5741022943714627,-0.4105736401058184,-0.4621097902432003,-0.4115918394547873,-0.42789601354540463
1.1500000000000001,-0.3896038466272016,-0.5727912013493015,-0.4092757822586075,-0.46095470021973384,-0.410475806472717,-0.42677567632929914
1.1520000000000001,-0.38845883321539065,-0.5714815945434781,-0.40797996849758333,-0.4598014155294603,-0.40936194169118134,-0.42565745016041645
1.154,-0.38731613419587974,-0.5701734728118841,-0.4066861963063739,-0.4586499333162777,-0.4082502408365152,-0.42454133106081815
1.156,-0.3861757441714644,-0.568866835015361,-0.40539446317297667,-0.45750025073325795,-0.40714069964338706,-0.42342731506006315
1.158,-0.3850376577609069,-0.5675616800176639,-0.40410476658972594,-0.4563523649425907,-0.40603331385478714,-0.42231539819519437
1.16,-0.38390186959889205,-0.5662580066854264,-0.40281710405326,-0.45520627311552664,-0.4049280792220147,-0.4212055765107239
1.162,-0.38276837433598243,-0.5649558138881232,-0.4015314730644892,-0.45406197243232227,-0.40382499150466544,-0.4200978460586191
1.164,-0.38163716663857294,-0.5636551004980359,-0.4002478711285635,-0.452919460082184,-0.40272404647061943,-0.41899220289828865
1.166,-0.3805082411888461,-0.5623558653902179,-0.39896629575484077,-0.45177873326321305,-0.4016252398960285,-0.41788864309656826
1.168,-0.3793815926847266,-0.561058107442459,-0.39768674445685526,-0.4506397891823506,-0.4005285675653034,-0.4167871627277069
1.17,-0.3782572158398365,-0.5597618255352514,-0.39640921475228663,-0.4495026250553231,-0.39943402527110194,-0.4156877578733529
1.172,-0.37713510538344974,-0.5584670185517551,-0.39513370416292815,-0.44836723810658796,-0.3983416088143157,-0.4145904246225398
1.174,-0.3760152560604464,-0.5571736853777642,-0.39386021021465645,-0.44723362556927926,-0.3972513140040581,-0.41349515907167245
1.176,-0.37489766263126767,-0.5558818249016735,-0.39258873043740095,-0.44610178468515427,-0.3961631366576517,-0.4124019573245128
1.178,-0.37378231987187016,-0.5545914360144442,-0.39131926236511316,-0.44497171270454006,-0.3950770726006154,-0.4113108154921665
1.18,-0.37266922257368007,-0.5533025176095718,-0.39005180353573676,-0.44384340688627977,-0.393993117666652,-0.410221729693069
1.182,-0.37155836554354793,-0.5520150685830532,-0.3887863514911778,-0.44271686449768066,-0.3929112676976352,-0.40913469605297137
1.184,-0.3704497436037024,-0.5507290878333533,-0.38752290377727516,-0.44159208281446105,-0.39183151854359766,-0.4080497107049268
1.186,-0.36934335159170506,-0.5494445742613736,-0.38626145794377087,-0.44046905912069767,-0.39075386606271767,-0.4069667697892765
1.188,-0.3682391843604038,-0.5481615267704201,-0.3850020115442814,-0.43934779070877417,-0.3896783061213067,-0.4058858694536367
1.19,-0.36713723677788734,-0.5468799442661711,-0.3837445621362683,-0.43822827487932914,-0.3886048345937969,-0.40480700585288387
1.192,-0.3660375037274397,-0.5455998256566463,-0.3824891072810097,-0.43711050894120507,-0.3875334473627281,-0.4037301751491418
1.194,-0.3649399801074933,-0.5443211698521755,-0.38123564454357206,-0.4359944902113968,-0.386464140318735,-0.4026553735117675
1.196,-0.36384466083158373,-0.5430439757653673,-0.37998417149278163,-0.4348802160150007,-0.38539690936053494,-0.4015825971173379
1.198,-0.3627515408283031,-0.5417682423110788,-0.3787346857011966,-0.4337676836851643,-0.3843317503949144,-0.4005118421496361
1.2,-0.361660615041254,-0.5404939684063852,-0.37748718474507914,-0.4326568905630357,-0.3832686593367167,-0.3994431047996374
1.202,-0.3605718784290042,-0.5392211529705497,-0.3762416662043684,-0.4315478339977141,-0.38220763210882924,-0.39837638126549657
1.204,-0.35948532596503924,-0.5379497949249934,-0.3749981276626524,-0.43044051134619954,-0.38114866464217045,-0.39731166775253324
1.206,-0.358400952637717,-0.5366798931932659,-0.3737565667071414,-0.4293349199733434,-0.38009175287567687,-0.3962489604732191
1.208,-0.35731875345022135,-0.5354114467010158,-0.3725169809286413,-0.42823105725179955,-0.3790368927562908,-0.39518825564716464
1.21,-0.35623872342051577,-0.5341444543759617,-0.37127936792152605,-0.4271289205619757,-0.3779840802389469,-0.3941295495011048
1.212,-0.35516085758129723,-0.5328789151478632,-0.3700437252837121,-0.42602850729198405,-0.3769333112865596,-0.39307283826888595
1.214,-0.3540851509799501,-0.5316148279484925,-0.36881005061663186,-0.4249298148375933,-0.37588458187001006,-0.39201811819145305
1.216,-0.3530115986784994,-0.5303521917116056,-0.3675783415252074,-0.42383284060218074,-0.37483788796813355,-0.39096538551683535
1.218,-0.35194019575356483,-0.529091005372915,-0.3663485956178252,-0.42273758199668454,-0.3737932255677061,-0.38991463650013336
1.22,-0.3508709372963146,-0.5278312678700607,-0.36512081050630973,-0.4216440364395555,-0.3727505906634321,-0.3888658674035059
1.222,-0.3498038184124188,-0.5265729781425839,-0.36389498380589913,-0.4205522013567107,-0.37170997925793103,-0.38781907449615605
1.224,-0.3487388342220037,-0.525316135131898,-0.3626711131352194,-0.4194620741814856,-0.37067138736172445,-0.38677425405431864
1.226,-0.3476759798596045,-0.5240607377812629,-0.36144919611625914,-0.41837365235458845,-0.3696348109932235,-0.38573140236124615
1.228,-0.34661525047412,-0.5228067850357574,-0.3602292303743453,-0.41728693332405276,-0.368600246178715,-0.38469051570719626
1.23,-0.3455566412287656,-0.5215542758422524,-0.3590112135381185,-0.41620191454519184,-0.3675676889523498,-0.38365159038941843
1.232,-0.3445001473010276,-0.5203032091493849,-0.3577951432395088,-0.41511859348055236,-0.36653713535612864,-0.3826146227121401
1.234,-0.34344576388261694,-0.5190535839075312,-0.35658101711371115,-0.41403696759986897,-0.36550858143988973,-0.3815796089865542
1.236,-0.3423934861794222,-0.5178053990687816,-0.35536883279916176,-0.41295703438001885,-0.36448202326129553,-0.38054654553080614
1.238,-0.3413433094114644,-0.516558653586914,-0.3541585879375142,-0.41187879130497684,-0.36345745688582,-0.3795154286699798
1.24,-0.34029522881285,-0.5153133464173687,-0.3529502801736162,-0.41080223586577014,-0.36243487838673505,-0.37848625473608544
1.242,-0.33924923963172526,-0.5140694765172229,-0.35174390715548554,-0.4097273655604339,-0.361414283845098,-0.3774590200680459
1.244,-0.3382053371302296,-0.512827042845166,-0.3505394665342876,-0.40865417789396696,-0.3603956693497383,-0.37643372101168393
1.246,-0.33716351658445,-0.5115860443614741,-0.34933695596431225,-0.40758267037828766,-0.35937903099724466,-0.37541035391970934
1.248,-0.3361237732843745,-0.510346480027986,-0.34813637310295076,-0.40651284053218983,-0.35836436489195167,-0.37438891515170547
1.25,-0.3350861025338465,-0.5091083488080781,-0.34693771561067366,-0.40544468588129967,-0.35735166714592714,-0.37336940107411665
1.252,-0.3340504996505185,-0.5078716496666409,-0.3457409811510077,-0.40437820395803215,-0.3563409338789587,-0.37235180806023505
1.254,-0.3330169599658057,-0.5066363815700545,-0.3445461673905146,-0.40331339230154795,-0.35533216121854094,-0.3713361324901878
1.256,-0.33198547882484086,-0.5054025434861651,-0.343353271998768,-0.4022502484577104,-0.35432534529986204,-0.37032237075092445
1.258,-0.3309560515864276,-0.5041701343842613,-0.34216229264833253,-0.4011887699790435,-0.35332048226579094,-0.3693105192362034
1.26,-0.3299286736229954,-0.5029391532350505,-0.3409732270147414,-0.4001289544246893,-0.3523175682668642,-0.3683005743465797
1.262,-0.328903340320553,-0.5017095990106362,-0.3397860727764759,-0.3990707993603657,-0.3513165994612728,-0.36729253248939164
1.264,-0.32788004707864293,-0.5004814706844949,-0.3386008276149428,-0.3980143023583247,-0.35031757201484903,-0.36628639007874875
1.266,-0.32685878931029544,-0.4992547672314531,-0.3374174892144546,-0.39695946099731105,-0.3493204821010534,-0.365282143535518
1.268,-0.3258395624419834,-0.4980294876276652,-0.3362360552622079,-0.3959062728625209,-0.34832532590096177,-0.3642797892873122
1.27,-0.3248223619135764,-0.49680563085059104,-0.33505652344826276,-0.3948547355455605,-0.3473320996032516,-0.36327932376847616
1.272,-0.3238071831782947,-0.49558319587897337,-0.3338788914655224,-0.3938048466444055,-0.3463407994041894,-0.362280743420075
1.274,-0.32279402170266436,-0.49436218169281654,-0.3327031570097123,-0.3927566037633605,-0.34535142150761744,-0.3612840446898806
1.276,-0.32178287296647157,-0.4931425872733646,-0.33152931777936057,-0.39171000451301863,-0.34436396212494036,-0.36028922403235963
1.278,-0.3207737324627171,-0.4919244116030794,-0.33035737147577793,-0.39066504651022127,-0.34337841747511266,-0.35929627790866037
1.28,-0.3197665956975708,-0.49070765366561964,-0.3291873158030372,-0.3896217273780187,-0.3423947837846246,-0.3583052027866005
1.282,-0.31876145819032686,-0.4894923124458197,-0.32801914846795444,-0.3885800447456298,-0.34141305728748983,-0.35731599514065415
1.284,-0.31775831547335787,-0.48827838692966874,-0.32685286718006923,-0.3875399962484032,-0.34043323422523186,-0.35632865145194015
1.286,-0.31675716309207025,-0.48706587610428986,-0.3256884696516249,-0.3865015795277782,-0.339455310846871,-0.35534316820820844
1.288,-0.3157579966048587,-0.4858547789579193,-0.32452595359754977,-0.3854647922312453,-0.3384792834089114,-0.3543595419038281
1.29,-0.31476081158306135,-0.4846450944798866,-0.32336531673543845,-0.3844296320123084,-0.33750514817532773,-0.353377769039775
1.292,-0.3137656036109151,-0.483436821660594,-0.3222065567855321,-0.38339609653044526,-0.336532901417552,-0.35239784612361924
1.294,-0.31277236828551036,-0.48222995949149694,-0.3210496714707012,-0.3823641834510707,-0.3355625394144601,-0.35141976966951205
1.296,-0.31178110121674596,-0.4810245069650836,-0.3198946585164253,-0.38133389044549726,-0.33459405845235923,-0.3504435361981746
1.298,-0.3107917980272852,-0.4798204630748557,-0.31874151565077646,-0.3803052151908983,-0.33362745482497425,-0.3494691422368845
1.3,-0.30980445435251047,-0.4786178268153092,-0.3175902406044,-0.37927815537027065,-0.33266272483343484,-0.3484965843194643
1.302,-0.308819065840479,-0.47741659718191465,-0.3164408311104967,-0.3782527086723966,-0.3316998647862621,-0.3475258589862684
1.304,-0.30783562815187837,-0.4762167731710987,-0.3152932849048051,-0.3772288727918076,-0.3307388709993555,-0.34655696278417136
1.306,-0.30685413695998154,-0.4750183537802244,-0.31414759972558404,-0.37620664542874693,-0.32977973979597985,-0.345589892266555
1.308,-0.3058745879506035,-0.4738213380075731,-0.31300377331359464,-0.3751860242891336,-0.3288224675067517,-0.3446246439932965
1.31,-0.30489697682205597,-0.4726257248523258,-0.31186180341208347,-0.37416700708452577,-0.3278670504696266,-0.34366121453075626
1.312,-0.3039212992851037,-0.471431513314545,-0.31072168776676534,-0.3731495915320844,-0.3269134850298856,-0.3426996004517653
1.314,-0.3029475510629207,-0.47023870239515597,-0.30958342412580553,-0.3721337753545375,-0.32596176754012274,-0.3417397983356134
1.316,-0.30197572789104554,-0.46904729109592935,-0.3084470102398038,-0.37111955628014504,-0.3250118943602307,-0.34078180476803666
1.318,-0.3010058255173378,-0.4678572784194628,-0.30731244386177736,-0.37010693204266265,-0.324063861857389,-0.33982561634120545
1.32,-0.3000378397019341,-0.4666686633691637,-0.30617972274714433,-0.3690959003813068,-0.3231176664060498,-0.3388712296537124
1.322,-0.29907176621720466,-0.4654814449492317,-0.30504884465370696,-0.36808645904072,-0.32217330438792535,-0.33791864131056015
1.324,-0.29810760084770904,-0.46429562216464104,-0.30391980734163604,-0.36707860577093543,-0.32123077219197427,-0.33696784792314927
1.326,-0.2971453393901531,-0.46311119402112366,-0.30279260857345425,-0.36607233832734276,-0.32029006621438905,-0.3360188461092659
1.328,-0.29618497765334517,-0.4619281595251523,-0.3016672461140206,-0.3650676544706539,-0.31935118285858266,-0.3350716324930705
1.33,-0.29522651145815315,-0.4607465176839236,-0.30054371773051436,-0.3640645519668686,-0.318414118535175,-0.3341262037050847
1.332,-0.2942699366374608,-0.45956626750534113,-0.29942202119241923,-0.3630630285872407,-0.31747886966198013,-0.33318255638218064
1.334,-0.2933152490361246,-0.4583874079979995,-0.2983021542715083,-0.36206308210824445,-0.3165454326639934,-0.3322406871675678
1.336,-0.2923624445109305,-0.4572099381711676,-0.2971841147418284,-0.36106471031154097,-0.31561380397337735,-0.3313005927107817
1.338,-0.2914115189305517,-0.4560338570347726,-0.29606790037968467,-0.3600679109839451,-0.31468398002944986,-0.3303622696676718
1.34,-0.29046246817550503,-0.45485916359938394,-0.2949535089636264,-0.35907268191739194,-0.3137559572786701,-0.3294257147003896
1.342,-0.289515288138108,-0.4536858568761972,-0.2938409382744307,-0.3580790209089044,-0.3128297321746256,-0.3284909244773766
1.344,-0.2885699747224366,-0.45251393587701916,-0.29273018609508883,-0.35708692576056067,-0.3119053011780193,-0.3275578956733529
1.346,-0.2876265238442828,-0.4513433996142513,-0.2916212502107913,-0.35609639427946127,-0.31098266075665615,-0.3266266249693046
1.348,-0.28668493143111173,-0.45017424710087517,-0.290514128408913,-0.35510742427769726,-0.31006180738543043,-0.32569710905247296
1.35,-0.2857451934220192,-0.44900647735043675,-0.28940881847899913,-0.35412001357231815,-0.30914273754631205,-0.32476934461634177
1.352,-0.28480730576768964,-0.4478400893770318,-0.28830531821275085,-0.3531341599853002,-0.30822544772833393,-0.3238433283606257
1.354,-0.28387126443035404,-0.4466750821952903,-0.28720362540401134,-0.35214986134351456,-0.3073099344275787,-0.3229190569912592
1.356,-0.2829370653837475,-0.4455114548203627,-0.28610373784875187,-0.35116711547869595,-0.30639619414716557,-0.32199652722038397
1.358,-0.2820047046130678,-0.4443492062679042,-0.2850056533450578,-0.3501859202274118,-0.30548422339723746,-0.3210757357663374
1.36,-0.28107417811493307,-0.4431883355540609,-0.283909369693115,-0.3492062734310306,-0.3045740186949477,-0.32015667935364167
1.362,-0.2801454818973401,-0.4420288416954554,-0.2828148846951961,-0.34822817293569197,-0.30366557656444715,-0.31923935471299103
1.364,-0.27921861197962317,-0.4408707237091729,-0.28172219615564753,-0.34725161659227544,-0.3027588935368706,-0.3183237585812406
1.366,-0.27829356439241204,-0.4397139806127466,-0.28063130188087615,-0.34627660225637014,-0.30185396615032434,-0.3174098877013951
1.368,-0.2773703351775907,-0.4385586114241442,-0.27954219967933547,-0.345303127788245,-0.300950790949873,-0.31649773882259646
1.37,-0.2764489203882561,-0.43740461516175433,-0.2784548873615136,-0.3443311910528184,-0.30004936448752617,-0.3155873087001131
1.372,-0.2755293160886767,-0.4362519908443725,-0.2773693627399194,-0.3433607899196285,-0.2991496833222256,-0.31467859409532783
1.374,-0.2746115183542519,-0.43510073749118794,-0.2762856236290707,-0.342391922262804,-0.2982517440198318,-0.31377159177572644
1.3760000000000001,-0.2736955232714706,-0.4339508541217705,-0.2752036678454808,-0.34142458596103387,-0.29735554315311186,-0.31286629851488645
1.3780000000000001,-0.27278132693787094,-0.4328023397560572,-0.2741234932076466,-0.3404587788975393,-0.29646107730172555,-0.311962711092465
1.3800000000000001,-0.2718689254619986,-0.43165519341433933,-0.2730450975360361,-0.3394944989600437,-0.2955683430522127,-0.3110608262941881
1.3820000000000001,-0.2709583149633672,-0.4305094141172494,-0.2719684786530756,-0.3385317440407445,-0.29467733699798004,-0.3101606409118387
1.3840000000000001,-0.2700494915724172,-0.4293650008857488,-0.2708936343831385,-0.3375705120362844,-0.29378805573928846,-0.3092621517432457
1.3860000000000001,-0.26914245143047566,-0.42822195274111485,-0.26982056255253273,-0.3366108008477229,-0.2929004958832395,-0.30836535559227185
1.3880000000000001,-0.2682371906897163,-0.4270802687049282,-0.26874926098948904,-0.3356526083805078,-0.29201465404376314,-0.30747024926880306
1.3900000000000001,-0.26733370551311864,-0.4259399477990611,-0.2676797275241489,-0.33469593254444807,-0.29113052684160423,-0.306576829588737
1.3920000000000001,-0.26643199207442847,-0.42480098904566477,-0.2666119599885537,-0.33374077125368484,-0.2902481109043096,-0.3056850933739712
1.3940000000000001,-0.26553204655811813,-0.42366339146715726,-0.26554595621663246,-0.3327871224266643,-0.2893674028662152,-0.304795037452392
1.3960000000000001,-0.26463386515934606,-0.42252715408621166,-0.26448171404419063,-0.33183498398611055,-0.28848839936843307,-0.3039066586578638
1.3980000000000001,-0.26373744408391775,-0.4213922759257447,-0.26341923130889944,-0.3308843538589976,-0.2876110970588388,-0.3030199538302172
1.4000000000000001,-0.262842779548246,-0.42025875600890417,-0.26235850585028375,-0.3299352299765228,-0.2867354925920578,-0.30213491981523743
1.4020000000000001,-0.26194986777931106,-0.4191265933590582,-0.26129953550971186,-0.32898761027407986,-0.28586158262945327,-0.30125155346465426
1.4040000000000001,-0.26105870501462203,-0.4179957869997839,-0.2602423181303841,-0.32804149269123184,-0.28498936383911255,-0.3003698516361297
1.4060000000000001,-0.26016928750217727,-0.416866335954855,-0.25918685155732235,-0.32709687517168473,-0.28411883289583484,-0.29948981119324714
1.408,-0.2592816115004255,-0.41573823924823206,-0.25813313363735935,-0.32615375566326144,-0.28324998648111777,-0.29861142900550064
1.41,-0.25839567327822643,-0.41461149590405055,-0.257081162219128,-0.3252121321178749,-0.28238282128314496,-0.297734701948283
1.412,-0.2575114691148126,-0.41348610494661053,-0.256030935153051,-0.3242720024915027,-0.2815173339967727,-0.2968596269028754
1.414,-0.25662899529975003,-0.41236206540036524,-0.25498245029133026,-0.32333336474416097,-0.2806535213235173,-0.29598620075643556
1.416,-0.2557482481329001,-0.4112393762899109,-0.2539357054879372,-0.32239621683987885,-0.2797913799715426,-0.2951144204019873
1.418,-0.25486922392438105,-0.41011803663997615,-0.2528906985986026,-0.32146055674667284,-0.27893090665564646,-0.2942442827384093
1.42,-0.25399191899452944,-0.40899804547541163,-0.2518474274808058,-0.32052638243652165,-0.27807209809724864,-0.2933757846704239
1.422,-0.2531163296738621,-0.4078794018211793,-0.25080588999376596,-0.31959369188534104,-0.2772149510243773,-0.292508923108586
1.424,-0.2522424523030382,-0.40676210470234286,-0.24976608399843148,-0.31866248307295897,-0.27635946217165674,-0.29164369496927245
1.426,-0.2513702832328206,-0.4056461531440576,-0.2487280073574707,-0.31773275398309053,-0.27550562828029435,-0.2907800971746708
1.428,-0.25049981882403904,-0.40453154617155995,-0.24769165793526238,-0.31680450260331394,-0.2746534460980674,-0.28991812665276817
1.43,-0.2496310554475516,-0.40341828281015824,-0.24665703359788593,-0.31587772692504545,-0.2738029123793113,-0.28905778033734086
1.432,-0.24876398948420775,-0.40230636208522275,-0.24562413221311252,-0.3149524249435154,-0.2729540238849062,-0.288199055167943
1.434,-0.24789861732481033,-0.4011957830221764,-0.24459295165039552,-0.31402859465774435,-0.27210677738226385,-0.28734194808989577
1.436,-0.2470349353700787,-0.40008654464648474,-0.2435634897808614,-0.31310623407051885,-0.27126116964531577,-0.28648645605427636
1.438,-0.2461729400306112,-0.3989786459836473,-0.24253574447730109,-0.3121853411883677,-0.2704171974545,-0.2856325760179075
1.44,-0.24531262772684825,-0.3978720860591878,-0.2415097136141604,-0.3112659140215386,-0.26957485759674826,-0.2847803049433464
1.442,-0.2444539948890354,-0.396766863898645,-0.24048539506753208,-0.3103479505839748,-0.26873414686547337,-0.28392963979887376
1.444,-0.24359703795718657,-0.3956629785275645,-0.2394627867151462,-0.30943144889329144,-0.26789506206055713,-0.2830805775584835
1.446,-0.2427417533810472,-0.394560428971489,-0.23844188643636244,-0.3085164069707531,-0.26705759998833667,-0.28223311520187133
1.448,-0.24188813762005767,-0.3934592142559499,-0.23742269211216072,-0.3076028228412502,-0.2662217574615924,-0.2813872497144243
1.45,-0.2410361871433171,-0.3923593334064581,-0.23640520162513323,-0.3066906945332766,-0.2653875312995353,-0.2805429780872104
1.452,-0.24018589842954685,-0.3912607854484964,-0.23538941285947645,-0.30578002007890737,-0.2645549183277942,-0.27970029731696733
1.454,-0.23933726796705423,-0.3901635694075103,-0.23437532370098269,-0.3048707975137759,-0.26372391537840323,-0.278859204406092
1.456,-0.2384902922536971,-0.3890676843088998,-0.2333629320370314,-0.30396302487705174,-0.26289451928978913,-0.27801969636263024
1.458,-0.23764496779684685,-0.3879731291780113,-0.23235223575658215,-0.3030567002114186,-0.2620667269067585,-0.27718177020026524
1.46,-0.23680129111335368,-0.3868799030401293,-0.2313432327501661,-0.30215182156305254,-0.2612405350804854,-0.27634542293830777
1.462,-0.23595925872951007,-0.3857880049204685,-0.23033592090987853,-0.3012483869815996,-0.26041594066849894,-0.2755106516016854
1.464,-0.23511886718101604,-0.384697433844166,-0.22933029812937078,-0.3003463945201552,-0.25959294053467064,-0.2746774532209315
1.466,-0.23428011301294327,-0.383608188836273,-0.22832636230384296,-0.29944584223524173,-0.2587715315492016,-0.2738458248321751
1.468,-0.2334429927796995,-0.38252026892174773,-0.22732411133003638,-0.29854672818678796,-0.2579517105886102,-0.2730157634771304
1.47,-0.23260750304499433,-0.3814336731254473,-0.22632354310622582,-0.2976490504381075,-0.25713347453571944,-0.27218726620308553
1.472,-0.23177364038180315,-0.38034840047212026,-0.22532465553221237,-0.2967528070558778,-0.25631682027964464,-0.27136033006289306
1.474,-0.230941401372333,-0.3792644499863995,-0.2243274465093168,-0.29585799611011954,-0.255501744715781,-0.2705349521149587
1.476,-0.23011078260798756,-0.37818182069279493,-0.2233319139403711,-0.2949646156741761,-0.254688244745791,-0.2697111294232313
1.478,-0.22928178068933236,-0.3771005116156858,-0.22233805572971277,-0.2940726638246922,-0.25387631727759175,-0.26888885905719206
1.48,-0.22845439222606045,-0.376020521779314,-0.22134586978317716,-0.2931821386415949,-0.25306595922534303,-0.2680681380918446
1.482,-0.22762861383695787,-0.37494185020777704,-0.2203553540080907,-0.29229303820807195,-0.25225716750943405,-0.2672489636077038
1.484,-0.2268044421498696,-0.373864495925021,-0.21936650631326393,-0.2914053606105529,-0.25144993905647217,-0.2664313326907859
1.486,-0.22598187380166546,-0.3727884579548335,-0.21837932460898535,-0.2905191039386883,-0.2506442707992693,-0.2656152424325984
1.488,-0.225160905438206,-0.3717137353208375,-0.21739380680701426,-0.2896342662853304,-0.2498401596768305,-0.26480068993012895
1.49,-0.2243415337143082,-0.3706403270464844,-0.21640995082057435,-0.2887508457465138,-0.24903760263434105,-0.26398767228583564
1.492,-0.2235237552937126,-0.3695682321550475,-0.21542775456434793,-0.28786884042143535,-0.24823659662315434,-0.26317618660763653
1.494,-0.22270756684904924,-0.3684974496696154,-0.21444721595446836,-0.2869882484124351,-0.24743713860077943,-0.26236623000889914
1.496,-0.221892965061804,-0.36742797861308585,-0.2134683329085152,-0.28610906782497714,-0.24663922553086848,-0.2615577996084306
1.498,-0.2210799466222857,-0.36635981800815975,-0.21249110334550658,-0.2852312967676309,-0.2458428543832052,-0.2607508925304669
1.5,-0.22026850822959232,-0.3652929668773346,-0.21151552518589445,-0.2843549333520514,-0.2450480221336917,-0.2599455059046629
1.502,-0.21945864659157865,-0.3642274242428982,-0.21054159635155778,-0.28347997569296157,-0.2442547257643366,-0.2591416368660824
1.504,-0.2186503584248225,-0.3631631891269236,-0.20956931476579688,-0.2826064219081328,-0.2434629622632427,-0.2583392825551871
1.506,-0.21784364045459248,-0.36210026055126243,-0.20859867835332735,-0.28173427011836694,-0.2426727286245951,-0.25753844011782756
1.508,-0.21703848941481518,-0.3610386375375392,-0.207629685040275,-0.2808635184474779,-0.2418840218486482,-0.25673910670523226
1.51,-0.2162349020480423,-0.35997831910714573,-0.20666233275416923,-0.2799941650222735,-0.2410968389417143,-0.2559412794739975
1.512,-0.21543287510541842,-0.35891930428123575,-0.20569661942393802,-0.2791262079725372,-0.24031117691615078,-0.2551449555860774
1.514,-0.21463240534664862,-0.3578615920807189,-0.20473254297990273,-0.27825964543101045,-0.23952703279034848,-0.2543501322087742
1.516,-0.2138334895399665,-0.3568051815262556,-0.2037701013537716,-0.27739447553337504,-0.23874440358871873,-0.25355680651472756
1.518,-0.21303612446210196,-0.355750071638252,-0.20280929247863555,-0.27653069641823524,-0.2379632863416823,-0.2527649756819048
1.52,-0.21224030689824902,-0.3546962614368536,-0.20185011428896238,-0.27566830622710037,-0.2371836780856562,-0.2519746368935909
1.522,-0.2114460336420343,-0.3536437499419416,-0.20089256472059147,-0.27480730310436763,-0.23640557586304212,-0.25118578733837826
1.524,-0.21065330149548522,-0.35259253617312636,-0.1999366417107291,-0.2739476851973046,-0.2356289767222144,-0.2503984242101569
1.526,-0.2098621072689988,-0.3515426191497435,-0.19898234319794272,-0.27308945065603263,-0.23485387771750754,-0.24961254470810457
1.528,-0.2090724477813095,-0.3504939978908481,-0.19802966712215686,-0.27223259763350915,-0.23408027590920466,-0.24882814603667613
1.53,-0.2082843198594586,-0.34944667141521046,-0.19707861142464767,-0.27137712428551186,-0.23330816836352497,-0.24804522540559448
1.532,-0.2074977203387629,-0.3484006387413112,-0.1961291740480382,-0.2705230287706213,-0.23253755215261185,-0.24726378002984029
1.534,-0.20671264606278328,-0.3473558988873364,-0.1951813529362938,-0.2696703092502044,-0.23176842435452127,-0.24648380712964157
1.536,-0.20592909388329406,-0.34631245087117324,-0.19423514603471737,-0.26881896388839843,-0.23100078205320895,-0.24570530393046486
1.538,-0.20514706066025212,-0.3452702937104051,-0.193290551289945,-0.26796899085209436,-0.23023462233851943,-0.24492826766300424
1.54,-0.20436654326176673,-0.34422942642230736,-0.1923475666499408,-0.267120388310921,-0.229469942306173,-0.2441526955631721
1.542,-0.20358753856406797,-0.34318984802384334,-0.1914061900639934,-0.266273154437229,-0.22870673905775463,-0.2433785848720893
1.544,-0.20281004345147746,-0.3421515575316594,-0.19046641948271104,-0.2654272874060746,-0.22794500970070142,-0.24260593283607523
1.546,-0.20203405481637726,-0.34111455396208124,-0.1895282528580171,-0.2645827853952043,-0.2271847513482912,-0.2418347367066378
1.548,-0.2012595695591799,-0.34007883633110936,-0.18859168814314642,-0.2637396465850388,-0.2264259611196302,-0.24106499374046408
1.55,-0.2004865845882986,-0.3390444036544151,-0.18765672329264071,-0.2628978691586581,-0.2256686361396416,-0.24029670119941038
1.552,-0.19971509682011712,-0.3380112549473373,-0.18672335626234493,-0.26205745130178526,-0.22491277353905326,-0.23952985635049218
1.554,-0.19894510317895997,-0.3369793892248776,-0.18579158500940274,-0.2612183912027719,-0.22415837045438614,-0.23876445646587485
1.556,-0.19817660059706288,-0.3359488055016966,-0.18486140749225277,-0.2603806870525829,-0.2234054240279424,-0.23800049882286367
1.558,-0.19740958601454306,-0.3349195027921108,-0.18393282167062486,-0.2595443370447812,-0.22265393140779333,-0.23723798070389446
1.56,-0.1966440563793701,-0.3338914801100883,-0.18300582550553623,-0.2587093393755131,-0.2219038897477683,-0.2364768993965234
1.562,-0.195880008647336,-0.33286473646924564,-0.18208041695928778,-0.25787569224349327,-0.2211552962074419,-0.23571725219341788
1.564,-0.195117439782027,-0.3318392708828437,-0.18115659399546025,-0.2570433938499903,-0.22040814795212316,-0.2349590363923466
1.566,-0.19435634675479374,-0.330815082363785,-0.18023435457891068,-0.25621244239881213,-0.21966244215284325,-0.23420224929616995
1.568,-0.1935967265447227,-0.3297921699246098,-0.1793136966757689,-0.25538283609629175,-0.2189181759863441,-0.23344688821283044
1.57,-0.19283857613860733,-0.3287705325774928,-0.1783946182534344,-0.25455457315127306,-0.21817534663506621,-0.23269295045534344
1.572,-0.19208189253091934,-0.32775016933423995,-0.17747711728057225,-0.25372765177509593,-0.21743395128713772,-0.23194043334178693
1.574,-0.1913266727237799,-0.3267310792062854,-0.17656119172711016,-0.2529020701815834,-0.216693987136362,-0.23118933419529264
1.576,-0.19057291372693186,-0.32571326120468824,-0.1756468395642352,-0.2520778265870265,-0.2159554513822064,-0.23043965034403624
1.578,-0.18982061255771088,-0.3246967143401298,-0.1747340587643904,-0.2512549192101714,-0.21521834122979056,-0.2296913791212276
1.58,-0.18906976624101723,-0.32368143762291024,-0.17382284730127218,-0.25043334627220504,-0.21448265388987475,-0.22894451786510173
1.582,-0.18832037180928807,-0.32266743006294596,-0.17291320314982617,-0.24961310599674214,-0.21374838657884832,-0.2281990639189091
1.584,-0.1875724263024694,-0.3216546906697664,-0.17200512428624548,-0.2487941966098115,-0.21301553651871807,-0.227455014630906
1.586,-0.18682592676798793,-0.32064321845251187,-0.17109860868796667,-0.24797661633984225,-0.21228410093709682,-0.22671236735434563
1.588,-0.18608087026072373,-0.3196330124199305,-0.1701936543336675,-0.24716036341765135,-0.21155407706719176,-0.22597111944746828
1.59,-0.1853372538429825,-0.3186240715803752,-0.1692902592032639,-0.2463454360764299,-0.21082546214779274,-0.22523126827349182
1.592,-0.18459507458446844,-0.31761639494180227,-0.16838842127790699,-0.2455318325517304,-0.21009825342326138,-0.2244928112006026
1.594,-0.1838543295622561,-0.31660998151176756,-0.16748813853998046,-0.24471955108145393,-0.20937244814351863,-0.2237557456019461
1.596,-0.18311501586076395,-0.3156048302974248,-0.16658940897309793,-0.24390858990583686,-0.20864804356403455,-0.22302006885561743
1.598,-0.18237713057172678,-0.3146009403055232,-0.1656922305621007,-0.24309894726743897,-0.20792503694581543,-0.2222857783446519
1.6,-0.18164067079416912,-0.31359831054240495,-0.16479660129305485,-0.24229062141113045,-0.20720342555539384,-0.22155287145701608
1.602,-0.18090563363437817,-0.31259694001400296,-0.16390251915324838,-0.24148361058407897,-0.2064832066648159,-0.22082134558559785
1.604,-0.18017201620587686,-0.31159682772583897,-0.16300998213118967,-0.24067791303573838,-0.2057643775516309,-0.2200911981281981
1.606,-0.17943981562939748,-0.31059797268302125,-0.1621189882166043,-0.2398735270178356,-0.2050469354988793,-0.2193624264875207
1.608,-0.17870902903285502,-0.3096003738902422,-0.16122953540043294,-0.23907045078435885,-0.20433087779508186,-0.21863502807116353
1.61,-0.17797965355132095,-0.30860403035177697,-0.16034162167482968,-0.23826868259154543,-0.20361620173422756,-0.21790900029160887
1.612,-0.17725168632699684,-0.3076089410714813,-0.159455245033159,-0.23746822069787044,-0.2029029046157631,-0.21718434056621505
1.614,-0.1765251245091881,-0.3066151050527892,-0.15857040346999396,-0.23666906336403382,-0.20219098374458144,-0.21646104631720653
1.616,-0.17579996525427788,-0.30562252129871204,-0.15768709498111422,-0.23587120885294977,-0.20148043643100988,-0.21573911497166476
1.618,-0.1750762057257016,-0.30463118881183604,-0.1568053175635038,-0.2350746554297345,-0.2007712599907996,-0.21501854396151954
1.62,-0.17435384309392044,-0.30364110659432075,-0.1559250692153491,-0.23427940136169467,-0.20006345174511408,-0.21429933072353924
1.622,-0.1736328745363962,-0.3026522736478976,-0.15504634793603733,-0.23348544491831658,-0.19935700902051812,-0.21358147269932215
1.624,-0.17291329723756577,-0.3016646889738681,-0.15416915172615386,-0.23269278437125407,-0.1986519291489659,-0.21286496733528715
1.6260000000000001,-0.1721951083888149,-0.3006783515731024,-0.1532934785874811,-0.23190141799431818,-0.19794820946779068,-0.2121498120826648
1.6280000000000001,-0.17147830518845364,-0.29969326044603806,-0.1524193265229965,-0.23111134406346534,-0.1972458473196932,-0.2114360043974881
1.6300000000000001,-0.1707628848416909,-0.2987094145926783,-0.15154669353687078,-0.2303225608567867,-0.19654484005273076,-0.2107235417405835
1.6320000000000001,-0.17004884456060898,-0.29772681301259074,-0.15067557763446637,-0.22953506665449708,-0.1958451850203058,-0.21001242157756184
1.6340000000000001,-0.169336181564139,-0.2967454547049062,-0.1498059768223352,-0.22874885973892445,-0.19514687958115506,-0.2093026413788095
1.6360000000000001,-0.16862489307803585,-0.2957653386683172,-0.14893788910821826,-0.22796393839449913,-0.19444992109933823,-0.20859419861947903
1.6380000000000001,-0.16791497633485308,-0.2947864639010773,-0.14807131250104266,-0.22718030090774266,-0.19375430694422735,-0.20788709077948053
1.6400000000000001,-0.16720642857391876,-0.2938088294009995,-0.1472062450109215,-0.22639794556725823,-0.19306003449049514,-0.2071813153434725
1.6420000000000001,-0.1664992470413107,-0.2928324341654551,-0.1463426846491518,-0.2256168706637196,-0.1923671011181045,-0.20647686980085322
1.6440000000000001,-0.16579342898983174,-0.2918572771913732,-0.14548062942821272,-0.22483707448986068,-0.1916755042122975,-0.20577375164575096
1.6460000000000001,-0.16508897167898562,-0.2908833574752394,-0.14462007736176474,-0.22405855534046615,-0.19098524116358373,-0.2050719583770162
1.6480000000000001,-0.16438587237495295,-0.28991067401309456,-0.14376102646464872,-0.2232813115123602,-0.1902963093677299,-0.20437148749821188
1.6500000000000001,-0.16368412835056678,-0.2889392258005343,-0.1429034747528839,-0.22250534130439759,-0.1896087062257492,-0.20367233651760497
1.6520000000000001,-0.16298373688528867,-0.2879690118327085,-0.142047420243667,-0.22173064301745282,-0.18892242914388957,-0.20297450294815733
1.6540000000000001,-0.16228469526518485,-0.28700003110431993,-0.1411928609553712,-0.22095721495441079,-0.18823747553362336,-0.2022779843075171
1.6560000000000001,-0.16158700078290233,-0.28603228260962354,-0.14033979490754467,-0.22018505542015698,-0.18755384281163612,-0.2015827781180095
1.6580000000000001,-0.16089065073764552,-0.28506576534242645,-0.13948822012091022,-0.21941416272156777,-0.18687152839981613,-0.20088888190662857
1.6600000000000001,-0.16019564243515205,-0.28410047829608676,-0.13863813461736352,-0.21864453516750082,-0.18619052972524308,-0.20019629320502808
1.6620000000000001,-0.15950197318767012,-0.28313642046351317,-0.1377895364199726,-0.21787617106878532,-0.1855108442201776,-0.19950500954951234
1.6640000000000001,-0.1588096403139343,-0.2821735908371643,-0.1369424235529768,-0.21710906873821334,-0.18483246932205,-0.19881502848102817
1.666,-0.15811864113914287,-0.2812119884090487,-0.13609679404178587,-0.21634322649052984,-0.1841554024734502,-0.1981263475451558
1.668,-0.15742897299493475,-0.2802516121707237,-0.13525264591297903,-0.21557864264242355,-0.18347964112211623,-0.19743896429209995
1.67,-0.1567406332193657,-0.2792924611132954,-0.13440997719430436,-0.2148153155125183,-0.18280518272092405,-0.19675287627668125
1.672,-0.1560536191568862,-0.27833453422741883,-0.1335687859146779,-0.21405324342136356,-0.18213202472787637,-0.19606808105832818
1.674,-0.15536792815831824,-0.2773778305032968,-0.132729070104183,-0.2132924246914254,-0.18146016460609204,-0.19538457620106708
1.676,-0.15468355758083274,-0.2764223489306801,-0.1318908277940698,-0.2125328576470782,-0.1807895998237956,-0.19470235927351465
1.678,-0.15400050478792693,-0.2754680884988676,-0.1310540570167542,-0.21177454061459544,-0.18012032785430665,-0.19402142784886878
1.68,-0.15331876714940162,-0.2745150481967056,-0.1302187558058181,-0.2110174719221407,-0.17945234617602845,-0.19334177950489995
1.682,-0.1526383420413393,-0.27356322701258784,-0.1293849221960075,-0.21026164989976004,-0.17878565227243826,-0.19266341182394275
1.684,-0.1519592268460812,-0.27261262393445596,-0.12855255422323353,-0.20950707287937242,-0.17812024363207635,-0.19198632239288704
1.686,-0.15128141895220582,-0.27166323794979874,-0.1277216499245708,-0.2087537391947618,-0.17745611774853498,-0.1913105088031697
1.688,-0.15060491575450596,-0.2707150680456525,-0.12689220733825746,-0.20800164718156888,-0.1767932721204486,-0.1906359686507657
1.69,-0.14992971465396754,-0.2697681132086014,-0.12606422450369492,-0.20725079517728262,-0.1761317042514825,-0.18996269953618006
1.692,-0.1492558130577475,-0.26882237242477713,-0.12523769946144725,-0.20650118152123187,-0.17547141165032287,-0.18929069906443852
1.694,-0.14858320837915162,-0.26787784467985953,-0.12441263025324112,-0.20575280455457778,-0.17481239183066632,-0.1886199648450797
1.696,-0.1479118980376133,-0.26693452895907654,-0.12358901492196517,-0.20500566262030517,-0.17415464231120859,-0.18795049449214618
1.698,-0.14724187945867184,-0.26599242424720404,-0.12276685151167022,-0.20425975406321517,-0.17349816061563517,-0.1872822856241767
1.7,-0.1465731500739509,-0.26505152952856736,-0.12194613806756838,-0.2035150772299168,-0.17284294427261004,-0.18661533586419665
1.702,-0.14590570732113717,-0.2641118437870402,-0.12112687263603394,-0.2027716304688194,-0.17218899081576544,-0.1859496428397105
1.704,-0.14523954864395927,-0.2631733660060458,-0.12030905326460228,-0.20202941213012537,-0.17153629778369162,-0.1852852041826929
1.706,-0.14457467149216607,-0.2622360951685576,-0.11949267800197028,-0.20128842056582186,-0.17088486271992642,-0.18462201752958052
1.708,-0.14391107332150632,-0.2613000302570989,-0.1186777448979961,-0.2005486541296735,-0.17023468317294466,-0.18396008052126311
1.71,-0.1432487515937071,-0.26036517025374395,-0.11786425200369921,-0.1998101111772148,-0.16958575669614806,-0.183299390803076
1.712,-0.14258770377645313,-0.2594315141401182,-0.11705219737126038,-0.1990727900657434,-0.16893808084785467,-0.18263994602479094
1.714,-0.14192792734336623,-0.25849906089739916,-0.11624157905402188,-0.19833668915431146,-0.1682916531912888,-0.18198174384060772
1.716,-0.14126941977398433,-0.25756780950631697,-0.11543239510648728,-0.19760180680371975,-0.16764647129457044,-0.1813247819091468
1.718,-0.14061217855374086,-0.2566377589471547,-0.11462464358432167,-0.19686814137650943,-0.1670025327307052,-0.1806690578934398
1.72,-0.13995620117394458,-0.25570890819974923,-0.11381832254435209,-0.19613569123695584,-0.16635983507757413,-0.18001456946092165
1.722,-0.13930148513175866,-0.25478125624349235,-0.11301343004456732,-0.19540445475106094,-0.16571837591792282,-0.17936131428342272
1.724,-0.13864802793018116,-0.25385480205733124,-0.11220996414411832,-0.1946744302865464,-0.16507815283935234,-0.17870929003715985
1.726,-0.13799582707802438,-0.2529295446197688,-0.11140792290331869,-0.19394561621284678,-0.1644391634343081,-0.17805849440272858
1.728,-0.13734488008989465,-0.2520054829088654,-0.11060730438364441,-0.1932180109011028,-0.1638014053000698,-0.17740892506509454
1.73,-0.13669518448617235,-0.25108261590223924,-0.10980810664773433,-0.1924916127241545,-0.16316487603874164,-0.17676057971358516
1.732,-0.13604673779299237,-0.2501609425770672,-0.10901032775939101,-0.19176642005653455,-0.16252957325724204,-0.17611345604188222
1.734,-0.1353995375422239,-0.2492404619100863,-0.10821396578358056,-0.19104243127446185,-0.16189549456729346,-0.17546755174801265
1.736,-0.13475358127145087,-0.2483211728775938,-0.10741901878643301,-0.19031964475583507,-0.16126263758541226,-0.17482286453434104
1.738,-0.13410886652395249,-0.24740307445544918,-0.10662548483524348,-0.18959805888022552,-0.16063099993289853,-0.17417939210756095
1.74,-0.13346539084868336,-0.24648616561907444,-0.10583336199847149,-0.18887767202887185,-0.16000057923582633,-0.17353713217868716
1.742,-0.13282315180025428,-0.24557044534345573,-0.1050426483457425,-0.18815848258467294,-0.1593713731250337,-0.17289608246304744
1.744,-0.13218214693891284,-0.24465591260314423,-0.10425334194784797,-0.18744048893218168,-0.15874337923611193,-0.17225624068027434
1.746,-0.13154237383052436,-0.24374256637225744,-0.10346544087674592,-0.1867236894575992,-0.15811659520939636,-0.17161760455429675
1.748,-0.13090383004655237,-0.2428304056244801,-0.1026789432055617,-0.18600808254876866,-0.15749101868995607,-0.1709801718133328
1.75,-0.1302665131640397,-0.24191942933306554,-0.10189384700858839,-0.185293666595169,-0.15686664732758415,-0.17034394018988053
1.752,-0.12963042076558962,-0.24100963647083717,-0.10111015036128745,-0.18458043998790896,-0.15624347877678724,-0.16970890742071076
1.754,-0.12899555043934674,-0.24010102601018968,-0.10032785134028965,-0.18386840111972136,-0.1556215106967762,-0.1690750712468585
1.756,-0.12836189977897838,-0.23919359692309006,-0.09954694802339548,-0.18315754838495724,-0.15500074075145598,-0.1684424294136153
1.758,-0.1277294663836559,-0.23828734818107922,-0.09876743848957603,-0.18244788017958014,-0.15438116660941525,-0.16781097967052094
1.76,-0.1270982478580358,-0.2373822787552733,-0.09798932081897371,-0.1817393949011601,-0.15376278594391768,-0.1671807197713555
1.762,-0.1264682418122416,-0.2364783876163652,-0.09721259309290309,-0.18103209094886807,-0.15314559643289072,-0.16655164747413154
1.764,-0.1258394458618448,-0.23557567373462596,-0.09643725339385179,-0.1803259667234709,-0.152529595758917,-0.16592376054108593
1.766,-0.1252118576278476,-0.23467413607990606,-0.09566329980548072,-0.179621020627325,-0.1519147816092239,-0.1652970567386718
1.768,-0.12458547473666326,-0.23377377362163743,-0.09489073041262563,-0.17891725106437129,-0.15130115167567393,-0.16467153383755084
1.77,-0.12396029482009907,-0.23287458532883432,-0.09411954330129801,-0.17821465644012968,-0.15068870365475462,-0.16404718961258546
1.772,-0.12333631551533752,-0.2319765701700951,-0.09334973655868528,-0.17751323516169415,-0.15007743524756934,-0.16342402184283022
1.774,-0.12271353446491884,-0.23107972711360425,-0.09258130827315258,-0.17681298563772696,-0.14946734415982732,-0.16280202831152502
1.776,-0.12209194931672251,-0.2301840551271337,-0.09181425653424302,-0.17611390627845358,-0.1488584281018337,-0.16218120680608594
1.778,-0.12147155772395024,-0.22928955317804434,-0.09104857943267897,-0.17541599549565756,-0.14825068478848036,-0.16156155511809844
1.78,-0.12085235734510724,-0.22839622023328765,-0.0902842750603634,-0.17471925170267544,-0.147644111939236,-0.16094307104330907
1.782,-0.1202343458439854,-0.22750405525940787,-0.08952134151038038,-0.17402367331439206,-0.14703870727813628,-0.16032575238161728
1.784,-0.11961752088964528,-0.22661305722254332,-0.0887597768769961,-0.17332925874723482,-0.14643446853377462,-0.15970959693706832
1.786,-0.11900188015639879,-0.22572322508842868,-0.08799957925566049,-0.17263600641916943,-0.1458313934392923,-0.15909460251784502
1.788,-0.11838742132379187,-0.2248345578223958,-0.08724074674300808,-0.17194391474969506,-0.14522947973236877,-0.15848076693626
1.79,-0.11777414207658654,-0.22394705438937645,-0.08648327743685869,-0.17125298215983897,-0.14462872515521252,-0.15786808800874774
1.792,-0.11716204010474462,-0.22306071375390402,-0.08572716943621916,-0.1705632070721521,-0.14402912745455132,-0.15725656355585715
1.794,-0.11655111310341004,-0.22217553488011488,-0.08497242084128409,-0.16987458791070464,-0.14343068438162243,-0.15664619140224367
1.796,-0.11594135877289169,-0.22129151673175063,-0.08421902975343731,-0.16918712310108108,-0.14283339369216352,-0.15603696937666167
1.798,-0.11533277481864657,-0.2204086582721605,-0.08346699427525306,-0.16850081107037584,-0.1422372531464029,-0.15542889531195625
1.8,-0.11472535895126312,-0.21952695846430226,-0.08271631251049727,-0.16781565024718836,-0.14164226050905016,-0.15482196704505613
1.802,-0.11411910888644394,-0.21864641627074488,-0.08196698256412827,-0.16713163906161932,-0.14104841354928688,-0.15421618241696566
1.804,-0.11351402234498953,-0.21776703065367053,-0.08121900254229875,-0.16644877594526553,-0.14045571004075685,-0.15361153927275706
1.806,-0.11291009705278099,-0.21688880057487658,-0.0804723705523569,-0.16576705933121572,-0.13986414776155698,-0.15300803546156283
1.808,-0.11230733074076427,-0.21601172499577714,-0.07972708470284728,-0.165086487654047,-0.1392737244942277,-0.15240566883656825
1.81,-0.11170572114493305,-0.21513580287740575,-0.07898314310351284,-0.16440705934981947,-0.1386844380257437,-0.1518044372550036
1.812,-0.11110526600631232,-0.21426103318041734,-0.07824054386529555,-0.163728772856073,-0.13809628614750458,-0.15120433857813653
1.814,-0.11050596307094263,-0.21338741486509005,-0.07749928510033821,-0.16305162661182226,-0.13750926665532526,-0.15060537067126467
1.816,-0.10990781008986295,-0.21251494689132788,-0.07675936492198576,-0.16237561905755338,-0.1369233773494274,-0.1500075314037077
1.818,-0.10931080481909516,-0.21164362821866245,-0.07602078144478686,-0.16170074863521933,-0.13633861603442932,-0.1494108186487999
1.82,-0.10871494501962764,-0.210773457806255,-0.07528353278449473,-0.16102701378823658,-0.135754980519337,-0.14881523028388255
1.822,-0.10812022845739966,-0.20990443461289932,-0.07454761705806923,-0.16035441296148023,-0.13517246861753507,-0.14822076419029662
1.824,-0.10752665290328456,-0.20903655759702322,-0.07381303238367809,-0.1596829446012813,-0.13459107814677695,-0.14762741825337478
1.826,-0.10693421613307486,-0.2081698257166913,-0.07307977688069811,-0.15901260715542165,-0.13401080692917655,-0.1470351903624345
1.828,-0.10634291592746559,-0.20730423792960706,-0.07234784866971711,-0.15834339907313133,-0.1334316527911985,-0.14644407841077012
1.83,-0.10575275007203944,-0.20643979319311523,-0.07161724587253526,-0.15767531880508412,-0.13285361356364866,-0.14585408029564517
1.832,-0.1051637163572503,-0.2055764904642039,-0.07088796661216645,-0.15700836480339397,-0.13227668708166584,-0.1452651939182854
1.834,-0.1045758125784082,-0.204714328699507,-0.07016000901284003,-0.1563425355216117,-0.13170087118471208,-0.14467741718387117
1.836,-0.10398903653566371,-0.20385330685530678,-0.06943337120000237,-0.15567782941472097,-0.13112616371656327,-0.14409074800152943
1.838,-0.10340338603399246,-0.20299342388753616,-0.06870805130031821,-0.15501424493913496,-0.130552562525301,-0.14350518428432735
1.84,-0.10281885888317976,-0.2021346787517806,-0.06798404744167263,-0.15435178055269327,-0.12998006546330254,-0.1429207239492638
1.842,-0.10223545289780533,-0.20127707040328136,-0.06726135775317243,-0.1536904347146575,-0.12940867038723236,-0.14233736491726257
1.844,-0.10165316589722795,-0.20042059779693733,-0.06653998036514741,-0.1530302058857087,-0.12883837515803265,-0.14175510511316491
1.846,-0.10107199570557102,-0.1995652598873079,-0.06581991340915261,-0.15237109252794379,-0.12826917764091483,-0.14117394246572212
1.848,-0.10049194015170682,-0.19871105562861513,-0.06510115501796987,-0.15171309310487202,-0.12770107570535005,-0.14059387490758812
1.85,-0.0999129970692414,-0.19785798397474608,-0.06438370332560917,-0.15105620608141224,-0.1271340672250605,-0.14001490037531195
1.852,-0.09933516429650036,-0.19700604387925602,-0.06366755646731037,-0.1504004299238888,-0.12656815007801026,-0.13943701680933085
1.854,-0.09875843967651377,-0.1961552342953703,-0.06295271257954504,-0.1497457631000294,-0.12600332214639676,-0.13886022215396254
1.856,-0.09818282105700082,-0.19530555417598716,-0.062239169800018423,-0.1490922040789615,-0.12543958131664112,-0.13828451435739808
1.858,-0.09760830629035588,-0.19445700247368025,-0.061526926267670756,-0.1484397513312088,-0.12487692547938023,-0.13770989137169454
1.86,-0.09703489323363357,-0.193609578140701,-0.06081598012267886,-0.14778840332868892,-0.12431535252945691,-0.13713635115276746
1.862,-0.09646257974853412,-0.19276328012898203,-0.060106329506458556,-0.14713815854471002,-0.12375486036591155,-0.1365638916603844
1.864,-0.09589136370138918,-0.19191810739013881,-0.05939797256166579,-0.14648901545396775,-0.12319544689197315,-0.13599251085815678
1.866,-0.09532124296314715,-0.19107405887547269,-0.058690907432198625,-0.1458409725325429,-0.12263711001505051,-0.1354222067135329
1.868,-0.09475221540935896,-0.19023113353597343,-0.057985132263199235,-0.14519402825789807,-0.12207984764672375,-0.13485297719779088
1.87,-0.09418427892016346,-0.1893893303223222,-0.05728064520105525,-0.14454818110887468,-0.12152365770273454,-0.1342848202860314
1.872,-0.09361743138027379,-0.18854864818489414,-0.056577444393402176,-0.1439034295656907,-0.12096853810297858,-0.13371773395717046
1.874,-0.09305167067896303,-0.1877090860737607,-0.05587552798912454,-0.14325977210993734,-0.12041448677149602,-0.13315171619393218
1.8760000000000001,-0.09248699471004973,-0.18687064293869282,-0.0551748941383583,-0.14261720722457705,-0.11986150163646303,-0.1325867649828414
1.8780000000000001,-0.0919234013718846,-0.18603331772916332,-0.05447554099249241,-0.14197573339393998,-0.11930958063018293,-0.132022878314217
1.8800000000000001,-0.09136088856733582,-0.18519710939434986,-0.05377746670417061,-0.14133534910372192,-0.1187587216890773,-0.13146005418216444
1.8820000000000001,-0.09079945420377578,-0.1843620168831377,-0.05308066942729339,-0.14069605284098197,-0.11820892275367822,-0.1308982905845688
1.8840000000000001,-0.09023909619306725,-0.18352803914412252,-0.052385147317020264,-0.14005784309413927,-0.11766018176861848,-0.13033758552308727
1.8860000000000001,-0.08967981245154899,-0.18269517512561273,-0.0516908985297706,-0.13942071835297098,-0.11711249668262336,-0.12977793700314244
1.8880000000000001,-0.08912160090002286,-0.18186342377563314,-0.05099792122322677,-0.13878467710860987,-0.11656586544850245,-0.12921934303391502
1.8900000000000001,-0.08856445946374003,-0.1810327840419268,-0.050306213556335466,-0.13814971785354135,-0.11602028602314052,-0.12866180162833696
1.8920000000000001,-0.08800838607238703,-0.18020325487195876,-0.04961577368930925,-0.1375158390816018,-0.11547575636748908,-0.1281053108030843
1.8940000000000001,-0.08745337866007263,-0.1793748352129183,-0.04892659978362923,-0.13688303928797563,-0.11493227444655774,-0.12754986857856965
1.8960000000000001,-0.08689943516531451,-0.17854752401172203,-0.04823869000204639,-0.13625131696919324,-0.11438983822940596,-0.12699547297893599
1.8980000000000001,-0.0863465535310255,-0.17772132021501674,-0.047552042508584025,-0.13562067062312866,-0.11384844568913399,-0.12644212203204885
1.9000000000000001,-0.08579473170450092,-0.17689622276918238,-0.046866655468539076,-0.1349910987489975,-0.11330809480287507,-0.12588981376948993
1.9020000000000001,-0.0852439676374046,-0.1760722306203346,-0.04618252704848502,-0.13436259984735455,-0.1127687835517861,-0.12533854622654972
1.9040000000000001,-0.08469425928575669,-0.17524934271432802,-0.04549965541627299,-0.13373517242009125,-0.11223050992104011,-0.12478831744222041
1.9060000000000001,-0.08414560460991938,-0.17442755799675913,-0.04481803874103396,-0.13310881497043447,-0.11169327189981693,-0.12423912545918947
1.9080000000000001,-0.08359800157458497,-0.17360687541296893,-0.044137675193181236,-0.13248352600294355,-0.11115706748129539,-0.1236909683238323
1.9100000000000001,-0.08305144814876231,-0.1727872939080466,-0.04345856294441175,-0.13185930402350876,-0.1106218946626445,-0.12314384408620493
1.9120000000000001,-0.08250594230576391,-0.17196881242683149,-0.0427807001677083,-0.13123614753934887,-0.11008775144501537,-0.12259775080003799
1.9140000000000001,-0.08196148202319353,-0.17115142991391674,-0.042104085037341976,-0.13061405505900936,-0.10955463583353242,-0.12205268652272871
1.9160000000000001,-0.0814180652829326,-0.1703351453136519,-0.041428715728873744,-0.12999302509236066,-0.10902254583728554,-0.12150864931533523
1.9180000000000001,-0.08087569007112849,-0.16951995757014648,-0.04075459041915641,-0.1293730561505959,-0.10849147946932147,-0.12096563724256826
1.92,-0.08033435437818093,-0.16870586562727263,-0.040081707286336865,-0.12875414674622898,-0.10796143474663511,-0.12042364837278563
1.922,-0.07979405619873003,-0.1678928684286678,-0.03941006450985829,-0.1281362953930929,-0.10743240969016177,-0.11988268077798447
1.924,-0.07925479353164344,-0.16708096491773827,-0.03873966027046194,-0.12751950060633788,-0.10690440232476894,-0.1193427325337948
1.926,-0.07871656438000407,-0.16627015403766188,-0.038070492750189144,-0.12690376090242972,-0.10637741067924744,-0.11880380171947236
1.928,-0.07817936675109749,-0.1654604347313915,-0.037402560132383744,-0.12628907479914764,-0.10585143278630382,-0.11826588641789204
1.93,-0.07764319865639946,-0.16465180594165774,-0.036735860601693426,-0.1256754408155829,-0.10532646668255152,-0.11772898471554094
1.932,-0.07710805811156418,-0.16384426661097207,-0.03607039234407283,-0.12506285747213686,-0.10480251040850308,-0.11719309470251171
1.934,-0.0765739431364112,-0.1630378156816299,-0.03540615354678467,-0.12445132329051933,-0.1042795620085617,-0.11665821447249547
1.936,-0.07604085175491404,-0.1622324520957137,-0.03474314239840259,-0.12384083679374736,-0.10375761953101326,-0.11612434212277534
1.938,-0.07550878199518762,-0.16142817479509608,-0.03408135708881255,-0.1232313965061429,-0.10323668102801786,-0.11559147575421935
1.94,-0.07497773188947643,-0.160624982721443,-0.03342079580921542,-0.12262300095333156,-0.10271674455560231,-0.11505961347127425
1.942,-0.07444769947414187,-0.1598228748162167,-0.03276145675212905,-0.12201564866224146,-0.1021978081736512,-0.11452875338195811
1.944,-0.07391868278965141,-0.15902185002067903,-0.03210333811138999,-0.121409338161101,-0.10167986994589917,-0.11399889359785376
1.946,-0.07339067988056547,-0.15822190727589458,-0.03144643808215619,-0.12080406797943777,-0.1011629279399231,-0.11347003223410246
1.948,-0.07286368879552652,-0.15742304552273367,-0.030790754860908542,-0.12019983664807721,-0.10064698022713348,-0.11294216740939667
1.95,-0.07233770758724689,-0.15662526370187546,-0.030136286645453314,-0.11959664269914061,-0.10013202488276662,-0.11241529724597399
1.952,-0.07181273431249724,-0.15582856075381124,-0.02948303163492416,-0.11899448466604423,-0.09961805998587692,-0.11188941986960965
1.954,-0.0712887670320943,-0.1550329356188478,-0.028830988029784343,-0.11839336108349796,-0.09910508361932813,-0.1113645334096105
1.956,-0.07076580381088982,-0.15423838723711025,-0.02818015403182894,-0.11779327048750354,-0.09859309386978632,-0.11084063599880833
1.958,-0.07024384271775874,-0.15344491454854525,-0.027530527844186636,-0.11719421141535347,-0.09808208882771074,-0.11031772577355259
1.96,-0.06972288182558817,-0.15265251649292444,-0.026882107671322375,-0.11659618240562963,-0.09757206658734696,-0.10979580087370477
1.962,-0.06920291921126509,-0.15186119200984738,-0.026234891719038922,-0.11599918199820225,-0.09706302524671795,-0.10927485944263071
1.964,-0.06868395295566576,-0.15107094003874488,-0.025588878194479747,-0.11540320873422849,-0.09655496290761723,-0.10875489962719498
1.966,-0.06816598114364347,-0.15028175951888234,-0.024944065306130137,-0.11480826115615117,-0.09604787767559975,-0.10823591957775336
1.968,-0.06764900186401812,-0.1494936493893626,-0.0243004512638203,-0.11421433780769763,-0.09554176765997524,-0.1077179174481473
1.97,-0.06713301320956466,-0.14870660858912976,-0.023658034278727147,-0.11362143723387863,-0.09503663097379911,-0.10720089139569633
1.972,-0.06661801327700134,-0.1479206360569716,-0.02301681256337651,-0.11302955798098702,-0.09453246573386531,-0.1066848395811919
1.974,-0.0661040001669797,-0.14713573073152375,-0.02237678433164514,-0.11243869859659683,-0.09402927006069861,-0.10616976016889135
1.976,-0.06559097198407238,-0.14635189155127204,-0.021737947798762924,-0.1118488576295622,-0.09352704207854634,-0.10565565132651078
1.978,-0.06507892683676242,-0.14556911745455636,-0.02110030118131534,-0.11126003363001602,-0.09302577991537087,-0.10514251122521845
1.98,-0.06456786283743288,-0.14478740737957385,-0.020463842697245438,-0.11067222514936925,-0.09252548170284136,-0.10463033803962851
1.982,-0.0640577781023548,-0.14400676026438175,-0.01982857056585563,-0.11008543074030985,-0.09202614557632693,-0.10411912994779482
1.984,-0.06354867075167747,-0.1432271750469012,-0.019194483007810348,-0.10949964895680164,-0.09152776967488774,-0.10360888513120403
1.986,-0.06304053890941663,-0.1424486506649203,-0.018561578245138266,-0.10891487835408298,-0.09103035214126831,-0.10309960177476896
1.988,-0.06253338070344405,-0.14167118605609708,-0.017929854501234077,-0.10833111748866675,-0.09053389112188892,-0.10259127806682278
1.99,-0.06202719426547709,-0.14089478015796342,-0.017299310000860935,-0.10774836491833861,-0.09003838476683845,-0.10208391219911217
1.992,-0.06152197773106738,-0.14011943190792753,-0.016669942970152674,-0.10716661920215653,-0.08954383122986664,-0.10157750236679064
1.994,-0.061017729239591034,-0.13934514024327815,-0.016041751636615587,-0.10658587890044968,-0.08905022866837631,-0.10107204676841275
1.996,-0.06051444693423691,-0.13857190410118725,-0.015414734229131088,-0.10600614257481777,-0.08855757524341579,-0.10056754360592723
1.998,-0.06001212896199726,-0.13779972241871352,-0.014788888977957715,-0.10542740878812995,-0.08806586911967096,-0.10006399108467057
2.0,-0.05951077347365619,-0.13702859413280555,-0.01416421411473312,-0.10484967610452434,-0.08757510846545813,-0.09956138741336074
2.0020000000000002,-0.059010378623780335,-0.1362585181803051,-0.013540707872476743,-0.10427294308940716,-0.08708529145271604,-0.09905973080409125
2.004,-0.058510942570707325,-0.13548949349795092,-0.012918368485591358,-0.10369720830945162,-0.08659641625699854,-0.09855901947232404
2.0060000000000002,-0.05801246347653599,-0.1347215190223814,-0.012297194189865746,-0.10312247033259747,-0.08610848105746705,-0.09805925163688345
2.008,-0.05751493950711617,-0.1339545936901383,-0.011677183222476462,-0.10254872772805035,-0.08562148403688274,-0.09756042551995003
2.0100000000000002,-0.05701836883203826,-0.13318871643766994,-0.011058333821990507,-0.10197597906628109,-0.0851354233815993,-0.09706253934705433
2.012,-0.056522749624623,-0.1324238862013345,-0.01044064422836688,-0.10140422291902462,-0.08465029728155482,-0.09656559134706999
2.0140000000000002,-0.05602808006191151,-0.13166010191740352,-0.009824112682959685,-0.10083345785928,-0.08416610393026525,-0.09606957975220798
2.016,-0.05553435832465459,-0.13089736252206507,-0.009208737428519242,-0.10026368246130879,-0.08368284152481631,-0.09557450279801016
2.0180000000000002,-0.05504158259730363,-0.1301356669514273,-0.008594516709194977,-0.09969489530063558,-0.08320050826585601,-0.09508035872334308
2.02,-0.05454975106799953,-0.12937501414152153,-0.007981448770537414,-0.09912709495404659,-0.08271910235758728,-0.09458714577039129
2.0220000000000002,-0.05405886192856357,-0.12861540302830554,-0.007369531859500178,-0.09856027999958927,-0.08223862200776066,-0.0940948621846518
2.024,-0.05356891337448699,-0.127856832547667,-0.006758764224442659,-0.09799444901657184,-0.08175906542766698,-0.09360350621492741
2.0260000000000002,-0.05307990360492121,-0.12709930163542738,-0.006149144115131344,-0.0974296005855626,-0.08128043083212932,-0.09311307611332031
2.028,-0.05259183082266805,-0.12634280922734442,-0.005540669782742924,-0.09686573328838977,-0.08080271643949644,-0.09262357013522649
2.0300000000000002,-0.052104693234169774,-0.12558735425911616,-0.00493333947986585,-0.09630284570814052,-0.08032592047163511,-0.09213498653932861
2.032,-0.051618489049499505,-0.12483293566638354,-0.004327151460502554,-0.09574093642916037,-0.07985004115392269,-0.09164732358759076
2.0340000000000003,-0.051133216482351695,-0.12407955238473489,-0.003722103980072111,-0.09518000403705362,-0.07937507671523947,-0.0911605795452517
2.036,-0.05064887375003169,-0.12332720334970815,-0.0031181952954117964,-0.09462004711868177,-0.07890102538796229,-0.0906747526808187
2.0380000000000003,-0.05016545907344727,-0.12257588749679504,-0.002515423664779526,-0.09406106426216376,-0.07842788540795609,-0.09018984126606178
2.04,-0.049682970677097815,-0.1218256037614438,-0.0019137873478560774,-0.09350305405687553,-0.07795565501456769,-0.0897058435760072
2.0420000000000003,-0.049201406789065816,-0.12107635107906312,-0.0013132846057470893,-0.09294601509344935,-0.07748433245061759,-0.0892227578889313
2.044,-0.04872076564100669,-0.12032812838502505,-0.0007139137009852803,-0.09238994596377359,-0.07701391596239371,-0.08874058248635475
2.0460000000000003,-0.048241045468139676,-0.11958093461466879,-0.00011567289753289245,-0.09183484526099206,-0.076544403799643,-0.08825931565303602
2.048,-0.04776224450923827,-0.11883476870330378,0.0004814395392169768,-0.09128071157950424,-0.07607579421556543,-0.0877789556769657
2.05,-0.04728436095756017,-0.11808962947171486,0.0010774249763800814,-0.09072754337407463,-0.07560808546530318,-0.08729950084940996
2.052,-0.04680739301118364,-0.11734551569659968,0.0016722845739363112,-0.09017533908265296,-0.0751412758091452,-0.0868209494648089
2.054,-0.04633133889354224,-0.11660242615870198,0.002266019415978038,-0.08962409718178765,-0.07467536351225057,-0.08634329982077582
2.056,-0.04585619684976017,-0.11586035965415542,0.0028586305516915544,-0.08907381618363774,-0.07421034684345451,-0.0858665502181244
2.058,-0.045381965140112834,-0.1151193149960823,0.0034501190106284163,-0.0885244946258057,-0.07374622407469023,-0.08539069896087681
2.06,-0.04490864203488987,-0.11437929101362942,0.004040485809739591,-0.08797613106338975,-0.07328299348084899,-0.08491574435626204
2.062,-0.04443622581098672,-0.1136402865504027,0.004629731957260352,-0.08742872406379143,-0.07282065333982413,-0.08444168471470825
2.064,-0.04396471474980013,-0.11290230046285332,0.005217858455135227,-0.08688227220344835,-0.07235920193260337,-0.08396851834983377
2.066,-0.04349410713599622,-0.11216533161877407,0.0058048663006500245,-0.08633677406575724,-0.07189863754335413,-0.08349624357843966
2.068,-0.04302440125682949,-0.11142937889594307,0.006390756487587579,-0.08579222823971655,-0.07143895845948744,-0.08302485872050114
2.07,-0.04255559540180376,-0.11069444118091765,0.006975530007079511,-0.08524863331900412,-0.07098016297170218,-0.08255436209916112
2.072,-0.04208768786253558,-0.10996051736796808,0.007559187848256377,-0.084705987901325,-0.07052224937401119,-0.08208475204072307
2.074,-0.041620676932737855,-0.10922760635813722,0.008141730998757035,-0.08416429058793251,-0.07006521596375648,-0.08161602687464486
2.076,-0.04115456090826797,-0.1084957070584136,0.008723160445138767,-0.08362353998326144,-0.0696090610416158,-0.08114818493353226
2.078,-0.040689338087210425,-0.10776481838100449,0.00930347717321367,-0.08308373469464003,-0.06915378291160446,-0.08068122455313298
2.08,-0.040225006769973426,-0.10703493924269658,0.009882682168329548,-0.08254487333205729,-0.068699379881074,-0.08021514407233044
2.082,-0.03976156525938879,-0.1063060685642947,0.0104607764156055,-0.08200695450797002,-0.06824585026070751,-0.07974994183313822
2.084,-0.039299011860808974,-0.10557820527012929,0.011037760900134641,-0.08146997683714097,-0.06779319236451498,-0.07928561618069363
2.086,-0.038837344882197256,-0.10485134828762321,0.011613636607155975,-0.08093393893650203,-0.06734140450982751,-0.07882216546325194
2.088,-0.03837656263420919,-0.10412549654691272,0.012188404522203156,-0.08039883942503612,-0.06689048501729045,-0.07835958803218102
2.09,-0.03791666343026723,-0.10340064898051349,0.012762065631232389,-0.07986467692367527,-0.06644043221085649,-0.07789788224195449
2.092,-0.03745764558662534,-0.10267680452302841,0.013334620920733231,-0.07933145005521203,-0.06599124441777948,-0.07743704645014682
2.094,-0.03699950742242608,-0.10195396211089136,0.013906071377824958,-0.07879915744422306,-0.06554291996860662,-0.0769770790174269
2.096,-0.03654224725975097,-0.10123212068214205,0.014476417990338941,-0.07826779771700143,-0.06509545719717202,-0.07651797830755225
2.098,-0.0360858634236636,-0.10051127917622904,0.015045661746889927,-0.07773736950149823,-0.06464885444058921,-0.07605974268736371
2.1,-0.035630354242246254,-0.09979143653383704,0.01561380363693865,-0.07720787142727059,-0.0642031100392444,-0.0756023705267792
2.102,-0.03517571804663211,-0.09907259169673543,0.016180844650844017,-0.07667930212543683,-0.06375822233678963,-0.075145860198788
2.104,-0.03472195317103233,-0.09835474360764573,0.01674678577990929,-0.07615166022863673,-0.06331418968013569,-0.07469021007944465
2.106,-0.03426905795275892,-0.09763789121012545,0.017311628016421388,-0.07562494437099665,-0.06287101041944498,-0.07423541854786397
2.108,-0.0338170307322434,-0.09692203344846706,0.01787537235368375,-0.07509915318809934,-0.062428682908124644,-0.07378148398621454
2.11,-0.03336586985305279,-0.09620716926760897,0.01843801978604498,-0.07457428531695665,-0.061987205502819887,-0.07332840477971359
2.112,-0.032915573661902675,-0.0954932976130578,0.018999571308922603,-0.07405033939598615,-0.06154657656340734,-0.07287617931662038
2.114,-0.032466140508667474,-0.0947804174308211,0.01956002791882261,-0.07352731406499058,-0.06110679445298772,-0.07242480598823153
2.116,-0.03201756874638839,-0.09406852766734808,0.020119390613356547,-0.07300520796513954,-0.0606678575378794,-0.07197428318887455
2.118,-0.031569856731279655,-0.09335762726947805,0.02067766039125507,-0.07248401973895313,-0.0602297641876115,-0.07152460931590232
2.12,-0.03112300282273317,-0.09264771518439585,0.021234838252378374,-0.0719637480302886,-0.05979251277491726,-0.07107578276968729
2.122,-0.030677005383320743,-0.09193879035959296,0.021790925197725075,-0.07144439148432746,-0.059356101675727135,-0.0706278019536164
2.124,-0.030231862778796526,-0.09123085174283307,0.02234592222943932,-0.07092594874756464,-0.05892052926916258,-0.07018066527408462
2.126,-0.02978757337809701,-0.09052389828212393,0.022899830350814554,-0.0704084184677991,-0.05848579393752873,-0.06973437114048964
2.128,-0.02934413555334059,-0.08981792892569063,0.023452650566297972,-0.06989179929412548,-0.058051894066308174,-0.06928891796522607
2.13,-0.028901547679826,-0.08911294262195502,0.02400438388149162,-0.06937608987692645,-0.057618828044154524,-0.06884430416368015
2.132,-0.028459808136030107,-0.0884089383195159,0.024555031303153285,-0.06886128886786658,-0.057186594262885304,-0.0684005281542237
2.134,-0.028018915303605008,-0.08770591496713376,0.025104593839196276,-0.06834739491988628,-0.056755191117475734,-0.06795758835820864
2.136,-0.027578867567374488,-0.08700387151371625,0.025653072498688312,-0.06783440668719698,-0.05632461700605207,-0.06751548319996137
2.138,-0.027139663315330242,-0.08630280690830672,0.026200468291849077,-0.06732232282527661,-0.05589487032988494,-0.06707421110677747
2.14,-0.026701300938627215,-0.08560272010007486,0.026746782230047783,-0.06681114199086591,-0.055465949493382904,-0.0666337705089155
2.142,-0.02626377883157871,-0.08490361003830738,0.027292015325799612,-0.06630086284196501,-0.055037852904086026,-0.06619415983959187
2.144,-0.025827095391651067,-0.08420547567240222,0.027836168592762167,-0.06579148403782997,-0.05461057897265942,-0.06575537753497529
2.146,-0.025391249019458773,-0.0835083159518617,0.028379243045730584,-0.06528300423897071,-0.05418412611288659,-0.06531742203418078
2.148,-0.024956238118758023,-0.08281212982628894,0.028921239700632873,-0.0647754221071486,-0.05375849274166322,-0.06488029177926458
2.15,-0.024522061096441172,-0.08211691624538342,0.029462159574524804,-0.064268736305374,-0.0533336772789903,-0.06444398521521832
2.152,-0.024088716362530738,-0.08142267415893878,0.03000200368558481,-0.06376294549790518,-0.05290967814796832,-0.06400850078996378
2.154,-0.023656202330172293,-0.08072940251683991,0.030540773053107317,-0.06325804835024607,-0.0524864937747902,-0.06357383695434704
2.156,-0.02322451741562892,-0.08003710026906252,0.031078468697497863,-0.0627540435291456,-0.052064122588735495,-0.06313999216213317
2.158,-0.02279366003827432,-0.07934576636567137,0.03161509164026621,-0.06225092970259549,-0.051642563022163746,-0.06270696487000071
2.16,-0.022363628620586162,-0.07865539975682001,0.03215064290401992,-0.06174870553983025,-0.05122181351050781,-0.06227475353753609
2.162,-0.021934421588139186,-0.07796599939275084,0.032685123512458114,-0.06124736971132583,-0.050801872492268085,-0.06184335662722806
2.164,-0.021506037369598774,-0.07727756422379595,0.033218534490364826,-0.06074692088879874,-0.05038273840900609,-0.06141277260446287
2.166,-0.021078474396713398,-0.07659009320037691,0.033750876863601675,-0.0602473577452054,-0.049964409705337554,-0.06098299993751777
2.168,-0.020651731104308402,-0.07590358527300678,0.034282151659101645,-0.059748678954741896,-0.049546884828926885,-0.06055403709755658
2.17,-0.020225805930278673,-0.07521803939229033,0.034812359904861756,-0.059250883192842885,-0.04913016223048028,-0.0601258825586235
2.172,-0.01980069731558176,-0.07453345450892623,0.03534150262993574,-0.05875396913618136,-0.04871424036373995,-0.05969853479763798
2.174,-0.019376403704230993,-0.07384982957370867,0.0358695808644276,-0.058257935462668664,-0.04829911768547768,-0.059271992294389175
2.176,-0.018952923543288147,-0.07316716353752883,0.03639659563948383,-0.05776278085145381,-0.04788479265548817,-0.058846253531531056
2.178,-0.018530255282856567,-0.0724854553513774,0.036922547987286336,-0.05726850398292305,-0.0474712637365835,-0.0584213169945762
2.18,-0.01810839737607428,-0.07180470396634608,0.0374474389410453,-0.0567751035387003,-0.047058529394586435,-0.05799718117189112
2.182,-0.017687348279106452,-0.07112490833363028,0.037971269534991636,-0.05628257820164606,-0.04664658809832445,-0.05757384455469028
2.184,-0.017267106451139158,-0.0704460674045313,0.03849404080436991,-0.055790926655858275,-0.04623543831962351,-0.05715130563703141
2.186,-0.016847670354371402,-0.06976818013045905,0.039015753785430984,-0.055300147586671455,-0.045825078533301644,-0.05672956291580933
2.188,-0.01642903845400867,-0.06909124546293399,0.03953640951542425,-0.054810239680657125,-0.04541550721716314,-0.05630861489075123
2.19,-0.01601120921825605,-0.06841526235359008,0.040056009032590545,-0.05432120162562315,-0.045006722851992365,-0.055888460064411394
2.192,-0.015594181118310457,-0.06774022975417737,0.04057455337615479,-0.05383303211061441,-0.04459872392154729,-0.0554690969421654
2.194,-0.01517795262835464,-0.06706614661656474,0.04109204358631846,-0.05334572982591257,-0.04419150891255397,-0.055050524032204784
2.196,-0.014762522225549413,-0.06639301189274271,0.04160848070425227,-0.05285929346303586,-0.043785076314699634,-0.05463273984553263
2.198,-0.014347888390027208,-0.06572082453482575,0.0421238657720886,-0.05237372171473931,-0.043379424620627605,-0.054215742895956875
2.2,-0.013934049604884535,-0.06504958349505552,0.04263819983291395,-0.05188901327501494,-0.04297455232593017,-0.053799531700086334
2.202,-0.013521004356175537,-0.06437928772580359,0.04315148393076229,-0.0514051668390918,-0.04257045792914327,-0.05338410477732469
2.204,-0.013108751132904883,-0.06370993617957454,0.0436637191106064,-0.05092218110343549,-0.04216713993174004,-0.05296946064986541
2.206,-0.012697288427021336,-0.0630415278090084,0.044174906418351645,-0.05044005476574931,-0.04176459683812528,-0.052555597842686375
2.208,-0.012286614733409973,-0.06237406156688374,0.04468504690082775,-0.04995878652497354,-0.04136282715562878,-0.05214251488354482
2.21,-0.011876728549886195,-0.06170753640612081,0.045194141605781724,-0.04947837508128594,-0.04096182939449977,-0.0517302103029722
2.212,-0.011467628377188399,-0.06104195127978418,0.0457021915818705,-0.04899881913610171,-0.040561602067900715,-0.05131868263426842
2.214,-0.011059312718971315,-0.06037730514108586,0.04620919787865363,-0.04852011739207396,-0.0401621436919013,-0.05090793041349717
2.216,-0.010651780081799345,-0.0597135969433884,0.04671516154658528,-0.04804226855309346,-0.039763452785472886,-0.05049795217948061
2.218,-0.010245028975139903,-0.05905082564020736,0.047220083637007804,-0.047565271324288894,-0.03936552787048209,-0.05008874647379402
2.22,-0.009839057911356086,-0.05838899018521482,0.047723965202143726,-0.04708912441202773,-0.03896836747168497,-0.049680311840760716
2.222,-0.009433865405700681,-0.05772808953224229,0.048226807295088436,-0.046613826523915325,-0.03857197011672109,-0.0492726468274467
2.224,-0.009029449976309278,-0.05706812263528338,0.048728610969802855,-0.04613937636879584,-0.038176334336107676,-0.04886574998365578
2.226,-0.008625810144193169,-0.056409088448497124,0.049229377281106546,-0.0456657726567522,-0.0377814586632339,-0.048459619861924264
2.228,-0.008222944433233348,-0.05575098592621086,0.04972910728466995,-0.045193014099106366,-0.03738734163435442,-0.04805425501751581
2.23,-0.00782085137017341,-0.05509381402292335,0.05022780203700683,-0.04472109940841973,-0.03699398178858404,-0.04764965400841614
2.232,-0.007419529484613108,-0.05443757169330743,0.05072546259546784,-0.044250027298493144,-0.036601377667891954,-0.04724581539532835
2.234,-0.007018977309001917,-0.05378225789221336,0.051222090018232524,-0.04377979648436714,-0.03620952781709508,-0.04684273774166714
2.236,-0.006619193378632593,-0.053127871574671914,0.05171768536430199,-0.04331040568232214,-0.03581843078385338,-0.046440419613554385
2.238,-0.006220176231634289,-0.05247441169589728,0.05221224969349225,-0.04284185360987891,-0.03542808511866302,-0.046038859579813574
2.24,-0.005821924408966339,-0.051821877211289724,0.05270578406642645,-0.04237413898579878,-0.03503848937485099,-0.045638056211964706
2.242,-0.005424436454411374,-0.051170267076439124,0.053198289544527766,-0.041907260530083645,-0.03464964210856958,-0.04523800808421985
2.244,-0.00502771091456955,-0.05051958024712766,0.05368976719001228,-0.0414412169639764,-0.034261541878789936,-0.044838713773477146
2.246,-0.004631746338851661,-0.04986981567933291,0.05418021806588191,-0.0409760070099614,-0.03387418724729718,-0.04444017185931637
2.248,-0.004236541279472705,-0.04922097232923117,0.05466964323591661,-0.04051162939176445,-0.03348757677868375,-0.044042380923993596
2.25,-0.0038420942914458855,-0.04857304915319993,0.05515804376466793,-0.04004808283435324,-0.03310170904034404,-0.043645339552436324
2.2520000000000002,-0.0034484039325757276,-0.04792604510782139,0.055645420717451266,-0.039585366063937366,-0.0327165826024689,-0.04324904633223836
2.254,-0.003055468763452085,-0.0472799591498847,0.05613177516033918,-0.03912347780796921,-0.03233219603803961,-0.04285349985365494
2.2560000000000002,-0.002663287347444143,-0.046634790236389945,0.05661710816015386,-0.038662416795143706,-0.031948547922822534,-0.0424586987095974
2.258,-0.002271858250693315,-0.04599053732455061,0.05710142078446023,-0.0382021817553988,-0.03156563683536273,-0.042064641495628496
2.2600000000000002,-0.0018811800421076885,-0.045347199371796654,0.057584714101558854,-0.037742771419915666,-0.031183461356979025,-0.04167132680995733
2.262,-0.0014912512933553668,-0.044704775335777436,0.05806698918047881,-0.037284184521119146,-0.030802020071757807,-0.041278753253434
2.2640000000000002,-0.0011020705788584717,-0.04406326417436479,0.058548247090970396,-0.03682641979267798,-0.030421311566547926,-0.040886919429545365
2.266,-0.0007136364757871494,-0.043422664845655934,0.05902848890349821,-0.03636947596950524,-0.03004133443095447,-0.040495823944409315
2.2680000000000002,-0.00032594756405268654,-0.04278297630797678,0.059507715689234075,-0.035913351787758785,-0.029662087257333436,-0.04010546540677007
2.27,6.099757369781855e-05,-0.04214419751988463,0.05998592852005036,-0.035458045984840814,-0.029283568640786406,-0.03971584242799375
2.2720000000000002,0.0004472003227986576,-0.041506327447535574,0.060463128474465444,-0.035003557298819654,-0.02890577718105325,-0.03932695362202532
2.274,0.0008326618927465557,-0.04086936509845618,0.06093931666246033,-0.03454988446473917,-0.028528711490740655,-0.03893879760522423
2.2760000000000002,0.0012173833889270735,-0.04023330949051607,0.06141449418758116,-0.034097026212517534,-0.02815237018475658,-0.03855137299657141
2.278,0.0016013658516036422,-0.039598159641175856,0.06188866214169164,-0.03364498127321269,-0.02777675187803985,-0.03816467841770521
2.2800000000000002,0.001984610278877197,-0.038963914563759916,0.062361821607269,-0.033193748382381205,-0.027401855185648527,-0.03777871249291187
2.282,0.0023671176408797123,-0.03833057326633904,0.06283397366062471,-0.03274332628075127,-0.027027678723359205,-0.03739347384910752
2.2840000000000003,0.002748888888809864,-0.03769813475163741,0.06330511937452687,-0.03229371371363543,-0.026654221108245224,-0.03700896111582175
2.286,0.003129924960794339,-0.03706659801734591,0.06377525982005494,-0.03184490942999352,-0.026281480959117642,-0.0366251729251843
2.2880000000000003,0.0035102267857403113,-0.036435962056583504,0.06424439606782695,-0.03139691218155294,-0.02590945689683455,-0.036242107911913735
2.29,0.0038897952858967244,-0.035806225858396434,0.06471252918877646,-0.03094972072211899,-0.025538147544508893,-0.035859764713309206
2.2920000000000003,0.004268631378573584,-0.035177388408244026,0.0651796602546224,-0.03050333380708503,-0.025167551527647047,-0.035478141969242705
2.294,0.004646735977307248,-0.03454944868845189,0.06564579033813378,-0.030057750193107635,-0.024797667474237395,-0.03509723832215261
2.2960000000000003,0.0050241099926595645,-0.033922405678622924,0.0661109205132635,-0.029612968637906745,-0.024428494014808733,-0.034717052417037486
2.298,0.005400754332772539,-0.033296258356007025,0.06657505185519796,-0.029168987900151544,-0.02406002978246624,-0.03433758290145095
2.3000000000000003,0.005776669903758247,-0.032671005695828814,0.06703818544035745,-0.028725806739405835,-0.023692273412914355,-0.03395882842549569
2.302,0.006151857609977274,-0.03204664667157786,0.06750032234636505,-0.028283423916109607,-0.02332522354446942,-0.03358078764181882
2.3040000000000003,0.006526318354241223,-0.03142318025526536,0.06796146365199918,-0.027841838191585255,-0.022958878818067685,-0.03320345920560697
2.306,0.006900053037962817,-0.030800605417649063,0.06842161043713957,-0.027401048328055788,-0.02259323787726819,-0.03282684177458095
2.308,0.007273062561268029,-0.030178921128431346,0.0688807637827098,-0.026961053088671916,-0.02222829936825299,-0.032450934008990906
2.31,0.007645347823084014,-0.02955812635643351,0.06933892477062065,-0.026521851237540472,-0.021864061939826263,-0.032075734571611836
2.312,0.008016909721206833,-0.028938220069747445,0.0697960944837166,-0.02608344153975528,-0.021500524243411867,-0.03170124212773828
2.314,0.00838774915235585,-0.028319201235870173,0.0702522740057252,-0.02564582276142513,-0.02113768493304935,-0.03132745534518011
2.316,0.008757867012218368,-0.02770106882182022,0.07070746442121045,-0.02520899366970175,-0.020775542665391056,-0.030954372894257176
2.318,0.009127264195485596,-0.027083821794241292,0.0711616668155306,-0.02477295303280469,-0.020414096099697243,-0.03058199344779511
2.32,0.009495941595883739,-0.026467459119491776,0.07161488227479973,-0.024337699620044173,-0.020053343897831866,-0.030210315681120203
2.322,0.009863900106199086,-0.02585197976372422,0.0720671118858518,-0.023903232201841096,-0.019693284724257687,-0.029839338272054983
2.324,0.010231140618300216,-0.02523738269295417,0.07251835673620999,-0.023469549549746116,-0.019333917246031618,-0.029469059900913086
2.326,0.010597664023156872,-0.024623666873121675,0.0729686179140574,-0.023036650436455197,-0.018975240132800053,-0.02909947925049483
2.328,0.010963471210855946,-0.024010831270144806,0.07341789650821084,-0.022604533635824486,-0.018617252056793543,-0.02873059500608255
2.33,0.011328563070615694,-0.023398874849966278,0.07386619360809799,-0.022173197922882748,-0.018259951692821907,-0.028362405855435924
2.332,0.011692940490798387,-0.0227877965785952,0.0743135103037349,-0.02174264207384269,-0.017903337718269574,-0.027994910488787106
2.334,0.012056604358920753,-0.02217759542214348,0.07475984768570698,-0.021312864866110726,-0.017547408813090026,-0.027628107598836493
2.336,0.012419555561663298,-0.021568270346858487,0.0752052068451512,-0.02088386507829587,-0.01719216365980114,-0.027261995880747403
2.338,0.012781794984879191,-0.02095982031915078,0.07564958887373896,-0.02045564149021728,-0.01683760094348008,-0.026896574032142073
2.34,0.013143323513601368,-0.02035224430561966,0.0760929948636615,-0.02002819288291091,-0.016483719351758186,-0.02653184075309656
2.342,0.01350414203204875,-0.019745541273075595,0.0765354259076152,-0.019601518038635746,-0.01613051757481543,-0.026167794746136286
2.344,0.0138642514236329,-0.019139710188559977,0.07697688309878914,-0.019175615740878893,-0.015777994305376408,-0.02580443471623184
2.346,0.014223652570962475,-0.018534750019362445,0.07741736753085204,-0.01875048477435981,-0.01542614823870414,-0.025441759370793626
2.348,0.014582346355848319,-0.01793065973303709,0.07785688029794158,-0.018326123925035187,-0.015074978072595835,-0.025079767419667665
2.35,0.01494033365930747,-0.01732743829741623,0.07829542249465282,-0.017902531980101832,-0.014724482507377346,-0.024718457575130914
2.352,0.01529761536156693,-0.01672508468062328,0.07873299521602872,-0.017479707728000227,-0.014374660245898285,-0.02435782855188684
2.354,0.01565419234206722,-0.01612359785108386,0.07916959955754965,-0.01705764995841741,-0.014025509993526919,-0.023997879067060968
2.356,0.016010065479465485,-0.015522976777536224,0.07960523661512475,-0.016636357462288975,-0.013677030458145278,-0.023638607840195558
2.358,0.016365235651637722,-0.014923220429040152,0.0800399074850826,-0.01621582903180241,-0.013329220350144055,-0.02328001359324605
2.36,0.0167197037356821,-0.014324327774986267,0.0804736132641628,-0.01579606346039797,-0.012982078382417495,-0.02292209505057574
2.362,0.01707347060792097,-0.013726297785102926,0.0809063550495075,-0.01537705954277091,-0.012635603270358065,-0.022564850938951553
2.364,0.017426537143903076,-0.01312912942946376,0.08133813393865363,-0.014958816074873482,-0.012289793731852239,-0.022208279987539825
2.366,0.017778904218405334,-0.0125328216784939,0.08176895102952542,-0.014541331853915818,-0.011944648487274945,-0.021852380927901205
2.368,0.018130572705435055,-0.01193737350297619,0.08219880742042607,-0.014124605678367708,-0.011600166259484235,-0.021497152493986427
2.37,0.0184815434782315,-0.011342783874056739,0.08262770421003118,-0.013708636347959269,-0.011256345773817289,-0.02114259342213165
2.372,0.018831817409267426,-0.01074905176325025,0.08305564249738118,-0.013293422663682719,-0.01091318575808442,-0.020788702451054464
2.374,0.019181395370250653,-0.010156176142444684,0.08348262338187395,-0.012878963427792822,-0.010570684942564634,-0.020435478321848777
2.376,0.019530278232125386,-0.009564155983906142,0.0839086479632587,-0.012465257443807998,-0.010228842060000742,-0.020082919777980823
2.378,0.019878466865074218,-0.008972990260283087,0.08433371734162809,-0.012052303516511431,-0.009887655845594256,-0.019731025565284055
2.38,0.02022596213851835,-0.00838267794461034,0.08475783261741254,-0.011640100451951296,-0.00954712503700006,-0.019379794431955588
2.382,0.02057276492111959,-0.0077932180103135185,0.08518099489137265,-0.011228647057442087,-0.009207248374322186,-0.019029225128550875
2.384,0.020918876080781246,-0.007204609431212372,0.08560320526459342,-0.010817942141565062,-0.008868024600108715,-0.018679316407979707
2.386,0.021264296484649226,-0.006616851181524774,0.08602446483847737,-0.010407984514168911,-0.00852945245934622,-0.018330067025501773
2.388,0.02160902699911338,-0.006029942235869612,0.0864447747147381,-0.009998772986370197,-0.008191530699455551,-0.01798147573872244
2.39,0.02195306848980838,-0.005443881569271003,0.08686413599539389,-0.009590306370554025,-0.007854258070286946,-0.017633541307587652
2.392,0.02229642182161462,-0.004858668157161183,0.08728254978276184,-0.009182583480374928,-0.007517633324114925,-0.017286262494379923
2.394,0.022639087858659313,-0.004274300975383394,0.08770001717945086,-0.00877560313075687,-0.007181655215633187,-0.016939638063714346
2.396,0.022981067464317384,-0.0036907790001958762,0.08811653928835583,-0.008369364137893909,-0.006846322501950164,-0.01659366678253349
2.398,0.023322361501212807,-0.0031081012082740944,0.08853211721265186,-0.007963865319251084,-0.0065116339425841385,-0.016248347420103393
2.4,0.02366297083121882,-0.0025262665767142867,0.08894675205578739,-0.007559105493564422,-0.006177588299458137,-0.01590367874800913
2.402,0.024002896315459266,-0.0019452740830363524,0.08936044492147843,-0.007155083480841595,-0.005844184336895486,-0.015559659540150372
2.404,0.024342138814309244,-0.0013651227051862946,0.08977319691370256,-0.006751798102362372,-0.005511420821614488,-0.015216288572737158
2.406,0.02468069918739646,-0.0007858114215395506,0.0901850091366927,-0.006349248180678835,-0.005179296522723975,-0.014873564624285462
2.408,0.025018578293601434,-0.00020733921090387852,0.09059588269493135,-0.005947432539616049,-0.0048478102117184285,-0.014531486475612754
2.41,0.0253557769910584,0.00037029494747820024,0.09100581869314439,-0.005546350004272282,-0.004516960662473313,-0.014190052909833772
2.412,0.025692296095115585,0.0009470919701843883,0.0914148183169734,-0.005145999386456879,-0.004186746654202711,-0.013849262712303023
2.414,0.0260281363852517,0.0015230526524878663,0.09182288281209039,-0.004746379469446227,-0.003857166969244208,-0.013509114670651634
2.416,0.02636329863316611,0.0020981777091715337,0.09223001342808956,-0.0043474890147341405,-0.0035282203906443765,-0.013169607574825992
2.418,0.026697783613110593,0.0026724677942338015,0.09263621140269485,-0.00394932677663995,-0.003199905702399697,-0.012830740217077752
2.42,0.02703159210560302,0.003245923512525728,0.09304147795828999,-0.0035518915117962457,-0.00287222169001744,-0.012492511391948957
2.422,0.02736472489849784,0.003818545427819675,0.0934458143022241,-0.0031551819837813966,-0.0025451671409284504,-0.01215491989625983
2.424,0.027697182786956764,0.004390334069007684,0.0938492216282012,-0.002759196964842614,-0.002218740844732725,-0.011817964529100777
2.426,0.02802896657295806,0.004961289935144553,0.09425170111788406,-0.002363935236138426,-0.0018929415933306437,-0.011481644091825505
2.428,0.028360077064631728,0.005531413499680449,0.09465325394243163,-0.00196939558731124,-0.001567768180986917,-0.01114595738804569
2.43,0.028690515075551648,0.0061007052140698015,0.09505388126388525,-0.0015755768158061123,-0.0012432194043583422,-0.010810903223626323
2.432,0.02902028142404589,0.006669165510878372,0.09545358423638928,-0.0011824777261315589,-0.0009192940625009083,-0.010476480406681477
2.434,0.029349376932553017,0.007236794806467772,0.0958523640072555,-0.0007900971291490144,-0.0005959909568677979,-0.010142687747569434
2.436,0.029677802427035438,0.007803593503322714,0.09625022171788666,-0.0003984338414255717,-0.0002733088913013937,-0.00980952405888913
2.438,0.030005558736453608,0.00836956199207095,0.09664715850457695,-7.486684658442044e-06,4.8753327976269745e-05,-0.00947698815547593
2.44,0.030332646691798804,0.008934700653112637,0.09704317549931063,0.00038274551484263064,0.00037019683329830855,-0.009145078854396527
2.442,0.030659067124613637,0.00949900986206953,0.09743827386576887,0.0007722635394520339,0.0006910224001375198,-0.008813794974944278
2.444,0.030984820870539664,0.01006248999434134,0.09783245476130609,0.0011610679976450378,0.0010112306574912022,-0.008483135338642311
2.446,0.031309908767751304,0.010625141423027618,0.09822571933166868,0.0015491594196539449,0.0013308221741035187,-0.008153098769234424
2.448,0.03163433165547391,0.011186964517082565,0.09861806871307577,0.0019365382987446278,0.0016497974939564397,-0.007823684092678862
2.45,0.03195809037322861,0.011747959640587391,0.09900950403481379,0.002323205110013271,0.0019681571509284623,-0.007494890137145216
2.452,0.03228118576055494,0.012308127152789838,0.09940002642115786,0.002709160319335213,0.0022859016748599803,-0.007166715733009532
2.454,0.03260361865695027,0.012867467408533395,0.09978963699265964,0.0030944043877978444,0.0026030315940648308,-0.00683915971285165
2.456,0.03292538990188043,0.013425980758837719,0.10017833686701083,0.0034789377739892213,0.0029195474363681306,-0.006512220911450983
2.458,0.03324650033479459,0.013983667551506596,0.10056612715963964,0.003862760935235743,0.0032354497295326023,-0.006185898165782522
2.46,0.03356695079512506,0.014540528131707031,0.10095300898414239,0.004245874328311805,0.0035507390014324347,-0.005860190315012392
2.462,0.03388674212226506,0.015096562842495942,0.10133898345260928,0.004628278409873232,0.003865415780122783,-0.005535096200494305
2.464,0.03420587515553075,0.015651772025287558,0.10172405167587728,0.00500997363674216,0.0041794805938657476,-0.00521061466576489
2.466,0.03452435073411375,0.016206156020265094,0.10210821476373444,0.005390960466105765,0.004492933971139923,-0.004886744556539702
2.468,0.03484216969702714,0.016759715166739575,0.10249147382508528,0.005771239355663926,0.0048057764406432835,-0.004563484720709221
2.47,0.035159332883049954,0.017312449803461583,0.10287382996808869,0.006150810763743131,0.005118008531292739,-0.004240834008334637
2.472,0.0354758411306737,0.017864360268892154,0.10325528430027275,0.006529675149386849,0.0054296307722239145,-0.003918791271643851
2.474,0.03579169527805082,0.018415446901437704,0.10363583792863196,0.006907832972430139,0.005740643692790259,-0.003597355365027477
2.476,0.03610689616294649,0.01896571003965275,0.1040154919597085,0.00728528469356049,0.006051047822562383,-0.0032765251450341815
2.478,0.03642144462269625,0.01951515002241644,0.10439424749966197,0.0076620307743680005,0.006360843691326501,-0.0029562994703673517
2.48,0.036735341494165796,0.020063767189084203,0.10477210565432848,0.008038071677389125,0.006670031829083989,-0.002636677201880877
2.482,0.037048587613716766,0.020611561879619655,0.10514906752927056,0.008413407866141087,0.006978612766050718,-0.0023176572025747078
2.484,0.03736118381717546,0.021158534434707832,0.1055251342298198,0.008788039805152748,0.0072865870326559445,-0.0019992383375913025
2.486,0.03767313093980529,0.021704685195853335,0.10590030686111329,0.009161967959989026,0.007593955159541421,-0.0016814194742111876
2.488,0.03798442981628303,0.02225001450546471,0.10627458652812427,0.009535192797272218,0.007900717677560731,-0.001364199481849404
2.49,0.038295081280677934,0.022794522706927056,0.1066479743356874,0.009907714784699317,0.008206875117778178,-0.0010475772320510668
2.492,0.03860508616643288,0.02333821014466464,0.10702047138852167,0.010279534391056222,0.008512428011467676,-0.0007315515984875898
2.494,0.038914445306349243,0.023881077164194187,0.10739207879124768,0.010650652086229506,0.008817376890111861,-0.00041612145695268943
2.496,0.03922315953257183,0.02442312411217107,0.10776279764840391,0.011021068341215967,0.009121722285401201,-0.00010128568535816562
2.498,0.03953122967657818,0.02496435133642816,0.1081326290644582,0.011390783628130396,0.009425464729232447,0.00021295683626987305
2.5,0.03983865656920482,0.025504759186019132,0.1085015741438109,0.011759798420207801,0.009728604753710846,0.0005266069634222159
2.5020000000000002,0.04014544104061879,0.026044348011238005,0.10886963399081262,0.01212811319180851,0.010031142891145928,0.000839665324376293
2.504,0.04045158392028436,0.02658311816363712,0.10923680970977556,0.012495728418425056,0.01033307967404884,0.00115213245964374
2.5060000000000002,0.04075708603695194,0.027121069996047575,0.10960310240497595,0.012862644576685733,0.0106344156351319,0.0014640088759374503
2.508,0.04106194821865383,0.02765820386259832,0.1099685131806547,0.01322886214435548,0.010935151307308155,0.0017752950670568701
2.5100000000000002,0.041366171292702925,0.028194520118731248,0.11033304314101922,0.013594381600334549,0.011235287223690271,0.0020859915219701985
2.512,0.04166975608569001,0.02873001912121298,0.1106966933902449,0.01395920342465784,0.01153482391758942,0.0023960987279412205
2.5140000000000002,0.04197270342348203,0.029264701228145062,0.1110594650324761,0.014323328098493793,0.011833761922514174,0.0027056171717383393
2.516,0.04227501413122048,0.02979856679897086,0.11142135917182672,0.01468675610414194,0.012132101772169168,0.0030145473401017586
2.5180000000000002,0.0425766890333199,0.030331616194481992,0.1117823769123798,0.01504948792503158,0.01242984400045355,0.003322889719923783
2.52,0.042877728953465644,0.030863849776822105,0.11214251935818664,0.015411524045718883,0.012726989141460088,0.0036306447983169843
2.5220000000000002,0.04317813471461318,0.03139526790949021,0.11250178761326568,0.015772864951884902,0.013023537729473178,0.003937813062640183
2.524,0.04347790713898658,0.03192587095734267,0.1128601827816007,0.01613351113033179,0.013319490298968395,0.004244395000507106
2.5260000000000002,0.04377704704807739,0.03245565928659411,0.11321770596713843,0.01649346306897992,0.01361484738461094,0.004550391099789719
2.528,0.044075555262644395,0.03298463326481804,0.11357435827378648,0.016852721256864545,0.01390960952125364,0.004855801848617558
2.5300000000000002,0.044373432602712315,0.03351279326094603,0.11393014080541053,0.017211286184131813,0.014203777243936733,0.005160627735377066
2.532,0.04467067988757156,0.03404013964526653,0.11428505466583139,0.017569158342034763,0.014497351087885857,0.005464869248710702
2.5340000000000003,0.04496729793577825,0.034566672789423825,0.11463910095882146,0.017926338222929772,0.014790331588510952,0.00576852687751539
2.536,0.045263287565153076,0.03509239306641554,0.11499228078810186,0.018282826320272116,0.015082719281404922,0.006071601110940961
2.5380000000000003,0.045558649592781775,0.03561730085059023,0.11534459525733864,0.01863862312861153,0.015374514702342523,0.006374092438388823
2.54,0.04585338483501511,0.03614139651764492,0.11569604547013945,0.01899372914358799,0.015665718387278815,0.006676001349510408
2.5420000000000003,0.046147494107468656,0.03666468044462201,0.11604663253004976,0.019348144861927485,0.015956330872347824,0.0069773283342058345
2.544,0.0464409782250228,0.037187153009905494,0.11639635754054867,0.019701870781437147,0.016246352693861876,0.00727807388262236
2.5460000000000003,0.04673383800182318,0.037708814593218065,0.11674522160504552,0.0200549074010008,0.01653578438830916,0.007578238485152822
2.548,0.04702607425128069,0.03822966557561669,0.11709322582687598,0.020407255220574516,0.0168246264923535,0.00787782263243475
2.5500000000000003,0.047317687786071705,0.03874970633948971,0.1174403713092973,0.020758914741181744,0.01711287954283236,0.008176826815348148
2.552,0.04760867941813873,0.03926893726855152,0.11778665915548503,0.021109886464908634,0.017400544076756175,0.008475251525014604
2.5540000000000003,0.04789904995869021,0.039787358747839674,0.11813209046852902,0.021460170894899377,0.017687620631306356,0.008773097252795736
2.556,0.04818880021820138,0.04030497116371001,0.11847666635142828,0.021809768535351326,0.01797410974383462,0.009070364490291416
2.5580000000000003,0.048477931006414066,0.04082177490383221,0.11882038790708815,0.022158679891510324,0.018260011951861,0.009367053729338881
2.56,0.048766443132337356,0.041337770357185555,0.11916325623831536,0.02250690546966605,0.018545327793073385,0.009663165462010515
2.562,0.04905433740424847,0.04185295791405452,0.11950527244781384,0.022854445777146903,0.01883005780532554,0.009958700180613622
2.564,0.04934161462969233,0.0423673379660241,0.1198464376381807,0.02320130132231535,0.019114202526636204,0.010253658377687547
2.566,0.049628275615482664,0.04288091090597512,0.12018675291190206,0.023547472614563025,0.01939776249518732,0.010548040546003667
2.568,0.049914321167702225,0.04339367712808029,0.12052621937134878,0.023892960164306087,0.019680738249323593,0.010841847178562736
2.57,0.05019975209170324,0.04390563702779837,0.12086483811877247,0.024237764482980095,0.01996313032755026,0.011135078768594209
2.572,0.050484569192108086,0.04441679100187046,0.12120261025630064,0.024581886083035576,0.020244939268532436,0.011427735809554695
2.574,0.050768773272809486,0.04492713944831506,0.12153953688593333,0.02492532547793269,0.02052616561109355,0.011719818795126402
2.576,0.05105236513697098,0.04543668276642299,0.12187561910953826,0.02526808318213658,0.020806809894214018,0.0120113282192158
2.578,0.05133534558702757,0.045945421356752725,0.12221085802884679,0.025610159711112912,0.021086872657030353,0.012302264575952071
2.58,0.051617715424686406,0.04645335562112618,0.12254525474544975,0.02595155558132234,0.02136635443883317,0.012592628359685998
2.582,0.05189947545092677,0.046960485962623366,0.1228788103607934,0.026292271310216275,0.02164525577906673,0.012882420064987965
2.584,0.05218062646600119,0.04746681278557774,0.12321152597617502,0.026632307416231793,0.02192357721732696,0.013171640186647515
2.586,0.052461169269435226,0.04797233649557131,0.12354340269273867,0.026971664418786734,0.022201319293360555,0.013460289219670907
2.588,0.05274110466002857,0.04847705749943021,0.12387444161147143,0.027310342838274826,0.02247848254706364,0.013748367659280225
2.59,0.053020433435855274,0.04898097620521957,0.12420464383319851,0.027648343196061242,0.02275506751848022,0.014035876000912273
2.592,0.05329915639426419,0.049484093022239106,0.1245340104585797,0.027985666014477495,0.023031074747801306,0.014322814740216572
2.594,0.05357727433187964,0.04998640836101753,0.12486254258810492,0.02832231181681677,0.023306504775363557,0.01460918437305403
2.596,0.053854788044601865,0.05048792263330881,0.12519024132209022,0.0286582811273286,0.023581358141647746,0.014894985395496274
2.598,0.05413169832760745,0.050988636252086605,0.12551710776067382,0.028993574471214867,0.02385563538727764,0.015180218303823212
2.6,0.05440800597534978,0.05148854963153959,0.12584314300381116,0.029328192374624695,0.024129337053018896,0.01546488359452236
2.602,0.05468371178155973,0.05198766318706727,0.1261683481512721,0.029662135364649123,0.024402463679777275,0.015748981764287073
2.604,0.054958816539245836,0.05248597733527416,0.12649272430263547,0.029995403969317325,0.02467501580859821,0.01603251331001565
2.606,0.05523332104069523,0.052983492493965834,0.1268162725572859,0.030327998717591287,0.024946993980664578,0.016315478728809563
2.608,0.055507226077473604,0.053480209082144015,0.12713899401440942,0.030659920139360697,0.025218398737296255,0.016597878517971898
2.61,0.055780532440426134,0.05397612752000169,0.12746088977298942,0.030991168765438726,0.025489230619948344,0.016879713175006472
2.612,0.05605324091967767,0.05447124822891802,0.1277819609318025,0.03132174512755714,0.025759490170210064,0.01716098319761583
2.614,0.056325352304633425,0.054965571631454324,0.1281022085894148,0.031651649758361655,0.026029177929803415,0.017441689083700807
2.616,0.05659686738397962,0.05545909815134875,0.12842163384417726,0.03198088319140702,0.026298294440582293,0.017721831331358073
2.618,0.056867786945683285,0.055951828213511634,0.12874023779422217,0.03230944596115237,0.026566840244530487,0.018001410438879484
2.62,0.05713811177699313,0.056443762244021034,0.12905802153745904,0.032637338602956145,0.02683481588376102,0.018280426904750513
2.622,0.057407842664440656,0.05693490067011764,0.1293749861715705,0.032964561653072266,0.027102221900515033,0.018558881227648927
2.624,0.05767698039383928,0.05742524392020032,0.12969113279400846,0.0332911156486444,0.027369058837159788,0.018836773906443227
2.626,0.05794552575028611,0.05791479242382147,0.13000646250198988,0.03361700112770194,0.027635327236188,0.019114105440191542
2.628,0.05821347951816147,0.05840354661168168,0.1303209763924933,0.03394221862915536,0.027901027640216514,0.019390876328140072
2.63,0.05848084248113006,0.058891506915625946,0.13063467556225405,0.03426676869279088,0.028166160591984957,0.019667087069721978
2.632,0.05874761542214091,0.05937867376863837,0.1309475611077613,0.034590651859266464,0.02843072663435442,0.019942738164555607
2.634,0.05901379912342808,0.05986504760483746,0.13125963412525343,0.03491386867010671,0.02869472631030634,0.020217830112443602
2.636,0.059279394366511085,0.060350628859471955,0.13157089571071423,0.03523641966769864,0.02895816016294117,0.02049236341337135
2.638,0.059544401932195345,0.06083541796891567,0.13188134695986942,0.035558305395286816,0.02922102873547705,0.020766338567505427
2.64,0.05980882260057241,0.0613194153706631,0.13219098896818204,0.03587952639696823,0.02948333257124891,0.021039756075192484
2.642,0.06007265715102106,0.061802621503324495,0.13249982283084938,0.03620008321768875,0.029745072213706925,0.02131261643695792
2.644,0.06033590636220709,0.06228503680662145,0.13280784964279846,0.03651997640323734,0.030006248206415176,0.021584920153504772
2.646,0.06059857101208421,0.06276666172138246,0.13311507049868254,0.036839206500242305,0.030266861093050546,0.021856667725711487
2.648,0.06086065187789402,0.06324749668953755,0.1334214864928771,0.03715777405616616,0.030526911417401825,0.02212785965463171
2.65,0.06112214973616692,0.06372754215411458,0.13372709871947608,0.03747567961930143,0.03078639972336772,0.022398496441492277
2.652,0.06138306536272209,0.06420679855923406,0.13403190827228828,0.03779292373876575,0.0310453265549564,0.02266857858769189
2.654,0.06164339953266862,0.06468526635010452,0.13433591624483276,0.03810950696449744,0.03130369245628373,0.0229381065948
2.656,0.06190315302040528,0.0651629459730183,0.13463912373033615,0.038425429847250836,0.03156149797157237,0.02320708096455526
2.658,0.0621623265996214,0.06563983787534666,0.1349415318217284,0.038740692938591836,0.03181874364515003,0.02347550219886463
2.66,0.062420921043296884,0.0661159425055351,0.13524314161163842,0.03905529679089326,0.03207543002144897,0.0237433707998016
2.662,0.06267893712370287,0.06659126031309937,0.1355439541923913,0.03936924195733038,0.03233155764500428,0.02401068726960509
2.664,0.0629363756124024,0.06706579174861993,0.13584397065600395,0.0396825289918763,0.03258712706045275,0.02427745211067789
2.666,0.06319323728025039,0.0675395372637384,0.1361431920941818,0.03999515844929746,0.03284213881253151,0.024543665825585537
2.668,0.06344952289739458,0.06801249731115266,0.13644161959831447,0.040307130885149034,0.03309659344607718,0.02480932891705523
2.67,0.06370523323327548,0.06848467234461175,0.13673925425947275,0.04061844685577065,0.033350491506024316,0.02507444188797403
2.672,0.06396036905662683,0.06895606281891209,0.13703609716840437,0.04092910691828178,0.03360383353740426,0.02533900524138777
2.674,0.06421493113547672,0.06942666918989282,0.1373321494155304,0.04123911163057703,0.03385662008534407,0.0256030194804997
2.676,0.0644689202371469,0.06989649191443092,0.1376274120909422,0.04154846155132197,0.03410885169506517,0.025866485108669623
2.678,0.06472233712825415,0.070365531450437,0.13792188628439672,0.04185715723994843,0.034360528911881794,0.026129402629411658
2.68,0.06497518257471002,0.07083378825685083,0.13821557308531385,0.04216519925665008,0.03461165228120078,0.0263917725463938
2.682,0.06522745734172175,0.07130126279363669,0.13850847358277218,0.0424725881623782,0.03486222234851888,0.026653595363436366
2.684,0.06547916219379268,0.07176795552177873,0.1388005888655055,0.042779324518837036,0.035112239659423006,0.026914871584510225
2.686,0.06573029789472207,0.07223386690327716,0.1390919200218994,0.043085408888479115,0.03536170475958822,0.02717560171373634
2.688,0.06598086520760638,0.07269899740114316,0.13938246813998734,0.04339084183450126,0.0356106181947764,0.027435786255383787
2.69,0.06623086489483865,0.07316334747939446,0.13967223430744724,0.04369562392083992,0.03585898051083558,0.027695425713868627
2.692,0.06648029771811004,0.07362691760305129,0.13996121961159824,0.043999755712166966,0.036106792253698394,0.027954520593752807
2.694,0.06672916443840915,0.07408970823813155,0.14024942513939664,0.044303237773884785,0.03635405396938096,0.02821307139974283
2.696,0.0669774658160236,0.07455171985164655,0.14053685197743238,0.04460607067212252,0.03660076620398156,0.028471078636688407
2.698,0.0672252026105391,0.0750129529115966,0.14082350121192588,0.04490825497373141,0.036846929503679515,0.028728542809580926
2.7,0.06747237558084107,0.07547340788696655,0.14110937392872414,0.04520979124628011,0.03709254441473431,0.028985464423552543
2.702,0.06771898548511412,0.07593308524772158,0.14139447121329773,0.04551068005805092,0.03733761148348358,0.02924184398387486
2.704,0.06796503308084323,0.0763919854648023,0.1416787941507367,0.045810921978034935,0.03758213125634291,0.029497681995957592
2.706,0.06821051912481346,0.07685010901012101,0.14196234382574735,0.04611051757592777,0.03782610427980382,0.029752978965346788
2.708,0.06845544437311069,0.07730745635655678,0.14224512132264877,0.046409467422125594,0.038069531100432874,0.03000773539772461
2.71,0.0686998095811222,0.07776402797795146,0.14252712772536968,0.046707772087720034,0.03831241226487081,0.030261951798907116
2.712,0.06894361550353656,0.07821982434910502,0.14280836411744424,0.04700543214449504,0.038554748319830745,0.030515628674843365
2.714,0.06918686289434461,0.07867484594577157,0.14308883158200958,0.04730244816492113,0.0387965398120973,0.03076876653161409
2.716,0.06942955250683935,0.07912909324465445,0.1433685312018016,0.04759882072215249,0.03903778728852547,0.031021365875430806
2.718,0.06967168509361654,0.07958256672340247,0.14364746405915163,0.04789455039002144,0.03927849129603933,0.03127342721263382
2.72,0.06991326140657517,0.08003526686060547,0.1439256312359838,0.04818963774303486,0.03951865238163088,0.03152495104969155
2.722,0.07015428219691744,0.08048719413578942,0.1442030338138105,0.04848408335637,0.039758271092358966,0.03177593789319899
2.724,0.0703947482151499,0.0809383490294131,0.1444796728737301,0.04877788780587,0.03999734797534771,0.03202638824987658
2.726,0.07063466021108344,0.08138873202286301,0.14475554949642255,0.049071051668039045,0.04023588357778585,0.03227630262656889
2.728,0.07087401893383327,0.08183834359844933,0.1450306647621471,0.04936357552003945,0.04047387844692518,0.03252568153024327
2.73,0.07111282513181982,0.08228718423940151,0.14530501975073817,0.0496554599396859,0.040711333130079685,0.03277452546798898
2.732,0.07135107955276898,0.08273525442986451,0.14557861554160256,0.04994670550544256,0.040948248174623725,0.033022834947015633
2.734,0.07158878294371229,0.08318255465489388,0.14585145321371562,0.050237312796417743,0.04118462412799184,0.03327061047465163
2.736,0.07182593605098808,0.08362908540045177,0.14612353384561816,0.050527282392360595,0.041420461537676756,0.03351785255834372
2.738,0.07206253962024056,0.08407484715340274,0.14639485851541356,0.05081661487365641,0.04165576095122847,0.033764561705655005
2.74,0.07229859439642139,0.08451984040150973,0.1466654283007638,0.051105310821322636,0.04189052291625317,0.034010738424264275
2.742,0.07253410112378966,0.08496406563342895,0.1469352442788867,0.051393370817004236,0.0421247479804121,0.03425638322196445
2.744,0.0727690605459117,0.08540752333870683,0.14720430752655278,0.05168079544297011,0.04235843669142003,0.03450149660666102
2.746,0.07300347340566216,0.08585021400777504,0.14747261912008125,0.05196758528210843,0.04259158959704479,0.03474607908637184
2.748,0.07323734044522445,0.08629213813194658,0.14774018013533796,0.05225374091792312,0.04282420724510527,0.03499013116922467
2.75,0.07347066240609035,0.08673329620341153,0.1480069916477309,0.05253926293452893,0.04305629018347079,0.03523365336345674
2.7520000000000002,0.07370344002906126,0.08717368871523257,0.1482730547322082,0.05282415191664813,0.04328783896005994,0.03547664617741342
2.754,0.07393567405424784,0.08761331616134127,0.1485383704632539,0.053108408449605404,0.04351885412283907,0.03571911011954687
2.7560000000000002,0.07416736522107104,0.08805217903653384,0.14880293991488558,0.0533920331193245,0.04374933621982158,0.03596104569841452
2.758,0.07439851426826194,0.08849027783646646,0.1490667641606509,0.05367502651232403,0.04397928579906618,0.03620245342267836
2.7600000000000002,0.07462912193386217,0.08892761305765196,0.1493298442736244,0.053957389215713025,0.04420870340867622,0.03644333380110365
2.762,0.07485918895522459,0.08936418519745493,0.14959218132640406,0.05423912181718715,0.044437589596798555,0.03668368734255756
2.7640000000000002,0.07508871606901368,0.08979999475408817,0.14985377639110897,0.054520224905024284,0.044665944911622235,0.03692351455600762
2.766,0.07531770401120541,0.09023504222660783,0.15011463053937546,0.05480069906808094,0.044893769901376945,0.03716281595052129
2.7680000000000002,0.07554615351708782,0.09066932811491024,0.15037474484235447,0.05508054489578762,0.04512106511433278,0.03740159203526394
2.77,0.07577406532126196,0.09110285291972686,0.150634120370708,0.05535976297814549,0.04534783109879825,0.03763984331949821
2.7720000000000002,0.07600144015764121,0.09153561714262115,0.1508927581946069,0.05563835390572147,0.045574068403119616,0.037877570312582654
2.774,0.07622827875945237,0.09196762128598346,0.15115065938372663,0.05591631826964494,0.045799777575679546,0.03811477352397041
2.7760000000000002,0.07645458185923593,0.09239886585302748,0.1514078250072448,0.056193656661603475,0.046024959164895796,0.038351453463207896
2.778,0.07668035018884645,0.09282935134778647,0.1516642561338386,0.05647036967383845,0.04624961371922054,0.0385876106399341
2.7800000000000002,0.0769055844794524,0.09325907827510882,0.1519199538316811,0.056746457899141456,0.046473741787139033,0.03882324556387884
2.782,0.07713028546153722,0.0936880471406536,0.15217491916843828,0.05702192193085032,0.04669734391716829,0.039058358744862076
2.7840000000000003,0.07735445386489936,0.09411625845088745,0.15242915321126627,0.05729676236284509,0.046920420657855955,0.03929295069279215
2.786,0.07757809041865271,0.09454371271307971,0.1526826570268085,0.05757097978954384,0.04714297255777944,0.039527021917665106
2.7880000000000003,0.0778011958512268,0.09497041043529886,0.15293543168119217,0.05784457480589866,0.04736500016554457,0.03976057292956292
2.79,0.07802377089036705,0.09539635212640851,0.15318747824002554,0.058117548007392106,0.04758650402978448,0.03999360423865306
2.7920000000000003,0.07824581626313565,0.09582153829606299,0.1534387977683953,0.058389899990032745,0.04780748469915874,0.04022611635518669
2.794,0.07846733269591133,0.09624596945470354,0.15368939133086346,0.05866163135035185,0.04802794272235178,0.04045810978949782
2.7960000000000003,0.07868832091439026,0.09666964611355477,0.15393925999146396,0.05893274268539872,0.04824787864807201,0.04068958505200193
2.798,0.07890878164358606,0.09709256878462003,0.15418840481370033,0.05920323459273735,0.048467293025050706,0.04092054265319489
2.8000000000000003,0.07912871560782997,0.09751473798067756,0.1544368268605425,0.05947310767044245,0.0486861864020407,0.04115098310365184
2.802,0.07934812353077159,0.0979361542152768,0.15468452719442416,0.05974236251709497,0.04890455932781568,0.04138090691402563
2.8040000000000003,0.07956700613537904,0.09835681800273433,0.15493150687723922,0.060010999731778814,0.049122412351168654,0.04161031459504638
2.806,0.07978536414393922,0.09877672985812991,0.15517776697034003,0.060279019914077026,0.04933974602091107,0.04183920665751972
2.8080000000000003,0.08000319827805846,0.09919589029730225,0.15542330853453334,0.06054642366406737,0.04955656088587146,0.04206758361232543
2.81,0.08022050925866275,0.09961429983684567,0.1556681326300784,0.060813211582319004,0.04977285749489457,0.042295445970417234
2.8120000000000003,0.08043729780599795,0.10003195899410544,0.1559122403166835,0.061079384269888015,0.049988636396840036,0.04252279424282057
2.814,0.08065356463963003,0.1004488682871747,0.1561556326535034,0.061344942328314334,0.05020389814058146,0.04274962894063217
2.816,0.0808693104784457,0.10086502823488996,0.15639831069913668,0.06160988635961728,0.050418643275005115,0.04297595057501846
2.818,0.08108453604065269,0.1012804393568274,0.15664027551162252,0.06187421696629225,0.05063287234900904,0.04320175965721451
2.82,0.08129924204378014,0.1016951021732988,0.15688152814843814,0.062137934751306245,0.05084658591150171,0.04342705669852287
2.822,0.08151342920467863,0.10210901720534782,0.15712206966649633,0.06240104031809457,0.05105978451140092,0.04365184221031271
2.824,0.08172709823952085,0.10252218497474641,0.1573619011221421,0.06266353427055682,0.051272468697633355,0.04387611670401803
2.826,0.08194024986380177,0.1029346060039904,0.15760102357115024,0.06292541721305356,0.05148463901913236,0.04409988069113746
2.828,0.08215288479233918,0.10334628081629593,0.15783943806872291,0.06318668975040165,0.051696296024837496,0.04432313468323201
2.83,0.08236500373927402,0.1037572099355959,0.15807714566948605,0.06344735248787137,0.05190744026369365,0.044545879191924875
2.832,0.08257660741807027,0.10416739388653551,0.1583141474274874,0.06370740603118219,0.052118072284649486,0.04476811472889941
2.834,0.08278769654151574,0.10457683319446875,0.1585504443961936,0.06396685098649901,0.052328192636656334,0.044989841805898934
2.836,0.08299827182172237,0.10498552838545483,0.1587860376284873,0.06422568796042838,0.05253780186866752,0.045211060934724934
2.838,0.08320833397012639,0.10539347998625392,0.1590209281766648,0.06448391756001537,0.05274690052963704,0.04543177262723597
2.84,0.08341788369748904,0.10580068852432367,0.15925511709243323,0.06474154039273916,0.052955489168518,0.045651977395346766
2.842,0.08362692171389607,0.10620715452781515,0.1594886054269078,0.06499855706650948,0.05316356833426239,0.04587167575102691
2.844,0.08383544872875937,0.10661287852556955,0.15972139423060927,0.06525496818966303,0.05337113857581954,0.04609086820629993
2.846,0.08404346545081576,0.10701786104711397,0.15995348455346114,0.06551077437095976,0.053578200442135016,0.04630955527324199
2.848,0.08425097258812886,0.10742210262265783,0.16018487744478738,0.06576597621957925,0.05378475448214948,0.046527737463980756
2.85,0.08445797084808815,0.10782560378308892,0.16041557395330952,0.06602057434511699,0.053990801244797826,0.046745415290694314
2.852,0.08466446093741031,0.1082283650599698,0.16064557512714406,0.06627456935758036,0.054196341279007854,0.04696258926561003
2.854,0.0848704435621388,0.10863038698553429,0.16087488201379996,0.06652796186738574,0.05440137513369958,0.04717925990100347
2.856,0.0850759194276447,0.10903167009268322,0.161103495660176,0.06678075248535431,0.0546059033577837,0.047395427709197246
2.858,0.08528088923862653,0.10943221491498134,0.1613314171125586,0.06703294182270869,0.0548099265001607,0.04761109320255996
2.86,0.08548535369911137,0.10983202198665332,0.16155864741661863,0.06728453049106875,0.05501344510971973,0.04782625689350484
2.862,0.08568931351245412,0.11023109184257973,0.16178518761740945,0.0675355191024487,0.05521645973533795,0.04804091929448884
2.864,0.08589276938133916,0.11062942501829376,0.16201103875936362,0.06778590826925313,0.05541897092587855,0.04825508091801178
2.866,0.08609572200777937,0.11102702204997739,0.1622362018862913,0.06803569860427339,0.055620979230190715,0.048468742276614574
2.868,0.08629817209311708,0.11142388347445786,0.16246067804137732,0.06828489072068455,0.05582248519710786,0.04868190388287874
2.87,0.0865001203380249,0.1118200098292037,0.16268446826717842,0.06853348523204073,0.05602348937544677,0.0488945662494249
2.872,0.0867015674425049,0.11221540165232158,0.16290757360562114,0.06878148275227258,0.05622399231400643,0.04910672988891207
2.874,0.0869025141058899,0.1126100594825521,0.1631299950979992,0.0690288838956834,0.056423994561567214,0.049318395314036145
2.876,0.08710296102684345,0.11300398385926624,0.16335173378497125,0.06927568927694527,0.056623496666889706,0.04952956303752898
2.878,0.08730290890336012,0.1133971753224623,0.16357279070655784,0.06952189951109577,0.056822499178713626,0.04974023357215729
2.88,0.08750235843276588,0.11378963441276158,0.16379316690213974,0.06976751521353441,0.05702100264575649,0.049950407430721544
2.882,0.08770131031171835,0.11418136167140536,0.16401286341045518,0.0700125370000193,0.05721900761671317,0.050160085126055076
2.884,0.08789976523620746,0.11457235764025064,0.1642318812695971,0.07025696548666338,0.0574165146402541,0.050369267171022525
2.886,0.08809772390155524,0.11496262286176706,0.16445022151701116,0.07050080128993108,0.05761352426502486,0.05057795407851895
2.888,0.08829518700241668,0.11535215787903308,0.16466788518949338,0.07074404502663478,0.057810037039645046,0.05078614636146894
2.89,0.08849215523277976,0.11574096323573269,0.16488487332318758,0.07098669731393126,0.05800605351270671,0.050993844532825516
2.892,0.08868862928596588,0.11612903947615139,0.16510118695358278,0.07122875876931811,0.05820157423277372,0.051201049105568774
2.894,0.08888460985463009,0.1165163871451731,0.16531682711551166,0.07147023001063069,0.05839659974838063,0.05140776059270502
2.896,0.08908009763076152,0.11690300678827636,0.16553179484314695,0.0717111116560385,0.05859113060803178,0.05161397950726543
2.898,0.08927509330568362,0.1172888989515306,0.1657460911700004,0.07195140432404146,0.05878516736020001,0.05181970636230537
2.9,0.08946959757005457,0.11767406418159299,0.16595971712891977,0.07219110863346656,0.05897871055332571,0.0520249416709031
2.902,0.08966361111386756,0.11805850302570464,0.1661726737520861,0.07243022520346498,0.05917176073581576,0.05222968594615862
2.904,0.08985713462645117,0.11844221603168736,0.1663849620710125,0.07266875465350808,0.05936431845604262,0.05243393970119259
2.906,0.09005016879646943,0.11882520374793981,0.16659658311654124,0.07290669760338409,0.05955638426234322,0.052637703449145645
2.908,0.09024271431192288,0.11920746672343419,0.16680753791884095,0.07314405467319474,0.059747958703017634,0.05284097770317664
2.91,0.09043477186014792,0.11958900550771312,0.16701782750740546,0.0733808264833522,0.05993904232632863,0.053043762976462405
2.912,0.09062634212781773,0.11996982065088524,0.16722745291105068,0.07361701365457529,0.060129635680500115,0.05324605978219599
2.914,0.09081742580094265,0.12034991270362272,0.16743641515791285,0.07385261680788613,0.06031973931371648,0.05344786863358597
2.916,0.09100802356487003,0.12072928221715706,0.1676447152754461,0.07408763656460726,0.06050935377412148,0.053649190043855155
2.918,0.09119813610428529,0.12110792974327622,0.16785235429042,0.07432207354635767,0.06069847960981667,0.05385002452623988
2.92,0.09138776410321126,0.12148585583432059,0.16805933322891775,0.07455592837504965,0.06088711736886121,0.05405037259398848
2.922,0.09157690824500953,0.12186306104318012,0.1682656531163338,0.07478920167288594,0.06107526759927051,0.054250234760360616
2.924,0.09176556921238022,0.12223954592329034,0.16847131497737156,0.07502189406235571,0.06126293084901491,0.05444961153862593
2.926,0.09195374768736198,0.12261531102862966,0.16867631983604148,0.07525400616623146,0.061450107666018994,0.0546485034420634
2.928,0.09214144435133331,0.12299035691371518,0.16888066871565877,0.07548553860756635,0.061636798598160736,0.054846910983959996
2.93,0.09232865988501193,0.1233646841335998,0.16908436263884097,0.07571649200968977,0.061823004193269915,0.055044834677609566
2.932,0.09251539496845562,0.12373829324386865,0.1692874026275062,0.07594686699620512,0.062008724999127685,0.05524227503631196
2.934,0.09270165028106225,0.12411118480063577,0.16948978970287065,0.07617666419098601,0.06219396156346502,0.05543923257337191
2.936,0.09288742650157045,0.12448335936054056,0.16969152488544692,0.07640588421817296,0.06237871443396226,0.05563570780209792
2.938,0.0930727243080598,0.12485481748074467,0.16989260919504168,0.07663452770217027,0.06256298415824779,0.05583170123580139
2.94,0.09325754437795064,0.12522555971892846,0.17009304365075306,0.07686259526764294,0.06274677128389672,0.056027213387795705
2.942,0.0934418873880054,0.12559558663328785,0.17029282927096956,0.07709008753951285,0.06293007635843084,0.0562222447713947
2.944,0.09362575401432793,0.1259648987825306,0.1704919670733671,0.07731700514295659,0.06311289992931646,0.05641679589991222
2.946,0.09380914493236459,0.12633349672587335,0.17069045807490735,0.07754334870340096,0.06329524254396413,0.056610867286660316
2.948,0.09399206081690403,0.1267013810230384,0.17088830329183557,0.07776911884652105,0.06347710474972756,0.05680445944494927
2.95,0.09417450234207791,0.12706855223424962,0.1710855037396788,0.07799431619823594,0.06365848709390232,0.0569975728880856
2.952,0.09435647018136084,0.12743501092023024,0.17128206043324323,0.07821894138470609,0.0638393901237253,0.05719020812937159
2.954,0.09453796500757128,0.1278007576421989,0.17147797438661305,0.07844299503233021,0.06401981438637327,0.0573823656821042
2.956,0.09471898749287111,0.12816579296186625,0.17167324661314742,0.07866647776774172,0.06419976042896192,0.057574046059573725
2.958,0.0948995383087663,0.12853011744143195,0.1718678781254792,0.07888939021780583,0.06437922879854541,0.05776524977506314
2.96,0.09507961812610777,0.12889373164358142,0.17206186993551276,0.07911173300961671,0.06455822004211464,0.057955977341846765
2.962,0.09525922761509054,0.12925663613148242,0.17225522305442187,0.07933350677049344,0.0647367347065968,0.058146229273189576
2.964,0.09543836744525547,0.12961883146878184,0.17244793849264783,0.07955471212797804,0.0649147733388542,0.058336006082346126
2.966,0.09561703828548818,0.12998031821960265,0.17264001725989742,0.07977534970983124,0.06509233648568302,0.058525308282559196
2.968,0.09579524080402058,0.13034109694854035,0.1728314603651413,0.07999542014403027,0.0652694246938128,0.05871413638705936
2.97,0.09597297566843022,0.13070116822066002,0.17302226881661142,0.08021492405876507,0.06544603850990538,0.05890249090906319
2.972,0.09615024354564139,0.13106053260149286,0.17321244362179966,0.08043386208243564,0.0656221784805533,0.05909037236177328
2.974,0.09632704510192469,0.13141919065703322,0.17340198578745558,0.08065223484364892,0.06579784515227982,0.05927778125837624
2.976,0.09650338100289813,0.1317771429537351,0.1735908963195847,0.08087004297121547,0.06597303907153695,0.059464718112042236
2.978,0.09667925191352711,0.13213439005850947,0.1737791762234464,0.08108728709414637,0.06614776078470519,0.05965118343592413
2.98,0.09685465849812447,0.13249093253872024,0.17396682650355255,0.08130396784165073,0.06632201083809242,0.05983717774315589
2.982,0.09702960142035111,0.1328467709621819,0.17415384816366464,0.08152008584313197,0.06649578977793258,0.060022701546851964
2.984,0.09720408134321645,0.13320190589715586,0.17434024220679278,0.08173564172818515,0.06666909815038502,0.060207755360106585
2.986,0.09737809892907845,0.13355633791234767,0.1745260096351935,0.08195063612659381,0.06684193650153358,0.060392339695992
2.988,0.09755165483964401,0.13391006757690382,0.17471115145036809,0.08216506966832693,0.06701430537738529,0.06057645506755849
2.99,0.09772474973596945,0.13426309546040804,0.1748956686530605,0.08237894298353621,0.06718620532386943,0.060760101987832105
2.992,0.09789738427846051,0.13461542213287858,0.1750795622432555,0.08259225670255255,0.06735763688683738,0.06094328096981494
2.994,0.09806955912687321,0.13496704816476535,0.17526283322017733,0.08280501145588337,0.06752860061206034,0.06112599252648354
2.996,0.09824127494031365,0.13531797412694657,0.17544548258228732,0.08301720787420996,0.06769909704522936,0.061308237170787816
2.998,0.09841253237723846,0.13566820059072526,0.1756275113272825,0.0832288465883837,0.06786912673195422,0.061490015415650356
3.0,0.09858333209545544,0.13601772812782698,0.1758089204520934,0.08343992822942381,0.0680386902177621,0.06167132777396511
3.0020000000000002,0.0987536747521236,0.13636655731039582,0.17598971095288274,0.08365045342851407,0.06820778804809668,0.061852174758596945
3.004,0.0989235610037531,0.13671468871099202,0.17616988382504317,0.0838604228169999,0.06837642076831774,0.062032556882380074
3.0060000000000002,0.09909299150620665,0.13706212290258835,0.17634944006319597,0.08406983702638549,0.06854458892369975,0.06221247465811741
3.008,0.0992619669146988,0.1374088604585677,0.17652838066118903,0.08427869668833088,0.06871229305943061,0.06239192859857967
3.0100000000000002,0.0994304878837966,0.13775490195271956,0.17670670661209553,0.0844870024346489,0.06887953372061162,0.06257091921650404
3.012,0.0995985550674201,0.1381002479592368,0.17688441890821127,0.08469475489730227,0.0690463114522557,0.06274944702459373
3.0140000000000002,0.09976616911884273,0.13844489905271318,0.177061518541054,0.0849019547084009,0.06921262679928675,0.06292751253551643
3.016,0.0999333306906911,0.13878885580813982,0.177238006501361,0.08510860250019903,0.0693784803065387,0.06310511626190385
3.0180000000000002,0.10010004043494591,0.13913211880090248,0.17741388377908796,0.08531469890509213,0.06954387251875471,0.0632822587163504
3.02,0.1002662990029417,0.13947468860677836,0.1775891513634067,0.0855202445556138,0.06970880398058577,0.06345894041141253
3.0220000000000002,0.10043210704536798,0.13981656580193347,0.17776381024270393,0.0857252400844335,0.06987327523659048,0.06363516185960738
3.024,0.10059746521226898,0.14015775096291883,0.17793786140457946,0.08592968612435348,0.07003728683123356,0.06381092357341211
3.0260000000000002,0.10076237415304368,0.1404982446666685,0.17811130583584434,0.08613358330830545,0.0702008393088851,0.06398622606526305
3.028,0.1009268345164469,0.14083804749049578,0.1782841445225194,0.08633693226934858,0.07036393321381951,0.06416106984755454
3.0300000000000002,0.10109084695058912,0.14117716001209057,0.17845637844983364,0.08653973364066592,0.07052656909021482,0.06433545543263808
3.032,0.10125441210293706,0.14151558280951626,0.17862800860222272,0.08674198805556199,0.07068874748215137,0.06450938333282119
3.0340000000000003,0.10141753062031378,0.14185331646120725,0.17879903596332714,0.08694369614745989,0.07085046893361135,0.06468285406036656
3.036,0.10158020314889904,0.14219036154596543,0.17896946151599047,0.08714485854989862,0.07101173398847771,0.06485586812749111
3.0380000000000003,0.10174243033423003,0.1425267186429573,0.17913928624225806,0.08734547589652997,0.07117254319053279,0.06502842604636538
3.04,0.10190421282120088,0.1428623883317115,0.17930851112337542,0.08754554882111587,0.07133289708345814,0.06520052832911194
3.0420000000000003,0.1020655512540638,0.14319737119211529,0.17947713713978652,0.08774507795752595,0.07149279621083315,0.06537217548780516
3.044,0.10222644627642907,0.14353166780441207,0.17964516527113217,0.08794406393973397,0.07165224111613444,0.0655433680344697
3.0460000000000003,0.10238689853126526,0.14386527874919808,0.1798125964962487,0.08814250740181606,0.07181123234273423,0.06571410648107956
3.048,0.10254690866089966,0.14419820460742017,0.17997943179316622,0.08834040897794737,0.0719697704339004,0.06588439133955792
3.0500000000000003,0.10270647730701876,0.144530445960372,0.18014567213910704,0.0885377693023992,0.0721278559327947,0.06605422312177511
3.052,0.10286560511066822,0.1448620033896919,0.18031131851048432,0.08873458900953701,0.0722854893824727,0.0662236023395486
3.0540000000000003,0.10302429271225355,0.14519287747735965,0.18047637188290055,0.08893086873381661,0.07244267132588189,0.0663925295046417
3.056,0.10318254075154032,0.14552306880569366,0.18064083323114577,0.08912660910978243,0.07259940230586182,0.06656100512876217
3.0580000000000003,0.10334034986765439,0.14585257795734807,0.18080470352919642,0.08932181077206414,0.07275568286514233,0.06672902972356232
3.06,0.10349772069908236,0.14618140551531011,0.1809679837502136,0.08951647435537469,0.07291151354634295,0.06689660380063733
3.0620000000000003,0.10365465388367179,0.14650955206289695,0.18113067486654155,0.08971060049450674,0.07306689489197238,0.06706372787152448
3.064,0.10381115005863162,0.14683701818375328,0.1812927778497062,0.08990418982433068,0.07322182744442696,0.06723040244770218
3.0660000000000003,0.10396720986053243,0.14716380446184796,0.1814542936704142,0.09009724297979149,0.07337631174599024,0.06739662804058932
3.068,0.10412283392530686,0.14748991148147161,0.18161522329855084,0.09028976059590654,0.07353034833883165,0.06756240516154399
3.0700000000000003,0.10427802288824983,0.14781533982723372,0.1817755677031787,0.09048174330776226,0.07368393776500604,0.06772773432186296
3.072,0.10443277738401902,0.1481400900840597,0.18193532785253663,0.09067319175051236,0.07383708056645277,0.06789261603278063
3.074,0.1045870980466348,0.1484641628371881,0.18209450471403765,0.09086410655937471,0.07398977728499423,0.06805705080546787
3.076,0.10474098550948119,0.14878755867216786,0.18225309925426836,0.09105448836962848,0.07414202846233575,0.06822103915103117
3.078,0.1048944404053056,0.1491102781748559,0.18241111243898667,0.09124433781661212,0.07429383464006412,0.0683845815805122
3.08,0.10504746336621973,0.14943232193141354,0.18256854523312116,0.09143365553572025,0.07444519635964686,0.06854767860488642
3.082,0.10520005502369911,0.14975369052830456,0.18272539860076908,0.09162244216240123,0.07459611416243161,0.06871033073506227
3.084,0.10535221600858424,0.15007438455229205,0.18288167350519546,0.0918106983321545,0.07474658858964478,0.06887253848188024
3.086,0.10550394695108056,0.15039440459043574,0.18303737090883154,0.09199842468052855,0.07489662018239107,0.06903430235611219
3.088,0.10565524848075891,0.15071375123008912,0.18319249177327324,0.09218562184311718,0.07504620948165242,0.06919562286846048
3.09,0.1058061212265553,0.1510324250588968,0.18334703705928002,0.09237229045555817,0.07519535702828706,0.06935650052955666
3.092,0.10595656581677204,0.15135042666479182,0.18350100772677336,0.09255843115353013,0.0753440633630289,0.06951693584996077
3.094,0.1061065828790777,0.1516677566359932,0.18365440473483585,0.09274404457274987,0.07549232902648617,0.0696769293401609
3.096,0.10625617304050738,0.15198441556100262,0.1838072290417092,0.09292913134896996,0.07564015455914119,0.06983648151057142
3.098,0.10640533692746312,0.15230040402860223,0.1839594816047938,0.09311369211797627,0.07578754050134906,0.06999559287153279
3.1,0.10655407516571413,0.15261572262785172,0.18411116338064626,0.09329772751558552,0.07593448739333652,0.07015426393331059
3.102,0.10670238838039747,0.1529303719480859,0.18426227532497919,0.09348123817764264,0.076080995775202,0.07031249520609428
3.104,0.1068502771960178,0.15324435257891156,0.18441281839265944,0.09366422474001812,0.07622706618691377,0.0704702871999967
3.106,0.10699774223644853,0.1535576651102053,0.18456279353770677,0.09384668783860595,0.07637269916831002,0.0706276404250532
3.108,0.10714478412493111,0.1538703101321106,0.18471220171329272,0.09402862810932056,0.0765178952590968,0.07078455539122008
3.11,0.1072914034840764,0.15418228823503521,0.1848610438717393,0.09421004618809503,0.0766626549988485,0.07094103260837481
3.112,0.10743760093586396,0.15449360000964862,0.1850093209645176,0.09439094271087778,0.07680697892700583,0.07109707258631404
3.114,0.10758337710164367,0.15480424604687903,0.1851570339422468,0.09457131831363075,0.07695086758287584,0.07125267583475359
3.116,0.10772873260213456,0.1551142269379111,0.18530418375469293,0.09475117363232699,0.07709432150563034,0.07140784286332735
3.118,0.1078736680574266,0.1554235432741835,0.18545077135076737,0.09493050930294755,0.07723734123430592,0.07156257418158596
3.12,0.10801818408697983,0.15573219564738583,0.18559679767852577,0.09510932596147992,0.07737992730780197,0.07171687029899654
3.122,0.10816228130962546,0.15604018464945635,0.1857422636851671,0.09528762424391468,0.07752208026488083,0.0718707317249414
3.124,0.10830596034356588,0.15634751087257914,0.18588717031703195,0.09546540478624377,0.07766380064416656,0.07202415896871739
3.126,0.10844922180637528,0.15665417490918165,0.18603151851960176,0.095642668224458,0.07780508898414396,0.07217715253953516
3.128,0.10859206631499929,0.15696017735193202,0.18617530923749737,0.09581941519454418,0.07794594582315773,0.07232971294651813
3.13,0.10873449448575623,0.15726551879373685,0.1863185434144783,0.09599564633248336,0.07808637169941202,0.07248184069870134
3.132,0.10887650693433693,0.15757019982773834,0.18646122199344073,0.09617136227424816,0.07822636715096909,0.07263353630503122
3.134,0.10901810427580516,0.1578742210473114,0.18660334591641736,0.09634656365579986,0.07836593271574865,0.07278480027436407
3.136,0.10915928712459766,0.1581775830460619,0.18674491612457556,0.09652125111308707,0.07850506893152742,0.0729356331154658
3.138,0.10930005609452498,0.1584802864178234,0.18688593355821648,0.09669542528204245,0.07864377633593778,0.07308603533701086
3.14,0.10944041179877173,0.15878233175665502,0.18702639915677377,0.09686908679858086,0.07878205546646666,0.07323600744758108
3.142,0.10958035484989659,0.15908371965683887,0.18716631385881266,0.09704223629859698,0.0789199068604558,0.07338554995566549
3.144,0.10971988585983294,0.15938445071287743,0.18730567860202885,0.09721487441796262,0.07905733105509993,0.07353466336965853
3.146,0.10985900543988891,0.15968452551949097,0.18744449432324717,0.09738700179252491,0.07919432858744635,0.07368334819786027
3.148,0.10999771420074822,0.15998394467161536,0.18758276195842072,0.0975586190581037,0.0793308999943938,0.07383160494847463
3.15,0.11013601275246976,0.16028270876439898,0.18772048244262973,0.09772972685048886,0.07946704581269226,0.07397943412960917
3.152,0.11027390170448892,0.16058081839320093,0.18785765671008048,0.09790032580543895,0.07960276657894139,0.07412683624927419
3.154,0.11041138166561693,0.16087827415358813,0.18799428569410392,0.09807041655867788,0.07973806282959028,0.0742738118153814
3.156,0.11054845324404172,0.16117507664133313,0.1881303703271553,0.09823999974589337,0.07987293510093618,0.07442036133574348
3.158,0.1106851170473282,0.1614712264524112,0.1882659115408123,0.09840907600273407,0.08000738392912399,0.07456648531807342
3.16,0.11082137368241862,0.1617667241829981,0.18840091026577466,0.09857764596480778,0.08014140985014517,0.07471218426998316
3.162,0.11095722375563288,0.1620615704294679,0.18853536743186305,0.0987457102676792,0.08027501339983756,0.07485745869898341
3.164,0.11109266787266892,0.16235576578839006,0.1886692839680173,0.09891326954686708,0.08040819511388375,0.07500230911248207
3.166,0.11122770663860271,0.16264931085652745,0.18880266080229657,0.09908032443784265,0.08054095552781049,0.07514673601778399
3.168,0.11136234065788919,0.16294220623083366,0.18893549886187722,0.09924687557602696,0.0806732951769884,0.07529073992209012
3.17,0.11149657053436202,0.16323445250845037,0.1890677990730525,0.09941292359678866,0.08080521459663048,0.07543432133249617
3.172,0.11163039687123422,0.16352605028670553,0.18919956236123148,0.09957846913544222,0.08093671432179184,0.07557748075599235
3.174,0.11176382027109844,0.16381700016311052,0.18933078965093775,0.09974351282724525,0.08106779488736837,0.07572021869946233
3.176,0.11189684133592759,0.16410730273535767,0.1894614818658089,0.09990805530739633,0.08119845682809657,0.07586253566968226
3.178,0.11202946066707486,0.1643969586013181,0.18959163992859485,0.10007209721103294,0.08132870067855191,0.07600443217332042
3.18,0.11216167886527373,0.16468596835903937,0.1897212647611577,0.10023563917322909,0.08145852697314915,0.07614590871693583
3.182,0.11229349653063925,0.164974332606743,0.1898503572844703,0.10039868182899347,0.08158793624614025,0.0762869658069778
3.184,0.11242491426266743,0.16526205194282206,0.18997891841861536,0.10056122581326732,0.08171692903161487,0.0764276039497851
3.186,0.11255593266023611,0.1655491269658389,0.1901069490827847,0.10072327176092144,0.08184550586349837,0.07656782365158499
3.188,0.11268655232160518,0.16583555827452257,0.19023445019527796,0.10088482030675494,0.081973667275552,0.07670762541849263
3.19,0.1128167738444168,0.1661213464677671,0.19036142267350198,0.10104587208549276,0.08210141380137137,0.07684700975650993
3.192,0.11294659782569605,0.16640649214462822,0.19048786743396984,0.10120642773178345,0.08222874597438645,0.07698597717152533
3.194,0.11307602486185098,0.16669099590432168,0.19061378539229978,0.1013664878801972,0.08235566432785979,0.07712452816931226
3.196,0.113205055548673,0.16697485834622094,0.19073917746321456,0.10152605316522334,0.0824821693948865,0.07726266325552889
3.198,0.11333369048133757,0.16725808006985465,0.1908640445605405,0.10168512422126863,0.08260826170839342,0.07740038293571705
3.2,0.11346193025440376,0.16754066167490422,0.1909883875972065,0.10184370168265522,0.08273394180113791,0.07753768771530178
3.202,0.11358977546181537,0.16782260376120184,0.19111220748524294,0.10200178618361799,0.0828592102057073,0.07767457809959
3.204,0.11371722669690087,0.1681039069287278,0.1912355051357817,0.10215937835830302,0.08298406745451814,0.07781105459377025
3.206,0.11384428455237394,0.16838457177760846,0.19135828145905398,0.10231647884076511,0.08310851407981557,0.0779471177029114
3.208,0.1139709496203336,0.16866459890811414,0.19148053736439063,0.10247308826496582,0.08323255061367218,0.07808276793196223
3.21,0.11409722249226495,0.16894398892065632,0.19160227376022076,0.10262920726477143,0.08335617758798763,0.07821800578575044
3.212,0.11422310375903888,0.16922274241578594,0.19172349155407087,0.10278483647395098,0.08347939553448747,0.07835283176898233
3.214,0.11434859401091302,0.16950085999419073,0.19184419165256417,0.10293997652617382,0.0836022049847227,0.07848724638624116
3.216,0.11447369383753192,0.1697783422566932,0.19196437496141971,0.10309462805500824,0.08372460647006874,0.07862125014198718
3.218,0.11459840382792708,0.17005518980424816,0.19208404238545151,0.10324879169391865,0.0838466005217251,0.07875484354055606
3.22,0.11472272457051758,0.17033140323794083,0.19220319482856807,0.10340246807626419,0.0839681876707139,0.07888802708615916
3.222,0.11484665665311034,0.17060698315898426,0.19232183319377105,0.10355565783529608,0.08408936844788006,0.07902080128288169
3.224,0.11497020066290076,0.17088193016871744,0.19243995838315509,0.10370836160415609,0.08421014338388955,0.07915316663468253
3.226,0.11509335718647251,0.17115624486860237,0.19255757129790618,0.1038605800158745,0.08433051300922911,0.07928512364539353
3.228,0.11521612680979842,0.17142992786022293,0.19267467283830197,0.10401231370336772,0.08445047785420567,0.07941667281871823
3.23,0.11533851011824026,0.17170297974528204,0.19279126390370993,0.10416356329943643,0.08457003844894562,0.07954781465823135
3.232,0.11546050769654981,0.1719754011255994,0.19290734539258758,0.10431432943676411,0.08468919532339325,0.07967854966737842
3.234,0.11558212012886848,0.17224719260310928,0.19302291820248096,0.1044646127479143,0.08480794900731081,0.07980887834947414
3.236,0.11570334799872817,0.17251835477985877,0.19313798323002418,0.10461441386532888,0.08492630003027779,0.07993880120770269
3.238,0.11582419188905124,0.1727888882580053,0.19325254137093872,0.10476373342132628,0.0850442489216896,0.08006831874511589
3.24,0.11594465238215124,0.17305879363981447,0.19336659352003283,0.10491257204809945,0.08516179621075715,0.0801974314646332
3.242,0.11606473005973283,0.17332807152765772,0.19348014057120033,0.10506093037771391,0.08527894242650613,0.08032613986904069
3.244,0.11618442550289276,0.1735967225240107,0.1935931834174205,0.1052088090421055,0.08539568809777642,0.08045444446099026
3.246,0.11630373929211957,0.17386474723145073,0.19370572295075705,0.10535620867307882,0.0855120337532207,0.08058234574299905
3.248,0.11642267200729406,0.17413214625265483,0.1938177600623574,0.10550312990230526,0.08562797992130466,0.08070984421744809
3.25,0.11654122422768998,0.17439892019039704,0.19392929564245187,0.10564957336132075,0.08574352713030531,0.08083694038658251
3.2520000000000002,0.11665939653197399,0.17466506964754736,0.19404033058035353,0.10579553968152422,0.08585867590831087,0.08096363475251023
3.254,0.11677718949820659,0.17493059522706855,0.19415086576445684,0.10594102949417539,0.08597342678321995,0.08108992781720104
3.2560000000000002,0.11689460370384142,0.1751954975320149,0.19426090208223745,0.1060860434303934,0.08608778028274067,0.08121582008248596
3.258,0.11701163972572681,0.1754597771655293,0.19437044042025153,0.106230582121154,0.08620173693438993,0.08134131205005701
3.2600000000000002,0.11712829814010539,0.17572343473084162,0.19447948166413465,0.10637464619728831,0.08631529726549259,0.0814664042214659
3.262,0.11724457952261447,0.17598647083126684,0.19458802669860176,0.1065182362894812,0.08642846180318098,0.08159109709812329
3.2640000000000002,0.11736048444828673,0.1762488860702025,0.19469607640744613,0.10666135302826851,0.08654123107439426,0.08171539118129822
3.266,0.11747601349155046,0.17651068105112677,0.19480363167353865,0.10680399704403598,0.0866536056058771,0.08183928697211762
3.2680000000000002,0.11759116722622975,0.1767718563775964,0.1949106933788276,0.10694616896701703,0.08676558592417982,0.08196278497156495
3.27,0.11770594622554476,0.17703241265324476,0.1950172624043378,0.10708786942729098,0.08687717255565697,0.08208588568048003
3.2720000000000002,0.11782035106211253,0.1772923504817796,0.19512333963016992,0.10722909905478129,0.08698836602646676,0.0822085895995579
3.274,0.11793438230794684,0.17755167046698106,0.1952289259354998,0.10736985847925351,0.08709916686257069,0.08233089722934861
3.2760000000000002,0.11804804053445883,0.17781037321269988,0.19533402219857843,0.10751014833031358,0.08720957558973219,0.08245280907025587
3.278,0.11816132631245724,0.17806845932285476,0.19543862929673073,0.107649969237406,0.08731959273351664,0.08257432562253686
3.2800000000000002,0.11827424021214905,0.178325929401431,0.19554274810635497,0.10778932182981205,0.08742921881929022,0.08269544738630086
3.282,0.1183867828031393,0.17858278405247807,0.19564637950292285,0.10792820673664805,0.08753845437221908,0.08281617486150905
3.2840000000000003,0.11849895465443194,0.17883902388010786,0.19574952436097814,0.10806662458686334,0.08764729991726905,0.08293650854797385
3.286,0.11861075633442986,0.17909464948849219,0.19585218355413647,0.1082045760092385,0.08775575597920482,0.0830564489453578
3.2880000000000003,0.11872218841093551,0.1793496614818615,0.19595435795508465,0.10834206163238358,0.08786382308258878,0.08317599655317309
3.29,0.11883325145115098,0.17960406046450217,0.19605604843558067,0.10847908208473678,0.08797150175178081,0.08329515187078051
3.2920000000000003,0.11894394602167857,0.1798578470407548,0.19615725586645238,0.10861563799456198,0.08807879251093764,0.0834139153973894
3.294,0.11905427268852087,0.18011102181501282,0.19625798111759707,0.1087517299899472,0.08818569588401148,0.08353228763205633
3.2960000000000003,0.1191642320170816,0.18036358539171937,0.19635822505798162,0.10888735869880306,0.08829221239475027,0.08365026907368445
3.298,0.11927382457216562,0.18061553837536604,0.19645798855564145,0.10902252474886098,0.08839834256669632,0.08376786022102323
3.3000000000000003,0.11938305091797896,0.180866881370491,0.19655727247767962,0.10915722876767098,0.08850408692318568,0.08388506157266717
3.302,0.11949191161813011,0.18111761498167667,0.19665607769026727,0.10929147138260076,0.08860944598734743,0.08400187362705536
3.3040000000000003,0.11960040723562937,0.1813677398135478,0.19675440505864228,0.10942525322083307,0.08871442028210352,0.08411829688247074
3.306,0.11970853833288997,0.1816172564707701,0.19685225544710927,0.1095585749093646,0.08881901033016737,0.08423433183703954
3.3080000000000003,0.11981630547172806,0.18186616555804735,0.19694962971903873,0.10969143707500395,0.08892321665404346,0.08434997898873031
3.31,0.1199237092133627,0.1821144676801203,0.197046528736867,0.10982384034437032,0.08902703977602688,0.0844652388353535
3.3120000000000003,0.12003075011841724,0.18236216344176448,0.19714295336209542,0.10995578534389105,0.08913048021820225,0.08458011187456038
3.314,0.1201374287469188,0.1826092534477879,0.19723890445529002,0.11008727269980079,0.0892335385024432,0.08469459860384276
3.3160000000000003,0.12024374565829876,0.1828557383030296,0.19733438287608118,0.1102183030381394,0.08933621515041179,0.08480869952053194
3.318,0.12034970141139367,0.18310161861235752,0.1974293894831627,0.11034887698475004,0.08943851068355757,0.08492241512179821
3.3200000000000003,0.12045529656444476,0.18334689498066692,0.19752392513429173,0.11047899516527782,0.08954042562311715,0.08503574590465002
3.322,0.12056053167509884,0.18359156801287835,0.1976179906862885,0.11060865820516796,0.08964196049011353,0.0851486923659337
3.3240000000000003,0.12066540730040876,0.18383563831393523,0.19771158699503522,0.11073786672966435,0.08974311580535521,0.08526125500233217
3.326,0.1207699239968334,0.18407910648880255,0.19780471491547647,0.11086662136380743,0.08984389208943577,0.08537343431036448
3.3280000000000003,0.12087408232023811,0.18432197314246523,0.19789737530161822,0.11099492273243339,0.08994428986273295,0.08548523078638537
3.33,0.12097788282589539,0.18456423887992535,0.19798956900652742,0.11112277146017147,0.09004430964540822,0.08559664492658414
3.332,0.12108132606848465,0.18480590430620114,0.198081296882332,0.11125016817144284,0.09014395195740565,0.08570767722698425
3.334,0.12118441260209334,0.18504697002632464,0.19817255978021997,0.11137711349045931,0.09024321731845197,0.08581832818344282
3.336,0.1212871429802167,0.1852874366453403,0.19826335855043964,0.11150360804122106,0.09034210624805539,0.08592859829164934
3.338,0.12138951775575824,0.1855273047683026,0.1983536940422983,0.11162965244751533,0.09044061926550495,0.08603848804712566
3.34,0.12149153748103036,0.18576657500027438,0.19844356710416267,0.11175524733291509,0.09053875688987012,0.08614799794522487
3.342,0.12159320270775442,0.18600524794632545,0.19853297858345798,0.1118803933207766,0.09063651963999986,0.08625712848113065
3.344,0.12169451398706133,0.18624332421153023,0.19862192932666822,0.11200509103423895,0.09073390803452219,0.08636588014985702
3.346,0.12179547186949158,0.18648080440096604,0.19871042017933505,0.11212934109622141,0.09083092259184333,0.08647425344624704
3.348,0.12189607690499593,0.18671768911971154,0.19879845198605794,0.11225314412942233,0.090927563830147,0.08658224886497279
3.35,0.12199632964293561,0.18695397897284471,0.19888602559049384,0.11237650075631778,0.09102383226739419,0.08668986690053382
3.352,0.12209623063208275,0.1871896745654409,0.1989731418353562,0.11249941159915955,0.09111972842132232,0.0867971080472576
3.354,0.12219578042062085,0.1874247765025716,0.1990598015624152,0.11262187727997386,0.09121525280944409,0.08690397279929774
3.356,0.12229497955614499,0.1876592853893022,0.19914600561249762,0.11274389842055932,0.09131040594904749,0.0870104616506342
3.358,0.12239382858566206,0.18789320183069003,0.1992317548254856,0.11286547564248628,0.09140518835719469,0.0871165750950722
3.36,0.12249232805559118,0.18812652643178307,0.1993170500403174,0.11298660956709461,0.09149960055072182,0.08722231362624155
3.362,0.12259047851176441,0.18835925979761825,0.1994018920949865,0.11310730081549214,0.0915936430462383,0.0873276777375962
3.364,0.12268828049942693,0.18859140253321893,0.19948628182654105,0.11322755000855356,0.0916873163601255,0.08743266792241311
3.366,0.12278573456323727,0.18882295524359405,0.19957022007108383,0.11334735776691818,0.09178062100853679,0.08753728467379229
3.368,0.12288284124726734,0.18905391853373565,0.19965370766377255,0.11346672471098929,0.09187355750739701,0.0876415284846559
3.37,0.12297960109500372,0.1892842930086176,0.19973674543881836,0.11358565146093191,0.0919661263724012,0.08774539984774687
3.372,0.12307601464934748,0.18951407927319375,0.1998193342294865,0.11370413863667195,0.09205832811901438,0.08784889925562944
3.374,0.12317208245261413,0.18974327793239598,0.19990147486809584,0.11382218685789391,0.09215016326247083,0.08795202720068773
3.376,0.12326780504653478,0.18997188959113287,0.19998316818601825,0.11393979674404009,0.09224163231777371,0.08805478417512513
3.378,0.12336318297225612,0.19019991485428767,0.20006441501367833,0.11405696891430872,0.09233273579969392,0.08815717067096407
3.38,0.12345821677034063,0.19042735432671676,0.20014521618055392,0.1141737039876527,0.09242347422276964,0.08825918718004466
3.382,0.12355290698076726,0.1906542086132479,0.20022557251517492,0.11429000258277777,0.09251384810130614,0.08836083419402496
3.384,0.12364725414293165,0.19088047831867838,0.20030548484512356,0.11440586531814145,0.09260385794937442,0.0884621122043796
3.386,0.12374125879564657,0.19110616404777359,0.2003849539970337,0.11452129281195145,0.09269350428081147,0.0885630217023996
3.388,0.12383492147714215,0.19133126640526488,0.20046398079659133,0.11463628568216389,0.09278278760921865,0.08866356317919122
3.39,0.1239282427250663,0.19155578599584855,0.2005425660685336,0.11475084454648243,0.092871708447962,0.08876373712567598
3.392,0.12402122307648522,0.1917797234241836,0.20062071063664888,0.11486497002235652,0.09296026731017082,0.08886354403258934
3.394,0.1241138630678833,0.19200307929489058,0.20069841532377652,0.11497866272697954,0.09304846470873773,0.08896298439048045
3.396,0.12420616323516431,0.19222585421254923,0.20077568095180665,0.11509192327728823,0.09313630115631755,0.08906205868971173
3.398,0.12429812411365093,0.19244804878169752,0.2008525083416801,0.11520475228996063,0.09322377716532704,0.08916076742045775
3.4,0.12438974623808563,0.19266966360682947,0.20092889831338812,0.11531715038141499,0.09331089324794428,0.08925911107270479
3.402,0.1244810301426309,0.19289069929239377,0.2010048516859717,0.11542911816780799,0.09339764991610733,0.08935709013625015
3.404,0.1245719763608697,0.1931111564427923,0.20108036927752226,0.1155406562650334,0.09348404768151486,0.08945470510070197
3.406,0.12466258542580544,0.19333103566237808,0.20115545190518058,0.11565176528872123,0.09357008705562464,0.08955195645547787
3.408,0.12475285786986268,0.19355033755545392,0.20123010038513733,0.1157624458542359,0.09365576854965307,0.08964884468980472
3.41,0.12484279422488775,0.1937690627262707,0.20130431553263217,0.11587269857667448,0.09374109267457476,0.08974537029271823
3.412,0.12493239502214859,0.193987211779026,0.2013780981619544,0.11598252407086629,0.09382605994112181,0.08984153375306181
3.414,0.12502166079233534,0.19420478531786212,0.2014514490864423,0.11609192295137039,0.09391067085978344,0.08993733555948635
3.416,0.12511059206556085,0.1944217839468645,0.20152436911848293,0.11620089583247495,0.09399492594080505,0.09003277620044958
3.418,0.1251991893713611,0.1946382082700604,0.20159685906951208,0.1163094433281957,0.0940788256941878,0.09012785616421515
3.42,0.12528745323869495,0.19485405889141694,0.2016689197500141,0.1164175660522746,0.09416237062968813,0.09022257593885219
3.422,0.12537538419594507,0.19506933641484014,0.20174055196952168,0.11652526461817825,0.09424556125681693,0.0903169360122349
3.424,0.12546298277091839,0.19528404144417277,0.2018117565366162,0.11663253963909703,0.09432839808483884,0.0904109368720416
3.426,0.12555024949084626,0.19549817458319274,0.20188253425892677,0.11673939172794334,0.09441088162277222,0.09050457900575459
3.428,0.12563718488238473,0.1957117364356118,0.20195288594313077,0.11684582149735045,0.0944930123793879,0.09059786290065852
3.43,0.125723789471615,0.19592472760507396,0.20202281239495323,0.11695182955967076,0.09457479086320908,0.09069078904384131
3.432,0.12581006378404402,0.19613714869515397,0.2020923144191673,0.1170574165269751,0.09465621758251053,0.09078335792219194
3.434,0.12589600834460435,0.19634900030935554,0.20216139281959356,0.1171625830110512,0.09473729304531808,0.09087557002240132
3.436,0.1259816236776552,0.19656028305110973,0.20223004839909997,0.11726732962340214,0.09481801775940779,0.09096742583096051
3.438,0.12606691030698203,0.19677099752377392,0.20229828195960242,0.11737165697524521,0.0948983922323059,0.09105892583416075
3.44,0.12615186875579765,0.19698114433062996,0.20236609430206376,0.11747556567751083,0.0949784169712875,0.09115007051809254
3.442,0.1262364995467422,0.19719072407488225,0.20243348622649426,0.11757905634084054,0.09505809248337682,0.09124086036864543
3.444,0.12632080320188366,0.197399737359657,0.2025004585319512,0.11768212957558677,0.09513741927534602,0.09133129587150735
3.446,0.12640478024271795,0.19760818478800002,0.20256701201653926,0.11778478599181064,0.09521639785371461,0.09142137751216328
3.448,0.1264884311901695,0.19781606696287568,0.20263314747740968,0.11788702619928104,0.09529502872474938,0.09151110577589572
3.45,0.12657175656459208,0.19802338448716483,0.2026988657107609,0.11798885080747357,0.09537331239446312,0.09160048114778352
3.452,0.1266547568857681,0.19823013796366418,0.20276416751183834,0.1180902604255687,0.09545124936861504,0.09168950411270127
3.454,0.12673743267291027,0.19843632799508426,0.20282905367493398,0.11819125566245114,0.09552884015270902,0.09177817515531883
3.456,0.1268197844446608,0.19864195518404748,0.20289352499338675,0.1182918371267081,0.09560608525199399,0.09186649476010067
3.458,0.1269018127190924,0.19884702013308764,0.20295758225958194,0.11839200542662831,0.09568298517146268,0.09195446341130542
3.46,0.12698351801370888,0.1990515234446475,0.20302122626495178,0.11849176117020077,0.09575954041585177,0.09204208159298544
3.462,0.12706490084544475,0.1992554657210781,0.20308445779997508,0.11859110496511338,0.09583575148964085,0.09212934978898568
3.464,0.12714596173066628,0.19945884756463683,0.20314727765417717,0.11869003741875184,0.09591161889705169,0.09221626848294351
3.466,0.12722670118517132,0.199661669577486,0.2032096866161297,0.1187885591381983,0.09598714314204826,0.09230283815828799
3.468,0.12730711972419062,0.19986393236169153,0.2032716854734511,0.11888667073023007,0.09606232472833565,0.09238905929823948
3.47,0.12738721786238694,0.20006563651922127,0.20333327501280607,0.11898437280131868,0.09613716415935958,0.09247493238580895
3.472,0.12746699611385615,0.20026678265194398,0.2033944560199059,0.11908166595762859,0.09621166193830644,0.09256045790379708
3.474,0.1275464549921279,0.20046737136162718,0.20345522927950843,0.11917855080501583,0.09628581856810192,0.09264563633479428
3.476,0.12762559501016524,0.20066740324993648,0.20351559557541776,0.11927502794902667,0.09635963455141083,0.0927304681611798
3.478,0.12770441668036536,0.2008668789184338,0.20357555569048436,0.11937109799489676,0.09643311039063662,0.09281495386512129
3.48,0.1277829205145602,0.20106579896857557,0.2036351104066052,0.11946676154754998,0.09650624658792095,0.09289909392857387
3.482,0.12786110702401632,0.20126416400171232,0.20369426050472383,0.11956201921159715,0.09657904364514258,0.09298288883327976
3.484,0.12793897671943566,0.201461974619086,0.2037530067648301,0.11965687159133442,0.09665150206391737,0.093066339060768
3.486,0.12801653011095593,0.2016592314218295,0.2038113499659604,0.11975131929074267,0.09672362234559762,0.09314944509235379
3.488,0.12809376770815062,0.201855935010965,0.20386929088619743,0.11984536291348613,0.09679540499127137,0.0932322074091374
3.49,0.1281706900200299,0.2020520859874022,0.20392683030267067,0.11993900306291128,0.09686685050176203,0.09331462649200417
3.492,0.12824729755504038,0.20224768495193768,0.20398396899155613,0.12003224034204574,0.09693795937762784,0.09339670282162382
3.494,0.12832359082106604,0.2024427325052527,0.20404070772807614,0.12012507535359673,0.09700873211916106,0.09347843687844959
3.496,0.12839957032542837,0.2026372292479124,0.2040970472864998,0.1202175086999504,0.09707916922638771,0.09355982914271843
3.498,0.1284752365748869,0.20283117578036403,0.20415298844014296,0.1203095409831707,0.09714927119906691,0.09364088009444949
3.5,0.12855059007563896,0.20302457270293606,0.20420853196136823,0.12040117280499762,0.09721903853669067,0.09372159021344406
3.5020000000000002,0.12862563133332094,0.20321742061583614,0.20426367862158457,0.12049240476684697,0.09728847173848276,0.09380195997928542
3.504,0.1287003608530084,0.20340972011915026,0.2043184291912481,0.12058323746980859,0.09735757130339873,0.09388198987133722
3.5060000000000002,0.12877477913921576,0.20360147181284116,0.20437278443986195,0.12067367151464525,0.09742633773012499,0.09396168036874397
3.508,0.12884888669589767,0.20379267629674702,0.2044267451359758,0.12076370750179177,0.09749477151707864,0.09404103195043012
3.5100000000000002,0.12892268402644902,0.20398333417058034,0.20448031204718675,0.12085334603135411,0.09756287316240675,0.09412004509509919
3.512,0.12899617163370491,0.20417344603392618,0.20453348594013865,0.12094258770310784,0.09763064316398573,0.09419872028123355
3.5140000000000002,0.12906935001994158,0.20436301248624122,0.20458626758052278,0.12103143311649722,0.0976980820194211,0.09427705798709396
3.516,0.12914221968687656,0.20455203412685208,0.20463865773307743,0.12111988287063413,0.0977651902260468,0.0943550586907187
3.5180000000000002,0.12921478113566898,0.2047405115549541,0.20469065716158874,0.12120793756429693,0.09783196828092433,0.09443272286992355
3.52,0.12928703486692017,0.20492844536961052,0.2047422666288896,0.12129559779592936,0.09789841668084298,0.09451005100230048
3.5220000000000002,0.12935898138067392,0.20511583616975004,0.20479348689686105,0.12138286416363941,0.09796453592231891,0.09458704356521785
3.524,0.12943062117641668,0.20530268455416678,0.20484431872643172,0.12146973726519872,0.09803032650159427,0.09466370103581956
3.5260000000000002,0.12950195475307802,0.20548899112151808,0.20489476287757746,0.1215562176980407,0.09809578891463744,0.09474002389102454
3.528,0.1295729826090315,0.20567475647032363,0.2049448201093227,0.12164230605926019,0.09816092365714191,0.09481601260752592
3.5300000000000002,0.12964370524209423,0.20585998119896387,0.20499449117973922,0.12172800294561226,0.09822573122452627,0.09489166766179125
3.532,0.12971412314952802,0.20604466590567894,0.20504377684594743,0.1218133089535105,0.09829021211193312,0.09496698953006089
3.5340000000000003,0.12978423682803908,0.20622881118856728,0.20509267786411578,0.121898224679027,0.09835436681422927,0.09504197868834852
3.536,0.12985404677377899,0.2064124176455846,0.20514119498946082,0.12198275071789055,0.09841819582600442,0.09511663561244021
3.5380000000000003,0.12992355348234463,0.20659548587454202,0.2051893289762481,0.12206688766548579,0.09848169964157116,0.09519096077789357
3.54,0.12999275744877892,0.20677801647310545,0.20523708057779122,0.1221506361168525,0.09854487875496476,0.0952649546600377
3.5420000000000003,0.13006165916757095,0.20696001003879405,0.20528445054645306,0.12223399666668411,0.09860773365994202,0.09533861773397234
3.544,0.1301302591326563,0.20714146716897885,0.2053314396336452,0.12231696990932694,0.09867026484998087,0.09541195047456763
3.5460000000000003,0.13019855783741785,0.2073223884608817,0.20537804858982844,0.1223995564387792,0.09873247281828057,0.09548495335646345
3.548,0.1302665557746856,0.20750277451157384,0.20542427816451259,0.12248175684869,0.09879435805776038,0.09555762685406877
3.5500000000000003,0.13033425343673732,0.2076826259179747,0.20547012910625684,0.1225635717323581,0.09885592106105934,0.09562997144156116
3.552,0.13040165131529924,0.2078619432768507,0.20551560216267029,0.12264500168273096,0.09891716232053605,0.09570198759288662
3.5540000000000003,0.130468749901546,0.20804072718481414,0.20556069808041122,0.1227260472924041,0.09897808232826777,0.09577367578175888
3.556,0.13053554968610093,0.2082189782383217,0.20560541760518825,0.1228067091536198,0.09903868157605022,0.09584503648165832
3.5580000000000003,0.1306020511590369,0.20839669703367325,0.20564976148175984,0.12288698785826613,0.09909896055539713,0.09591607016583237
3.56,0.13066825480987632,0.20857388416701084,0.20569373045393458,0.12296688399787614,0.09915891975753932,0.09598677730729444
3.5620000000000003,0.13073416112759184,0.2087505402343175,0.20573732526457178,0.1230463981636265,0.09921855967342474,0.09605715837882367
3.564,0.13079977060060655,0.2089266658314155,0.20578054665558132,0.12312553094633705,0.0992778807937178,0.09612721385296408
3.5660000000000003,0.13086508371679417,0.20910226155396594,0.2058233953679236,0.12320428293646923,0.09933688360879867,0.09619694420202451
3.568,0.13093010096348,0.2092773279974669,0.20586587214161045,0.12328265472412592,0.09939556860876331,0.09626634989807759
3.5700000000000003,0.13099482282744046,0.2094518657572526,0.20590797771570446,0.1233606468990498,0.09945393628342236,0.09633543141295986
3.572,0.13105924979490435,0.20962587542849187,0.20594971282831986,0.12343826005062253,0.09951198712230092,0.09640418921827076
3.5740000000000003,0.13112338235155252,0.2097993576061874,0.20599107821662255,0.12351549476786383,0.0995697216146385,0.09647262378537236
3.576,0.1311872209825189,0.20997231288517426,0.20603207461683026,0.12359235163943105,0.09962714024938779,0.09654073558538889
3.5780000000000003,0.1312507661723903,0.21014474186011878,0.20607270276421263,0.12366883125361738,0.09968424351521499,0.09660852508920592
3.58,0.13131401840520707,0.21031664512551718,0.20611296339309138,0.12374493419835142,0.09974103190049854,0.0966759927674703
3.5820000000000003,0.1313769781644636,0.21048802327569494,0.20615285723684118,0.12382066106119605,0.09979750589332914,0.09674313909058929
3.584,0.13143964593310842,0.210658876904805,0.20619238502788906,0.123896012429348,0.09985366598150924,0.09680996452873036
3.586,0.131502022193545,0.21082920660682714,0.206231547497715,0.12397098888963609,0.09990951265255266,0.09687646955182072
3.588,0.13156410742763147,0.21099901297556656,0.2062703453768524,0.12404559102852097,0.09996504639368364,0.09694265462954643
3.59,0.13162590211668168,0.21116829660465242,0.2063087793948879,0.12411981943209405,0.10002026769183714,0.0970085202313522
3.592,0.13168740674146528,0.21133705808753733,0.20634685028046196,0.12419367468607656,0.10007517703365765,0.09707406682644093
3.594,0.13174862178220792,0.21150529801749585,0.2063845587612687,0.1242671573758185,0.10012977490549901,0.09713929488377326
3.596,0.13180954771859188,0.2116730169876233,0.2064219055640566,0.12434026808629794,0.1001840617934242,0.09720420487206671
3.598,0.13187018502975678,0.211840215590835,0.20645889141462836,0.12441300740212036,0.10023803818320465,0.09726879725979565
3.6,0.13193053419429912,0.2120068944198643,0.20649551703784153,0.12448537590751707,0.10029170456031955,0.09733307251519085
3.602,0.1319905956902736,0.2121730540672626,0.20653178315760834,0.12455737418634505,0.10034506140995592,0.09739703110623821
3.604,0.1320503699951927,0.21233869512539716,0.2065676904968965,0.12462900282208556,0.10039810921700765,0.09746067350067933
3.606,0.13210985758602756,0.21250381818645092,0.2066032397777291,0.12470026239784349,0.10045084846607555,0.09752400016601048
3.608,0.13216905893920794,0.21266842384242057,0.2066384317211849,0.12477115349634671,0.10050327964146644,0.09758701156948191
3.61,0.1322279745306234,0.21283251268511605,0.20667326704739897,0.12484167669994495,0.10055540322719292,0.09764970817809804
3.612,0.13228660483562305,0.2129960853061592,0.20670774647556223,0.12491183259060867,0.10060721970697295,0.0977120904586164
3.614,0.13234495032901572,0.21315914229698274,0.20674187072392236,0.12498162174992866,0.10065872956422939,0.09777415887754737
3.616,0.13240301148507094,0.2133216842488288,0.2067756405097838,0.1250510447591151,0.10070993328208955,0.09783591390115354
3.618,0.13246078877751888,0.21348371175274838,0.20680905654950843,0.1251201021989965,0.10076083134338454,0.09789735599544969
3.62,0.13251828267955124,0.21364522539960018,0.20684211955851528,0.1251887946500192,0.10081142423064904,0.09795848562620191
3.622,0.13257549366382126,0.21380622578004904,0.2068748302512815,0.12525712269224631,0.10086171242612108,0.09801930325892738
3.624,0.13263242220244376,0.21396671348456553,0.2069071893413419,0.12532508690535682,0.10091169641174114,0.09807980935889327
3.626,0.1326890687669966,0.21412668910342414,0.20693919754128975,0.12539268786864488,0.10096137666915217,0.09814000439111736
3.628,0.13274543382851967,0.21428615322670308,0.20697085556277717,0.12545992616101898,0.1010107536796987,0.09819988882036679
3.63,0.1328015178575166,0.2144451064442825,0.20700216411651495,0.12552680236100122,0.10105982792442658,0.09825946311115774
3.632,0.13285732132395434,0.21460354934584358,0.20703312391227358,0.12559331704672627,0.1011085998840826,0.09831872772775507
3.634,0.13291284469726383,0.2147614825208679,0.2070637356588827,0.12565947079594064,0.10115707003911445,0.09837768313417161
3.636,0.13296808844634023,0.2149189065586361,0.20709400006423206,0.12572526418600205,0.10120523886966937,0.09843632979416839
3.638,0.13302305303954332,0.2150758220482265,0.20712391783527195,0.12579069779387853,0.10125310685559441,0.09849466817125307
3.64,0.1330777389446982,0.2152322295785145,0.20715348967801295,0.12585577219614752,0.1013006744764362,0.09855269872868089
3.642,0.13313214662909534,0.21538812973817145,0.2071827162975266,0.12592048796899502,0.10134794221143961,0.0986104219294528
3.644,0.1331862765594909,0.21554352311566372,0.20721159839794567,0.1259848456882151,0.10139491053954841,0.09866783823631575
3.646,0.13324012920210748,0.2156984102992514,0.20724013668246477,0.12604884592920884,0.10144157993940395,0.09872494811176247
3.648,0.13329370502263438,0.2158527918769877,0.20726833185334015,0.12611248926698382,0.10148795088934515,0.0987817520180303
3.65,0.13334700448622772,0.21600666843671723,0.2072961846118906,0.12617577627615306,0.10153402386740829,0.09883825041710148
3.652,0.13340002805751094,0.21616004056607552,0.20732369565849718,0.12623870753093436,0.10157979935132633,0.098894443770702
3.654,0.13345277620057572,0.21631290885248822,0.2073508656926044,0.1263012836051498,0.10162527781852826,0.09895033254030183
3.656,0.13350524937898145,0.21646527388316938,0.20737769541271978,0.12636350507222427,0.10167045974613909,0.09900591718711382
3.658,0.13355744805575664,0.21661713624512124,0.2074041855164146,0.1264253725051856,0.10171534561097939,0.09906119817209391
3.66,0.13360937269339823,0.21676849652513241,0.2074303367003245,0.12648688647666306,0.10175993588956467,0.09911617595594024
3.662,0.13366102375387268,0.21691935530977768,0.20745614966014925,0.12654804755888716,0.1018042310581051,0.09917085099909273
3.664,0.1337124016986162,0.21706971318541646,0.2074816250906535,0.12660885632368846,0.10184823159250511,0.09922522376173282
3.666,0.13376350698853523,0.2172195707381921,0.2075067636856669,0.12666931334249742,0.10189193796836316,0.09927929470378305
3.668,0.1338143400840066,0.21736892855403078,0.207531566138085,0.12672941918634284,0.10193535066097059,0.0993330642849064
3.67,0.13386490144487806,0.21751778721864046,0.20755603313986914,0.1267891744258518,0.10197847014531236,0.09938653296450606
3.672,0.1339151915304686,0.21766614731751033,0.20758016538204704,0.12684857963124885,0.10202129689606565,0.09943970120172496
3.674,0.13396521079956902,0.21781400943590912,0.2076039635547129,0.12690763537235483,0.10206383138760011,0.09949256945544516
3.676,0.1340149597104423,0.2179613741588846,0.2076274283470283,0.1269663422185865,0.10210607409397698,0.09954513818428756
3.678,0.13406443872082363,0.218108242071263,0.20765056044722208,0.127024700738956,0.10214802548894908,0.09959740784661175
3.68,0.13411364828792105,0.2182546137576471,0.2076733605425909,0.12708271150206985,0.10218968604596035,0.09964937890051484
3.682,0.13416258886841592,0.2184004898024159,0.20769582931949992,0.1271403750761284,0.10223105623814521,0.09970105180383193
3.684,0.13421126091846336,0.21854587078972365,0.2077179674633829,0.12719769202892484,0.10227213653832812,0.099752427014135
3.686,0.13425966489369223,0.21869075730349907,0.2077397756587427,0.1272546629278446,0.10231292741902376,0.0998035049887327
3.688,0.13430780124920605,0.2188351499274439,0.20776125458915162,0.12731128833986505,0.10235342935243619,0.09985428618467007
3.69,0.13435567043958296,0.2189790492450321,0.20778240493725164,0.12736756883155453,0.1023936428104586,0.09990477105872797
3.692,0.13440327291887644,0.2191224558395093,0.20780322738475543,0.1274235049690715,0.10243356826467243,0.09995496006742277
3.694,0.13445060914061524,0.2192653702938916,0.2078237226124462,0.1274790973181641,0.10247320618634781,0.10000485366700573
3.696,0.13449767955780434,0.21940779319096437,0.20784389130017833,0.12753434644416917,0.10251255704644269,0.10005445231346277
3.698,0.13454448462292512,0.21954972511328208,0.20786373412687786,0.12758925291201195,0.10255162131560258,0.10010375646251402
3.7,0.1345910247879356,0.2196911666431669,0.20788325177054245,0.12764381728620533,0.10259039946416015,0.10015276656961336
3.702,0.13463730050427092,0.21983211836270744,0.20790244490824272,0.12769804013084896,0.10262889196213476,0.10020148308994803
3.704,0.1346833122228437,0.21997258085375848,0.2079213142161218,0.1277519220096286,0.10266709927923201,0.10024990647843812
3.706,0.1347290603940443,0.2201125546979399,0.20793986036939605,0.1278054634858159,0.10270502188484376,0.10029803718973618
3.708,0.13477454546774204,0.2202520404766357,0.20795808404235583,0.12785866512226707,0.10274266024804724,0.10034587567822717
3.71,0.1348197678932841,0.22039103877099286,0.2079759859083654,0.12791152748142287,0.10278001483760524,0.10039342239802762
3.712,0.13486472811949723,0.22052955016192088,0.2079935666398638,0.1279640511253075,0.10281708612196527,0.10044067780298516
3.714,0.13490942659468752,0.22066757523009084,0.20801082690836492,0.1280162366155282,0.10285387456925954,0.10048764234667851
3.716,0.13495386376664098,0.220805114555934,0.20802776738445816,0.12806808451327467,0.10289038064730405,0.10053431648241684
3.718,0.13499804008262406,0.22094216871964178,0.20804438873780917,0.12811959537931794,0.10292660482359861,0.10058070066323954
3.72,0.1350419559893834,0.2210787383011641,0.2080606916371599,0.12817076977401043,0.10296254756532686,0.10062679534191554
3.722,0.13508561193314672,0.22121482388020874,0.20807667675032882,0.1282216082572849,0.10299820933935488,0.1006726009709431
3.724,0.13512900835962371,0.2213504260362411,0.208092344744212,0.1282721113886538,0.10303359061223194,0.10071811800254915
3.726,0.13517214571400515,0.22148554534848208,0.20810769628478343,0.128322279727209,0.10306869185018908,0.10076334688868949
3.728,0.13521502444096467,0.22162018239590853,0.20812273203709508,0.12837211383162073,0.10310351351913982,0.10080828808104769
3.73,0.1352576449846581,0.22175433775725129,0.20813745266527772,0.1284216142601371,0.10313805608467908,0.10085294203103512
3.732,0.1353000077887243,0.22188801201099517,0.20815185883254128,0.1284707815705839,0.10317232001208287,0.10089730918979045
3.734,0.13534211329628554,0.22202120573537787,0.20816595120117531,0.12851961632036346,0.10320630576630796,0.10094139000817948
3.736,0.13538396194994795,0.2221539195083888,0.20817973043254967,0.12856811906645405,0.10324001381199199,0.10098518493679398
3.738,0.1354255541918017,0.2222861539077685,0.2081931971871145,0.12861629036540978,0.10327344461345267,0.10102869442595241
3.74,0.13546689046342153,0.22241790951100793,0.20820635212440153,0.1286641307733598,0.10330659863468727,0.10107191892569856
3.742,0.1355079712058671,0.2225491868953473,0.2082191959030235,0.12871164084600717,0.10333947633937268,0.10111485888580174
3.744,0.13554879685968357,0.22267998663777577,0.20823172918067567,0.12875882113862902,0.10337207819086469,0.1011575147557564
3.746,0.1355893678649016,0.22281030931502976,0.20824395261413553,0.12880567220607575,0.10340440465219825,0.101199886984781
3.748,0.13562968466103786,0.22294015550359325,0.20825586685926378,0.1288521946027701,0.10343645618608632,0.10124197602181884
3.75,0.13566974768709583,0.22306952577969597,0.20826747257100475,0.12889838888270688,0.10346823325491994,0.10128378231553659
3.7520000000000002,0.13570955738156587,0.22319842071931317,0.2082787704033866,0.12894425559945266,0.10349973632076814,0.10132530631432446
3.754,0.1357491141824254,0.22332684089816457,0.20828976100952223,0.12898979530614452,0.10353096584537691,0.10136654846629578
3.7560000000000002,0.13578841852713963,0.2234547868917134,0.20830044504160927,0.12903500855548988,0.10356192229016936,0.10140750921928654
3.758,0.1358274708526619,0.22358225927516617,0.2083108231509312,0.1290798958997661,0.10359260611624554,0.10144818902085495
3.7600000000000002,0.13586627159543374,0.22370925862347146,0.2083208959878573,0.12912445789081972,0.10362301778438177,0.101488588318281
3.762,0.1359048211913858,0.22383578551131889,0.20833066420184365,0.1291686950800659,0.10365315775502992,0.10152870755856647
3.7640000000000002,0.135943120075938,0.22396184051313872,0.20834012844143324,0.12921260801848766,0.10368302648831818,0.10156854718843422
3.766,0.13598116868399956,0.22408742420310102,0.2083492893542569,0.12925619725663595,0.10371262444404938,0.1016081076543276
3.7680000000000002,0.1360189674499701,0.2242125371551149,0.20835814758703308,0.1292994633446285,0.10374195208170178,0.1016473894024108
3.77,0.13605651680773945,0.22433717994282754,0.2083667037855692,0.1293424068321496,0.10377100986042831,0.10168639287856807
3.7720000000000002,0.13609381719068825,0.22446135313962357,0.20837495859476185,0.12938502826844922,0.10379979823905594,0.10172511852840294
3.774,0.13613086903168825,0.2245850573186241,0.2083829126585972,0.12942732820234304,0.10382831767608591,0.10176356679723852
3.7760000000000002,0.13616767276310315,0.22470829305268625,0.20839056662015154,0.1294693071822115,0.10385656862969284,0.10180173813011684
3.778,0.13620422881678818,0.22483106091440197,0.20839792112159206,0.12951096575599919,0.10388455155772491,0.10183963297179832
3.7800000000000002,0.13624053762409138,0.2249533614760979,0.2084049768041769,0.1295523044712148,0.10391226691770306,0.10187725176676188
3.782,0.13627659961585303,0.225075195309834,0.20841173430825655,0.12959332387493028,0.1039397151668211,0.10191459495920419
3.7840000000000003,0.1363124152224071,0.2251965629874031,0.20841819427327324,0.12963402451378014,0.10396689676194515,0.10195166299303926
3.786,0.13634798487358069,0.22531746508033024,0.20842435733776243,0.12967440693396126,0.10399381215961334,0.10198845631189846
3.7880000000000003,0.136383308998695,0.22543790215987158,0.20843022413935275,0.12971447168123218,0.10402046181603564,0.10202497535912958
3.79,0.1364183880265657,0.22555787479701372,0.20843579531476708,0.1297542193009129,0.10404684618709314,0.10206122057779732
3.7920000000000003,0.13645322238550284,0.22567738356247324,0.2084410714998226,0.12979365033788404,0.10407296572833813,0.10209719241068194
3.794,0.136487812503312,0.22579642902669605,0.20844605332943145,0.1298327653365865,0.10409882089499356,0.1021328913002797
3.7960000000000003,0.1365221588072938,0.22591501175985584,0.20845074143760156,0.12987156484102091,0.10412441214195312,0.10216831768880219
3.798,0.1365562617242453,0.2260331323318543,0.20845513645743696,0.12991004939474715,0.1041497399237803,0.10220347201817592
3.8000000000000003,0.13659012168045925,0.22615079131231997,0.2084592390211384,0.12994821954088387,0.10417480469470863,0.10223835473004206
3.802,0.13662373910172554,0.22626798927060765,0.20846304976000374,0.12998607582210808,0.10419960690864083,0.102272966265756
3.8040000000000003,0.13665711441333084,0.22638472677579724,0.20846656930442897,0.13002361878065472,0.10422414701914917,0.10230730706638713
3.806,0.13669024804005936,0.22650100439669374,0.20846979828390833,0.1300608489583157,0.10424842547947444,0.10234137757271844
3.8080000000000003,0.13672314040619327,0.2266168227018257,0.20847273732703497,0.13009776689644004,0.10427244274252612,0.10237517822524622
3.81,0.1367557919355129,0.22673218225944547,0.20847538706150148,0.130134373135933,0.10429619926088218,0.10240870946417946
3.8120000000000003,0.13678820305129724,0.2268470836375276,0.2084777481141007,0.1301706682172561,0.10431969548678821,0.10244197172944003
3.814,0.1368203741763243,0.22696152740376885,0.20847982111072616,0.13020665268042575,0.1043429318721576,0.10247496546066182
3.8160000000000003,0.13685230573287144,0.2270755141255869,0.2084816066763724,0.1302423270650137,0.10436590886857111,0.10250769109719049
3.818,0.1368839981427159,0.2271890443701201,0.20848310543513593,0.13027769191014626,0.10438862692727646,0.10254014907808351
3.8200000000000003,0.13691545182713516,0.22730211870422656,0.2084843180102156,0.13031274775450363,0.10441108649918807,0.10257233984210923
3.822,0.1369466672069073,0.22741473769448328,0.2084852450239132,0.13034749513631994,0.10443328803488705,0.10260426382774712
3.8240000000000003,0.13697764470231122,0.22752690190718594,0.20848588709763405,0.13038193459338188,0.10445523198462037,0.10263592147318712
3.826,0.13700838473312738,0.22763861190834778,0.20848624485188783,0.13041606666302963,0.10447691879830079,0.10266731321632916
3.8280000000000003,0.13703888771863793,0.22774986826369914,0.20848631890628866,0.13044989188215506,0.10449834892550713,0.10269843949478341
3.83,0.13706915407762743,0.22786067153868683,0.20848610987955607,0.13048341078720216,0.10451952281548293,0.10272930074586895
3.8320000000000003,0.1370991842283824,0.22797102229847344,0.20848561838951563,0.1305166239141664,0.10454044091713688,0.10275989740661462
3.834,0.13712897858869288,0.2280809211079362,0.20848484505309917,0.13054953179859408,0.10456110367904237,0.10279022991375797
3.8360000000000003,0.13715853757585195,0.22819036853166708,0.2084837904863457,0.13058213497558202,0.10458151154943729,0.10282029870374476
3.838,0.13718786160665664,0.22829936513397153,0.2084824553044018,0.130614433979777,0.10460166497622336,0.10285010421272922
3.84,0.13721695109740795,0.2284079114788682,0.20848084012152235,0.13064642934537596,0.10462156440696635,0.10287964687657358
3.842,0.13724580646391127,0.22851600813008788,0.20847894555107138,0.1306781216061248,0.10464121028889539,0.1029089271308472
3.844,0.13727442812147705,0.22862365565107323,0.2084767722055223,0.1307095112953185,0.10466060306890301,0.10293794541082701
3.846,0.13730281648492104,0.22873085460497822,0.20847432069645833,0.13074059894580015,0.10467974319354445,0.10296670215149684
3.848,0.13733097196856492,0.2288376055546668,0.2084715916345734,0.130771385089961,0.10469863110903788,0.10299519778754695
3.85,0.13735889498623588,0.22894390906271322,0.20846858562967308,0.13080187025974022,0.10471726726126374,0.10302343275337367
3.852,0.13738658595126796,0.22904976569140034,0.2084653032906747,0.13083205498662376,0.10473565209576452,0.1030514074830795
3.854,0.13741404527650203,0.22915517600271973,0.20846174522560812,0.13086193980164462,0.10475378605774455,0.10307912241047279
3.856,0.13744127337428624,0.22926014055837096,0.20845791204161612,0.1308915252353824,0.10477166959206996,0.10310657796906653
3.858,0.13746827065647627,0.22936465991976074,0.20845380434495553,0.13092081181796233,0.10478930314326784,0.10313377459207929
3.86,0.13749503753443593,0.22946873464800221,0.20844942274099743,0.13094980007905566,0.10480668715552643,0.1031607127124341
3.862,0.13752157441903723,0.22957236530391478,0.20844476783422783,0.13097849054787858,0.1048238220726947,0.10318739276275823
3.864,0.13754788172066146,0.22967555244802318,0.20843984022824835,0.13100688375319236,0.10484070833828185,0.10321381517538297
3.866,0.13757395984919873,0.22977829664055682,0.2084346405257771,0.13103498022330262,0.10485734639545763,0.10323998038234361
3.868,0.1375998092140489,0.22988059844144915,0.20842916932864863,0.13106278048605913,0.10487373668705158,0.10326588881537857
3.87,0.137625430224122,0.22998245841033715,0.20842342723781537,0.13109028506885534,0.10488987965555285,0.10329154090592962
3.872,0.13765082328783818,0.23008387710656075,0.20841741485334775,0.1311174944986282,0.10490577574311,0.10331693708514122
3.874,0.13767598881312826,0.2301848550891621,0.20841113277443468,0.13114440930185745,0.10492142539153071,0.10334207778386006
3.876,0.13770092720743454,0.23028539291688532,0.2084045815993849,0.13117103000456543,0.10493682904228141,0.10336696343263552
3.878,0.13772563887771083,0.2303854911481753,0.20839776192562698,0.13119735713231706,0.10495198713648701,0.1033915944617183
3.88,0.13775012423042288,0.23048515034117756,0.20839067434970993,0.13122339121021875,0.10496690011493115,0.10341597130106117
3.882,0.1377743836715486,0.2305843710537374,0.20838331946730437,0.13124913276291839,0.10498156841805528,0.10344009438031776
3.884,0.13779841760657896,0.23068315384339977,0.20837569787320276,0.13127458231460531,0.1049959924859587,0.10346396412884307
3.886,0.13782222644051778,0.23078149926740776,0.20836781016132,0.1312997403890097,0.1050101727583983,0.10348758097569255
3.888,0.1378458105778826,0.23087940788270322,0.20835965692469416,0.1313246075094021,0.10502410967478815,0.10351094534962213
3.89,0.13786917042270463,0.2309768802459251,0.20835123875548756,0.13134918419859298,0.10503780367419924,0.10353405767908752
3.892,0.13789230637852956,0.23107391691340973,0.20834255624498677,0.1313734709789327,0.10505125519535974,0.10355691839224468
3.894,0.13791521884841784,0.2311705184411894,0.2083336099836035,0.13139746837231137,0.10506446467665409,0.10357952791694869
3.896,0.13793790823494478,0.2312666853849923,0.2083244005608753,0.13142117690015764,0.10507743255612279,0.10360188668075376
3.898,0.1379603749402014,0.2313624183002423,0.20831492856546618,0.13144459708343925,0.10509015927146281,0.10362399511091347
3.9,0.13798261936579448,0.23145771774205737,0.2083051945851675,0.13146772944266227,0.10510264526002655,0.10364585363437961
3.902,0.13800464191284711,0.23155258426524994,0.20829519920689799,0.13149057449787094,0.1051148909588222,0.10366746267780225
3.904,0.13802644298199906,0.231647018424326,0.20828494301670508,0.1315131327686474,0.10512689680451293,0.10368882266752988
3.906,0.1380480229734069,0.23174102077348446,0.20827442659976514,0.13153540477411085,0.10513866323341703,0.10370993402960815
3.908,0.13806938228674492,0.23183459186661692,0.20826365054038432,0.13155739103291775,0.10515019068150777,0.10373079718978073
3.91,0.13809052132120514,0.23192773225730634,0.20825261542199947,0.13157909206326135,0.10516147958441291,0.10375141257348819
3.912,0.13811144047549773,0.23202044249882747,0.20824132182717814,0.13160050838287174,0.10517253037741425,0.103771780605868
3.914,0.13813214014785147,0.23211272314414577,0.2082297703376197,0.1316216405090147,0.10518334349544789,0.10379190171175412
3.916,0.13815262073601442,0.23220457474591694,0.20821796153415617,0.13164248895849195,0.10519391937310374,0.10381177631567695
3.918,0.1381728826372537,0.23229599785648625,0.20820589599675232,0.1316630542476409,0.10520425844462511,0.10383140484186315
3.92,0.13819292624835633,0.23238699302788834,0.2081935743045069,0.13168333689233425,0.10521436114390892,0.1038507877142345
3.922,0.13821275196562932,0.23247756081184656,0.20818099703565318,0.13170333740797968,0.10522422790450503,0.10386992535640904
3.924,0.1382323601849007,0.23256770175977204,0.20816816476755928,0.13172305630951908,0.10523385915961603,0.10388881819169926
3.926,0.1382517513015189,0.23265741642276372,0.20815507807672895,0.13174249411142935,0.10524325534209744,0.10390746664311301
3.928,0.13827092571035404,0.23274670535160769,0.20814173753880283,0.13176165132772089,0.10525241688445708,0.10392587113335283
3.93,0.138289883805798,0.23283556909677627,0.20812814372855848,0.131780528471938,0.1052613442188548,0.10394403208481529
3.932,0.13830862598176452,0.23292400820842807,0.20811429721991126,0.1317991260571587,0.10527003777710253,0.1039619499195914
3.934,0.13832715263169026,0.23301202323640724,0.20810019858591478,0.13181744459599387,0.1052784979906638,0.10397962505946579
3.936,0.13834546414853444,0.23309961473024243,0.2080858483987622,0.13183548460058758,0.10528672529065397,0.10399705792591685
3.938,0.13836356092477953,0.2331867832391472,0.20807124722978654,0.13185324658261632,0.10529472010783913,0.1040142489401159
3.94,0.13838144335243197,0.23327352931201917,0.208056395649461,0.13187073105328917,0.10530248287263677,0.10403119852292741
3.942,0.13839911182302234,0.23335985349743904,0.20804129422740036,0.1318879385233469,0.10531001401511508,0.10404790709490874
3.944,0.13841656672760538,0.23344575634367049,0.20802594353236126,0.13190486950306246,0.10531731396499278,0.10406437507630972
3.946,0.13843380845676068,0.23353123839865986,0.20801034413224273,0.13192152450224004,0.10532438315163906,0.10408060288707222
3.948,0.13845083740059327,0.23361630021003532,0.2079944965940872,0.1319379040302151,0.10533122200407319,0.10409659094683033
3.95,0.13846765394873395,0.23370094232510663,0.2079784014840813,0.13195400859585438,0.1053378309509645,0.10411233967490952
3.952,0.13848425849033918,0.23378516529086424,0.20796205936755596,0.13196983870755497,0.10534421042063191,0.10412784949032661
3.954,0.13850065141409207,0.2338689696539793,0.20794547080898784,0.1319853948732448,0.10535036084104354,0.10414312081179
3.956,0.1385168331082025,0.23395235596080277,0.20792863637199965,0.13200067760038192,0.10535628263981733,0.10415815405769879
3.958,0.13853280396040768,0.23403532475736522,0.20791155661936056,0.13201568739595415,0.10536197624421995,0.10417294964614277
3.96,0.13854856435797203,0.23411787658937633,0.20789423211298752,0.13203042476647942,0.10536744208116677,0.10418750799490173
3.962,0.13856411468768837,0.23420001200222407,0.20787666341394573,0.13204489021800447,0.10537268057722216,0.10420182952144619
3.964,0.1385794553358779,0.23428173154097465,0.20785885108244884,0.13205908425610602,0.10537769215859871,0.10421591464293622
3.966,0.1385945866883902,0.23436303575037187,0.2078407956778605,0.13207300738588912,0.10538247725115735,0.1042297637762215
3.968,0.13860950913060432,0.23444392517483648,0.20782249775869466,0.13208666011198789,0.1053870362804068,0.10424337733784106
3.97,0.1386242230474286,0.2345244003584661,0.20780395788261607,0.13210004293856503,0.10539136967150364,0.10425675574402327
3.972,0.13863872882330153,0.23460446184503447,0.20778517660644114,0.1321131563693112,0.1053954778492523,0.10426989941068499
3.974,0.13865302684219194,0.23468411017799085,0.2077661544861389,0.1321260009074452,0.10539936123810412,0.10428280875343199
3.976,0.1386671174875993,0.23476334590045989,0.2077468920768315,0.13213857705571375,0.10540302026215786,0.1042954841875583
3.978,0.1386810011425541,0.23484216955524118,0.20772738993279471,0.13215088531639085,0.10540645534515924,0.10430792612804618
3.98,0.13869467818961834,0.23492058168480856,0.20770764860745916,0.13216292619127823,0.10540966691050091,0.1043201349895655
3.982,0.1387081490108859,0.2349985828313097,0.20768766865341037,0.1321747001817044,0.1054126553812218,0.10433211118647412
3.984,0.1387214139879831,0.23507617353656562,0.20766745062239034,0.13218620778852497,0.10541542118000735,0.10434385513281685
3.986,0.1387344735020688,0.23515335434207074,0.20764699506529727,0.1321974495121221,0.1054179647291893,0.10435536724232586
3.988,0.1387473279338347,0.23523012578899172,0.20762630253218717,0.13220842585240433,0.1054202864507452,0.10436664792842043
3.99,0.13875997766350645,0.23530648841816726,0.20760537357227404,0.13221913730880663,0.10542238676629823,0.1043776976042059
3.992,0.13877242307084292,0.2353824427701079,0.20758420873393058,0.13222958438028987,0.10542426609711741,0.10438851668247473
3.994,0.13878466453513782,0.2354579893849953,0.20756280856468945,0.13223976756534084,0.10542592486411717,0.10439910557570498
3.996,0.1387967024352188,0.23553312880268185,0.20754117361124336,0.13224968736197185,0.10542736348785686,0.10440946469606094
3.998,0.13880853714944896,0.23560786156269065,0.2075193044194461,0.13225934426772068,0.10542858238854125,0.1044195944553925
4.0,0.1388201690557267,0.2356821882042146,0.20749720153431306,0.13226873877965017,0.10542958198601937,0.10442949526523493
4.002,0.13883159853148608,0.2357561092661158,0.20747486550002248,0.13227787139434843,0.10543036269978545,0.10443916753680904
4.0040000000000004,0.13884282595369757,0.23582962528692586,0.2074522968599155,0.13228674260792816,0.10543092494897777,0.10444861168102015
4.006,0.13885385169886777,0.23590273680484475,0.2074294961564973,0.1322953529160269,0.1054312691523791,0.10445782810845872
4.008,0.13886467614304054,0.23597544435774087,0.2074064639314379,0.13230370281380632,0.10543139572841587,0.10446681722939966
4.01,0.138875299661797,0.23604774848315047,0.20738320072557248,0.1323117927959525,0.10543130509515897,0.10447557945380215
4.0120000000000005,0.138885722630256,0.23611964971827715,0.2073597070789024,0.1323196233566757,0.10543099767032249,0.1044841151913094
4.014,0.13889594542307426,0.23619114859999146,0.20733598353059612,0.1323271949897098,0.10543047387126436,0.10449242485124843
4.016,0.13890596841444736,0.23626224566483045,0.20731203061898928,0.13233450818831227,0.10542973411498546,0.10450050884263007
4.018,0.13891579197810966,0.23633294144899764,0.20728784888158636,0.1323415634452645,0.10542877881813029,0.10450836757414828
4.0200000000000005,0.13892541648733459,0.23640323648836215,0.2072634388550607,0.13234836125287086,0.10542760839698606,0.10451600145418016
4.022,0.13893484231493525,0.2364731313184587,0.2072388010752555,0.13235490210295886,0.10542622326748274,0.1045234108907862
4.024,0.13894406983326513,0.23654262647448676,0.2072139360771843,0.13236118648687922,0.10542462384519302,0.10453059629170913
4.026,0.13895309941421785,0.23661172249131046,0.20718884439503227,0.13236721489550507,0.10542281054533187,0.10453755806437415
4.0280000000000005,0.13896193142922786,0.236680419903458,0.20716352656215653,0.13237298781923257,0.10542078378275677,0.10454429661588915
4.03,0.13897056624927084,0.23674871924512164,0.20713798311108667,0.13237850574798027,0.10541854397196704,0.10455081235304364
4.032,0.13897900424486398,0.23681662105015677,0.20711221457352647,0.13238376917118888,0.10541609152710407,0.10455710568230914
4.034,0.1389872457860668,0.23688412585208218,0.20708622148035327,0.13238877857782128,0.1054134268619511,0.10456317700983875
4.0360000000000005,0.13899529124248078,0.23695123418407893,0.20706000436161998,0.13239353445636226,0.10541055038993274,0.10456902674146717
4.038,0.1390031409832504,0.23701794657899056,0.20703356374655502,0.13239803729481836,0.10540746252411504,0.10457465528271004
4.04,0.13901079537706318,0.23708426356932244,0.20700690016356327,0.13240228758071826,0.10540416367720518,0.1045800630387641
4.042,0.13901825479215035,0.23715018568724133,0.20698001414022693,0.1324062858011117,0.10540065426155176,0.10458525041450661
4.0440000000000005,0.13902551959628684,0.23721571346457537,0.20695290620330642,0.13241003244256966,0.10539693468914413,0.10459021781449551
4.046,0.13903259015679192,0.2372808474328132,0.2069255768787408,0.1324135279911849,0.10539300537161211,0.10459496564296922
4.048,0.1390394668405297,0.2373455881231039,0.20689802669164847,0.1324167729325707,0.10538886672022652,0.10459949430384619
4.05,0.13904615001390908,0.23740993606625693,0.20687025616632826,0.13241976775186148,0.10538451914589819,0.10460380420072468
4.0520000000000005,0.13905264004288465,0.2374738917927408,0.20684226582626009,0.13242251293371243,0.10537996305917852,0.10460789573688278
4.054,0.13905893729295693,0.2375374558326835,0.20681405619410564,0.13242500896229936,0.10537519887025892,0.10461176931527794
4.056,0.1390650421291726,0.2376006287158723,0.20678562779170906,0.13242725632131847,0.1053702269889707,0.10461542533854695
4.058,0.13907095491612487,0.2376634109717526,0.206756981140098,0.13242925549398654,0.10536504782478495,0.10461886420900557
4.0600000000000005,0.13907667601795404,0.23772580312942826,0.20672811675948366,0.13243100696304055,0.10535966178681244,0.10462208632864867
4.062,0.13908220579834785,0.237787805717661,0.20669903516926258,0.1324325112107374,0.10535406928380309,0.10462509209914983
4.064,0.13908754462054174,0.2378494192648699,0.2066697368880166,0.13243376871885393,0.10534827072414665,0.10462788192186068
4.066,0.1390926928473193,0.23791064429913145,0.2066402224335142,0.13243477996868713,0.10534226651587164,0.10463045619781153
4.0680000000000005,0.1390976508410129,0.23797148134817858,0.20661049232271056,0.1324355454410533,0.1053360570666455,0.10463281532771074
4.07,0.1391024189635035,0.238031930939401,0.20658054707174878,0.13243606561628862,0.10532964278377488,0.10463495971194425
4.072,0.1391069975762218,0.23809199359984445,0.20655038719596086,0.13243634097424883,0.10532302407420491,0.10463688975057583
4.074,0.13911138704014792,0.2381516698562105,0.2065200132098679,0.1324363719943087,0.10531620134451947,0.10463860584334683
4.0760000000000005,0.13911558771581212,0.23821096023485588,0.2064894256271812,0.13243615915536244,0.1053091750009405,0.10464010838967575
4.078,0.13911959996329526,0.23826986526179295,0.20645862496080314,0.1324357029358234,0.10530194544932847,0.10464139778865822
4.08,0.139123424142229,0.2383283854626883,0.20642761172282764,0.13243500381362372,0.10529451309518167,0.1046424744390666
4.082,0.13912706061179625,0.2383865213628633,0.20639638642454128,0.1324340622662148,0.1052868783436367,0.10464333873935017
4.0840000000000005,0.1391305097307316,0.23844427348729358,0.20636494957642348,0.13243287877056642,0.10527904159946777,0.10464399108763467
4.086,0.1391337718573218,0.2385016423606081,0.20633330168814812,0.13243145380316745,0.10527100326708672,0.10464443188172212
4.088,0.13913684734940568,0.23855862850708953,0.20630144326858346,0.1324297878400249,0.105262763750543,0.1046446615190908
4.09,0.13913973656437517,0.23861523245067362,0.20626937482579333,0.1324278813566646,0.10525432345352348,0.10464468039689456
4.0920000000000005,0.1391424398591754,0.2386714547149491,0.20623709686703795,0.1324257348281308,0.10524568277935242,0.10464448891196354
4.094,0.13914495759030476,0.23872729582315722,0.20620460989877487,0.13242334872898587,0.10523684213099083,0.10464408746080278
4.096,0.139147290113816,0.23878275629819123,0.20617191442665894,0.13242072353331014,0.10522780191103687,0.10464347643959337
4.098,0.13914943778531574,0.23883783666259628,0.2061390109555441,0.13241785971470255,0.10521856252172546,0.10464265624419089
4.1,0.13915140095996592,0.23889253743856909,0.2061058999894836,0.13241475774627953,0.10520912436492846,0.10464162727012649
4.102,0.139153179992483,0.23894685914795777,0.20607258203173062,0.13241141810067591,0.10519948784215405,0.10464038991260605
4.104,0.13915477523713937,0.2390008023122614,0.2060390575847395,0.132407841250044,0.10518965335454689,0.1046389445665099
4.106,0.1391561870477631,0.23905436745262953,0.20600532715016628,0.13240402766605386,0.10517962130288794,0.1046372916263929
4.108,0.13915741577773844,0.23910755508986203,0.20597139122886965,0.1323999778198932,0.10516939208759446,0.10463543148648413
4.11,0.13915846178000657,0.2391603657444088,0.20593725032091137,0.13239569218226754,0.10515896610871955,0.10463336454068695
4.112,0.13915932540706533,0.2392127999363698,0.20590290492555718,0.1323911712233996,0.10514834376595239,0.10463109118257852
4.114,0.13916000701097042,0.23926485818549414,0.20586835554127814,0.13238641541302987,0.10513752545861776,0.10462861180540983
4.116,0.13916050694333504,0.23931654101118016,0.20583360266575035,0.13238142522041563,0.1051265115856761,0.10462592680210525
4.118,0.1391608255553305,0.23936784893247487,0.20579864679585658,0.1323762011143319,0.10511530254572365,0.10462303656526273
4.12,0.1391609631976869,0.23941878246807424,0.2057634884276871,0.13237074356307077,0.10510389873699166,0.10461994148715337
4.122,0.13916092022069337,0.23946934213632232,0.2057281280565395,0.13236505303444113,0.10509230055734675,0.10461664195972142
4.124,0.13916069697419808,0.23951952845521096,0.2056925661769209,0.13235912999576938,0.10508050840429095,0.10461313837458386
4.126,0.13916029380760908,0.2395693419423801,0.2056568032825472,0.13235297491389875,0.10506852267496125,0.10460943112303034
4.128,0.13915971106989433,0.23961878311511686,0.20562083986634527,0.1323465882551893,0.10505634376612916,0.10460552059602324
4.13,0.1391589491095826,0.2396678524903555,0.20558467642045253,0.13233997048551793,0.10504397207420135,0.10460140718419697
4.132,0.13915800827476343,0.23971655058467722,0.20554831343621882,0.13233312207027859,0.10503140799521904,0.10459709127785843
4.134,0.13915688891308742,0.23976487791431,0.2055117514042064,0.1323260434743816,0.10501865192485815,0.10459257326698657
4.136,0.1391555913717668,0.23981283499512762,0.20547499081419107,0.13231873516225434,0.1050057042584287,0.10458785354123212
4.138,0.1391541159975762,0.2398604223426506,0.205438032155163,0.13231119759784038,0.1049925653908752,0.10458293248991746
4.14,0.13915246313685237,0.2399076404720446,0.20540087591532696,0.1323034312446003,0.10497923571677648,0.10457781050203652
4.142,0.13915063313549458,0.23995448989812118,0.20536352258210422,0.1322954365655109,0.1049657156303454,0.10457248796625462
4.144,0.13914862633896585,0.24000097113533725,0.20532597264213237,0.13228721402306554,0.1049520055254285,0.10456696527090825
4.146,0.13914644309229218,0.24004708469779423,0.20528822658126633,0.13227876407927397,0.10493810579550655,0.10456124280400503
4.148,0.13914408374006393,0.2400928310992385,0.20525028488457941,0.13227008719566258,0.10492401683369401,0.10455532095322351
4.15,0.13914154862643557,0.2401382108530612,0.20521214803636378,0.13226118383327368,0.1049097390327387,0.10454920010591273
4.152,0.1391388380951264,0.24018322447229723,0.20517381652013156,0.1322520544526662,0.10489527278502231,0.10454288064909245
4.154,0.13913595248942046,0.24022787246962585,0.20513529081861548,0.1322426995139152,0.1048806184825597,0.1045363629694529
4.156,0.13913289215216773,0.24027215535736968,0.20509657141376958,0.13223311947661176,0.10486577651699913,0.10452964745335436
4.158,0.13912965742578365,0.24031607364749474,0.2050576587867703,0.1322233147998635,0.10485074727962207,0.10452273448682758
4.16,0.13912624865224976,0.2403596278516107,0.20501855341801667,0.13221328594229398,0.10483553116134314,0.10451562445557272
4.162,0.13912266617311464,0.24040281848096967,0.20497925578713172,0.13220303336204298,0.10482012855270972,0.10450831774496017
4.164,0.13911891032949364,0.2404456460464668,0.2049397663729633,0.13219255751676617,0.10480453984390259,0.10450081474002992
4.166,0.13911498146206958,0.24048811105863943,0.20490008565358409,0.1321818588636352,0.10478876542473481,0.10449311582549137
4.168,0.13911087991109272,0.2405302140276675,0.2048602141062934,0.1321709378593383,0.10477280568465219,0.10448522138572303
4.17,0.1391066060163817,0.2405719554633725,0.2048201522076174,0.132159794960079,0.10475666101273329,0.1044771318047728
4.172,0.13910216011732368,0.24061333587521805,0.20477990043330996,0.13214843062157722,0.10474033179768938,0.10446884746635776
4.174,0.13909754255287465,0.24065435577230887,0.20473945925835357,0.13213684529906877,0.1047238184278636,0.10446036875386366
4.176,0.1390927536615596,0.24069501566339135,0.20469882915696025,0.13212503944730525,0.10470712129123161,0.10445169605034499
4.178,0.13908779378147362,0.2407353160568526,0.20465801060257172,0.13211301352055438,0.10469024077540157,0.10444282973852492
4.18,0.1390826632502815,0.24077525746072093,0.20461700406786099,0.1321007679725994,0.10467317726761327,0.10443377020079514
4.182,0.13907736240521862,0.24081484038266487,0.20457581002473302,0.13208830325673993,0.10465593115473859,0.10442451781921536
4.184,0.13907189158309108,0.24085406532999332,0.20453442894432494,0.13207561982579108,0.10463850282328169,0.10441507297551378
4.186,0.13906625112027626,0.2408929328096554,0.2044928612970076,0.13206271813208392,0.10462089265937813,0.10440543605108643
4.188,0.13906044135272277,0.24093144332824012,0.20445110755238582,0.13204959862746524,0.10460310104879555,0.10439560742699738
4.19,0.13905446261595134,0.24096959739197632,0.20440916817929966,0.13203626176329797,0.10458512837693279,0.1043855874839783
4.192,0.13904831524505523,0.241007395506732,0.20436704364582448,0.13202270799046056,0.10456697502882073,0.10437537660242846
4.194,0.13904199957469987,0.2410448381780148,0.20432473441927268,0.1320089377593474,0.10454864138912123,0.1043649751624145
4.196,0.13903551593912433,0.24108192591097088,0.20428224096619396,0.13199495151986884,0.104530127842128,0.10435438354367066
4.198,0.1390288646721407,0.24111865921038578,0.20423956375237617,0.13198074972145069,0.10451143477176572,0.10434360212559812
4.2,0.13902204610713498,0.24115503858068332,0.204196703242846,0.13196633281303494,0.10449256256159023,0.10433263128726522
4.202,0.13901506057706747,0.24119106452592587,0.2041536599018703,0.1319517012430791,0.10447351159478857,0.10432147140740722
4.204,0.13900790841447308,0.2412267375498136,0.20411043419295627,0.1319368554595568,0.10445428225417897,0.10431012286442609
4.206,0.13900058995146147,0.24126205815568524,0.20406702657885267,0.13192179590995723,0.1044348749222106,0.10429858603639053
4.208,0.13899310551971777,0.2412970268465171,0.2040234375215504,0.13190652304128547,0.10441528998096317,0.1042868613010357
4.21,0.138985455450503,0.2413316441249227,0.20397966748228358,0.13189103730006257,0.10439552781214756,0.10427494903576306
4.212,0.13897764007465385,0.2413659104931536,0.2039357169215299,0.1318753391323253,0.10437558879710496,0.10426284961764054
4.214,0.1389696597225838,0.24139982645309788,0.20389158629901183,0.13185942898362613,0.1043554733168075,0.10425056342340189
4.216,0.1389615147242831,0.24143339250628104,0.20384727607369757,0.1318433072990337,0.10433518175185785,0.10423809082944735
4.218,0.13895320540931944,0.24146660915386509,0.20380278670380103,0.1318269745231324,0.10431471448248897,0.10422543221184255
4.22,0.13894473210683755,0.24149947689664897,0.20375811864678384,0.13181043110002277,0.10429407188856432,0.10421258794631894
4.222,0.1389360951455607,0.2415319962350675,0.2037132723593551,0.13179367747332082,0.10427325434957768,0.10419955840827377
4.224,0.1389272948537903,0.2415641676691922,0.20366824829747254,0.13177671408615876,0.10425226224465312,0.10418634397276971
4.226,0.1389183315594067,0.24159599169873047,0.2036230469163438,0.13175954138118473,0.10423109595254476,0.10417294501453456
4.228,0.13890920558986886,0.24162746882302555,0.2035776686704267,0.1317421598005628,0.10420975585163683,0.10415936190796193
4.23,0.13889991727221562,0.24165859954105606,0.20353211401343008,0.13172456978597302,0.10418824231994361,0.10414559502710996
4.232,0.13889046693306573,0.2416893843514365,0.20348638339831493,0.13170677177861156,0.10416655573510947,0.10413164474570213
4.234,0.138880854898618,0.24171982375241652,0.20344047727729464,0.1316887662191908,0.10414469647440838,0.10411751143712666
4.236,0.1388710814946521,0.24174991824188075,0.20339439610183674,0.131670553547939,0.10412266491474442,0.10410319547443647
4.238,0.1388611470465284,0.24177966831734876,0.20334814032266246,0.13165213420460042,0.10410046143265128,0.10408869723034919
4.24,0.13885105187918878,0.24180907447597488,0.20330171038974898,0.13163350862843592,0.1040780864042925,0.10407401707724717
4.242,0.13884079631715673,0.24183813721454817,0.20325510675232894,0.13161467725822207,0.10405554020546082,0.10405915538717703
4.244,0.13883038068453812,0.24186685702949196,0.2032083298588918,0.1315956405322518,0.10403282321157903,0.10404411253184964
4.246,0.13881980530502114,0.2418952344168639,0.2031613801571852,0.13157639888833428,0.10400993579769913,0.10402888888263995
4.248,0.13880907050187719,0.24192326987235568,0.20311425809421468,0.1315569527637952,0.10398687833850251,0.10401348481058714
4.25,0.13879817659796045,0.24195096389129267,0.20306696411624525,0.13153730259547625,0.10396365120829998,0.10399790068639425
4.252,0.13878712391570902,0.24197831696863425,0.2030194986688021,0.13151744881973593,0.10394025478103175,0.10398213688042834
4.2540000000000004,0.13877591277714485,0.24200532959897325,0.2029718621966714,0.1314973918724487,0.10391668943026722,0.10396619376271987
4.256,0.13876454350387424,0.2420320022765361,0.20292405514390066,0.13147713218900559,0.10389295552920497,0.10395007170296311
4.258,0.13875301641708848,0.24205833549518196,0.20287607795380036,0.13145667020431429,0.10386905345067254,0.10393377107051593
4.26,0.13874133183756387,0.24208432974840366,0.20282793106894403,0.13143600635279906,0.10384498356712668,0.1039172922343996
4.2620000000000005,0.13872949008566238,0.2421099855293265,0.20277961493116958,0.13141514106840058,0.1038207462506533,0.10390063556329832
4.264,0.1387174914813314,0.24213530333070898,0.20273112998157972,0.13139407478457632,0.10379634187296682,0.10388380142555986
4.266,0.1387053363441051,0.2421602836449417,0.20268247666054306,0.1313728079343004,0.10377177080541111,0.10386679018919498
4.268,0.13869302499310399,0.24218492696404814,0.20263365540769462,0.13135134095006373,0.10374703341895852,0.10384960222187711
4.2700000000000005,0.13868055774703558,0.24220923377968395,0.2025846666619373,0.1313296742638741,0.10372213008421016,0.10383223789094309
4.272,0.13866793492419482,0.2422332045831368,0.20253551086144195,0.13130780830725586,0.1036970611713961,0.10381469756339201
4.274,0.13865515684246432,0.24225683986532665,0.20248618844364863,0.13128574351125066,0.10367182705037492,0.10379698160588613
4.276,0.138642223819315,0.2422801401168051,0.20243669984526713,0.131263480306417,0.10364642809063396,0.10377909038474975
4.2780000000000005,0.1386291361718064,0.2423031058277556,0.20238704550227804,0.13124101912283015,0.10362086466128906,0.10376102426596989
4.28,0.1386158942165865,0.24232573748799302,0.20233722584993363,0.13121836039008294,0.10359513713108437,0.10374278361519607
4.282,0.1386024982698928,0.24234803558696383,0.2022872413227581,0.13119550453728523,0.103569245868393,0.10372436879773961
4.284,0.13858894864755222,0.2423700006137457,0.20223709235454934,0.13117245199306393,0.10354319124121636,0.10370578017857457
4.2860000000000005,0.13857524566498203,0.24239163305704747,0.20218677937837892,0.13114920318556345,0.10351697361718393,0.1036870181223366
4.288,0.13856138963718956,0.2424129334052092,0.20213630282659323,0.13112575854244524,0.10349059336355393,0.10366808299332364
4.29,0.13854738087877294,0.24243390214620142,0.2020856631308141,0.1311021184908887,0.10346405084721266,0.1036489751554952
4.292,0.13853321970392152,0.24245453976762565,0.20203486072194043,0.13107828345759032,0.10343734643467473,0.10362969497247287
4.2940000000000005,0.13851890642641607,0.24247484675671416,0.20198389603014766,0.13105425386876446,0.10341048049208301,0.10361024280753961
4.296,0.13850444135962903,0.24249482360032948,0.2019327694848898,0.1310300301501428,0.10338345338520849,0.10359061902364042
4.298,0.1384898248165254,0.24251447078496446,0.2018814815148997,0.1310056127269752,0.1033562654794502,0.10357082398338124
4.3,0.13847505710966268,0.24253378879674226,0.20183003254818965,0.13098100202402874,0.1033289171398355,0.10355085804902986
4.3020000000000005,0.13846013855119121,0.2425527781214163,0.20177842301205273,0.1309561984655887,0.10330140873101956,0.1035307215825152
4.304,0.13844506945285473,0.24257143924436986,0.2017266533330635,0.13093120247545853,0.10327374061728589,0.10351041494542756
4.306,0.13842985012599085,0.2425897726506161,0.20167472393707842,0.13090601447695938,0.10324591316254583,0.103489938499018
4.308,0.13841448088153108,0.24260777882479778,0.20162263524923696,0.13088063489293056,0.10321792673033836,0.10346929260419913
4.3100000000000005,0.13839896203000146,0.24262545825118753,0.20157038769396274,0.13085506414572978,0.10318978168383075,0.10344847762154408
4.312,0.13838329388152282,0.24264281141368715,0.20151798169496393,0.1308293026572327,0.10316147838581813,0.10342749391128714
4.314,0.13836747674581118,0.2426598387958281,0.20146541767523396,0.13080335084883377,0.10313301719872325,0.10340634183332331
4.316,0.13835151093217823,0.24267654088077095,0.2014126960570526,0.13077720914144542,0.10310439848459674,0.10338502174720832
4.3180000000000005,0.13833539674953155,0.24269291815130534,0.20135981726198704,0.1307508779554991,0.10307562260511705,0.10336353401215836
4.32,0.13831913450637523,0.24270897108985023,0.201306781710892,0.13072435771094448,0.10304668992159027,0.10334187898705038
4.322,0.1383027245108095,0.24272470017845338,0.2012535898239114,0.1306976488272502,0.10301760079495059,0.10332005703042157
4.324,0.1382861670705322,0.24274010589879125,0.20120024202047837,0.1306707517234038,0.10298835558575936,0.10329806850046985
4.3260000000000005,0.13826946249283845,0.24275518873216906,0.20114673871931665,0.1306436668179114,0.10295895465420579,0.10327591375505296
4.328,0.13825261108462095,0.24276994915952077,0.20109308033844098,0.13061639452879836,0.10292939836010673,0.10325359315168914
4.33,0.13823561315237076,0.24278438766140864,0.20103926729515842,0.13058893527360915,0.10289968706290664,0.10323110704755689
4.332,0.1382184690021775,0.24279850471802322,0.20098530000606885,0.13056128946940726,0.10286982112167764,0.10320845579949456
4.3340000000000005,0.1382011789397295,0.2428123008091838,0.2009311788870658,0.13053345753277568,0.10283980089511902,0.1031856397640003
4.336,0.13818374327031457,0.24282577641433756,0.20087690435333738,0.13050543987981644,0.10280962674155814,0.10316265929723256
4.338,0.13816616229882017,0.24283893201255968,0.20082247681936694,0.13047723692615154,0.10277929901894955,0.1031395147550096
4.34,0.13814843632973361,0.2428517680825535,0.2007678966989339,0.13044884908692245,0.10274881808487524,0.10311620649280906
4.3420000000000005,0.13813056566714277,0.24286428510265035,0.200713164405115,0.1304202767767899,0.10271818429654456,0.10309273486576864
4.344,0.13811255061473604,0.24287648355080904,0.20065828035028455,0.13039152040993507,0.10268739801079474,0.10306910022868543
4.346,0.13809439147580305,0.2428883639046162,0.20060324494611548,0.13036258040005855,0.10265645958408998,0.1030453029360161
4.348,0.13807608855323483,0.24289992664128635,0.20054805860358038,0.13033345716038136,0.10262536937252209,0.10302134334187696
4.3500000000000005,0.13805764214952454,0.24291117223766112,0.20049272173295196,0.13030415110364424,0.10259412773181009,0.10299722180004345
4.352,0.1380390525667674,0.24292210117020985,0.20043723474380393,0.13027466264210852,0.1025627350173004,0.10297293866395063
4.354,0.1380203201066612,0.24293271391502924,0.20038159804501232,0.13024499218755548,0.10253119158396684,0.1029484942866925
4.356,0.1380014450705065,0.24294301094784299,0.20032581204475552,0.1302151401512872,0.10249949778641065,0.10292388902102245
4.358,0.13798242775920744,0.24295299274400217,0.20026987715051559,0.13018510694412644,0.10246765397886026,0.1028991232193528
4.36,0.1379632684732719,0.24296265977848508,0.20021379376907888,0.13015489297641603,0.10243566051517128,0.10287419723375524
4.362,0.1379439675128118,0.2429720125258965,0.20015756230653725,0.13012449865802034,0.10240351774882694,0.10284911141595998
4.364,0.13792452517754317,0.24298105146046867,0.20010118316828862,0.13009392439832412,0.10237122603293725,0.10282386611735683
4.366,0.13790494176678725,0.2429897770560605,0.2000446567590375,0.1300631706062334,0.1023387857202398,0.10279846168899387
4.368,0.13788521757947025,0.24299818978615773,0.199987983482796,0.13003223769017525,0.10230619716309941,0.10277289848157811
4.37,0.13786535291412383,0.24300629012387254,0.19993116374288533,0.13000112605809822,0.10227346071350807,0.10274717684547552
4.372,0.1378453480688857,0.24301407854194412,0.1998741979419354,0.12996983611747215,0.10224057672308495,0.10272129713071054
4.374,0.13782520334149972,0.24302155551273774,0.19981708648188667,0.12993836827528837,0.10220754554307643,0.10269525968696636
4.376,0.13780491902931646,0.2430287215082454,0.19975982976399043,0.12990672293805994,0.10217436752435605,0.1026690648635844
4.378,0.1377844954292935,0.2430355770000856,0.1997024281888098,0.12987490051182138,0.10214104301742477,0.10264271300956507
4.38,0.13776393283799582,0.24304212245950296,0.19964488215622045,0.12984290140212962,0.10210757237241053,0.10261620447356679
4.382,0.13774323155159585,0.24304835835736838,0.19958719206541176,0.12981072601406307,0.10207395593906865,0.10258953960390671
4.384,0.13772239186587432,0.24305428516417882,0.19952935831488716,0.12977837475222276,0.10204019406678144,0.10256271874856004
4.386,0.1377014140762205,0.24305990335005778,0.19947138130246533,0.12974584802073186,0.10200628710455839,0.10253574225516027
4.388,0.1376802984776324,0.2430652133847544,0.1994132614252806,0.12971314622323593,0.10197223540103617,0.10250861047099913
4.39,0.13765904536471707,0.2430702157376441,0.19935499907978427,0.12968026976290292,0.10193803930447887,0.10248132374302665
4.392,0.13763765503169134,0.24307491087772792,0.19929659466174532,0.12964721904242382,0.1019036991627773,0.10245388241785092
4.394,0.13761612777238197,0.24307929927363303,0.19923804856625082,0.129613994464012,0.10186921532344972,0.10242628684173782
4.396,0.13759446388022578,0.2430833813936124,0.19917936118770752,0.12958059642940434,0.10183458813364177,0.10239853736061155
4.398,0.13757266364827037,0.24308715770554445,0.19912053291984155,0.1295470253398603,0.10179981794012583,0.10237063432005411
4.4,0.13755072736917429,0.24309062867693365,0.19906156415570053,0.1295132815961626,0.10176490508930147,0.10234257806530533
4.402,0.13752865533520753,0.2430937947749101,0.19900245528765326,0.12947936559861772,0.10172984992719569,0.10231436894126289
4.404,0.13750644783825172,0.24309665646622913,0.19894320670739152,0.1294452777470554,0.10169465279946266,0.1022860072924825
4.406,0.1374841051698008,0.24309921421727188,0.1988838188059301,0.1294110184408288,0.10165931405138351,0.10225749346317747
4.408,0.13746162762096104,0.2431014684940449,0.19882429197360807,0.12937658807881536,0.10162383402786679,0.10222882779721876
4.41,0.1374390154824514,0.24310341976217997,0.1987646266000893,0.12934198705941613,0.10158821307344801,0.10220001063813489
4.412,0.13741626904460413,0.2431050684869347,0.19870482307436377,0.12930721578055637,0.10155245153228987,0.10217104232911223
4.414,0.13739338859736527,0.24310641513319142,0.19864488178474793,0.1292722746396855,0.1015165497481827,0.10214192321299476
4.416,0.13737037443029454,0.24310746016545837,0.1985848031188857,0.12923716403377727,0.10148050806454334,0.10211265363228361
4.418,0.13734722683256595,0.24310820404786848,0.19852458746374912,0.1292018843593301,0.10144432682441651,0.10208323392913776
4.42,0.13732394609296827,0.24310864724418013,0.19846423520563938,0.12916643601236677,0.10140800637047387,0.10205366444537334
4.422,0.13730053249990526,0.24310879021777687,0.19840374673018757,0.1291308193884353,0.10137154704501405,0.10202394552246408
4.424,0.13727698634139585,0.24310863343166744,0.19834312242235574,0.12909503488260854,0.10133494918996333,0.10199407750154088
4.426,0.13725330790507484,0.24310817734848533,0.1982823626664374,0.1290590828894842,0.10129821314687515,0.10196406072339226
4.428,0.13722949747819335,0.24310742243048922,0.1982214678460581,0.12902296380318568,0.10126133925693037,0.10193389552846366
4.43,0.13720555534761836,0.24310636913956274,0.19816043834417707,0.12898667801736163,0.1012243278609366,0.10190358225685792
4.432,0.13718148179983425,0.24310501793721428,0.19809927454308718,0.128950225925186,0.1011871792993293,0.10187312124833481
4.434,0.1371572771209424,0.24310336928457765,0.19803797682441626,0.12891360791935913,0.10114989391217111,0.10184251284231172
4.436,0.13713294159666178,0.24310142364241094,0.19797654556912803,0.12887682439210657,0.10111247203915186,0.10181175737786297
4.438,0.13710847551232908,0.24309918147109744,0.19791498115752248,0.1288398757351803,0.10107491401958879,0.10178085519371982
4.44,0.1370838791528992,0.24309664323064517,0.19785328396923685,0.12880276233985843,0.10103722019242634,0.10174980662827093
4.442,0.1370591528029459,0.24309380938068692,0.19779145438324663,0.1287654845969457,0.10099939089623677,0.10171861201956145
4.444,0.1370342967466618,0.2430906803804802,0.1977294927778661,0.12872804289677298,0.10096142646921935,0.1016872717052939
4.446,0.13700931126785898,0.24308725668890707,0.1976673995307494,0.12869043762919818,0.10092332724920072,0.10165578602282754
4.448,0.1369841966499692,0.24308353876447453,0.1976051750188914,0.12865266918360585,0.1008850935736354,0.10162415530917879
4.45,0.136958953176044,0.2430795270653141,0.19754281961862818,0.12861473794890754,0.10084672577960485,0.10159237990102055
4.452,0.13693358112875575,0.24307522204918208,0.1974803337056381,0.12857664431354232,0.10080822420381841,0.10156046013468312
4.454,0.1369080807903973,0.24307062417345926,0.19741771765494276,0.1285383886654763,0.10076958918261258,0.1015283963461533
4.456,0.13688245244288266,0.24306573389515096,0.1973549718409071,0.12849997139220326,0.10073082105195175,0.10149618887107459
4.458,0.13685669636774778,0.24306055167088703,0.19729209663724134,0.12846139288074476,0.10069192014742767,0.10146383804474746
4.46,0.13683081284614973,0.24305507795692205,0.19722909241700104,0.12842265351765003,0.10065288680425954,0.10143134420212885
4.462,0.13680480215886837,0.24304931320913492,0.19716595955258764,0.12838375368899668,0.1006137213572944,0.10139870767783288
4.464,0.13677866458630605,0.24304325788302927,0.19710269841575045,0.12834469378039004,0.1005744241410067,0.10136592880612993
4.466,0.1367524004084879,0.24303691243373304,0.19703930937758618,0.12830547417696425,0.10053499548949874,0.10133300792094735
4.468,0.13672600990506245,0.24303027731599847,0.1969757928085405,0.12826609526338184,0.10049543573650022,0.10129994535586873
4.47,0.13669949335530163,0.24302335298420275,0.1969121490784087,0.12822655742383415,0.10045574521536871,0.10126674144413461
4.472,0.1366728510381019,0.24301613989234694,0.19684837855633663,0.12818686104204136,0.10041592425908963,0.10123339651864205
4.474,0.13664608323198357,0.24300863849405707,0.19678448161082107,0.12814700650125266,0.10037597320027603,0.1011999109119448
4.476,0.13661919021509195,0.24300084924258303,0.1967204586097111,0.12810699418424676,0.1003358923711688,0.10116628495625268
4.478,0.1365921722651975,0.24299277259079943,0.19665630992020855,0.12806682447333162,0.10029568210363671,0.10113251898343267
4.48,0.13656502965969586,0.24298440899120544,0.19659203590886887,0.1280264977503447,0.10025534272917636,0.1010986133250078
4.482,0.1365377626756088,0.24297575889592404,0.19652763694160225,0.12798601439665358,0.10021487457891198,0.1010645683121576
4.484,0.1365103715895839,0.24296682275670323,0.19646311338367406,0.1279453747931556,0.10017427798359613,0.10103038427571831
4.486,0.1364828566778955,0.24295760102491482,0.19639846559970575,0.12790457932027843,0.10013355327360896,0.10099606154618246
4.488,0.13645521821644468,0.24294809415155538,0.19633369395367573,0.12786362835797993,0.10009270077895893,0.10096160045369929
4.49,0.1364274564807597,0.2429383025872458,0.19626879880892023,0.12782252228574853,0.10005172082928215,0.10092700132807386
4.492,0.1363995717459967,0.24292822678223103,0.19620378052813425,0.1277812614826035,0.10001061375384324,0.1008922644987682
4.494,0.13637156428693942,0.24291786718638053,0.19613863947337196,0.1277398463270949,0.09996937988153465,0.10085739029490037
4.496,0.13634343437800012,0.2429072242491881,0.1960733760060478,0.1276982771973041,0.09992801954087716,0.10082237904524516
4.498,0.1363151822932196,0.242896298419772,0.1960079904869374,0.12765655447084345,0.09988653306001938,0.10078723107823317
4.5,0.1362868083062676,0.24288509014687487,0.19594248327617803,0.12761467852485686,0.09984492076673845,0.10075194672195176
4.502,0.1362583126904433,0.24287359987886337,0.19587685473326943,0.1275726497360199,0.0998031829884396,0.10071652630414474
4.5040000000000004,0.13622969571867571,0.2428618280637289,0.19581110521707545,0.12753046848054006,0.09976132005215654,0.10068097015221178
4.506,0.1362009576635237,0.242849775149087,0.19574523508582375,0.1274881351341568,0.0997193322845511,0.10064527859320904
4.508,0.13617209879717684,0.24283744158217746,0.19567924469710718,0.1274456500721417,0.09967722001191359,0.10060945195384918
4.51,0.1361431193914553,0.2428248278098648,0.19561313440788464,0.12740301366929918,0.09963498356016265,0.10057349056050091
4.5120000000000005,0.13611401971781034,0.24281193427863768,0.19554690457448154,0.12736022629996602,0.09959262325484564,0.10053739473918943
4.514,0.1360848000473247,0.242798761434609,0.19548055555259114,0.1273172883380116,0.099550139421138,0.10050116481559601
4.516,0.13605546065071317,0.24278530972351642,0.19541408769727497,0.12727420015683877,0.09950753238384413,0.10046480111505818
4.518,0.13602600179832258,0.2427715795907217,0.19534750136296353,0.12723096212938323,0.09946480246739697,0.10042830396256974
4.5200000000000005,0.13599642376013232,0.24275757148121113,0.19528079690345757,0.12718757462811414,0.09942194999585774,0.10039167368278101
4.522,0.13596672680575472,0.24274328583959548,0.19521397467192836,0.12714403802503438,0.09937897529291684,0.10035491059999835
4.524,0.1359369112044353,0.24272872311010985,0.195147035020919,0.12710035269168052,0.0993358786818932,0.10031801503818416
4.526,0.1359069772250534,0.24271388373661362,0.19507997830234514,0.1270565189991233,0.09929266048573426,0.10028098732095736
4.5280000000000005,0.13587692513612226,0.24269876816259117,0.19501280486749528,0.12701253731796758,0.09924932102701689,0.10024382777159313
4.53,0.13584675520578915,0.24268337683115093,0.19494551506703228,0.12696840801835263,0.09920586062794623,0.10020653671302271
4.532,0.1358164677018363,0.24266771018502586,0.1948781092509937,0.1269241314699523,0.09916227961035662,0.10016911446783339
4.534,0.13578606289168094,0.24265176866657368,0.1948105877687929,0.12687970804197524,0.09911857829571158,0.10013156135826917
4.5360000000000005,0.13575554104237564,0.24263555271777637,0.19474295096921956,0.12683513810316516,0.09907475700510338,0.10009387770623013
4.538,0.13572490242060864,0.24261906278024048,0.19467519920044096,0.1267904220218008,0.09903081605925346,0.10005606383327215
4.54,0.13569414729270424,0.2426022992951975,0.19460733281000198,0.12674556016569682,0.09898675577851246,0.10001812006060806
4.542,0.13566327592462346,0.24258526270350322,0.19453935214482687,0.12670055290220295,0.0989425764828602,0.09998004670910632
4.5440000000000005,0.13563228858196363,0.24256795344563797,0.1944712575512193,0.12665540059820524,0.09889827849190569,0.09994184409929185
4.546,0.1356011855299597,0.24255037196170703,0.19440304937486386,0.12661010362012548,0.09885386212488734,0.09990351255134589
4.548,0.13556996703348378,0.24253251869144,0.19433472796082585,0.12656466233392205,0.09880932770067274,0.09986505238510568
4.55,0.13553863335704608,0.24251439407419162,0.1942662936535533,0.12651907710508925,0.09876467553775914,0.099826463920065
4.5520000000000005,0.13550718476479462,0.24249599854894077,0.19419774679687696,0.12647334829865864,0.09871990595427294,0.09978774747537367
4.554,0.1354756215205164,0.2424773325542917,0.19412908773401116,0.12642747627919837,0.0986750192679704,0.09974890336983777
4.556,0.13544394388763692,0.242458396528473,0.19406031680755498,0.12638146141081386,0.0986300157962372,0.09970993192191968
4.558,0.1354121521292211,0.2424391909093384,0.19399143435949306,0.12633530405714755,0.09858489585608865,0.09967083344973826
4.5600000000000005,0.13538024650797365,0.2424197161343662,0.1939224407311959,0.12628900458137982,0.0985396597641699,0.0996316082710682
4.562,0.13534822728623874,0.2423999726406596,0.19385333626342116,0.12624256334622852,0.09849430783675572,0.09959225670334093
4.564,0.13531609472600148,0.24237996086494684,0.19378412129631428,0.12619598071394966,0.09844884038975099,0.0995527790636439
4.566,0.13528384908888702,0.2423596812435811,0.19371479616940923,0.12614925704633717,0.09840325773868996,0.09951317566872109
4.5680000000000005,0.1352514906361617,0.2423391342125405,0.19364536122162956,0.12610239270472356,0.09835756019873743,0.0994734468349725
4.57,0.13521901962873328,0.24231832020742794,0.19357581679128866,0.12605538804998018,0.09831174808468757,0.09943359287845466
4.572,0.1351864363271511,0.24229723966347172,0.19350616321609126,0.12600824344251693,0.09826582171096532,0.09939361411488057
4.574,0.13515374099160682,0.2422758930155251,0.19343640083313396,0.12596095924228257,0.09821978139162524,0.09935351085961908
4.5760000000000005,0.13512093388193414,0.24225428069806632,0.19336652997890558,0.12591353580876574,0.09817362744035218,0.09931328342769596
4.578,0.1350880152576095,0.242232403145199,0.19329655098928877,0.12586597350099415,0.09812736017046153,0.09927293213379307
4.58,0.13505498537775273,0.24221026079065178,0.19322646419956024,0.1258182726775352,0.09808097989489872,0.09923245729224872
4.582,0.13502184450112686,0.24218785406777865,0.1931562699443916,0.12577043369649643,0.09803448692623995,0.09919185921705753
4.5840000000000005,0.13498859288613874,0.24216518340955906,0.19308596855785076,0.12572245691552553,0.09798788157669147,0.09915113822187083
4.586,0.13495523079083926,0.2421422492485974,0.19301556037340162,0.12567434269181055,0.09794116415809029,0.09911029461999599
4.588,0.1349217584729241,0.24211905201712347,0.19294504572390592,0.12562609138208014,0.09789433498190392,0.09906932872439733
4.59,0.13488817618973337,0.24209559214699272,0.19287442494162366,0.12557770334260376,0.09784739435923084,0.09902824084769524
4.5920000000000005,0.13485448419825263,0.242071870069686,0.19280369835821376,0.12552917892919213,0.09780034260080006,0.09898703130216657
4.594,0.13482068275511283,0.24204788621630957,0.19273286630473496,0.125480518497197,0.09775318001697131,0.09894570039974515
4.596,0.13478677211659074,0.2420236410175951,0.1926619291116467,0.1254317224015118,0.09770590691773529,0.09890424845202084
4.598,0.1347527525386094,0.24199913490390035,0.19259088710881,0.12538279099657168,0.09765852361271365,0.09886267577024022
4.6000000000000005,0.13471862427673842,0.24197436830520824,0.1925197406254877,0.12533372463635395,0.09761103041115926,0.09882098266530659
4.602,0.13468438758619428,0.24194934165112758,0.19244848999034603,0.1252845236743778,0.09756342762195591,0.09877916944777976
4.604,0.13465004272184067,0.2419240553708928,0.19237713553145497,0.1252351884637053,0.09751571555361882,0.09873723642787624
4.606,0.13461558993818912,0.24189850989336437,0.19230567757628925,0.12518571935694056,0.09746789451429394,0.09869518391546883
4.6080000000000005,0.13458102948939876,0.24187270564702845,0.19223411645172872,0.12513611670623126,0.09741996481175907,0.09865301222008749
4.61,0.13454636162927702,0.24184664305999704,0.19216245248405994,0.12508638086326784,0.09737192675342321,0.09861072165091844
4.612,0.13451158661128026,0.24182032256000818,0.19209068599897594,0.12503651217928424,0.09732378064632696,0.09856831251680509
4.614,0.1344767046885138,0.24179374457442604,0.192018817321578,0.12498651100505809,0.09727552679714235,0.0985257851262471
4.616,0.1344417161137319,0.2417669095302406,0.19194684677637586,0.1249363776909107,0.09722716551217303,0.09848313978740109
4.618,0.13440662113933888,0.24173981785406817,0.19187477468728864,0.12488611258670779,0.0971786970973545,0.0984403768080806
4.62,0.13437142001738867,0.24171246997215112,0.1918026013776457,0.12483571604185895,0.09713012185825409,0.09839749649575591
4.622,0.13433611299958592,0.24168486631035813,0.19173032717018734,0.12478518840531838,0.0970814401000708,0.09835449915755401
4.624,0.13430070033728603,0.24165700729418416,0.19165795238706584,0.12473453002558554,0.09703265212763568,0.09831138510025905
4.626,0.1342651822814951,0.24162889334875048,0.1915854773498462,0.12468374125070447,0.09698375824541183,0.09826815463031169
4.628,0.1342295590828706,0.24160052489880468,0.19151290237950636,0.12463282242826446,0.09693475875749447,0.09822480805380995
4.63,0.1341938309917221,0.24157190236872106,0.19144022779643866,0.1245817739054007,0.09688565396761106,0.0981813456765086
4.632,0.13415799825801122,0.24154302618250045,0.19136745392045063,0.1245305960287939,0.0968364441791214,0.09813776780381955
4.634,0.1341220611313516,0.24151389676377,0.19129458107076536,0.12447928914467088,0.09678712969501735,0.09809407474081167
4.636,0.13408601986100988,0.2414845145357838,0.1912216095660224,0.12442785359880437,0.0967377108179237,0.09805026679221074
4.638,0.1340498746959058,0.24145487992142245,0.19114853972427892,0.12437628973651393,0.09668818785009736,0.09800634426239974
4.64,0.13401362588461252,0.24142499334319356,0.19107537186300982,0.1243245979026657,0.09663856109342794,0.09796230745541878
4.642,0.13397727367535683,0.24139485522323145,0.19100210629910963,0.12427277844167284,0.09658883084943803,0.0979181566749654
4.644,0.13394081831602,0.24136446598329764,0.19092874334889176,0.12422083169749576,0.09653899741928273,0.09787389222439402
4.646,0.13390426005413758,0.24133382604478015,0.19085528332809076,0.12416875801364213,0.09648906110374988,0.09782951440671628
4.648,0.13386759913690005,0.24130293582869444,0.19078172655186232,0.12411655773316754,0.09643902220326073,0.09778502352460139
4.65,0.13383083581115263,0.24127179575568292,0.19070807333478434,0.12406423119867527,0.09638888101786924,0.09774041988037552
4.652,0.13379397032339657,0.2412404062460154,0.19063432399085722,0.12401177875231717,0.09633863784726282,0.09769570377602266
4.654,0.13375700291978876,0.24120876771958866,0.19056047883350535,0.12395920073579347,0.0962882929907618,0.09765087551318352
4.656,0.1337199338461421,0.24117688059592712,0.1904865381755776,0.12390649749035276,0.09623784674731994,0.09760593539315687
4.658,0.13368276334792606,0.2411447452941824,0.1904125023293477,0.12385366935679287,0.0961872994155244,0.09756088371689864
4.66,0.13364549167026718,0.2411123622331337,0.1903383716065159,0.12380071667546066,0.09613665129359594,0.09751572078502235
4.662,0.133608119057949,0.24107973183118792,0.1902641463182091,0.12374763978625247,0.09608590267938899,0.09747044689779893
4.664,0.1335706457554129,0.24104685450637953,0.19018982677498175,0.12369443902861432,0.09603505387039135,0.09742506235515713
4.666,0.13353307200675757,0.24101373067637044,0.1901154132868168,0.12364111474154238,0.09598410516372469,0.09737956745668308
4.668,0.1334953980557405,0.24098036075845064,0.1900409061631263,0.12358766726358295,0.09593305685614473,0.09733396250162096
4.67,0.13345762414577744,0.24094674516953773,0.1899663057127523,0.12353409693283246,0.09588190924404105,0.09728824778887213
4.672,0.13341975051994304,0.24091288432617763,0.18989161224396733,0.12348040408693839,0.09583066262343731,0.0972424236169962
4.674,0.13338177742097135,0.24087877864454388,0.18981682606447592,0.123426589063099,0.09577931728999145,0.09719649028421018
4.676,0.13334370509125582,0.2408444285404383,0.1897419474814146,0.12337265219806404,0.09572787353899548,0.09715044808838935
4.678,0.13330553377284993,0.24080983442929105,0.18966697680135303,0.12331859382813426,0.0956763316653757,0.0971042973270666
4.68,0.13326726370746744,0.24077499672616032,0.18959191433029488,0.12326441428916257,0.09562469196369294,0.09705803829743265
4.682,0.13322889513648262,0.24073991584573262,0.18951676037367848,0.12321011391655357,0.09557295472814276,0.0970116712963367
4.684,0.13319042830093064,0.240704592202323,0.1894415152363773,0.12315569304526419,0.09552112025255521,0.09696519662028535
4.686,0.13315186344150787,0.24066902620987496,0.1893661792227015,0.12310115200980398,0.0954691888303949,0.09691861456544393
4.688,0.1331132007985727,0.24063321828196083,0.18929075263639783,0.12304649114423527,0.09541716075476159,0.09687192542763534
4.69,0.1330744406121449,0.24059716883178117,0.18921523578065091,0.12299171078217297,0.09536503631839,0.09682512950234101
4.692,0.133035583121907,0.24056087827216555,0.18913962895808423,0.12293681125678568,0.09531281581364937,0.09677822708470063
4.694,0.13299662856720396,0.24052434701557224,0.18906393247076014,0.12288179290079548,0.09526049953254478,0.09673121846951194
4.696,0.13295757718704349,0.2404875754740885,0.1889881466201817,0.12282665604647836,0.09520808776671608,0.09668410395123095
4.698,0.1329184292200971,0.24045056405943077,0.1889122717072922,0.12277140102566397,0.09515558080743847,0.0966368838239724
4.7,0.1328791849046993,0.24041331318294445,0.18883630803247708,0.12271602816973637,0.09510297894562303,0.09658955838150929
4.702,0.13283984447884922,0.24037582325560414,0.1887602558955641,0.1226605378096346,0.0950502824718158,0.0965421279172729
4.704,0.13280040818020966,0.2403380946880136,0.18868411559582432,0.12260493027585206,0.09499749167619886,0.09649459272435346
4.706,0.13276087624610855,0.24030012789040622,0.18860788743197254,0.12254920589843765,0.09494460684859019,0.09644695309549967
4.708,0.13272124891353876,0.24026192327264462,0.18853157170216872,0.12249336500699526,0.09489162827844311,0.09639920932311852
4.71,0.1326815264191581,0.24022348124422122,0.18845516870401813,0.1224374079306847,0.09483855625484727,0.09635136169927616
4.712,0.1326417089992904,0.24018480221425764,0.18837867873457226,0.12238133499822146,0.09478539106652817,0.09630341051569746
4.714,0.13260179688992513,0.2401458865915056,0.18830210209033016,0.1223251465378774,0.0947321330018478,0.09625535606376578
4.716,0.13256179032671844,0.24010673478434663,0.1882254390672382,0.12226884287748074,0.09467878234880422,0.09620719863452365
4.718,0.132521689544993,0.24006734720079193,0.1881486899606919,0.12221242434441626,0.09462533939503204,0.0961589385186723
4.72,0.13248149477973858,0.24002772424848295,0.1880718550655358,0.12215589126562598,0.09457180442780211,0.09611057600657213
4.722,0.13244120626561195,0.23998786633469127,0.18799493467606498,0.12209924396760896,0.09451817773402227,0.09606211138824272
4.724,0.13240082423693766,0.2399477738663185,0.18791792908602512,0.12204248277642171,0.09446445960023664,0.09601354495336256
4.726,0.13236034892770854,0.23990744724989654,0.1878408385886139,0.12198560801767866,0.09441065031262652,0.0959648769912691
4.728,0.13231978057158522,0.23986688689158786,0.18776366347648143,0.12192862001655214,0.09435675015700995,0.09591610779095938
4.73,0.13227911940189752,0.23982609319718518,0.1876864040417312,0.12187151909777283,0.09430275941884214,0.09586723764108962
4.732,0.13223836565164393,0.23978506657211218,0.18760906057592064,0.12181430558563022,0.09424867838321527,0.09581826682997541
4.734,0.13219751955349257,0.23974380742142287,0.18753163337006207,0.12175697980397215,0.09419450733485912,0.09576919564559172
4.736,0.1321565813397807,0.2397023161498022,0.18745412271462336,0.12169954207620592,0.09414024655814068,0.09572002437557292
4.738,0.13211555124251606,0.23966059316156607,0.1873765288995286,0.1216419927252983,0.09408589633706455,0.09567075330721297
4.74,0.13207442949337667,0.23961863886066137,0.1872988522141592,0.1215843320737755,0.09403145695527271,0.09562138272746545
4.742,0.1320332163237108,0.23957645365066593,0.18722109294735434,0.1215265604437239,0.09397692869604501,0.09557191292294376
4.744,0.13199191196453808,0.239534037934789,0.18714325138741184,0.12146867815678997,0.09392231184229916,0.09552234417992067
4.746,0.13195051664654955,0.23949139211587078,0.18706532782208884,0.12141068553418055,0.09386760667659066,0.09547267678432902
4.748,0.1319090306001076,0.2394485165963831,0.18698732253860317,0.12135258289666329,0.09381281348111337,0.09542291102176148
4.75,0.1318674540552467,0.23940541177842944,0.18690923582363306,0.12129437056456704,0.09375793253769937,0.09537304717747053
4.752,0.1318257872416737,0.23936207806374465,0.18683106796331872,0.12123604885778172,0.09370296412781864,0.0953230855363687
4.7540000000000004,0.13178403038876807,0.23931851585369546,0.1867528192432626,0.12117761809575911,0.09364790853257987,0.09527302638302881
4.756,0.1317421837255821,0.2392747255492802,0.18667448994853064,0.1211190785975127,0.09359276603273026,0.09522287000168328
4.758,0.13170024748084175,0.2392307075511293,0.18659608036365283,0.12106043068161787,0.09353753690865574,0.09517261667622523
4.76,0.1316582218829463,0.23918646225950524,0.18651759077262375,0.12100167466621303,0.09348222144038099,0.09512226669020807
4.7620000000000005,0.1316161071599693,0.2391419900743026,0.18643902145890334,0.12094281086899872,0.0934268199075694,0.09507182032684502
4.764,0.13157390353965814,0.23909729139504798,0.18636037270541816,0.1208838396072387,0.09337133258952357,0.09502127786901027
4.766,0.13153161124943535,0.2390523666209008,0.18628164479456188,0.12082476119775998,0.09331575976518525,0.09497063959923824
4.768,0.13148923051639816,0.23900721615065246,0.18620283800819548,0.12076557595695303,0.09326010171313515,0.09491990579972387
4.7700000000000005,0.13144676156731916,0.2389618403827274,0.18612395262764903,0.12070628420077223,0.09320435871159383,0.09486907675232281
4.772,0.13140420462864655,0.2389162397151825,0.18604498893372168,0.12064688624473585,0.09314853103842125,0.09481815273855121
4.774,0.13136155992650433,0.23887041454570745,0.18596594720668258,0.12058738240392697,0.09309261897111676,0.09476713403958636
4.776,0.131318827686693,0.23882436527162465,0.18588682772627196,0.12052777299299278,0.09303662278681957,0.09471602093626608
4.7780000000000005,0.13127600813468976,0.2387780922898901,0.1858076307717016,0.12046805832614571,0.09298054276230872,0.0946648137090893
4.78,0.13123310149564849,0.23873159599709237,0.1857283566216552,0.12040823871716344,0.09292437917400331,0.09461351263821594
4.782,0.13119010799440023,0.23868487678945338,0.18564900555429031,0.12034831447938887,0.09286813229796276,0.09456211800346681
4.784,0.13114702785545407,0.2386379350628287,0.1855695778472377,0.12028828592573104,0.09281180240988629,0.09451063008432392
4.7860000000000005,0.13110386130299667,0.2385907712127071,0.1854900737776033,0.12022815336866488,0.09275538978511388,0.09445904915993042
4.788,0.13106060856089297,0.23854338563421118,0.18541049362196782,0.12016791712023167,0.09269889469862602,0.09440737550909106
4.79,0.13101726985268658,0.23849577872209693,0.1853308376563887,0.12010757749203926,0.09264231742504347,0.09435560941027177
4.792,0.13097384540160006,0.23844795087075443,0.18525110615639973,0.12004713479526252,0.09258565823862797,0.09430375114159983
4.7940000000000005,0.13093033543053512,0.23839990247420761,0.1851712993970127,0.11998658934064355,0.09252891741328217,0.09425180098086439
4.796,0.13088674016207302,0.23835163392611447,0.18509141765271786,0.11992594143849189,0.09247209522254973,0.09419975920551571
4.798,0.1308430598184751,0.2383031456197673,0.18501146119748424,0.11986519139868501,0.09241519193961545,0.09414762609266614
4.8,0.13079929462168272,0.23825443794809242,0.1849314303047609,0.11980433953066827,0.09235820783730508,0.0940954019190896
4.8020000000000005,0.1307554447933177,0.23820551130365075,0.1848513252474775,0.11974338614345514,0.09230114318808647,0.0940430869612221
4.804,0.13071151055468277,0.23815636607863788,0.18477114629804525,0.11968233154562835,0.09224399826406815,0.09399068149516121
4.806,0.1306674921267621,0.23810700266488372,0.18469089372835734,0.11962117604533895,0.09218677333700098,0.0939381857966668
4.808,0.13062338973022114,0.2380574214538531,0.18461056780979002,0.11955991995030768,0.09212946867827743,0.09388560014116076
4.8100000000000005,0.13057920358540742,0.2380076228366459,0.18453016881320305,0.11949856356782451,0.09207208455893157,0.09383292480372707
4.812,0.13053493391235027,0.23795760720399683,0.18444969700894043,0.1194371072047491,0.09201462124964,0.09378016005911194
4.814,0.13049058093076193,0.2379073749462759,0.18436915266683163,0.11937555116751164,0.09195707902072114,0.09372730618172431
4.816,0.13044614486003714,0.23785692645348822,0.18428853605619167,0.11931389576211227,0.09189945814213596,0.09367436344563496
4.8180000000000005,0.13040162591925375,0.23780626211527456,0.1842078474458222,0.11925214129412187,0.09184175888348767,0.0936213321245778
4.82,0.13035702432717344,0.23775538232091087,0.1841270871040126,0.11919028806868237,0.09178398151402245,0.0935682124919488
4.822,0.13031234030224148,0.23770428745930872,0.18404625529854002,0.1191283363905069,0.09172612630262877,0.09351500482080688
4.824,0.13026757406258715,0.23765297791901574,0.18396535229667066,0.11906628656388007,0.09166819351783806,0.09346170938387366
4.8260000000000005,0.13022272582602445,0.23760145408821542,0.18388437836516003,0.1190041388926586,0.0916101834278249,0.0934083264535337
4.828,0.13017779581005207,0.2375497163547271,0.18380333377025426,0.11894189368027086,0.09155209630040684,0.09335485630183449
4.83,0.13013278423185337,0.23749776510600618,0.18372221877769057,0.11887955122971805,0.09149393240304482,0.09330129920048646
4.832,0.13008769130829778,0.23744560072914456,0.18364103365269768,0.11881711184357391,0.09143569200284318,0.09324765542086344
4.8340000000000005,0.13004251725594007,0.23739322361087045,0.18355977865999717,0.11875457582398519,0.09137737536654966,0.09319392523400194
4.836,0.12999726229102104,0.2373406341375488,0.18347845406380392,0.11869194347267209,0.09131898276055583,0.09314010891060232
4.838,0.1299519266294682,0.2372878326951806,0.18339706012782675,0.11862921509092805,0.09126051445089689,0.09308620672102785
4.84,0.1299065104868955,0.2372348196694043,0.18331559711526935,0.11856639097962063,0.09120197070325209,0.09303221893530567
4.8420000000000005,0.12986101407860384,0.23718159544549478,0.1832340652888309,0.11850347143919149,0.09114335178294497,0.09297814582312625
4.844,0.1298154376195817,0.23712816040836437,0.18315246491070658,0.11844045676965687,0.09108465795494292,0.09292398765384391
4.846,0.12976978132450534,0.23707451494256215,0.18307079624258904,0.11837734727060778,0.09102588948385804,0.09286974469647657
4.848,0.12972404540773863,0.2370206594322748,0.18298905954566824,0.11831414324121003,0.09096704663394695,0.09281541721970599
4.8500000000000005,0.1296782300833339,0.23696659426132638,0.182907255080633,0.1182508449802051,0.09090812966911055,0.09276100549187816
4.852,0.1296323355650324,0.23691231981317862,0.18282538310767094,0.11818745278591014,0.09084913885289492,0.0927065097810027
4.854,0.12958636206626406,0.23685783647093062,0.18274344388647012,0.11812396695621796,0.09079007444849085,0.0926519303547535
4.856,0.12954030980014797,0.23680314461731955,0.18266143767621879,0.11806038778859795,0.09073093671873433,0.09259726748046893
4.8580000000000005,0.12949417897949322,0.23674824463472044,0.18257936473560665,0.11799671558009606,0.0906717259261065,0.09254252142515118
4.86,0.1294479698167985,0.2366931369051466,0.18249722532282586,0.11793295062733455,0.09061244233273391,0.0924876924554674
4.862,0.12940168252425277,0.2366378218102494,0.18241501969557117,0.11786909322651362,0.09055308620038871,0.09243278083774875
4.864,0.12935531731373584,0.23658229973131872,0.18233274811104105,0.11780514367341044,0.09049365779048868,0.09237778683799136
4.866,0.12930887439681804,0.23652657104928299,0.1822504108259384,0.11774110226337986,0.09043415736409721,0.09232271072185583
4.868,0.12926235398476105,0.23647063614470887,0.18216800809647116,0.11767696929135507,0.09037458518192376,0.09226755275466769
4.87,0.12921575628851834,0.23641449539780224,0.18208554017835277,0.11761274505184738,0.09031494150432406,0.0922123132014172
4.872,0.12916908151873474,0.23635814918840792,0.18200300732680352,0.11754842983894709,0.0902552265912997,0.09215699232676
4.874,0.12912232988574757,0.23630159789600946,0.18192040979655077,0.11748402394632307,0.09019544070249896,0.09210159039501642
4.876,0.12907550159958636,0.2362448418997296,0.18183774784183004,0.11741952766722341,0.09013558409721667,0.09204610767017218
4.878,0.1290285968699738,0.2361878815783307,0.18175502171638547,0.11735494129447632,0.09007565703439413,0.09199054441587817
4.88,0.1289816159063255,0.2361307173102145,0.18167223167347069,0.11729026512048923,0.0900156597726196,0.09193490089545087
4.882,0.1289345589177504,0.2360733494734224,0.18158937796584929,0.11722549943725014,0.0899555925701283,0.0918791773718719
4.884,0.12888742611305148,0.23601577844563537,0.18150646084579614,0.11716064453632713,0.08989545568480262,0.09182337410778896
4.886,0.1288402177007255,0.23595800460417427,0.18142348056509716,0.11709570070886954,0.08983524937417209,0.0917674913655151
4.888,0.12879293388896396,0.235900028326,0.18134043737505112,0.11703066824560726,0.08977497389541389,0.0917115294070292
4.89,0.12874557488565253,0.23584184998771374,0.18125733152646983,0.11696554743685206,0.08971462950535236,0.0916554884939762
4.892,0.1286981408983725,0.235783469965557,0.1811741632696784,0.11690033857249693,0.08965421646046012,0.09159936888766707
4.894,0.1286506321344001,0.23572488863541174,0.18109093285451694,0.11683504194201721,0.08959373501685719,0.09154317084907859
4.896,0.12860304880070728,0.23566610637280028,0.18100764053034069,0.11676965783447035,0.08953318543031208,0.09148689463885407
4.898,0.1285553911039623,0.23560712355288604,0.18092428654602077,0.11670418653849635,0.08947256795624114,0.09143054051730282
4.9,0.1285076592505292,0.235547940550473,0.18084087114994474,0.11663862834231797,0.08941188284970902,0.09137410874440088
4.902,0.12845985344646893,0.23548855774000632,0.18075739459001805,0.11657298353374168,0.08935113036542908,0.0913175995797908
4.904,0.12841197389753933,0.2354289754955723,0.1806738571136639,0.11650725240015691,0.08929031075776317,0.09126101328278158
4.906,0.12836402080919562,0.2353691941908984,0.18059025896782455,0.11644143522853723,0.08922942428072189,0.09120435011234918
4.908,0.12831599438659014,0.23530921419935402,0.1805066003989615,0.11637553230544029,0.089168471187965,0.09114761032713603
4.91,0.12826789483457368,0.23524903589394963,0.18042288165305687,0.1163095439170081,0.08910745173280121,0.09109079418545196
4.912,0.12821972235769463,0.2351886596473376,0.1803391029756134,0.11624347034896743,0.08904636616818862,0.09103390194527372
4.914,0.1281714771602005,0.23512808583181233,0.18025526461165597,0.11617731188663005,0.08898521474673471,0.09097693386424499
4.916,0.12812315944603703,0.2350673148193101,0.18017136680573143,0.11611106881489297,0.08892399772069637,0.09091989019967706
4.918,0.12807476941884954,0.23500634698140965,0.18008740980191007,0.11604474141823906,0.08886271534198009,0.09086277120854835
4.92,0.1280263072819825,0.23494518268933162,0.18000339384378594,0.11597832998073732,0.08880136786214288,0.09080557714750515
4.922,0.12797777323848036,0.23488382231393956,0.17991931917447768,0.11591183478604261,0.08873995553239111,0.09074830827286084
4.924,0.1279291674910874,0.23482226622573932,0.17983518603662896,0.1158452561173966,0.08867847860358169,0.09069096484059713
4.926,0.12788049024224857,0.2347605147948797,0.17975099467240963,0.11577859425762771,0.08861693732622178,0.09063354710636307
4.928,0.12783174169410927,0.23469856839115266,0.17966674532351634,0.11571184948915181,0.08855533195046905,0.09057605532547575
4.93,0.12778292204851627,0.2346364273839927,0.17958243823117304,0.11564502209397198,0.08849366272613213,0.09051848975292054
4.932,0.12773403150701723,0.23457409214247793,0.1794980736361318,0.11557811235367943,0.0884319299026699,0.09046085064335063
4.934,0.12768507027086162,0.23451156303532983,0.17941365177867352,0.11551112054945345,0.08837013372919289,0.09040313825108792
4.936,0.12763603854100114,0.2344488404309133,0.1793291728986086,0.11544404696206145,0.08830827445446232,0.09034535283012235
4.938,0.12758693651808928,0.23438592469723685,0.17924463723527762,0.11537689187185984,0.08824635232689082,0.09028749463411256
4.94,0.12753776440248243,0.23432281620195283,0.17916004502755234,0.11530965555879424,0.08818436759454262,0.0902295639163857
4.942,0.1274885223942399,0.2342595153123579,0.17907539651383586,0.1152423383023995,0.08812232050513336,0.09017156092993761
4.944,0.12743921069312414,0.2341960223953925,0.17899069193206385,0.1151749403818001,0.08806021130603092,0.09011348592743329
4.946,0.1273898294986009,0.23413233781764164,0.17890593151970524,0.11510746207571043,0.08799804024425462,0.09005533916120645
4.948,0.12734037900983997,0.23406846194533437,0.17882111551376245,0.11503990366243566,0.08793580756647601,0.08999712088325995
4.95,0.12729085942571539,0.23400439514434468,0.17873624415077227,0.11497226541987104,0.0878735135190194,0.08993883134526581
4.952,0.12724127094480542,0.2339401377801913,0.1786513176668072,0.11490454762550306,0.08781115834786091,0.08988047079856543
4.954,0.127191613765393,0.23387569021803767,0.17856633629747498,0.11483675055640918,0.08774874229862961,0.08982203949416956
4.956,0.12714188808546667,0.23381105282269243,0.17848130027792042,0.11476887448925877,0.0876862656166073,0.0897635376827588
4.958,0.12709209410271982,0.2337462259586094,0.17839620984282534,0.11470091970031304,0.08762372854672873,0.08970496561468289
4.96,0.12704223201455167,0.23368120998988773,0.17831106522640994,0.11463288646542535,0.08756113133358179,0.08964632353996183
4.962,0.12699230201806744,0.23361600528027204,0.17822586666243256,0.11456477506004137,0.08749847422140755,0.08958761170828544
4.964,0.1269423043100788,0.23355061219315298,0.1781406143841915,0.11449658575919974,0.0874357574541007,0.08952883036901338
4.966,0.1268922390871039,0.2334850310915666,0.17805530862452468,0.11442831883753213,0.0873729812752091,0.08946997977117555
4.968,0.12684210654536798,0.233419262338195,0.17796994961581114,0.11435997456926406,0.08731014592793485,0.08941106016347233
4.97,0.12679190688080322,0.23335330629536677,0.17788453758997114,0.11429155322821427,0.08724725165513392,0.08935207179427418
4.972,0.12674164028904977,0.2332871633250564,0.1777990727784673,0.11422305508779607,0.0871842986993161,0.08929301491162245
4.974,0.12669130696545516,0.23322083378888503,0.17771355541230527,0.11415448042101661,0.08712128730264568,0.08923388976322855
4.976,0.12664090710507558,0.2331543180481206,0.17762798572203398,0.1140858295004783,0.08705821770694144,0.08917469659647526
4.978,0.12659044090267524,0.23308761646367748,0.17754236393774692,0.1140171025983785,0.08699509015367668,0.08911543565841584
4.98,0.12653990855272768,0.23302072939611707,0.17745669028908218,0.11394829998650957,0.0869319048839794,0.08905610719577473
4.982,0.1264893102494149,0.2329536572056481,0.17737096500522398,0.11387942193625977,0.08686866213863254,0.08899671145494747
4.984,0.1264386461866287,0.23288640025212626,0.17728518831490248,0.11381046871861344,0.08680536215807422,0.08893724868200104
4.986,0.12638791655797066,0.2328189588950551,0.17719936044639528,0.11374144060415081,0.08674200518239816,0.08887771912267328
4.988,0.12633712155675214,0.23275133349358512,0.1771134816275275,0.11367233786304931,0.08667859145135304,0.08881812302237413
4.99,0.12628626137599475,0.23268352440651507,0.17702755208567256,0.11360316076508292,0.08661512120434334,0.08875846062618464
4.992,0.12623533620843097,0.23261553199229135,0.17694157204775318,0.11353390957962284,0.08655159468042939,0.08869873217885793
4.994,0.1261843462465042,0.2325473566090086,0.17685554174024198,0.11346458457563813,0.08648801211832757,0.08863893792481892
4.996,0.12613329168236898,0.23247899861440957,0.17676946138916194,0.1133951860216953,0.08642437375641032,0.08857907810816457
4.998,0.12608217270789135,0.23241045836588525,0.17668333122008728,0.1133257141859596,0.08636067983270634,0.0885191529726641
5.0,0.12603098951464942,0.23234173622047538,0.17659715145814414,0.11325616933619442,0.08629693058490084,0.08845916276175858
5.002,0.12597974229393327,0.2322728325348684,0.17651092232801124,0.11318655173976211,0.08623312625033575,0.08839910771856196
5.0040000000000004,0.12592843123674569,0.23220374766540175,0.17642464405392055,0.113116861663624,0.08616926706600991,0.08833898808586027
5.006,0.12587705653380188,0.23213448196806152,0.17633831685965795,0.11304709937434132,0.08610535326857893,0.08827880410611244
5.008,0.1258256183755302,0.23206503579848325,0.1762519409685639,0.11297726513807471,0.08604138509435577,0.08821855602145035
5.01,0.12577411695207275,0.23199540951195186,0.17616551660353408,0.11290735922058515,0.08597736277931078,0.08815824407367834
5.0120000000000005,0.12572255245328479,0.23192560346340163,0.17607904398702057,0.11283738188723391,0.08591328655907193,0.08809786850427392
5.014,0.125670925068736,0.23185561800741694,0.17599252334103177,0.11276733340298328,0.08584915666892456,0.08803742955438798
5.016,0.12561923498771033,0.23178545349823154,0.17590595488713356,0.1126972140323963,0.0857849733438123,0.08797692746484453
5.018,0.12556748239920612,0.23171511028972924,0.17581933884644974,0.11262702403963742,0.08572073681833636,0.08791636247614121
5.0200000000000005,0.12551566749193666,0.23164458873544436,0.1757326754396631,0.11255676368847323,0.0856564473267567,0.08785573482844877
5.022,0.12546379045433054,0.23157388918856148,0.17564596488701545,0.11248643324227192,0.08559210510299153,0.08779504476161226
5.024,0.12541185147453193,0.23150301200191548,0.17555920740830921,0.11241603296400426,0.08552771038061735,0.08773429251514986
5.026,0.12535985074040057,0.23143195752799217,0.17547240322290714,0.11234556311624377,0.0854632633928698,0.08767347832825445
5.0280000000000005,0.1253077884395124,0.2313607261189281,0.17538555254973365,0.11227502396116673,0.08539876437264349,0.0876126024397923
5.03,0.12525566475916006,0.231289318126511,0.1752986556072751,0.11220441576055307,0.08533421355249171,0.08755166508830436
5.032,0.1252034798863526,0.23121773390217926,0.17521171261358082,0.11213373877578592,0.08526961116462761,0.08749066651200588
5.034,0.12515123400781625,0.2311459737970234,0.17512472378626365,0.11206299326785296,0.08520495744092349,0.08742960694878632
5.0360000000000005,0.1250989273099945,0.23107403816178484,0.17503768934250052,0.11199217949734575,0.08514025261291125,0.08736848663621011
5.038,0.12504655997904845,0.23100192734685687,0.17495060949903296,0.11192129772446036,0.08507549691178307,0.08730730581151636
5.04,0.12499413220085742,0.2309296417022848,0.17486348447216837,0.11185034820899831,0.0850106905683905,0.08724606471161889
5.042,0.1249416441610185,0.23085718157776602,0.17477631447778008,0.1117793312103661,0.08494583381324605,0.08718476357310667
5.0440000000000005,0.12488909604484766,0.23078454732264975,0.17468909973130842,0.11170824698757564,0.08488092687652182,0.08712340263224405
5.046,0.12483648803737957,0.2307117392859377,0.17460184044776117,0.11163709579924519,0.08481596998805108,0.0870619821249703
5.048,0.12478382032336799,0.2306387578162843,0.17451453684171425,0.11156587790359884,0.08475096337732779,0.08700050228690026
5.05,0.12473109308728647,0.2305656032619965,0.17442718912731237,0.11149459355846725,0.08468590727350644,0.0869389633533244
5.0520000000000005,0.1246783065133279,0.23049227597103417,0.1743397975182701,0.11142324302128825,0.08462080190540311,0.086877365559209
5.054,0.12462546078540537,0.23041877629101037,0.174252362227872,0.11135182654910669,0.0845556475014948,0.08681570913919612
5.056,0.12457255608715223,0.23034510456919133,0.17416488346897352,0.11128034439857504,0.08449044428992036,0.08675399432760367
5.058,0.12451959260192269,0.2302712611524964,0.17407736145400166,0.11120879682595364,0.0844251924984798,0.08669222135842602
5.0600000000000005,0.12446657051279164,0.23019724638749883,0.1739897963949555,0.11113718408711093,0.08435989235463537,0.08663039046533338
5.062,0.12441349000255553,0.23012306062042542,0.17390218850340733,0.11106550643752366,0.0842945440855114,0.08656850188167287
5.064,0.1243603512537319,0.23004870419715684,0.17381453799050273,0.1109937641322778,0.08422914791789404,0.08650655584046785
5.066,0.12430715444856055,0.229974177463228,0.17372684506696157,0.11092195742606825,0.08416370407823215,0.08644455257441819
5.0680000000000005,0.12425389976900347,0.22989948076382793,0.17363910994307852,0.11085008657319961,0.08409821279263707,0.08638249231590112
5.07,0.12420058739674467,0.2298246144438001,0.17355133282872393,0.11077815182758588,0.0840326742868831,0.08632037529697034
5.072,0.12414721751319124,0.22974957884764247,0.17346351393334403,0.11070615344275136,0.08396708878640724,0.08625820174935717
5.074,0.1240937902994732,0.229674374319508,0.1733756534659623,0.11063409167183114,0.08390145651630965,0.08619597190446981
5.0760000000000005,0.12404030593644366,0.2295990012032043,0.17328775163517962,0.11056196676757057,0.08383577770135386,0.08613368599339388
5.078,0.12398676460467994,0.22952345984219447,0.17319980864917506,0.1104897789823267,0.08377005256596703,0.08607134424689256
5.08,0.12393316648448272,0.22944775057959665,0.1731118247157064,0.1104175285680673,0.0837042813342399,0.08600894689540706
5.082,0.1238795117558773,0.22937187375818446,0.17302380004211115,0.11034521577637246,0.08363846422992705,0.08594649416905598
5.0840000000000005,0.12382580059861326,0.2292958297203871,0.1729357348353069,0.11027284085843414,0.0835726014764473,0.08588398629763616
5.086,0.12377203319216523,0.22921961880828956,0.17284762930179176,0.11020040406505682,0.08350669329688376,0.0858214235106225
5.088,0.12371820971573277,0.22914324136363318,0.17275948364764604,0.11012790564665753,0.0834407399139836,0.0857588060371679
5.09,0.12366433034824098,0.22906669772781485,0.17267129807853143,0.1100553458532667,0.08337474155015911,0.08569613410610422
5.0920000000000005,0.1236103952683405,0.22898998824188843,0.17258307279969287,0.10998272493452776,0.08330869842748712,0.08563340794594154
5.094,0.1235564046544082,0.22891311324656383,0.17249480801595873,0.10991004313969821,0.08324261076770956,0.08557062778486868
5.096,0.12350235868454718,0.22883607308220788,0.1724065039317415,0.10983730071764919,0.08317647879223355,0.08550779385075313
5.098,0.12344825753658717,0.22875886808884416,0.17231816075103823,0.1097644979168666,0.08311030272213182,0.08544490637114177
5.1000000000000005,0.12339410138808482,0.2286814986061534,0.1722297786774314,0.10969163498545087,0.08304408277814224,0.08538196557326039
5.102,0.12333989041632365,0.22860396497347346,0.1721413579140898,0.10961871217111763,0.08297781918066893,0.08531897168401414
5.104,0.12328562479831517,0.22852626752979965,0.1720528986637686,0.1095457297211977,0.08291151214978165,0.08525592492998735
5.106,0.12323130471079824,0.22844840661378463,0.17196440112881084,0.10947268788263753,0.0828451619052164,0.08519282553744434
5.1080000000000005,0.12317693033024013,0.2283703825637391,0.1718758655111472,0.10939958690199969,0.08277876866637568,0.08512967373232905
5.11,0.12312250183283635,0.2282921957176316,0.17178729201229714,0.10932642702546325,0.08271233265232847,0.08506646974026522
5.112,0.12306801939451106,0.22821384641308873,0.17169868083336937,0.10925320849882358,0.08264585408181024,0.08500321378655662
5.114,0.12301348319091754,0.22813533498739558,0.17161003217506288,0.10917993156749328,0.08257933317322386,0.08493990609618707
5.1160000000000005,0.12295889339743815,0.22805666177749528,0.1715213462376668,0.10910659647650234,0.08251277014463887,0.08487654689382107
5.118,0.12290425018918483,0.22797782711998993,0.17143262322106212,0.10903320347049839,0.08244616521379222,0.08481313640380339
5.12,0.12284955374099926,0.2278988313511403,0.17134386332472107,0.10895975279374692,0.08237951859808867,0.08474967485015972
5.122,0.12279480422745359,0.22781967480686638,0.17125506674770907,0.10888624469013197,0.08231283051460037,0.08468616245659599
5.124,0.12274000182284994,0.22774035782274704,0.17116623368868455,0.10881267940315587,0.0822461011800677,0.0846225994464993
5.126,0.12268514670122177,0.2276608807340208,0.1710773643458996,0.10873905717594035,0.08217933081089868,0.0845589860429381
5.128,0.12263023903633297,0.22758124387558532,0.17098845891720083,0.10866537825122613,0.08211251962316979,0.08449532246866198
5.13,0.12257527900167897,0.2275014475819983,0.1708995176000303,0.10859164287137357,0.08204566783262623,0.08443160894610169
5.132,0.122520266770487,0.22742149218747731,0.17081054059142575,0.10851785127836311,0.0819787756546817,0.08436784569736955
5.134,0.1224652025157158,0.22734137802589993,0.170721528088021,0.10844400371379548,0.08191184330441859,0.08430403294425992
5.136,0.12241008641005657,0.2272611054308038,0.1706324802860475,0.10837010041889195,0.08184487099658866,0.08424017090824876
5.138,0.12235491862593295,0.2271806747353875,0.17054339738133395,0.10829614163449497,0.08177785894561262,0.08417625981049404
5.14,0.12229969933550122,0.22710008627250966,0.1704542795693076,0.10822212760106797,0.081710807365581,0.084112299871836
5.142,0.12224442871065078,0.22701934037469007,0.17036512704499462,0.10814805855869603,0.08164371647025392,0.08404829131279712
5.144,0.12218910692300455,0.22693843737410946,0.17027594000302093,0.10807393474708649,0.0815765864730611,0.08398423435358238
5.146,0.12213373414391904,0.2268573776026097,0.1701867186376127,0.10799975640556858,0.0815094175871025,0.08392012921407921
5.148,0.12207831054448448,0.22677616139169388,0.17009746314259688,0.1079255237730945,0.08144221002514818,0.0838559761138582
5.15,0.12202283629552535,0.22669478907252683,0.17000817371140187,0.10785123708823918,0.08137496399963906,0.08379177527217263
5.152,0.12196731156760099,0.22661326097593504,0.16991885053705857,0.10777689658920075,0.08130767972268615,0.0837275269079587
5.154,0.12191173653100518,0.2265315774324066,0.1698294938122007,0.10770250251380098,0.0812403574060716,0.08366323123983621
5.156,0.12185611135576702,0.22644973877209207,0.1697401037290649,0.1076280550994857,0.08117299726124871,0.0835988884861083
5.158,0.12180043621165093,0.22636774532480408,0.1696506804794924,0.10755355458332483,0.08110559949934171,0.08353449886476172
5.16,0.12174471126815711,0.22628559742001775,0.16956122425492892,0.10747900120201304,0.08103816433114663,0.08347006259346657
5.162,0.1216889366945213,0.22620329538687067,0.16947173524642567,0.10740439519186973,0.08097069196713069,0.0834055798895772
5.164,0.1216331126597161,0.2261208395541634,0.16938221364463968,0.10732973678883972,0.08090318261743357,0.083341050970132
5.166,0.12157723933245013,0.22603823025035963,0.16929265963983475,0.10725502622849348,0.08083563649186631,0.0832764760518534
5.168,0.12152131688116907,0.225955467803586,0.16920307342188168,0.10718026374602707,0.0807680537999127,0.08321185535114828
5.17,0.12146534547405574,0.22587255254163252,0.16911345518025933,0.10710544957626311,0.08070043475072897,0.08314718908410801
5.172,0.12140932527903048,0.22578948479195282,0.16902380510405512,0.10703058395365073,0.08063277955314363,0.08308247746650865
5.174,0.12135325646375117,0.22570626488166412,0.16893412338196545,0.106955667112266,0.08056508841565835,0.08301772071381097
5.176,0.12129713919561347,0.2256228931375477,0.16884441020229635,0.10688069928581201,0.08049736154644771,0.08295291904116109
5.178,0.12124097364175168,0.22553936988604883,0.16875466575296438,0.10680568070761964,0.08042959915335945,0.08288807266338982
5.18,0.12118475996903855,0.22545569545327737,0.1686648902214971,0.10673061161064767,0.08036180144391514,0.08282318179501358
5.182,0.12112849834408546,0.22537187016500737,0.16857508379503394,0.10665549222748316,0.08029396862530946,0.08275824665023435
5.184,0.12107218893324334,0.2252878943466774,0.16848524666032594,0.10658032279034146,0.0802261009044114,0.08269326744293948
5.186,0.12101583190260223,0.22520376832339117,0.1683953790037378,0.10650510353106712,0.08015819848776395,0.08262824438670235
5.188,0.12095942741799193,0.22511949241991713,0.16830548101124698,0.10642983468113387,0.08009026158158417,0.08256317769478216
5.19,0.1209029756449822,0.2250350669606893,0.1682155528684457,0.10635451647164484,0.08002229039176378,0.08249806758012435
5.192,0.12084647674888305,0.2249504922698069,0.16812559476054045,0.10627914913333347,0.07995428512386904,0.08243291425536059
5.194,0.12078993089474532,0.2248657686710347,0.1680356068723532,0.10620373289656282,0.07988624598314131,0.08236771793280906
5.196,0.12073333824736032,0.22478089648780308,0.16794558938832216,0.10612826799132691,0.07981817317449669,0.08230247882447461
5.198,0.12067669897126088,0.22469587604320873,0.16785554249250167,0.10605275464725072,0.07975006690252662,0.0822371971420488
5.2,0.12062001323072091,0.22461070766001434,0.16776546636856393,0.10597719309359022,0.07968192737149837,0.0821718730969101
5.202,0.12056328118975634,0.2245253916606489,0.1676753611997983,0.10590158355923318,0.07961375478535482,0.08210650690012389
5.204,0.12050650301212484,0.22443992836720783,0.16758522716911317,0.10582592627269904,0.0795455493477144,0.08204109876244337
5.206,0.12044967886132629,0.22435431810145356,0.16749506445903561,0.10575022146213953,0.07947731126187207,0.08197564889430886
5.208,0.12039280890060344,0.2242685611848152,0.1674048732517126,0.10567446935533908,0.0794090407307988,0.08191015750584807
5.21,0.1203358932929417,0.22418265793838876,0.1673146537289112,0.10559867017971492,0.07934073795714225,0.08184462480687693
5.212,0.12027893220106978,0.22409660868293768,0.1672244060720196,0.10552282416231762,0.07927240314322659,0.0817790510068992
5.214,0.1202219257874595,0.22401041373889297,0.16713413046204773,0.10544693152983098,0.07920403649105334,0.08171343631510641
5.216,0.12016487421432664,0.22392407342635323,0.16704382707962706,0.10537099250857307,0.07913563820230096,0.08164778094037883
5.218,0.12010777764363079,0.2238375880650849,0.1669534961050123,0.10529500732449604,0.07906720847832505,0.08158208509128495
5.22,0.1200506362370759,0.2237509579745225,0.16686313771808137,0.10521897620318654,0.07899874752015901,0.08151634897608173
5.222,0.1199934501561104,0.22366418347376826,0.1667727520983362,0.1051428993698662,0.07893025552851407,0.08145057280271506
5.224,0.11993621956192757,0.22357726488159346,0.1666823394249033,0.10506677704939182,0.07886173270377927,0.08138475677881996
5.226,0.119878944615466,0.2234902025164378,0.16659189987653433,0.10499060946625605,0.07879317924602192,0.08131890111172013
5.228,0.11982162547740938,0.2234029966964095,0.16650143363160685,0.10491439684458692,0.07872459535498755,0.08125300600842889
5.23,0.11976426230818715,0.22331564773928592,0.1664109408681249,0.10483813940814901,0.07865598123010065,0.08118707167564909
5.232,0.11970685526797475,0.22322815596251377,0.16632042176371953,0.10476183738034339,0.07858733707046417,0.08112109831977277
5.234,0.11964940451669404,0.22314052168320875,0.16622987649564913,0.1046854909842081,0.07851866307486022,0.08105508614688217
5.236,0.11959191021401305,0.22305274521815632,0.16613930524080067,0.10460910044241833,0.07844995944175026,0.08098903536274937
5.238,0.11953437251934673,0.22296482688381136,0.16604870817568984,0.10453266597728694,0.07838122636927514,0.08092294617283646
5.24,0.11947679159185731,0.2228767669962992,0.16595808547646174,0.1044561878107646,0.07831246405525505,0.080856818782296
5.242,0.11941916759045412,0.22278856587141482,0.16586743731889153,0.10437966616444028,0.07824367269719046,0.08079065339597102
5.244,0.11936150067379425,0.22270022382462362,0.16577676387838514,0.10430310125954145,0.07817485249226164,0.08072445021839503
5.246,0.11930379100028277,0.22261174117106153,0.16568606532997965,0.10422649331693434,0.07810600363732934,0.08065820945379243
5.248,0.11924603872807293,0.22252311822553517,0.165595341848344,0.10414984255712478,0.07803712632893478,0.08059193130607856
5.25,0.11918824401506645,0.22243435530252187,0.1655045936077797,0.10407314920025779,0.0779682207632999,0.0805256159788601
5.252,0.11913040701891386,0.22234545271617034,0.16541382078222133,0.10399641346611843,0.07789928713632732,0.08045926367543488
5.2540000000000004,0.11907252789701461,0.22225641078030023,0.16532302354523676,0.10391963557413231,0.07783032564360104,0.0803928745987923
5.256,0.11901460680651765,0.22216722980840253,0.16523220207002876,0.10384281574336507,0.07776133648038641,0.08032644895161334
5.258,0.11895664390432148,0.2220779101136403,0.1651413565294344,0.10376595419252355,0.07769231984163016,0.08025998693627123
5.26,0.11889863934707434,0.2219884520088482,0.16505048709592662,0.10368905113995597,0.07762327592196083,0.08019348875483057
5.2620000000000005,0.11884059329117469,0.22189885580653268,0.16495959394161397,0.10361210680365174,0.0775542049156892,0.08012695460904862
5.264,0.11878250589277162,0.2218091218188727,0.16486867723824195,0.10353512140124255,0.07748510701680811,0.08006038470037513
5.266,0.11872437730776464,0.22171925035771967,0.16477773715719346,0.10345809515000215,0.07741598241899261,0.07999377922995188
5.268,0.11866620769180458,0.2216292417345973,0.16468677386948882,0.10338102826684681,0.0773468313156005,0.07992713839861376
5.2700000000000005,0.11860799720029336,0.22153909626070223,0.16459578754578708,0.10330392096833596,0.07727765389967245,0.07986046240688838
5.272,0.11854974598838441,0.221448814246904,0.16450477835638622,0.10322677347067177,0.07720845036393231,0.07979375145499645
5.274,0.11849145421098317,0.2213583960037453,0.16441374647122386,0.1031495859897007,0.07713922090078706,0.07972700574285208
5.276,0.11843312202274703,0.22126784184144244,0.16432269205987793,0.10307235874091258,0.07706996570232705,0.07966022547006268
5.2780000000000005,0.1183747495780858,0.22117715206988509,0.16423161529156705,0.10299509193944179,0.07700068496032642,0.0795934108359293
5.28,0.11831633703116196,0.2210863269986365,0.16414051633515125,0.10291778580006694,0.07693137886624335,0.07952656203944652
5.282,0.11825788453589081,0.220995366936934,0.16404939535913243,0.10284044053721186,0.07686204761122006,0.07945967927930342
5.284,0.11819939224594123,0.22090427219368935,0.1639582525316552,0.10276305636494576,0.07679269138608324,0.07939276275388263
5.2860000000000005,0.11814086031473536,0.22081304307748795,0.16386708802050753,0.10268563349698301,0.07672331038134383,0.07932581266126126
5.288,0.11808228889544892,0.2207216798965903,0.16377590199312064,0.10260817214668427,0.07665390478719791,0.07925882919921112
5.29,0.118023678141012,0.22063018295893144,0.16368469461657043,0.10253067252705605,0.07658447479352626,0.07919181256519847
5.292,0.11796502820410892,0.2205385525721213,0.16359346605757774,0.10245313485075203,0.07651502058989501,0.07912476295638449
5.2940000000000005,0.11790633923717841,0.22044678904344472,0.16350221648250884,0.10237555933007236,0.07644554236555567,0.07905768056962525
5.296,0.11784761139241429,0.2203548926798622,0.16341094605737605,0.10229794617696464,0.07637604030944534,0.07899056560147222
5.298,0.11778884482176544,0.22026286378800952,0.1633196549478384,0.10222029560302404,0.07630651461018712,0.07892341824817217
5.3,0.1177300396769363,0.22017070267419792,0.16322834331920233,0.10214260781949358,0.07623696545609016,0.07885623870566727
5.3020000000000005,0.11767119610938659,0.22007840964441483,0.1631370113364219,0.10206488303726458,0.07616739303514986,0.07878902716959568
5.304,0.11761231427033247,0.21998598500432376,0.16304565916409963,0.10198712146687705,0.0760977975350483,0.07872178383529138
5.306,0.1175533943107463,0.21989342905926423,0.16295428696648706,0.10190932331851976,0.07602817914315385,0.07865450889778414
5.308,0.11749443638135659,0.21980074211425227,0.1628628949074855,0.10183148880203086,0.07595853804652242,0.07858720255180063
5.3100000000000005,0.11743544063264921,0.21970792447398058,0.16277148315064616,0.10175361812689832,0.07588887443189662,0.07851986499176333
5.312,0.11737640721486642,0.21961497644281902,0.16268005185917112,0.10167571150225951,0.07581918848570668,0.07845249641179164
5.314,0.11731733627800844,0.21952189832481395,0.1625886011959139,0.10159776913690255,0.07574948039407037,0.07838509700570184
5.316,0.11725822797183261,0.2194286904236893,0.16249713132337962,0.10151979123926602,0.07567975034279328,0.07831766696700715
5.3180000000000005,0.11719908244585442,0.21933535304284635,0.16240564240372612,0.10144177801743948,0.07560999851736927,0.07825020648891812
5.32,0.11713989984934758,0.2192418864853638,0.16231413459876443,0.10136372967916363,0.0755402251029802,0.07818271576434221
5.322,0.11708068033134422,0.21914829105399858,0.1622226080699587,0.1012856464318308,0.0754704302844964,0.07811519498588493
5.324,0.11702142404063487,0.21905456705118542,0.16213106297842783,0.1012075284824856,0.07540061424647693,0.0780476443458491
5.3260000000000005,0.11696213112576936,0.2189607147790371,0.16203949948494523,0.10112937603782446,0.07533077717316994,0.07798006403623581
5.328,0.11690280173505663,0.2188667345393449,0.16194791774993988,0.10105118930419654,0.07526091924851275,0.07791245424874393
5.33,0.1168434360165651,0.21877262663357877,0.16185631793349642,0.10097296848760418,0.0751910406561318,0.07784481517477082
5.332,0.11678403411812321,0.21867839136288736,0.16176470019535594,0.10089471379370263,0.07512114157934335,0.07777714700541227
5.3340000000000005,0.11672459618731934,0.21858402902809848,0.16167306469491693,0.10081642542780123,0.07505122220115346,0.07770944993146278
5.336,0.11666512237150206,0.2184895399297191,0.1615814115912353,0.1007381035948629,0.07498128270425797,0.0776417241434153
5.338,0.11660561281778059,0.21839492436793528,0.16148974104302516,0.1006597484995051,0.07491132327104322,0.07757396983146214
5.34,0.11654606767302522,0.21830018264261275,0.1613980532086594,0.10058136034599974,0.074841344083586,0.07750618718549473
5.3420000000000005,0.11648648708386733,0.2182053150532972,0.16130634824617052,0.1005029393382737,0.07477134532365382,0.07743837639510387
5.344,0.11642687119669959,0.2181103218992142,0.16121462631325056,0.10042448567990903,0.07470132717270483,0.0773705376495799
5.346,0.11636722015767642,0.2180152034792695,0.16112288756725235,0.10034599957414381,0.07463128981188882,0.077302671137913
5.348,0.116307534112714,0.21791996009204917,0.1610311321651896,0.10026748122387175,0.07456123342204646,0.07723477704879311
5.3500000000000005,0.11624781320749111,0.21782459203581972,0.16093936026373767,0.10018893083164304,0.07449115818371022,0.07716685557061043
5.352,0.11618805758744899,0.2177290996085286,0.16084757201923416,0.10011034859966439,0.0744210642771046,0.0770989068914556
5.354,0.11612826739779147,0.21763348310780417,0.1607557675876794,0.10003173472979943,0.07435095188214569,0.0770309311991193
5.356,0.11606844278348527,0.21753774283095573,0.16066394712473686,0.09995308942356917,0.07428082117844226,0.07696292868109333
5.3580000000000005,0.11600858388926061,0.21744187907497414,0.16057211078573408,0.09987441288215204,0.07421067234529533,0.07689489952457018
5.36,0.11594869085961146,0.21734589213653188,0.16048025872566307,0.09979570530638493,0.07414050556169882,0.07682684391644323
5.362,0.11588876383879532,0.21724978231198278,0.16038839109918057,0.09971696689676257,0.07407032100633915,0.07675876204330745
5.364,0.11582880297083409,0.21715354989736313,0.16029650806060913,0.09963819785343864,0.0740001188575965,0.07669065409145914
5.3660000000000005,0.11576880839951365,0.21705719518839084,0.16020460976393736,0.09955939837622552,0.07392989929354399,0.07662252024689598
5.368,0.11570878026838494,0.2169607184804665,0.16011269636282055,0.0994805686645952,0.07385966249194831,0.07655436069531762
5.37,0.11564871872076354,0.21686412006867295,0.16002076801058118,0.09940170891767908,0.07378940863027039,0.07648617562212578
5.372,0.11558862389973035,0.21676740024777597,0.15992882486020954,0.09932281933426856,0.07371913788566498,0.07641796521242417
5.3740000000000006,0.11552849594813153,0.216670559312224,0.1598368670643644,0.09924390011281536,0.07364885043498104,0.07634972965101916
5.376,0.11546833500857923,0.2165735975561489,0.15974489477537324,0.09916495145143189,0.07357854645476203,0.0762814691224194
5.378,0.11540814122345155,0.21647651527336564,0.15965290814523292,0.0990859735478915,0.0735082261212463,0.07621318381083642
5.38,0.11534791473489259,0.216379312757373,0.1595609073256108,0.09900696659962893,0.07343788961036712,0.07614487390018443
5.382,0.11528765568481325,0.21628199030135287,0.15946889246784424,0.09892793080374052,0.07336753709775268,0.07607653957408123
5.384,0.11522736421489088,0.21618454819817146,0.15937686372294202,0.09884886635698464,0.07329716875872716,0.0760081810158475
5.386,0.11516704046657034,0.21608698674037918,0.1592848212415845,0.09876977345578175,0.07322678476830968,0.07593979840850773
5.388,0.11510668458106332,0.2159893062202105,0.1591927651741245,0.09869065229621521,0.07315638530121582,0.0758713919347902
5.39,0.11504629669934929,0.21589150692958436,0.15910069567058738,0.09861150307403133,0.07308597053185695,0.07580296177712653
5.392,0.11498587696217566,0.2157935891601046,0.15900861288067203,0.09853232598463957,0.07301554063434068,0.07573450811765303
5.394,0.1149254255100578,0.21569555320305955,0.15891651695375097,0.09845312122311323,0.07294509578247155,0.0756660311382098
5.396,0.11486494248327972,0.21559739934942335,0.15882440803887143,0.09837388898418964,0.07287463614975032,0.07559753102034161
5.398,0.11480442802189383,0.2154991278898546,0.15873228628475533,0.09829462946227019,0.07280416190937511,0.07552900794529793
5.4,0.11474388226572141,0.21540073911469793,0.1586401518398004,0.0982153428514212,0.0727336732342414,0.07546046209403312
5.402,0.114683305354353,0.21530223331398357,0.1585480048520802,0.09813602934537369,0.0726631702969418,0.07539189364720644
5.404,0.11462269742714848,0.21520361077742756,0.1584558454693452,0.0980566891375243,0.07259265326976672,0.07532330278518251
5.406,0.11456205862323765,0.21510487179443194,0.15836367383902283,0.09797732242093504,0.07252212232470456,0.07525468968803128
5.408,0.11450138908152008,0.21500601665408503,0.15827149010821828,0.09789792938833419,0.07245157763344179,0.07518605453552807
5.41,0.1144406889406655,0.21490704564516183,0.15817929442371526,0.09781851023211607,0.07238101936736308,0.07511739750715463
5.412,0.1143799583391143,0.21480795905612382,0.15808708693197593,0.09773906514434194,0.07231044769755202,0.07504871878209807
5.414,0.11431919741507768,0.2147087571751196,0.15799486777914185,0.09765959431673976,0.07223986279479089,0.07498001853925196
5.416,0.11425840630653772,0.21460944028998452,0.15790263711103458,0.0975800979407051,0.0721692648295611,0.07491129695721654
5.418,0.11419758515124778,0.21451000868824122,0.15781039507315597,0.0975005762073009,0.07209865397204318,0.07484255421429808
5.42,0.11413673408673253,0.21441046265710018,0.15771814181068922,0.09742102930725838,0.07202803039211725,0.07477379048850996
5.422,0.11407585325028902,0.21431080248345902,0.15762587746849865,0.097341457430977,0.0719573942593632,0.07470500595757268
5.424,0.11401494277898583,0.21421102845390383,0.15753360219113088,0.09726186076852472,0.07188674574306098,0.07463620079891342
5.426,0.11395400280966417,0.21411114085470828,0.15744131612281476,0.09718223950963867,0.0718160850121905,0.07456737518966716
5.428,0.11389303347893764,0.2140111399718343,0.1573490194074627,0.0971025938437251,0.0717454122354324,0.07449852930667622
5.43,0.11383203492319272,0.2139110260909327,0.15725671218867077,0.09702292395986012,0.07167472758116777,0.0744296633264907
5.432,0.11377100727858913,0.2138107994973426,0.15716439460971898,0.09694323004678962,0.07160403121747883,0.07436077742536873
5.434,0.11370995068105993,0.2137104604760922,0.1570720668135721,0.09686351229293,0.07153332331214846,0.07429187177927643
5.436,0.11364886526631168,0.21361000931189844,0.15697972894288048,0.09678377088636836,0.07146260403266136,0.07422294656388839
5.438,0.11358775116982489,0.2135094462891678,0.15688738113998002,0.09670400601486251,0.0713918735462038,0.07415400195458766
5.44,0.11352660852685448,0.21340877169199612,0.15679502354689312,0.09662421786584208,0.07132113201966361,0.07408503812646616
5.442,0.11346543747242932,0.2133079858041691,0.15670265630532887,0.09654440662640784,0.07125037961963065,0.07401605525432453
5.444,0.11340423814135336,0.21320708890916196,0.15661027955668394,0.09646457248333262,0.07117961651239746,0.07394705351267272
5.446,0.11334301066820518,0.21310608129013997,0.15651789344204303,0.09638471562306172,0.0711088428639588,0.07387803307572982
5.448,0.11328175518733863,0.2130049632299591,0.1564254981021791,0.09630483623171315,0.07103805884001213,0.07380899411742448
5.45,0.11322047183288309,0.21290373501116533,0.156333093677554,0.09622493449507785,0.07096726460595804,0.07373993681139512
5.452,0.11315916073874388,0.21280239691599556,0.1562406803083196,0.09614501059862013,0.07089646032690022,0.07367086133099021
5.454,0.11309782203860186,0.2127009492263774,0.15614825813431765,0.09606506472747767,0.07082564616764597,0.07360176784926797
5.456,0.11303645586591426,0.21259939222392932,0.15605582729508027,0.09598509706646241,0.07075482229270613,0.07353265653899732
5.458,0.11297506235391475,0.21249772618996166,0.15596338792983078,0.09590510780006056,0.07068398886629534,0.0734635275726574
5.46,0.11291364163561401,0.21239595140547562,0.15587094017748448,0.09582509711243303,0.07061314605233271,0.07339438112243823
5.462,0.11285219384379941,0.21229406815116425,0.15577848417664852,0.09574506518741543,0.07054229401444134,0.07332521736024056
5.464,0.11279071911103578,0.21219207670741236,0.1556860200656227,0.09566501220851897,0.07047143291594926,0.07325603645767642
5.466,0.11272921756966547,0.21208997735429702,0.15559354798240044,0.09558493835893045,0.07040056291988939,0.07318683858606922
5.468,0.1126676893518086,0.21198777037158756,0.15550106806466846,0.0955048438215127,0.07032968418899932,0.07311762391645349
5.47,0.11260613458936297,0.2118854560387453,0.1554085804498082,0.09542472877880459,0.07025879688572223,0.07304839261957574
5.472,0.11254455341400527,0.21178303463492498,0.1553160852748956,0.09534459341302193,0.07018790117220663,0.0729791448658943
5.474,0.11248294595719033,0.21168050643897351,0.1552235826767021,0.09526443790605721,0.07011699721030706,0.0729098808255797
5.476,0.11242131235015207,0.211577871729431,0.1551310727916948,0.09518426243948053,0.07004608516158406,0.07284060066851472
5.478,0.11235965272390303,0.21147513078453106,0.1550385557560372,0.09510406719453957,0.0699751651873044,0.07277130456429459
5.48,0.11229796720923546,0.21137228388220053,0.15494603170558996,0.09502385235215982,0.0699042374484411,0.07270199268222721
5.482,0.11223625593672115,0.21126933130005998,0.15485350077591087,0.09494361809294505,0.06983330210567407,0.0726326651913336
5.484,0.1121745190367116,0.2111662733154238,0.15476096310225573,0.09486336459717792,0.06976235931939034,0.07256332226034745
5.486,0.1121127566393385,0.21106311020530044,0.1546684188195786,0.09478309204481983,0.06969140924968364,0.07249396405771624
5.488,0.11205096887451371,0.21095984224639275,0.15457586806253287,0.0947028006155115,0.0696204520563557,0.07242459075160057
5.49,0.11198915587192992,0.21085646971509764,0.1544833109654713,0.0946224904885733,0.06954948789891557,0.07235520250987504
5.492,0.11192731776106046,0.21075299288750715,0.15439074766244643,0.09454216184300579,0.06947851693658014,0.07228579950012803
5.494,0.11186545467115994,0.2106494120394078,0.1542981782872117,0.09446181485748939,0.06940753932827448,0.07221638188966195
5.496,0.11180356673126424,0.2105457274462812,0.15420560297322128,0.0943814497103852,0.06933655523263216,0.07214694984549386
5.498,0.11174165407019077,0.21044193938330436,0.15411302185363085,0.09430106657973569,0.06926556480799517,0.07207750353435483
5.5,0.1116797168165391,0.21033804812534984,0.15402043506129814,0.09422066564326426,0.06919456821241443,0.07200804312269082
5.502,0.11161775509869054,0.21023405394698536,0.1539278427287838,0.09414024707837587,0.06912356560364996,0.07193856877666294
5.5040000000000004,0.11155576904480902,0.21012995712247506,0.1538352449883511,0.09405981106215755,0.06905255713917091,0.07186908066214737
5.506,0.11149375878284129,0.21002575792577893,0.1537426419719672,0.09397935777137878,0.06898154297615622,0.07179957894473521
5.508,0.11143172444051652,0.20992145663055295,0.15365003381130338,0.0938988873824913,0.06891052327149438,0.07173006378973357
5.51,0.11136966614534738,0.2098170535101498,0.15355742063773525,0.09381840007163,0.06883949818178414,0.0716605353621651
5.5120000000000005,0.11130758402463004,0.2097125488376188,0.15346480258234396,0.09373789601461313,0.06876846786333424,0.07159099382676848
5.514,0.11124547820544373,0.20960794288570628,0.153372179775916,0.09365737538694208,0.06869743247216409,0.07152143934799837
5.516,0.1111833488146523,0.20950323592685516,0.15327955234894386,0.0935768383638027,0.06862639216400357,0.07145187209002568
5.518,0.11112119597890313,0.20939842823320598,0.15318692043162696,0.09349628512006469,0.0685553470942939,0.0713822922167382
5.5200000000000005,0.1110590198246284,0.20929352007659663,0.15309428415387205,0.09341571583028263,0.06848429741818718,0.07131269989174038
5.522,0.11099682047804493,0.2091885117285628,0.153001643645293,0.09333513066869581,0.0684132432905471,0.07124309527835337
5.524,0.11093459806515416,0.2090834034603377,0.15290899903521216,0.09325452980922888,0.0683421848659489,0.07117347853961586
5.526,0.110872352711743,0.2089781955428529,0.1528163504526605,0.09317391342549208,0.06827112229867982,0.07110384983828344
5.5280000000000005,0.11081008454338348,0.2088728882467381,0.15272369802637842,0.09309328169078146,0.06820005574273935,0.07103420933682969
5.53,0.11074779368543375,0.20876748184232152,0.15263104188481535,0.0930126347780793,0.0681289853518392,0.07096455719744599
5.532,0.11068548026303726,0.20866197659962982,0.1525383821561317,0.09293197286005439,0.06805791127940375,0.07089489358204126
5.534,0.11062314440112431,0.20855637278838857,0.15244571896819803,0.09285129610906262,0.06798683367857028,0.0708252186522429
5.5360000000000005,0.1105607862244109,0.2084506706780227,0.1523530524485961,0.09277060469714704,0.06791575270218897,0.07075553256939693
5.538,0.11049840585740034,0.20834487053765605,0.15226038272461961,0.09268989879603828,0.06784466850282378,0.07068583549456742
5.54,0.11043600342438253,0.20823897263611224,0.1521677099232741,0.09260917857715456,0.06777358123275179,0.07061612758853775
5.542,0.11037357904943446,0.20813297724191426,0.1520750341712782,0.09252844421160256,0.06770249104396409,0.07054640901180997
5.5440000000000005,0.1103111328564208,0.2080268846232849,0.15198235559506346,0.09244769587017765,0.06763139808816576,0.07047667992460549
5.546,0.11024866496899377,0.20792069504814736,0.15188967432077516,0.09236693372336369,0.06756030251677636,0.07040694048686502
5.548,0.11018617551059329,0.20781440878412472,0.15179699047427286,0.09228615794133388,0.06748920448092988,0.0703371908582493
5.55,0.11012366460444789,0.2077080260985409,0.15170430418113057,0.09220536869395124,0.06741810413147498,0.07026743119813839
5.5520000000000005,0.11006113237357407,0.20760154725842006,0.1516116155666376,0.09212456615076814,0.06734700161897544,0.0701976616656328
5.554,0.10999857894077736,0.20749497253048754,0.1515189247557991,0.09204375048102742,0.06727589709371018,0.07012788241955303
5.556,0.10993600442865192,0.20738830218116955,0.15142623187333593,0.09196292185366262,0.06720479070567364,0.07005809361844006
5.558,0.1098734089595812,0.20728153647659364,0.1513335370436859,0.09188208043729773,0.06713368260457608,0.06998829542055574
5.5600000000000005,0.10981079265573812,0.20717467568258874,0.15124084039100416,0.0918012264002479,0.06706257293984375,0.06991848798388256
5.562,0.10974815563908513,0.20706772006468577,0.15114814203916294,0.09172035991052008,0.0669914618606191,0.06984867146612439
5.564,0.10968549803137462,0.206960669888117,0.15105544211175315,0.091639481135813,0.06692034951576087,0.06977884602470596
5.566,0.10962281995414913,0.2068535254178172,0.15096274073208416,0.09155859024351742,0.06684923605384463,0.06970901181677402
5.5680000000000005,0.10956012152874162,0.20674628691842312,0.15087003802318422,0.0914776874007166,0.06677812162316266,0.06963916899919642
5.57,0.10949740287627563,0.20663895465427395,0.15077733410780136,0.09139677277418645,0.06670700637172478,0.06956931772856345
5.572,0.10943466411766578,0.20653152888941184,0.15068462910840363,0.09131584653039626,0.06663589044725793,0.06949945816118741
5.574,0.10937190537361774,0.20642400988758136,0.15059192314717973,0.09123490883550889,0.06656477399720706,0.06942959045310282
5.5760000000000005,0.10930912676462845,0.20631639791223066,0.15049921634603947,0.09115395985538055,0.06649365716873445,0.06935971476006664
5.578,0.1092463284109868,0.2062086932265108,0.15040650882661422,0.09107299975556193,0.06642254010872084,0.06928983123755894
5.58,0.10918351043277319,0.20610089609327642,0.15031380071025713,0.09099202870129797,0.0663514229637654,0.06921994004078247
5.582,0.10912067294986016,0.2059930067750857,0.15022109211804424,0.09091104685752849,0.06628030588018596,0.06915004132466329
5.5840000000000005,0.1090578160819129,0.20588502553420085,0.15012838317077426,0.09083005438888825,0.06620918900401884,0.06908013524385082
5.586,0.10899493994838916,0.2057769526325881,0.15003567398896966,0.09074905145970757,0.06613807248101988,0.06901022195271778
5.588,0.10893204466853934,0.2056687883319177,0.1499429646928767,0.0906680382340126,0.06606695645666383,0.06894030160536113
5.59,0.10886913036140711,0.2055605328935648,0.1498502554024661,0.09058701487552545,0.06599584107614542,0.06887037435560184
5.5920000000000005,0.10880619714582962,0.20545218657860898,0.14975754623743387,0.09050598154766476,0.06592472648437897,0.06880044035698463
5.594,0.10874324514043732,0.20534374964783475,0.14966483731720093,0.0904249384135456,0.065853612825999,0.06873049976277912
5.596,0.1086802744636548,0.20523522236173175,0.1495721287609144,0.09034388563598039,0.06578250024536025,0.0686605527259796
5.598,0.1086172852337004,0.2051266049804945,0.14947942068744768,0.09026282337747893,0.06571138888653816,0.06859059939930479
5.6000000000000005,0.10855427756858704,0.20501789776402335,0.1493867132154012,0.09018175180024834,0.0656402788933288,0.06852063993519875
5.602,0.10849125158612227,0.20490910097192438,0.14929400646310254,0.09010067106619424,0.06556917040924914,0.06845067448583086
5.604,0.10842820740390824,0.2048002148635093,0.14920130054860703,0.09001958133692045,0.06549806357753751,0.06838070320309586
5.606,0.10836514513934237,0.204691239697796,0.1491085955896987,0.08993848277372951,0.06542695854115399,0.06831072623861445
5.6080000000000005,0.10830206490961736,0.20458217573350868,0.14901589170388996,0.08985737553762285,0.06535585544278022,0.0682407437437329
5.61,0.10823896683172118,0.20447302322907768,0.1489231890084226,0.08977625978930126,0.06528475442481985,0.0681707558695237
5.612,0.10817585102243799,0.20436378244264053,0.1488304876202684,0.08969513568916532,0.06521365562939896,0.06810076276678578
5.614,0.10811271759834784,0.20425445363204142,0.14873778765612888,0.0896140033973154,0.06514255919836565,0.06803076458604473
5.6160000000000005,0.10804956667582699,0.20414503705483145,0.14864508923243647,0.08953286307355235,0.06507146527329133,0.06796076147755259
5.618,0.10798639837104829,0.20403553296826904,0.14855239246535468,0.08945171487737769,0.06500037399546987,0.06789075359128871
5.62,0.10792321279998118,0.2039259416293202,0.1484596974707788,0.08937055896799362,0.0649292855059187,0.06782074107695935
5.622,0.10786001007839241,0.20381626329465852,0.14836700436433614,0.08928939550430415,0.06485819994537856,0.06775072408399829
5.6240000000000006,0.10779679032184575,0.20370649822066556,0.14827431326138663,0.08920822464491418,0.06478711745431398,0.0676807027615669
5.626,0.1077335536457027,0.2035966466634309,0.14818162427702286,0.0891270465481313,0.06471603817291327,0.06761067725855452
5.628,0.10767030016512225,0.20348670887875242,0.14808893752607144,0.08904586137196491,0.06464496224108918,0.06754064772357826
5.63,0.10760702999506133,0.20337668512213636,0.14799625312309272,0.08896466927412705,0.06457388979847867,0.06747061430498369
5.632,0.10754374325027527,0.2032665756487977,0.14790357118238173,0.0888834704120327,0.06450282098444338,0.0674005771508448
5.634,0.10748044004531776,0.20315638071366027,0.14781089181796792,0.08880226494279997,0.06443175593807005,0.06733053640896425
5.636,0.10741712049454133,0.20304610057135708,0.14771821514361672,0.08872105302325073,0.0643606947981703,0.06726049222687358
5.638,0.10735378471209733,0.20293573547623023,0.1476255412728289,0.08863983480991067,0.06428963770328155,0.06719044475183344
5.64,0.10729043281193618,0.20282528568233138,0.14753287031884166,0.0885586104590097,0.06421858479166653,0.06712039413083404
5.642,0.10722706490780776,0.20271475144342177,0.1474402023946293,0.08847738012648221,0.06414753620131397,0.06705034051059466
5.644,0.10716368111326191,0.20260413301297264,0.1473475376129032,0.08839614396796747,0.06407649206993882,0.06698028403756462
5.646,0.10710028154164797,0.20249343064416547,0.14725487608611232,0.08831490213880988,0.06400545253498224,0.0669102248579232
5.648,0.10703686630611564,0.20238264458989152,0.1471622179264438,0.0882336547940592,0.06393441773361208,0.06684016311757968
5.65,0.1069734355196148,0.20227177510275296,0.14706956324582365,0.08815240208847142,0.06386338780272327,0.06677009896217401
5.652,0.10690998929489615,0.2021608224350624,0.1469769121559168,0.0880711441765083,0.06379236287893741,0.06670003253707679
5.654,0.1068465277445112,0.20204978683884356,0.14688426476812766,0.0879898812123383,0.06372134309860389,0.06662996398738907
5.656,0.10678305098081253,0.20193866856583087,0.1467916211936009,0.08790861334983635,0.06365032859779962,0.06655989345794322
5.658,0.10671955911595399,0.2018274678674703,0.14669898154322158,0.08782734074258491,0.06357931951232931,0.0664898210933027
5.66,0.10665605226189112,0.20171618499491917,0.14660634592761568,0.0877460635438736,0.06350831597772566,0.06641974703776277
5.662,0.10659253053038098,0.20160482019904635,0.14651371445715045,0.08766478190670002,0.0634373181292498,0.06634967143534998
5.664,0.10652899403298322,0.20149337373043297,0.14642108724193514,0.08758349598376958,0.0633663261018913,0.0662795944298229
5.666,0.10646544288105919,0.2013818458393719,0.14632846439182146,0.08750220592749614,0.06329534003036885,0.0662095161646723
5.668,0.1064018771857731,0.20127023677586853,0.14623584601640371,0.08742091189000245,0.06322436004913001,0.0661394367831214
5.67,0.10633829705809195,0.2011585467896404,0.14614323222501957,0.08733961402312018,0.06315338629235168,0.06606935642812561
5.672,0.10627470260878535,0.2010467761301178,0.14605062312675043,0.08725831247839033,0.0630824188939405,0.06599927524237348
5.674,0.10621109394842665,0.20093492504644406,0.14595801883042148,0.08717700740706369,0.06301145798753272,0.0659291933682864
5.676,0.1061474711873922,0.20082299378747548,0.14586541944460274,0.08709569896010105,0.06294050370649451,0.06585911094801888
5.678,0.10608383443586256,0.20071098260178166,0.14577282507760936,0.08701438728817346,0.06286955618392276,0.06578902812345899
5.68,0.10602018380382172,0.20059889173764556,0.145680235837502,0.0869330725416626,0.06279861555264454,0.06571894503622833
5.682,0.10595651940105832,0.20048672144306412,0.1455876518320871,0.08685175487066132,0.06272768194521805,0.06564886182768248
5.684,0.10589284133716492,0.20037447196574765,0.14549507316891774,0.08677043442497379,0.06265675549393213,0.06557877863891082
5.686,0.10582914972153912,0.20026214355312066,0.14540249995529364,0.08668911135411528,0.06258583633080717,0.06550869561073736
5.688,0.10576544466338311,0.20014973645232237,0.14530993229826183,0.08660778580731354,0.06251492458759489,0.06543861288372033
5.69,0.1057017262717046,0.20003725091020597,0.14521737030461734,0.08652645793350855,0.06244402039577923,0.06536853059815262
5.692,0.10563799465531631,0.19992468717333933,0.14512481408090339,0.0864451278813525,0.062373123886575677,0.06529844889406244
5.694,0.10557424992283648,0.19981204548800546,0.1450322637334116,0.08636379579921072,0.06230223519093214,0.06522836791121311
5.696,0.10551049218268971,0.19969932610020225,0.14493971936818295,0.08628246183516164,0.062231354439528985,0.06515828778910282
5.698,0.10544672154310586,0.1995865292556429,0.14484718109100791,0.08620112613699749,0.06216048176277966,0.06508820866696596
5.7,0.10538293811212185,0.19947365519975602,0.14475464900742674,0.08611978885222382,0.06208961729083007,0.06501813068377227
5.702,0.10531914199758075,0.19936070417768592,0.14466212322273053,0.0860384501280611,0.062018761153559865,0.0649480539782279
5.704,0.10525533330713222,0.19924767643429275,0.14456960384196105,0.08595711011144358,0.06194791348058204,0.06487797868877498
5.706,0.10519151214823341,0.19913457221415287,0.14447709096991135,0.08587576894902083,0.06187707440124335,0.06480790495359212
5.708,0.10512767862814831,0.19902139176155864,0.14438458471112647,0.08579442678715732,0.061806244044624314,0.06473783291059454
5.71,0.10506383285394838,0.19890813532051888,0.14429208516990366,0.0857130837719331,0.06173542253954012,0.0646677626974348
5.712,0.10499997493251301,0.19879480313475928,0.14419959245029257,0.08563174004914376,0.06166461001453993,0.0645976944515021
5.714,0.1049361049705293,0.19868139544772223,0.14410710665609616,0.08555039576430112,0.06159380659790825,0.06452762830992298
5.716,0.10487222307449273,0.19856791250256722,0.14401462789087094,0.08546905106263347,0.061523012417664,0.06445756440956196
5.718,0.10480832935070694,0.19845435454217086,0.14392215625792737,0.08538770608908575,0.06145222760156166,0.06438750288702111
5.72,0.10474442390528438,0.19834072180912754,0.14382969186033034,0.08530636098832,0.06138145227709102,0.06431744387864025
5.722,0.10468050684414631,0.19822701454574876,0.14373723480089984,0.08522501590471565,0.061310686571477646,0.06424738752049786
5.724,0.10461657827302284,0.19811323299406447,0.1436447851822109,0.08514367098236963,0.06123993061168331,0.06417733394841041
5.726,0.10455263829745376,0.19799937739582218,0.14355234310659437,0.08506232636509692,0.06116918452440556,0.06410728329793347
5.728,0.10448868702278835,0.19788544799248786,0.14345990867613723,0.08498098219643091,0.06109844843607881,0.06403723570436126
5.73,0.10442472455418539,0.1977714450252459,0.14336748199268334,0.08489963861962369,0.06102772247287391,0.06396719130272688
5.732,0.10436075099661402,0.1976573687349994,0.14327506315783345,0.08481829577764621,0.060957006760698595,0.06389715022780318
5.734,0.1042967664548533,0.19754321936237007,0.1431826522729458,0.0847369538131888,0.06088630142519835,0.06382711261410212
5.736,0.10423277103349315,0.1974289971476988,0.14309024943913662,0.08465561286866108,0.060815606591755555,0.06375707859587565
5.738,0.10416876483693405,0.19731470233104575,0.14299785475728055,0.0845742730861927,0.06074492238549034,0.06368704830711591
5.74,0.10410474796938729,0.1972003351521905,0.14290546832801088,0.08449293460763374,0.060674248931261276,0.0636170218815546
5.742,0.10404072053487523,0.1970858958506323,0.14281309025172018,0.08441159757455452,0.060603586353664474,0.06354699945266451
5.744,0.10397668263723192,0.19697138466559005,0.142720720628561,0.08433026212824646,0.06053293477703492,0.06347698115365863
5.746,0.10391263438010312,0.19685680183600285,0.14262835955844544,0.08424892840972209,0.06046229432544625,0.06340696711749105
5.748,0.10384857586694607,0.19674214760053,0.14253600714104664,0.08416759655971529,0.06039166512271099,0.06333695747685675
5.75,0.10378450720103038,0.19662742219755103,0.1424436634757984,0.08408626671868191,0.06032104729238075,0.06326695236419222
5.752,0.10372042848543783,0.19651262586516638,0.14235132866189604,0.08400493902679962,0.060250440957746676,0.06319695191167529
5.7540000000000004,0.10365633982306277,0.19639775884119715,0.14225900279829684,0.08392361362396894,0.060179846241839474,0.06312695625122555
5.756,0.10359224131661238,0.1962828213631853,0.14216668598372006,0.08384229064981286,0.060109263267430046,0.06305696551450457
5.758,0.10352813306860686,0.19616781366839442,0.14207437831664782,0.08376097024367768,0.06003869215702928,0.06298697983291612
5.76,0.10346401518137949,0.19605273599380912,0.1419820798953253,0.08367965254463283,0.059968133032888726,0.06291699933760642
5.7620000000000005,0.1033998877570772,0.19593758857613586,0.1418897908177612,0.08359833769147151,0.059897586017000126,0.0628470241594643
5.764,0.10333575089766067,0.19582237165180283,0.14179751118172823,0.08351702582271092,0.05982705123109655,0.06277705442912129
5.766,0.10327160470490426,0.19570708545696025,0.14170524108476323,0.08343571707659247,0.059756528796652386,0.0627070902769522
5.768,0.10320744928039649,0.19559173022748033,0.14161298062416838,0.08335441159108248,0.05968601883488289,0.06263713183307495
5.7700000000000005,0.10314328472554046,0.19547630619895795,0.1415207298970107,0.08327310950387212,0.059615521466745536,0.062567179227351
5.772,0.10307911114155366,0.19536081360671065,0.14142848900012295,0.08319181095237771,0.05954503681293932,0.062497232589385776
5.774,0.1030149286294686,0.19524525268577841,0.14133625803010408,0.08311051607374131,0.05947456499390569,0.06242729204852826
5.776,0.1029507372901326,0.19512962367092457,0.14124403708331967,0.08302922500483079,0.05940410612982849,0.062357357733872076
5.7780000000000005,0.10288653722420849,0.19501392679663532,0.14115182625590172,0.08294793788224042,0.05933366034063403,0.06228742977425483
5.78,0.10282232853217432,0.19489816229712043,0.14105962564375019,0.0828666548422905,0.059263227745991465,0.062217508298259006
5.782,0.10275811131432433,0.1947823304063132,0.1409674353425323,0.08278537602102864,0.059192808465313496,0.06214759343421172
5.784,0.10269388567076843,0.19466643135787098,0.14087525544768376,0.08270410155422958,0.05912240261775614,0.062077685310185426
5.7860000000000005,0.10262965170143268,0.19455046538517462,0.14078308605440903,0.08262283157739536,0.05905201032221874,0.06200778405399765
5.788,0.10256540950605952,0.19443443272132965,0.1406909272576813,0.08254156622575559,0.05898163169734505,0.06193788979321169
5.79,0.10250115918420821,0.1943183335991654,0.14059877915224317,0.08246030563426854,0.05891126686152259,0.061868002655136145
5.792,0.10243690083525481,0.19420216825123626,0.1405066418326073,0.08237904993762024,0.05884091593288332,0.06179812276682606
5.7940000000000005,0.1023726345583924,0.19408593690982134,0.14041451539305672,0.08229779927022607,0.05877057902930405,0.06172825025508222
5.796,0.10230836045263159,0.1939696398069244,0.14032239992764506,0.08221655376623005,0.05870025626840647,0.061658385246452285
5.798,0.10224407861680018,0.19385327717427447,0.14023029553019684,0.08213531355950554,0.05862994776755737,0.061588527867230125
5.8,0.10217978914954395,0.19373684924332624,0.1401382022943085,0.08205407878365567,0.058559653643868836,0.06151867824345647
5.8020000000000005,0.10211549214932658,0.19362035624525964,0.1400461203133483,0.08197284957201334,0.058489374014198736,0.06144883650091959
5.804,0.10205118771442989,0.19350379841098042,0.13995404968045677,0.08189162605764211,0.058419108995150903,0.0613790027651544
5.806,0.10198687594295452,0.19338717597112032,0.1398619904885472,0.08181040837333575,0.05834885870307516,0.06130917716144402
5.808,0.10192255693281926,0.19327048915603706,0.13976994283030608,0.08172919665161915,0.05827862325406774,0.06123935981481865
5.8100000000000005,0.10185823078176215,0.19315373819581505,0.1396779067981937,0.08164799102474851,0.05820840276397177,0.06116955085005693
5.812,0.10179389758734003,0.1930369233202649,0.13958588248444403,0.08156679162471114,0.058138197348376996,0.06109975039168569
5.814,0.10172955744692924,0.1929200447589241,0.13949386998106572,0.08148559858322657,0.0580680071226205,0.06102995856397975
5.816,0.10166521045772581,0.19280310274105705,0.13940186937984222,0.08140441203174631,0.05799783220178667,0.060960175490963
5.8180000000000005,0.10160085671674546,0.19268609749565546,0.13930988077233208,0.08132323210145431,0.057927672700707644,0.06089040129640799
5.82,0.10153649632082362,0.19256902925143793,0.13921790424986957,0.08124205892326741,0.057857528733963326,0.06082063610383659
5.822,0.10147212936661631,0.19245189823685083,0.13912593990356514,0.08116089262783555,0.05778740041588182,0.06075088003651952
5.824,0.10140775595059992,0.1923347046800683,0.13903398782430565,0.08107973334554175,0.057717287860539646,0.06068113321747748
5.8260000000000005,0.10134337616907119,0.1922174488089925,0.1389420481027548,0.08099858120650305,0.05764719118176176,0.060611395769480714
5.828,0.10127899011814812,0.19210013085125333,0.13885012082935355,0.08091743634057047,0.05757711049312242,0.06054166781504966
5.83,0.10121459789376974,0.19198275103420914,0.13875820609432066,0.08083629887732902,0.057507045907944976,0.06047194947645451
5.832,0.10115019959169635,0.19186530958494696,0.13866630398765278,0.0807551689460988,0.05743699753930187,0.06040224087571655
5.8340000000000005,0.10108579530750972,0.19174780673028224,0.13857441459912523,0.08067404667593459,0.0573669655000153,0.06033254213460704
5.836,0.10102138513661352,0.19163024269675955,0.13848253801829213,0.08059293219562624,0.05729694990265766,0.06026285337464876
5.838,0.10095696917423336,0.19151261771065253,0.13839067433448693,0.08051182563369963,0.057226950859550874,0.06019317471711516
5.84,0.10089254751541699,0.19139493199796376,0.13829882363682278,0.08043072711841615,0.05715696848276797,0.0601235062830312
5.8420000000000005,0.10082812025503474,0.19127718578442576,0.138206986014193,0.0803496367777734,0.057087002884132154,0.060053848193173165
5.844,0.10076368748777953,0.19115937929550042,0.1381151615552716,0.08026855473950545,0.05701705417521774,0.05998420056806952
5.846,0.10069924930816732,0.19104151275637982,0.1380233503485131,0.0801874811310832,0.05694712246735012,0.05991456352800051
5.848,0.10063480581053663,0.1909235863919856,0.13793155248215339,0.08010641607971491,0.056877207871605995,0.05984493719299855
5.8500000000000005,0.10057035708904993,0.19080560042697003,0.1378397680442105,0.0800253597123457,0.05680731049881382,0.059775321682848714
5.852,0.10050590323769293,0.1906875550857159,0.1377479971224842,0.07994431215565889,0.05673743045955382,0.05970571711708872
5.854,0.10044144435027502,0.19056945059233632,0.13765623980455666,0.07986327353607559,0.05666756786415861,0.05963612361500914
5.856,0.10037698052042976,0.1904512871706754,0.13756449617779332,0.07978224397975531,0.056597722822713026,0.05956654129565342
5.8580000000000005,0.1003125118416146,0.19033306504430825,0.1374727663293429,0.07970122361259624,0.056527895445054765,0.05949697027781897
5.86,0.10024803840711183,0.19021478443654138,0.13738105034613746,0.07962021256023522,0.05645808584077394,0.05942741068005608
5.862,0.10018356031002806,0.1900964455704124,0.1372893483148936,0.07953921094804861,0.05638829411921442,0.059357862620669444
5.864,0.10011907764329475,0.18997804866869084,0.1371976603221121,0.07945821890115234,0.05631852038947294,0.05928832621771751
5.8660000000000005,0.10005459049966858,0.18985959395387808,0.13710598645407868,0.0793772365444021,0.056248764760400194,0.05921880158901316
5.868,0.09999009897173128,0.18974108164820724,0.13701432679686443,0.07929626400239398,0.05617902734060065,0.05914928885212345
5.87,0.09992560315189047,0.18962251197364388,0.13692268143632602,0.07921530139946409,0.056109308238433186,0.059079788124370536
5.872,0.09986110313237906,0.18950388515188576,0.1368310504581065,0.07913434885968962,0.05603960756201065,0.05901029952283121
5.8740000000000006,0.09979659900525606,0.18938520140436332,0.1367394339476351,0.07905340650688886,0.05596992541920076,0.058940823164337575
5.876,0.09973209086240686,0.18926646095223987,0.13664783199012787,0.07897247446462163,0.05590026191762609,0.058871359165477255
5.878,0.09966757879554278,0.1891476640164118,0.13655624467058813,0.0788915528561891,0.05583061716466453,0.05880190764259319
5.88,0.09960306289620213,0.18902881081750844,0.13646467207380697,0.0788106418046346,0.05576099126744927,0.0587324687117845
5.882000000000001,0.09953854325574985,0.18890990157589238,0.13637311428436338,0.0787297414327437,0.05569138433286902,0.05866304248890608
5.884,0.09947401996537786,0.18879093651166023,0.136281571386625,0.07864885186304482,0.055621796467568485,0.05859362908956922
5.886,0.09940949311610536,0.18867191584464194,0.13619004346474806,0.07856797321780906,0.05555222777794855,0.05852422862914186
5.888,0.09934496279877925,0.18855283979440163,0.13609853060267807,0.07848710561905081,0.055482678370166516,0.05845484122274858
5.89,0.09928042910407364,0.18843370858023745,0.13600703288415006,0.07840624918852801,0.05541314835013633,0.05838546698527103
5.892,0.0992158921224906,0.18831452242118196,0.135915550392689,0.07832540404774258,0.05534363782352858,0.05831610603134796
5.894,0.09915135194436075,0.1881952815360024,0.13582408321161044,0.07824457031794041,0.05527414689577159,0.05824675847537564
5.896,0.09908680865984243,0.18807598614320042,0.13573263142402037,0.07816374812011184,0.05520467567205056,0.05817742443150786
5.898,0.09902226235892297,0.1879566364610128,0.13564119511281603,0.07808293757499185,0.055135224257308435,0.058108104013656625
5.9,0.09895771313141832,0.18783723270741137,0.13554977436068638,0.07800213880306073,0.055065792756246346,0.058038797335491665
5.902,0.09889316106697343,0.18771777510010335,0.13545836925011212,0.07792135192454386,0.05499638127332318,0.05796950451044114
5.904,0.09882860625506207,0.18759826385653144,0.1353669798633661,0.07784057705941239,0.05492698991275646,0.05790022565169206
5.906,0.0987640487849879,0.18747869919387417,0.135275606282514,0.07775981432738366,0.05485761877852258,0.05783096087218986
5.908,0.09869948874588386,0.18735908132904555,0.13518424858941458,0.07767906384792078,0.05478826797435632,0.05776171028463928
5.91,0.09863492622671277,0.18723941047869586,0.13509290686571984,0.07759832574023395,0.054718937603752016,0.057692474001504124
5.912,0.09857036131626762,0.187119686859212,0.13500158119287597,0.0775176001232798,0.054649627769963294,0.05762325213500774
5.914,0.0985057941031715,0.18699991068671684,0.13491027165212288,0.07743688711576246,0.05458033857600353,0.05755404479713322
5.916,0.09844122467587813,0.1868800821770702,0.1348189783244953,0.07735618683613343,0.054511070124645844,0.057484852099623396
5.918,0.09837665312267152,0.1867602015458687,0.1347277012908228,0.07727549940259171,0.054441822518423555,0.057415674153981744
5.92,0.0983120795316672,0.18664026900844588,0.13463644063173064,0.07719482493308494,0.05437259585963039,0.057346511071471484
5.922,0.09824750399081106,0.1865202847798726,0.13454519642763918,0.07711416354530853,0.05430339025032094,0.05727736296311692
5.924,0.09818292658788086,0.18640024907495745,0.13445396875876559,0.077033515356707,0.05423420579231042,0.05720822993970298
5.926,0.09811834741048564,0.18628016210824616,0.13436275770512274,0.07695288048447368,0.05416504258717536,0.057139112111775914
5.928,0.09805376654606635,0.18616002409402266,0.13427156334652102,0.07687225904555128,0.05409590073625359,0.05707000958964281
5.93,0.09798918408189561,0.18603983524630863,0.13418038576256763,0.076791651156632,0.054026780340644676,0.05700092248337274
5.932,0.09792460010507842,0.18591959577886397,0.13408922503266751,0.0767110569341578,0.053957681501210164,0.05693185090279629
5.934,0.09786001470255212,0.18579930590518723,0.13399808123602353,0.07663047649432109,0.053888604318573785,0.05686279495750601
5.936,0.09779542796108642,0.18567896583851518,0.13390695445163692,0.07654990995306465,0.05381954889312146,0.056793754756856885
5.938,0.09773083996728427,0.18555857579182367,0.13381584475830754,0.07646935742608219,0.05375051532500197,0.05672473040996606
5.94,0.09766625080758118,0.18543813597782743,0.13372475223463454,0.07638881902881822,0.053681503714127166,0.05665572202571356
5.942,0.09760166056824615,0.1853176466089803,0.1336336769590165,0.07630829487646862,0.05361251416017154,0.056586729712742256
5.944,0.09753706933538164,0.18519710789747568,0.1335426190096516,0.07622778508398143,0.05354354676257356,0.056517753579457874
5.946,0.09747247719492336,0.18507652005524622,0.13345157846453826,0.07614728976605623,0.05347460162053497,0.05644879373402989
5.948,0.09740788423264135,0.1849558832939644,0.13336055540147584,0.0760668090371448,0.05340567883302172,0.0563798502843913
5.95,0.09734329053413937,0.18483519782504287,0.13326954989806428,0.07598634301145202,0.053336778498763726,0.056310923338238617
5.952,0.09727869618485574,0.18471446385963408,0.13317856203170497,0.07590589180293517,0.053267900716255534,0.056242013003032554
5.954,0.09721410127006314,0.18459368160863088,0.13308759187960106,0.07582545552530506,0.0531990455837561,0.056173119385998005
5.956,0.09714950587486859,0.18447285128266677,0.13299663951875762,0.07574503429202561,0.053130213199289456,0.0561042425941245
5.958,0.0970849100842146,0.1843519730921157,0.1329057050259823,0.07566462821631492,0.05306140366064471,0.05603538273416642
5.96,0.09702031398287847,0.18423104724709272,0.1328147884778852,0.07558423741114484,0.052992617065376724,0.055966539912642776
5.962,0.09695571765547295,0.18411007395745393,0.13272388995088003,0.07550386198924186,0.05292385351080542,0.05589771423583789
5.964,0.09689112118644605,0.1839890534327968,0.13263300952118384,0.0754235020630869,0.05285511309401736,0.05582890580980138
5.966,0.09682652466008168,0.1838679858824599,0.1325421472648174,0.07534315774491596,0.052786395911864625,0.05576011474034859
5.968,0.09676192816049989,0.1837468715155237,0.1324513032576058,0.07526282914672033,0.052717702060966154,0.055691341133060845
5.97,0.09669733177165662,0.18362571054081056,0.132360477575179,0.07518251638024687,0.05264903163770729,0.05562258509328544
5.972,0.0966327355773442,0.18350450316688494,0.13226967029297176,0.07510221955699814,0.05258038473824067,0.05555384672613606
5.974,0.09656813966119171,0.1833832496020531,0.13217888148622414,0.07502193878823316,0.052511761458485795,0.05548512613649281
5.976,0.09650354410666484,0.1832619500543642,0.13208811122998187,0.07494167418496711,0.05244316189412945,0.05541642342900266
5.978,0.09643894899706629,0.18314060473160976,0.13199735959909709,0.07486142585797206,0.05237458614062662,0.05534773870807963
5.98,0.09637435441553599,0.18301921384132425,0.13190662666822806,0.07478119391777716,0.0523060342931998,0.055279072077904834
5.982,0.09630976044505113,0.18289777759078496,0.13181591251183966,0.07470097847466883,0.052237506446839665,0.0552104236424269
5.984,0.09624516716842679,0.18277629618701252,0.1317252172042045,0.07462077963869129,0.05216900269630553,0.05514179350536219
5.986,0.09618057466831553,0.18265476983677065,0.13163454081940218,0.07454059751964648,0.05210052313612534,0.055073181770195045
5.988,0.09611598302720825,0.18253319874656704,0.1315438834313205,0.07446043222709475,0.05203206786059589,0.05500458854017798
5.99,0.09605139232743398,0.1824115831226527,0.1314532451136552,0.07438028387035467,0.051963636963783255,0.05493601391833147
5.992,0.09598680265115989,0.18228992317102288,0.131362625939911,0.07430015255850408,0.05189523053952283,0.0548674580074453
5.994,0.09592221408039214,0.18216821909741676,0.13127202598340104,0.07422003840037972,0.05182684868141996,0.05479892091007743
5.996,0.09585762669697573,0.1820464711073182,0.1311814453172484,0.07413994150457759,0.0517584914828495,0.05473040272855534
5.998,0.09579304058259464,0.18192467940595503,0.1310908840143854,0.07405986197945369,0.05169015903695673,0.05466190356497558
6.0,0.09572845581877187,0.18180284419830017,0.13100034214755452,0.07397979993312376,0.05162185143665732,0.05459342352120444
6.002,0.09566387248687036,0.18168096568907122,0.13090981978930838,0.07389975547346395,0.05155356877463757,0.05452496269887752
6.0040000000000004,0.09559929066809225,0.18155904408273105,0.13081931701201066,0.07381972870811104,0.05148531114335486,0.05445652119940103
6.006,0.09553471044347983,0.18143707958348765,0.13072883388783607,0.0737397197444627,0.05141707863503786,0.054388099123950706
6.008,0.09547013189391529,0.18131507239529454,0.13063837048877058,0.07365972868967785,0.05134887134168631,0.05431969657347335
6.01,0.09540555510012116,0.18119302272185078,0.1305479268866121,0.07357975565067654,0.051280689355071685,0.054251313648686184
6.0120000000000005,0.09534098014266079,0.1810709307666014,0.13045750315297044,0.07349980073414097,0.05121253276673787,0.05418295045007726
6.014,0.09527640710193763,0.18094879673273745,0.13036709935926827,0.07341986404651513,0.05114440166800027,0.05411460707790572
6.016,0.09521183605819639,0.18082662082319612,0.13027671557674103,0.07333994569400559,0.05107629614994735,0.05404628363220221
6.018,0.09514726709152299,0.18070440324066106,0.13018635187643723,0.07326004578258138,0.05100821630343977,0.053977980212768895
6.0200000000000005,0.0950827002818444,0.18058214418756235,0.13009600832921886,0.07318016441797459,0.05094016221911146,0.053909696919179906
6.022,0.09501813570892903,0.18045984386607694,0.13000568500576204,0.0731003017056806,0.05087213398736945,0.053841433850781106
6.024,0.09495357345238742,0.18033750247812885,0.12991538197655683,0.07302045775095789,0.05080413169839404,0.05377319110669099
6.026,0.09488901359167157,0.1802151202253892,0.12982509931190833,0.07294063265882933,0.0507361554421395,0.053704968785800444
6.0280000000000005,0.09482445620607582,0.18009269730927624,0.12973483708193623,0.07286082653408155,0.050668205308333825,0.053636766986773
6.03,0.09475990137473667,0.17997023393095612,0.1296445953565757,0.07278103948126557,0.05060028138647921,0.05356858580804502
6.032,0.09469534917663336,0.1798477302913426,0.12955437420557736,0.0727012716046973,0.05053238376585223,0.0535004253478264
6.034,0.09463079969058796,0.17972518659109715,0.12946417369850782,0.07262152300845748,0.050464512535504547,0.0534322857041003
6.0360000000000005,0.09456625299526511,0.17960260303062947,0.12937399390475024,0.07254179379639192,0.05039666778426222,0.05336416697462365
6.038,0.09450170916917267,0.17947997981009767,0.12928383489350437,0.07246208407211241,0.05032884960072681,0.05329606925692709
6.04,0.09443716829066195,0.17935731712940806,0.129193696733787,0.07238239393899648,0.05026105807327541,0.05322799264831546
6.042,0.09437263043792776,0.17923461518821604,0.12910357949443219,0.07230272350018763,0.050193293290060614,0.05315993724586798
6.0440000000000005,0.09430809568900855,0.17911187418592522,0.1290134832440919,0.07222307285859597,0.050125555339010974,0.0530919031464383
6.046,0.0942435641217867,0.17898909432168897,0.1289234080512358,0.07214344211689805,0.05005784430783122,0.05302389044665512
6.048,0.0941790358139889,0.17886627579440928,0.1288333539841524,0.07206383137753791,0.049990160284002494,0.05295589924292177
6.05,0.09411451084318623,0.17874341880273792,0.12874332111094855,0.07198424074272647,0.04992250335478299,0.05288792963141731
6.0520000000000005,0.09404998928679409,0.17862052354507618,0.12865330949955056,0.07190467031444236,0.049854873607207306,0.0528199817080961
6.054,0.09398547122207268,0.1784975902195749,0.1285633192177038,0.07182512019443199,0.04978727112808756,0.05275205556868823
6.056,0.09392095672612721,0.17837461902413532,0.12847335033297358,0.07174559048421036,0.04971969600401316,0.052684151308699745
6.058,0.09385644587590791,0.17825161015640845,0.1283834029127453,0.07166608128506047,0.04965214832135123,0.052616269023412654
6.0600000000000005,0.09379193874821024,0.17812856381379594,0.128293477024225,0.07158659269803413,0.04958462816624709,0.052548408807885805
6.062,0.09372743541967554,0.17800548019344986,0.12820357273443905,0.0715071248239525,0.04951713562462379,0.05248057075695445
6.064,0.09366293596679087,0.17788235949227293,0.12811369011023532,0.07142767776340553,0.04944967078218321,0.05241275496523068
6.066,0.09359844046588894,0.17775920190691874,0.12802382921828293,0.0713482516167534,0.049382233724405644,0.05234496152710366
6.0680000000000005,0.09353394899314882,0.17763600763379217,0.12793399012507312,0.07126884648412579,0.04931482453655067,0.05227719053674007
6.07,0.0934694616245959,0.17751277686904943,0.12784417289691885,0.07118946246542279,0.04924744330365671,0.05220944208808409
6.072,0.09340497843610196,0.17738950980859802,0.12775437759995567,0.07111009966031467,0.0491800901105417,0.05214171627485764
6.074,0.09334049950338552,0.177266206648097,0.12766460430014215,0.07103075816824256,0.04911276504180351,0.05207401319056082
6.0760000000000005,0.09327602490201237,0.1771428675829576,0.12757485306325966,0.07095143808841886,0.04904546818181954,0.05200633292847168
6.078,0.09321155470739506,0.17701949280834284,0.1274851239549133,0.07087213951982729,0.04897819961474781,0.05193867558164711
6.08,0.09314708899479363,0.17689608251916789,0.12739541704053203,0.07079286256122286,0.04891095942452628,0.05187104124292241
6.082,0.09308262783931553,0.1767726369101006,0.12730573238536858,0.07071360731113274,0.04884374769487421,0.05180343000491194
6.0840000000000005,0.09301817131591616,0.1766491561755612,0.12721607005450064,0.07063437386785631,0.04877656450929124,0.05173584196000913
6.086,0.09295371949939857,0.17652564050972286,0.1271264301128303,0.07055516232946535,0.04870940995105855,0.051668277200387136
6.088,0.09288927246441436,0.17640209010651153,0.12703681262508515,0.07047597279380424,0.048642284103238564,0.0516007358179984
6.09,0.09282483028546284,0.1762785051596063,0.12694721765581796,0.07039680535849091,0.04857518704867547,0.051533217904575546
6.0920000000000005,0.09276039303689254,0.17615488586243977,0.12685764526940724,0.07031766012091611,0.0485081188699954,0.051465723551630926
6.094,0.0926959607929001,0.17603123240819807,0.12676809553005786,0.07023853717824458,0.04844107964960642,0.051398252850457515
6.096,0.0926315336275314,0.17590754498982064,0.12667856850180126,0.07015943662741453,0.048374069469699466,0.051330805892128906
6.098,0.09256711161468112,0.17578382380000135,0.12658906424849525,0.07008035856513883,0.04830708841224807,0.05126338276749909
6.1000000000000005,0.09250269482809381,0.1756600690311878,0.12649958283382534,0.07000130308790475,0.048240136559008384,0.05119598356720334
6.102,0.09243828334136306,0.17553628087558182,0.12641012432130383,0.06992227029197418,0.04817321399151986,0.051128608381658
6.104,0.09237387722793211,0.17541245952513984,0.12632068877427116,0.06984326027338406,0.04810632079110566,0.05106125730106137
6.106,0.09230947656109434,0.17528860517157296,0.12623127625589592,0.06976427312794664,0.048039457038872246,0.050993930415392796
6.1080000000000005,0.09224508141399324,0.17516471800634714,0.12614188682917504,0.06968530895124991,0.04797262281571024,0.05092662781441404
6.11,0.09218069185962241,0.17504079822068297,0.12605252055693406,0.06960636783865781,0.04790581820229445,0.0508593495876688
6.112,0.09211630797082604,0.17491684600555657,0.12596317750182795,0.06952744988531023,0.04783904327908384,0.050792095824483185
6.114,0.09205192982029886,0.17479286155169937,0.12587385772634074,0.06944855518612347,0.04777229812632244,0.050724866613966135
6.1160000000000005,0.09198755748058662,0.17466884504959834,0.12578456129278637,0.06936968383579112,0.04770558282403892,0.05065766204500921
6.118,0.09192319102408608,0.17454479668949596,0.1256952882633089,0.06929083592878316,0.04763889745204719,0.050590482206287035
6.12,0.09185883052304544,0.17442071666139092,0.12560603869988252,0.06921201155934731,0.047572242089946704,0.05052332718625774
6.122,0.09179447604956392,0.1742966051550381,0.12551681266431225,0.06913321082150858,0.047505616817122176,0.050456197073162956
6.1240000000000006,0.09173012767559285,0.17417246235994832,0.12542761021823412,0.06905443380907017,0.047439021712744944,0.050389091955028054
6.126,0.09166578547293502,0.1740482884653891,0.12533843142311563,0.06897568061561343,0.04737245685577185,0.050322011919662346
6.128,0.09160144951324556,0.1739240836603846,0.12524927634025573,0.06889695133449769,0.04730592232494657,0.050254957054659544
6.13,0.0915371198680317,0.17379984813371574,0.12516014503078554,0.06881824605886155,0.04723941819879918,0.05018792744739775
6.132000000000001,0.09147279660865304,0.17367558207392064,0.12507103755566829,0.06873956488162247,0.0471729445556468,0.05012092318503969
6.134,0.09140847980632194,0.17355128566929467,0.12498195397570022,0.06866090789547696,0.047106501473593854,0.05005394435453314
6.136,0.09134416953210356,0.17342695910789008,0.12489289435150996,0.06858227519290128,0.047040089030531806,0.04998699104261095
6.138,0.09127986585691583,0.17330260257751728,0.12480385874356004,0.06850366686615161,0.04697370730414008,0.049920063335791465
6.140000000000001,0.09121556885153015,0.17317821626574426,0.12471484721214599,0.06842508300726413,0.04690735637188603,0.049853161320378536
6.142,0.09115127858657113,0.17305380035989693,0.12462585981739749,0.0683465237080556,0.046841036311024986,0.04978628508246197
6.144,0.09108699513251706,0.1729293550470592,0.12453689661927858,0.06826798906012321,0.04677474719860064,0.04971943470791751
6.146,0.09102271855970012,0.1728048805140736,0.12444795767758743,0.06818947915484541,0.04670848911144554,0.049652610282407306
6.148,0.09095844893830618,0.1726803769475409,0.12435904305195744,0.06811099408338173,0.046642262126181055,0.049585811891380116
6.15,0.09089418633837543,0.17255584453382067,0.12427015280185727,0.06803253393667319,0.046576066319217624,0.049519039620071315
6.152,0.0908299308298024,0.17243128345903114,0.12418128698659059,0.06795409880544256,0.04650990176675518,0.049452293553503335
6.154,0.09076568248233619,0.17230669390904985,0.1240924456652972,0.06787568878019501,0.04644376854478338,0.04938557377648589
6.156,0.09070144136558045,0.1721820760695134,0.12400362889695282,0.06779730395121786,0.04637766672908161,0.04931888037361598
6.158,0.09063720754899407,0.17205743012581798,0.12391483674036996,0.06771894440858128,0.04631159639521942,0.04925221342927877
6.16,0.09057298110189071,0.1719327562631192,0.12382606925419726,0.06764061024213808,0.046245557618556976,0.0491855730276467
6.162,0.09050876209343972,0.17180805466633253,0.12373732649692104,0.06756230154152432,0.0461795504742446,0.04911895925268084
6.164,0.09044455059266565,0.17168332552013355,0.12364860852686466,0.0674840183961598,0.04611357503722391,0.04905237218813041
6.166,0.09038034666844874,0.1715585690089576,0.12355991540218914,0.06740576089524786,0.04604763138222756,0.048985811917533484
6.168,0.09031615038952534,0.1714337853170005,0.12347124718089342,0.06732752912777573,0.04598171958377972,0.048919278524216736
6.17,0.09025196182448769,0.1713089746282188,0.12338260392081501,0.06724932318251531,0.04591583971619584,0.048852772091295904
6.172,0.09018778104178415,0.1711841371263294,0.12329398567962979,0.06717114314802308,0.045849991853583516,0.048786292701676004
6.174,0.09012360810971987,0.17105927299481039,0.12320539251485263,0.06709298911264017,0.04578417606984231,0.048719840438052
6.176,0.09005944309645653,0.17093438241690073,0.12311682448383743,0.06701486116449273,0.04571839243866416,0.04865341538290813
6.178,0.08999528607001239,0.1708094655756005,0.12302828164377799,0.06693675939149268,0.045652641033533836,0.0485870176185188
6.18,0.08993113709826317,0.1706845226536715,0.12293976405170781,0.06685868388133764,0.04558692192772895,0.04852064722694882
6.182,0.08986699624894134,0.17055955383363686,0.1228512717645005,0.06678063472151097,0.04552123519431994,0.04845430429005315
6.184,0.08980286358963707,0.17043455929778162,0.12276280483887003,0.0667026119992824,0.045455580906170745,0.048387988889477596
6.186,0.08973873918779796,0.17030953922815284,0.12267436333137116,0.06662461580170831,0.04538995913593924,0.04832170110665879
6.188,0.08967462311072927,0.17018449380655953,0.12258594729839967,0.06654664621563167,0.04532436995607658,0.04825544102282464
6.19,0.08961051542559462,0.17005942321457312,0.12249755679619301,0.06646870332768251,0.045258813438828316,0.04818920871899435
6.192,0.0895464161994155,0.16993432763352767,0.12240919188082988,0.06639078722427838,0.04519328965623459,0.0481230042759786
6.194,0.08948232549907176,0.16980920724451964,0.12232085260823133,0.06631289799162454,0.04512779868012973,0.04805682777438025
6.196,0.08941824339130178,0.1696840622284086,0.12223253903416054,0.06623503571571399,0.04506234058214309,0.047990679294593885
6.198,0.08935416994270273,0.16955889276581693,0.12214425121422323,0.06615720048232787,0.0449969154336991,0.04792455891680647
6.2,0.08929010521973058,0.16943369903713057,0.12205598920386818,0.06607939237703597,0.04493152330601746,0.04785846672099758
6.202,0.08922604928870048,0.16930848122249875,0.12196775305838714,0.06600161148519668,0.044866164270113584,0.047792402786939636
6.204,0.08916200221578685,0.16918323950183423,0.12187954283291536,0.06592385789195743,0.0448008383967986,0.04772636719419765
6.206,0.0890979640670233,0.16905797405481326,0.12179135858243195,0.06584613168225495,0.04473554575667982,0.047660360022130366
6.208,0.08903393490830358,0.16893268506087655,0.12170320036176041,0.06576843294081547,0.04467028642016091,0.04759438134988958
6.21,0.08896991480538086,0.16880737269922874,0.12161506822556811,0.06569076175215494,0.04460506045744195,0.04752843125642081
6.212,0.08890590382386843,0.16868203714883867,0.12152696222836745,0.06561311820057969,0.04453986793851983,0.04746250982046374
6.214,0.08884190202923992,0.1685566785884398,0.12143888242451562,0.06553550237018624,0.04447470893318872,0.047396617120551765
6.216,0.08877790948682929,0.16843129719653027,0.12135082886821547,0.06545791434486192,0.04440958351103985,0.04733075323501312
6.218,0.08871392626183106,0.1683058931513728,0.1212628016135151,0.0653803542082847,0.04434449174146238,0.04726491824197021
6.22,0.08864995241930052,0.1681804666309954,0.12117480071430853,0.06530282204392379,0.044279433693642734,0.04719911221934048
6.222,0.08858598802415396,0.16805501781319143,0.12108682622433609,0.06522531793504016,0.04421440943656596,0.04713333524483643
6.224,0.08852203314116869,0.1679295468755193,0.12099887819718447,0.06514784196468626,0.044149419039014814,0.04706758739596584
6.226,0.08845808783498343,0.16780405399530318,0.12091095668628737,0.0650703942157067,0.0440844625695711,0.04700186875003198
6.228,0.0883941521700986,0.16767853934963295,0.1208230617449253,0.06499297477073829,0.04401954009661524,0.04693617938413386
6.23,0.08833022621087583,0.16755300311536447,0.12073519342622618,0.06491558371221018,0.04395465168832646,0.046870519375166175
6.232,0.08826631002153906,0.16742744546911958,0.12064735178316588,0.06483822112234483,0.04388979741268373,0.04680488879982048
6.234,0.08820240366617393,0.16730186658728652,0.12055953686856791,0.0647608870831573,0.04382497733746504,0.04673928773458402
6.236,0.08813850720872884,0.16717626664601992,0.12047174873510391,0.06468358167645616,0.04376019153024857,0.04667371625574135
6.238,0.08807462071301408,0.16705064582124107,0.12038398743529455,0.0646063049838439,0.043695440058412416,0.04660817443937337
6.24,0.08801074424270294,0.1669250042886381,0.12029625302150926,0.06452905708671652,0.04363072298913462,0.04654266236135851
6.242,0.08794687786133126,0.1667993422236662,0.12020854554596605,0.06445183806626442,0.043566040389394045,0.04647718009737245
6.244,0.08788302163229789,0.1666736598015477,0.12012086506073305,0.06437464800347259,0.04350139232597039,0.04641172772288815
6.246,0.0878191756188651,0.16654795719727233,0.12003321161772762,0.06429748697912041,0.04343677886544417,0.04634630531317674
6.248,0.08775533988415818,0.16642223458559724,0.11994558526871746,0.06422035507378232,0.043372200074197176,0.04628091294330727
6.25,0.08769151449116608,0.16629649214104725,0.11985798606532039,0.06414325236782803,0.04330765601841269,0.04621555068814698
6.252,0.08762769950274163,0.16617073003791538,0.11977041405900479,0.06406617894142297,0.0432431467640757,0.04615021862236168
6.2540000000000004,0.08756389498160133,0.1660449484502624,0.11968286930109007,0.06398913487452806,0.04317867237697315,0.04608491682041582
6.256,0.08750010099032579,0.1659191475519175,0.11959535184274661,0.0639121202469004,0.04311423292269456,0.0460196453565731
6.258,0.08743631759135995,0.16579332751647824,0.1195078617349965,0.06383513513809369,0.04304982846663141,0.04595440430489606
6.26,0.08737254484701307,0.16566748851731083,0.11942039902871326,0.06375817962745778,0.042985459073978216,0.045889193739246714
6.2620000000000005,0.08730878281945942,0.16554163072755035,0.11933296377462255,0.06368125379413958,0.042921124809732314,0.04582401373328682
6.264,0.0872450315707376,0.1654157543201007,0.11924555602330256,0.06360435771708328,0.042856825738694315,0.045758864360477824
6.266,0.08718129116275142,0.16528985946763486,0.11915817582518384,0.06352749147503034,0.04279256192546832,0.04569374569408158
6.268,0.08711756165726992,0.16516394634259535,0.11907082323055018,0.06345065514651971,0.04272833343446192,0.04562865780716008
6.2700000000000005,0.08705384311592734,0.16503801511719396,0.11898349828953791,0.06337384880988872,0.04266414032988708,0.04556360077257593
6.272,0.0869901356002234,0.16491206596341224,0.1188962010521375,0.06329707254327244,0.042599982675759485,0.04549857466299234
6.274,0.08692643917152387,0.16478609905300168,0.11880893156819283,0.06322032642460473,0.04253586053589942,0.04543357955087379
6.276,0.08686275389106024,0.16466011455748375,0.11872168988740173,0.06314361053161788,0.04247177397393198,0.04536861550848603
6.2780000000000005,0.08679907981993007,0.16453411264814988,0.11863447605931654,0.06306692494184363,0.042407723053287105,0.04530368260789608
6.28,0.08673541701909704,0.16440809349606234,0.11854729013334397,0.06299026973261257,0.04234370783719976,0.045238780920972665
6.282,0.08667176554939138,0.16428205727205358,0.11846013215874596,0.062913644981055,0.042279728388710414,0.04517391051938646
6.284,0.08660812547151009,0.16415600414672693,0.11837300218463942,0.06283705076410118,0.04221578477066523,0.04510907147461052
6.2860000000000005,0.08654449684601673,0.16402993429045676,0.11828590025999675,0.06276048715848104,0.0421518770457161,0.04504426385792004
6.288,0.08648087973334206,0.1639038478733883,0.11819882643364577,0.06268395424072515,0.04208800527632128,0.04497948774039284
6.29,0.08641727419378364,0.16377774506543807,0.11811178075427087,0.06260745208716467,0.042024169524745414,0.04491474319291
6.292,0.0863536802875069,0.16365162603629413,0.11802476327041211,0.06253098077393138,0.04196036985305973,0.044850030286154974
6.2940000000000005,0.08629009807454424,0.16352549095541624,0.11793777403046679,0.06245454037695852,0.04189660632314207,0.044785349090615156
6.296,0.08622652761479621,0.1633993399920357,0.11785081308268852,0.06237813097198064,0.04183287899667776,0.04472069967658121
6.298,0.086162968968031,0.163273173315156,0.11776388047518815,0.06230175263453375,0.04176918793515916,0.04465608211414751
6.3,0.08609942219388489,0.1631469910935528,0.11767697625593421,0.06222540543995603,0.04170553319988657,0.044591496473212366
6.3020000000000005,0.0860358873518623,0.16302079349577392,0.11759010047275242,0.0621490894633876,0.041641914851967776,0.044526942823478466
6.304,0.08597236450133616,0.16289458069013962,0.1175032531733271,0.062072804779771174,0.04157833295231894,0.0444624212344531
6.306,0.085908853701548,0.162768352844743,0.11741643440520022,0.06199655146385208,0.0415147875616646,0.04439793177544793
6.308,0.08584535501160828,0.16264211012745,0.11732964421577252,0.0619203295901789,0.041451278740537445,0.044333474515579674
6.3100000000000005,0.08578186849049607,0.1625158527058994,0.11724288265230354,0.06184413923310306,0.04138780654927965,0.04426904952377009
6.312,0.08571839419705962,0.16238958074750354,0.1171561497619118,0.06176798046677989,0.041324371048041764,0.044204656868746195
6.314,0.08565493219001685,0.16226329441944776,0.11706944559157528,0.061691853365168026,0.04126097229678405,0.04414029661904095
6.316,0.08559148252795468,0.16213699388869118,0.11698277018813164,0.061615758002030674,0.04119761035527625,0.04407596884299303
6.3180000000000005,0.08552804526933011,0.16201067932196667,0.11689612359827817,0.06153969445093477,0.041134285283097816,0.044011673608747026
6.32,0.08546462047246961,0.1618843508857808,0.1168095058685723,0.06146366278525228,0.041070997139638354,0.0439474109842537
6.322,0.08540120819556973,0.16175800874641433,0.11672291704543225,0.06138766307815957,0.04100774598409762,0.043883181037270624
6.324,0.08533780849669759,0.16163165306992222,0.11663635717513676,0.06131169540263848,0.04094453187548597,0.04381898383536176
6.3260000000000005,0.08527442143379016,0.16150528402213382,0.1165498263038256,0.06123575983147589,0.040881354872624565,0.04375481944589854
6.328,0.08521104706465521,0.16137890176865333,0.11646332447749952,0.061159856437264404,0.0408182150341454,0.043690687936059014
6.33,0.08514768544697104,0.16125250647485956,0.11637685174202117,0.06108398529240233,0.040755112418491946,0.04362658937282893
6.332,0.08508433663828718,0.16112609830590618,0.11629040814311487,0.06100814646909436,0.04069204708391916,0.04356252382300174
6.3340000000000005,0.08502100069602392,0.16099967742672217,0.11620399372636703,0.06093234003935155,0.04062901908849348,0.043498491353178625
6.336,0.08495767767747298,0.16087324400201153,0.11611760853722619,0.06085656607499135,0.0405660284900935,0.0434344920297689
6.338,0.08489436763979752,0.16074679819625404,0.11603125262100389,0.06078082464763823,0.040503075346409956,0.043370525918990266
6.34,0.08483107064003215,0.16062034017370497,0.11594492602287398,0.06070511582872373,0.04044015971494597,0.043306593086868794
6.3420000000000005,0.08476778673508312,0.16049387009839555,0.11585862878787401,0.060629439689487086,0.04037728165301768,0.04324269359923982
6.344,0.08470451598172901,0.16036738813413276,0.11577236096090471,0.060553796300975016,0.04031444121775385,0.043178827521747065
6.346,0.08464125843662029,0.16024089444449996,0.11568612258673072,0.06047818573404218,0.040251638466096695,0.04311499491984394
6.348,0.08457801415627952,0.1601143891928567,0.11559991370998013,0.06040260805935138,0.04018887345480149,0.043051195858793134
6.3500000000000005,0.08451478319710226,0.15998787254233915,0.11551373437514556,0.06032706334737403,0.04012614624043764,0.04298743040366704
6.352,0.08445156561535638,0.1598613446558601,0.1154275846265842,0.060251551668390135,0.04006345687938806,0.04292369861934797
6.354,0.08438836146718254,0.1597348056961092,0.11534146450851779,0.06017607309248896,0.040000805427850006,0.04286000057052841
6.356,0.08432517080859436,0.15960825582555316,0.11525537406503328,0.060100627689568586,0.03993819194183512,0.042796336321711204
6.3580000000000005,0.08426199369547871,0.15948169520643618,0.11516931334008262,0.060025215529336595,0.03987561647716942,0.042732705937210014
6.36,0.08419883018359609,0.15935512400077934,0.11508328237748366,0.05994983668131071,0.039813079089494385,0.04266910948114888
6.362,0.08413568032857999,0.15922854237038142,0.11499728122091968,0.05987449121481836,0.03975057983426589,0.04260554701746333
6.364,0.08407254418593779,0.1591019504768192,0.1149113099139405,0.059799179198997354,0.03968811876675571,0.04254201860989992
6.3660000000000005,0.08400942181105098,0.15897534848144712,0.11482536849996183,0.059723900702796096,0.03962569594205112,0.04247852432201693
6.368,0.0839463132591749,0.15884873654539766,0.11473945702226618,0.05964865579497358,0.03956331141505509,0.04241506421718433
6.37,0.08388321858543879,0.15872211482958187,0.1146535755240028,0.05957344454409985,0.03950096524048674,0.0423516383585838
6.372,0.08382013784484688,0.15859548349468877,0.11456772404818816,0.05949826701855643,0.039438657472881555,0.042288246809209395
6.3740000000000006,0.08375707109227726,0.15846884270118622,0.11448190263770619,0.059423123286536095,0.03937638816659139,0.04222488963186777
6.376,0.08369401838248347,0.15834219260932092,0.11439611133530825,0.05934801341604379,0.03931415737578514,0.04216156688917794
6.378,0.08363097977009337,0.1582155333791182,0.1143103501836138,0.05927293747489637,0.03925196515444851,0.04209827864357196
6.38,0.08356795530961003,0.1580888651703829,0.1142246192251104,0.059197895530722855,0.0391898115563849,0.042035024957295164
6.382000000000001,0.08350494505541195,0.1579621881426987,0.11413891850215419,0.05912288765096485,0.03912769663521476,0.04197180589240568
6.384,0.08344194906175306,0.1578355024554292,0.11405324805696959,0.059047913902877,0.03906562044437645,0.04190862151077557
6.386,0.08337896738276251,0.15770880826771738,0.1139676079316505,0.058972974353527,0.03900358303712648,0.04184547187409082
6.388,0.08331600007244555,0.15758210573848586,0.11388199816815958,0.058898069069795556,0.03894158446653928,0.04178235704385114
6.390000000000001,0.08325304718468307,0.15745539502643746,0.11379641880832891,0.05882319811837755,0.03887962478550833,0.041719277081370576
6.392,0.0831901087732323,0.15732867629005498,0.1137108698938607,0.058748361565781115,0.03881770404674523,0.041656232047777575
6.394,0.08312718489172677,0.15720194968760182,0.1136253514663268,0.05867355947832875,0.03875582230278085,0.041593222004015384
6.396,0.08306427559367613,0.15707521537712155,0.11353986356716961,0.058598791922157334,0.03869397960596532,0.04153024701084207
6.398000000000001,0.083001380932467,0.1569484735164386,0.11345440623770164,0.05852405896321855,0.03863217600846802,0.04146730712883073
6.4,0.08293850096136257,0.156821724263158,0.1133689795191064,0.05844936066727846,0.03857041156227803,0.04140440241837018
6.402,0.08287563573350298,0.15669496777466585,0.11328358345243816,0.058374697099918604,0.038508686319204566,0.041341532939664694
6.404,0.08281278530190561,0.15656820420812978,0.11319821807862285,0.05830006832653578,0.03844700033087656,0.041278698752734044
6.406,0.08274994971946481,0.15644143372049824,0.11311288343845738,0.05822547441234227,0.03838535364874396,0.04121589991741459
6.408,0.08268712903895281,0.1563146564685014,0.11302757957261078,0.0581509154223665,0.03832374632407687,0.04115313649335861
6.41,0.0826243233130195,0.15618787260865097,0.11294230652162396,0.05807639142145282,0.03826217840796642,0.041090408540034984
6.412,0.08256153259419197,0.1560610822972408,0.11285706432591036,0.05800190247426218,0.038200649951324994,0.041027716116729174
6.414,0.08249875693487585,0.15593428569034673,0.11277185302575554,0.057927448645271884,0.03813916100488601,0.04096505928254368
6.416,0.08243599638735488,0.15580748294382651,0.11268667266131804,0.057853029998776284,0.03807771161920459,0.040902438096398486
6.418,0.08237325100379067,0.15568067421332032,0.1126015232726294,0.05777864659888676,0.038016301844657985,0.04083985261703038
6.42,0.08231052083622381,0.15555385965425117,0.11251640489959436,0.057704298509532403,0.03795493173144515,0.040777302902994306
6.422,0.08224780593657322,0.15542703942182445,0.11243131758199132,0.05762998579445955,0.037893601329587634,0.0407147890126629
6.424,0.08218510635663656,0.15530021367102842,0.11234626135947257,0.05755570851723246,0.03783231068892934,0.04065231100422673
6.426,0.08212242214809073,0.1551733825566346,0.11226123627156404,0.05748146674123378,0.03777105985913698,0.04058986893569472
6.428,0.0820597533624916,0.15504654623319758,0.11217624235766621,0.057407260529664494,0.037709848889700304,0.040527462864894614
6.43,0.08199710005127447,0.15491970485505546,0.1120912796570539,0.05733308994554398,0.03764867782993231,0.04046509284947253
6.432,0.08193446226575407,0.15479285857632963,0.1120063482088769,0.057258955051710636,0.03758754672896947,0.040402758946893824
6.434,0.08187184005712478,0.1546660075509254,0.11192144805215998,0.05718485591082212,0.03752645563577217,0.0403404612144429
6.436,0.08180923347646063,0.1545391519325321,0.11183657922580315,0.05711079258535556,0.03746540459912451,0.04027819970922364
6.438,0.08174664257471598,0.1544122918746227,0.11175174176858205,0.05703676513760736,0.03740439366763515,0.04021597448815961
6.44,0.08168406740272505,0.15428542753045482,0.11166693571914776,0.05696277362969404,0.03734342288973691,0.04015378560799432
6.442,0.0816215080112026,0.15415855905307008,0.1115821611160277,0.05688881812355251,0.03728249231368719,0.04009163312529118
6.444,0.08155896445074351,0.1540316865952951,0.11149741799762536,0.056814898680939585,0.03722160198756863,0.04002951709643421
6.446,0.08149643677182383,0.1539048103097409,0.11141270640222078,0.0567410153634329,0.03716075195928892,0.039967437577627773
6.448,0.08143392502479996,0.1537779303488036,0.11132802636797101,0.05666716823243112,0.03709994227658098,0.039905394624897284
6.45,0.08137142925990948,0.15365104686466435,0.11124337793290962,0.05659335734915372,0.037039172987003655,0.03984338829408873
6.452,0.08130894952727119,0.15352416000928937,0.1111587611349476,0.056519582774642085,0.03697844413794149,0.039781418640869814
6.454,0.08124648587688532,0.1533972699344306,0.11107417601187364,0.05644584456975865,0.036917755776605166,0.03971948572072925
6.456,0.08118403835863308,0.15327037679162525,0.11098962260135381,0.05637214279518821,0.03685710795003172,0.039657589588977915
6.458,0.08112160702227778,0.15314348073219652,0.11090510094093231,0.05629847751143746,0.03679650070508478,0.039595730300748144
6.46,0.08105919191746436,0.1530165819072533,0.11082061106803165,0.05622484877883527,0.03673593408845477,0.03953390791099465
6.462,0.08099679309371965,0.1528896804676909,0.11073615301995288,0.05615125665753351,0.03667540814665915,0.039472122474494276
6.464,0.08093441060045281,0.15276277656419035,0.11065172683387536,0.05607770120750688,0.036614922926042626,0.039410374045846686
6.466,0.08087204448695529,0.1526358703472197,0.11056733254685747,0.05600418248855288,0.036554478472777596,0.039348662679474344
6.468,0.08080969480240108,0.152508961967033,0.1104829701958372,0.0559307005602927,0.036494074832864154,0.03928698842962275
6.47,0.0807473615958465,0.15238205157367157,0.11039863981763132,0.0558572554821708,0.03643371205213053,0.03922535135036043
6.472,0.08068504491623085,0.15225513931696333,0.11031434144893693,0.05578384731345576,0.03637339017623287,0.0391637514955796
6.474,0.08062274481237663,0.15212822534652348,0.11023007512633032,0.055710476113240315,0.036313109250655895,0.039102188918996195
6.476,0.08056046133298911,0.1520013098117543,0.11014584088626855,0.05563714194044134,0.036252869320713144,0.039040663674150045
6.478,0.08049819452665696,0.1518743928618458,0.11006163876508857,0.05556384485380028,0.03619267043154717,0.03897917581440491
6.48,0.08043594444185231,0.1517474746457752,0.10997746879900827,0.055490584911883634,0.03613251262812933,0.03891772539294913
6.482,0.08037371112693092,0.15162055531230756,0.10989333102412635,0.05541736217308291,0.036072395955260905,0.03885631246279564
6.484,0.08031149463013221,0.15149363500999602,0.10980922547642247,0.055344176695614644,0.03601232045757263,0.038794937076782166
6.486,0.08024929499957989,0.15136671388718193,0.10972515219175771,0.05527102853752153,0.03595228617952495,0.038733599287571696
6.488,0.08018711228328157,0.15123979209199456,0.10964111120587461,0.05519791775667149,0.03589229316540843,0.03867229914765202
6.49,0.08012494652912894,0.15111286977235183,0.10955710255439777,0.05512484441075882,0.03583234145934444,0.03861103670933663
6.492,0.08006279778489844,0.15098594707596003,0.10947312627283345,0.05505180855730396,0.035772431105284275,0.03854981202476493
6.494,0.08000066609825107,0.1508590241503145,0.10938918239657025,0.05497881025365414,0.035712562147010685,0.03848862514590201
6.496,0.07993855151673235,0.15073210114269942,0.10930527096087972,0.05490584955698319,0.035652734628137006,0.03842747612453934
6.498,0.079876454087773,0.15060517820018804,0.10922139200091552,0.05483292652429195,0.03559294859210804,0.03836636501229451
6.5,0.0798143738586885,0.15047825546964266,0.10913754555171473,0.05476004121240852,0.03553320408220029,0.038305291860611934
6.502,0.07975231087668,0.15035133309771553,0.10905373164819765,0.05468719367798869,0.0354735011415217,0.038244256720762815
6.5040000000000004,0.0796902651888336,0.15022441123084795,0.10896995032516776,0.054614383977515946,0.035413839813012604,0.03818325964384539
6.506,0.07962823684212128,0.15009749001527117,0.10888620161731222,0.05454161216730169,0.035354220139445225,0.03812230068078515
6.508,0.0795662258834009,0.1499705695970064,0.10880248555920224,0.05446887830348546,0.03529464216342437,0.038061379882335045
6.51,0.07950423235941573,0.14984365012186496,0.1087188021852934,0.05439618244203559,0.03523510592738743,0.03800049729907595
6.5120000000000005,0.07944225631679536,0.14971673173544842,0.10863515152992509,0.05432352463874901,0.03517561147360504,0.03793965298141644
6.514,0.07938029780205569,0.1495898145831489,0.10855153362732173,0.054250904949251666,0.035116158844180845,0.03787884697959343
6.516,0.07931835686159872,0.14946289881014874,0.10846794851159247,0.05417832342899853,0.03505674808105175,0.037818079343672206
6.518,0.07925643354171341,0.14933598456142128,0.10838439621673168,0.05410578013327405,0.034997379225988334,0.03775735012354642
6.5200000000000005,0.07919452788857506,0.14920907198173072,0.1083008767766187,0.0540332751171928,0.0349380523205951,0.037696659368938956
6.522,0.07913263994824571,0.14908216121563256,0.10821739022501853,0.053960808435698615,0.03487876740631091,0.037636007129401516
6.524,0.07907076976667482,0.1489552524074731,0.10813393659558201,0.05388838014356612,0.03481952452440851,0.03757539345431504
6.526,0.07900891738969884,0.14882834570139059,0.10805051592184589,0.05381599029539985,0.03476032371599547,0.03751481839289017
6.5280000000000005,0.07894708286304164,0.14870144124131435,0.1079671282372332,0.053743638945635386,0.034701165022013924,0.03745428199416723
6.53,0.07888526623231429,0.14857453917096586,0.1078837735750533,0.05367132614853909,0.03464204848324148,0.03739378430701623
6.532,0.07882346754301595,0.1484476396338581,0.1078004519685023,0.053599051958208355,0.03458297414029077,0.03733332538013778
6.534,0.0787616868405332,0.14832074277329665,0.10771716345066329,0.053526816428572044,0.034523942033609645,0.037272905262062395
6.5360000000000005,0.07869992417014093,0.14819384873237884,0.10763390805450634,0.05345461961339071,0.034464952203482335,0.0372125240011516
6.538,0.07863817957700192,0.14806695765399458,0.10755068581288896,0.05338246156625659,0.0344060046900283,0.037152181645597526
6.54,0.07857645310616723,0.1479400696808264,0.10746749675855627,0.053310342340594064,0.034347099533203806,0.037091878243423526
6.542,0.07851474480257647,0.14781318495534967,0.10738434092414084,0.05323826198965986,0.03428823677280124,0.03703161384248421
6.5440000000000005,0.07845305471105801,0.14768630361983237,0.10730121834216377,0.0531662205665433,0.03422941644844957,0.03697138849046566
6.546,0.07839138287632874,0.14755942581633552,0.10721812904503425,0.05309421812416648,0.034170638599615,0.03691120223488542
6.548,0.07832972934299454,0.14743255168671388,0.10713507306504977,0.053022254715284545,0.03411190326560054,0.03685105512309339
6.55,0.07826809415555047,0.14730568137261502,0.10705205043439658,0.05295033039248587,0.03405321048554666,0.036790947202271385
6.5520000000000005,0.0782064773583806,0.14717881501548025,0.10696906118515015,0.052878445208192515,0.03399456029843129,0.036730878519433796
6.554,0.07814487899575862,0.1470519527565448,0.10688610534927467,0.052806599214660244,0.033935952743070485,0.036670849121427374
6.556,0.07808329911184786,0.14692509473683746,0.10680318295862401,0.05273479246397872,0.033877387858118224,0.03661085905493189
6.558,0.07802173775070109,0.14679824109718131,0.10672029404494143,0.05266302500807174,0.0338188656820666,0.03655090836645991
6.5600000000000005,0.07796019495626116,0.14667139197819345,0.1066374386398603,0.052591296898697903,0.03376038625324651,0.0364909971023577
6.562,0.07789867077236079,0.14654454752028556,0.10655461677490363,0.052519608187450384,0.0337019496098272,0.036431125308804546
6.564,0.07783716524272322,0.1464177078636637,0.10647182848148495,0.052447958925757154,0.03364355578981737,0.036371293031813856
6.566,0.07777567841096156,0.14629087314832856,0.10638907379090834,0.05237634916488165,0.03358520483106453,0.03631150031723274
6.5680000000000005,0.07771421032057968,0.14616404351407586,0.10630635273436839,0.05230477895592234,0.03352689677125564,0.036251747210742424
6.57,0.07765276101497198,0.14603721910049638,0.10622366534295069,0.05223324834981358,0.0334686316479178,0.03619203375785851
6.572,0.07759133053742384,0.14591040004697575,0.10614101164763179,0.05216175739732565,0.03341040949841734,0.036132360003931385
6.574,0.07752991893111161,0.1457835864926953,0.10605839167927988,0.052090306149064736,0.033352230359961155,0.03607272599414624
6.5760000000000005,0.07746852623910261,0.14565677857663184,0.10597580546865482,0.0520188946554736,0.03329409426959651,0.036013131773523055
6.578,0.07740715250435537,0.14552997643755772,0.10589325304640784,0.05194752296683158,0.033236001264211,0.03595357738691707
6.58,0.07734579776972028,0.1454031802140412,0.10581073444308253,0.05187619113325459,0.033177951380533255,0.03589406287901942
6.582,0.07728446207793893,0.14527639004444648,0.10572824968911476,0.051804899204696,0.033119944655132905,0.035834588294356484
6.5840000000000005,0.07722314547164477,0.14514960606693394,0.10564579881483249,0.0517336472309462,0.033061981124420825,0.03577515367729056
6.586,0.07716184799336312,0.14502282841946013,0.10556338185045666,0.051662435261633055,0.03300406082464935,0.035715759072020514
6.588,0.07710056968551138,0.1448960572397784,0.10548099882610096,0.05159126334622255,0.03294618379191272,0.03565640452258112
6.59,0.07703931059039903,0.1447692926654387,0.10539864977177227,0.05152013153401813,0.032888350062146854,0.03559709007284395
6.5920000000000005,0.07697807075022833,0.14464253483378764,0.10531633471737067,0.05144903987416205,0.032830559671130244,0.035537815766517156
6.594,0.0769168502070936,0.14451578388196862,0.1052340536926899,0.05137798841563468,0.03277281265448351,0.035478581647146124
6.596,0.07685564900298214,0.14438903994692276,0.10515180672741731,0.05130697720725497,0.032715109047670055,0.035419387758113485
6.598,0.07679446717977378,0.1442623031653878,0.10506959385113435,0.0512360062976811,0.03265744888599609,0.03536023414263911
6.6000000000000005,0.07673330477924178,0.1441355736738994,0.10498741509331677,0.05116507573541029,0.032599832204611046,0.03530112084378079
6.602,0.07667216184305214,0.14400885160879073,0.10490527048333442,0.051094185568779205,0.032542259038507604,0.03524204790443397
6.604,0.07661103841276429,0.1438821371061927,0.10482316005045189,0.05102333584596419,0.03248472942252212,0.03518301536733226
6.606,0.07654993452983105,0.1437554303020343,0.10474108382382874,0.050952526614981064,0.032427243391334626,0.03512402327504782
6.6080000000000005,0.07648885023559893,0.14362873133204235,0.10465904183251928,0.05088175792368621,0.03236980097946929,0.035065071669990955
6.61,0.07642778557130803,0.14350204033174196,0.10457703410547325,0.05081102981977614,0.03231240222129439,0.035006160594411195
6.612,0.07636674057809256,0.1433753574364569,0.1044950606715358,0.050740342350787726,0.032255047151022787,0.034947290090396654
6.614,0.07630571529698083,0.1432486827813093,0.10441312155944771,0.05066969556409906,0.032197735802712124,0.034888460199874904
6.6160000000000005,0.07624470976889519,0.14312201650122036,0.10433121679784563,0.05059908950692882,0.03214046821026484,0.03482967096461276
6.618,0.07618372403465234,0.14299535873090985,0.10424934641526229,0.05052852422633736,0.0320832444074286,0.03477092242621693
6.62,0.0761227581349635,0.14286870960489662,0.10416751044012695,0.05045799976922605,0.03202606442779654,0.03471221462613361
6.622,0.07606181211043461,0.142742069257499,0.10408570890076518,0.050387516182338166,0.03196892830480724,0.034653547605649315
6.6240000000000006,0.0760008860015664,0.1426154378228346,0.1040039418253993,0.050317073512259114,0.031911836071745414,0.03459492140589093
6.626,0.07593997984875478,0.14248881543482028,0.10392220924214857,0.0502466718054162,0.03185478776174144,0.03453633606782547
6.628,0.0758790936922904,0.1423622022271731,0.10384051117902948,0.050176311108079075,0.031797783407772506,0.03447779163226117
6.63,0.07581822757235956,0.14223559833340982,0.10375884766395571,0.05010599146636019,0.0317408230426619,0.03441928813984685
6.632000000000001,0.07575738152904377,0.14210900388684689,0.10367721872473878,0.050035712926215004,0.03168390669907972,0.03436082563107279
6.634,0.07569655560232014,0.14198241902060138,0.10359562438908743,0.04996547553344177,0.03162703440954351,0.03430240414627028
6.636,0.07563574983206167,0.14185584386759076,0.10351406468460889,0.049895279333681986,0.03157020620641737,0.03424402372561253
6.638,0.075574964258037,0.14172927856053263,0.1034325396388085,0.04982512437242104,0.031513422121913326,0.034185684409114625
6.640000000000001,0.07551419891991085,0.14160272323194545,0.10335104927908967,0.04975501069498778,0.031456682188090834,0.03412738623663314
6.642,0.07545345385724445,0.14147617801414847,0.10326959363275479,0.049684938346555185,0.03139998643685726,0.03406912924786765
6.644,0.0753927291094949,0.141349643039262,0.10318817272700498,0.04961490737214058,0.0313433348999681,0.03401091348235963
6.646,0.07533202471601608,0.14122311843920743,0.10310678658894012,0.049544917816605416,0.0312867276090274,0.03395273897949336
6.648000000000001,0.07527134071605812,0.1410966043457076,0.10302543524555952,0.04947496972465615,0.03123016459548733,0.033894605778496345
6.65,0.07521067714876861,0.1409701008902864,0.10294411872376164,0.04940506314084403,0.031173645890649304,0.03383651391843889
6.652,0.07515003405319143,0.1408436082042699,0.10286283705034505,0.049335198109565326,0.031117171525663734,0.03377846343823454
6.654,0.07508941146826809,0.14071712641878564,0.10278159025200773,0.04926537467506198,0.031060741531529823,0.03372045437664073
6.656000000000001,0.07502880943283685,0.14059065566476336,0.10270037835534773,0.04919559288142117,0.031004355939096673,0.03366248677225858
6.658,0.0749682279856334,0.14046419607293448,0.10261920138686365,0.04912585277257597,0.03094801477906306,0.03360456066353312
6.66,0.07490766716529151,0.140337747773833,0.10253805937295413,0.049056154392305595,0.030891718081977437,0.0335466760887535
6.662,0.07484712701034191,0.14021131089779515,0.1024569523399188,0.04898649778423536,0.0308354658782386,0.03348883308605344
6.664,0.07478660755921362,0.1400848855749599,0.10237588031395783,0.048916882991837385,0.03077925819809546,0.03343103169341122
6.666,0.07472610885023356,0.1399584719352689,0.10229484332117256,0.04884731005843013,0.030723095071647943,0.03337327194864992
6.668,0.0746656309216267,0.13983207010846677,0.10221384138756551,0.0487777790271795,0.030666976528846757,0.033315553889437854
6.67,0.07460517381151632,0.13970568022410101,0.10213287453904085,0.04870828994109799,0.030610902599493173,0.03325787755328835
6.672,0.07454473755792401,0.1395793024115226,0.10205194280140417,0.04863884284304576,0.03055487331324014,0.033200242977560634
6.674,0.07448432219877033,0.13945293679988557,0.10197104620036312,0.04856943777573086,0.030498888699592053,0.03314265019945939
6.676,0.07442392777187412,0.13932658351814764,0.10189018476152722,0.04850007478170859,0.03044294878790499,0.03308509925603542
6.678,0.07436355431495323,0.13920024269507025,0.10180935851040829,0.048430753903382806,0.030387053607386916,0.03302759018418522
6.68,0.07430320186562467,0.13907391445921857,0.10172856747242065,0.04836147518300549,0.030331203187098144,0.032970123020652276
6.682,0.07424287046140443,0.1389475989389619,0.10164781167288117,0.04829223866267718,0.0302753975559511,0.032912697802026214
6.684,0.0741825601397077,0.13882129626247375,0.10156709113700968,0.04822304438434699,0.030219636742710998,0.03285531456474344
6.686,0.07412227093784951,0.1386950065577317,0.10148640588992897,0.04815389238981327,0.030163920775995834,0.03279797334508783
6.688,0.07406200289304432,0.138568729952518,0.10140575595666501,0.04808478272072336,0.030108249684276833,0.0327406741791898
6.69,0.07400175604240644,0.1384424665744195,0.10132514136214743,0.04801571541857408,0.030052623495878228,0.03268341710302791
6.692,0.07394153042294982,0.13831621655082782,0.10124456213120925,0.0479466905247119,0.029997042238978144,0.03262620215242795
6.694,0.0738813260715887,0.13818998000893967,0.10116401828858756,0.0478777080803332,0.029941505941607938,0.032569029363063606
6.696,0.07382114302513743,0.13806375707575658,0.10108350985892334,0.04780876812648427,0.0298860146316533,0.03251189877045668
6.698,0.07376098132031061,0.13793754787808554,0.10100303686676182,0.047739870704061715,0.029830568336854046,0.03245481040997733
6.7,0.07370084099372343,0.13781135254253885,0.10092259933655279,0.047671015853812726,0.0297751670848041,0.03239776431684427
6.702,0.07364072208189176,0.13768517119553447,0.10084219729265032,0.04760220361633527,0.029719810902952393,0.032340760526125
6.704,0.07358062462123227,0.13755900396329612,0.10076183075931366,0.047533434032078326,0.02966449981860264,0.0322837990727356
6.706,0.07352054864806234,0.1374328509718532,0.10068149976070684,0.0474647071413421,0.029609233858913564,0.032226879991441804
6.708,0.07346049419860079,0.1373067123470415,0.10060120432089925,0.04739602298427803,0.029554013050898886,0.03217000331685815
6.71,0.07340046130896716,0.13718058821450274,0.1005209444638655,0.04732738160088923,0.029498837421428226,0.0321131690834493
6.712,0.07334045001518286,0.13705447869968523,0.10044072021348605,0.047258783031030704,0.02944370699722687,0.03205637732552957
6.714,0.07328046035317048,0.13692838392784346,0.10036053159354696,0.04719022731440936,0.029388621804876003,0.031999628077262976
6.716,0.0732204923587545,0.13680230402403892,0.1002803786277402,0.04712171449058489,0.02933358187081292,0.0319429213726643
6.718,0.07316054606766098,0.13667623911313975,0.10020026133966398,0.04705324459896887,0.029278587221331476,0.03188625724559824
6.72,0.07310062151551788,0.1365501893198211,0.10012017975282306,0.04698481767882612,0.029223637882581865,0.03182963572978048
6.722,0.07304071873785567,0.13642415476856518,0.10004013389062849,0.046916433769274235,0.029168733880571507,0.03177305685877729
6.724,0.07298083777010644,0.13629813558366166,0.09996012377639807,0.04684809290928382,0.0291138752411646,0.03171652066600639
6.726,0.07292097864760527,0.13617213188920751,0.09988014943335677,0.04677979513767916,0.02905906199008257,0.03166002718473648
6.728,0.0728611414055893,0.13604614380910762,0.09980021088463653,0.04671154049313775,0.02900429415290473,0.03160357644808798
6.73,0.07280132607919843,0.13592017146707414,0.0997203081532767,0.04664332901419144,0.028949571755067627,0.03154716848903272
6.732,0.07274153270347572,0.13579421498662758,0.09964044126222404,0.04657516073922574,0.028894894821866135,0.03149080334039489
6.734,0.07268176131336679,0.13566827449109642,0.09956061023433316,0.046507035706480515,0.028840263378453246,0.03143448103485058
6.736,0.07262201194372042,0.13554235010361704,0.09948081509236628,0.04643895395405018,0.028785677449840064,0.031378201604928435
6.738,0.0725622846292886,0.13541644194713465,0.09940105585899417,0.046370915519883926,0.028731137060896694,0.03132196508300922
6.74,0.07250257940472693,0.13529055014440283,0.0993213325567952,0.046302920441785744,0.0286766422363518,0.03126577150132692
6.742,0.07244289630459444,0.13516467481798378,0.09924164520825696,0.04623496875741462,0.02862219300079305,0.031209620891968548
6.744,0.07238323536335378,0.13503881609024848,0.09916199383577506,0.04616706050428521,0.028567789378667552,0.03115351328687388
6.746,0.07232359661537124,0.1349129740833772,0.09908237846165413,0.046099195719767616,0.028513431394281863,0.031097448717836595
6.748,0.07226398009491741,0.13478714891935928,0.09900279910810816,0.04603137444108785,0.028459119071801986,0.031041427216503603
6.75,0.07220438583616673,0.13466134071999325,0.09892325579725991,0.04596359670532757,0.028404852435254258,0.030985448814375927
6.752,0.07214481387319793,0.13453554960688696,0.09884374855114153,0.045895862549425015,0.028350631508524904,0.030929513542808706
6.7540000000000004,0.07208526423999428,0.1344097757014584,0.09876427739169502,0.04582817201017475,0.028296456315360707,0.0308736214330112
6.756,0.07202573697044357,0.13428401912493482,0.09868484234077224,0.045760525124228124,0.028242326879368784,0.030817772516047004
6.758,0.07196623209833786,0.1341582799983536,0.09860544342013466,0.045692921928093044,0.02818824322401725,0.03076196682283472
6.76,0.07190674965737442,0.13403255844256234,0.09852608065145407,0.045625362458134866,0.028134205372635224,0.030706204384147506
6.7620000000000005,0.07184728968115528,0.13390685457821871,0.09844675405631231,0.04555784675057595,0.02808021334841282,0.030650485230613977
6.764,0.07178785220318784,0.1337811685257908,0.09836746365620219,0.04549037484149632,0.028026267174402042,0.03059480939271797
6.766,0.07172843725688427,0.1336555004055573,0.09828820947252703,0.045422946766833894,0.02797236687351612,0.03053917690079877
6.768,0.07166904487556258,0.13352985033760745,0.0982089915266009,0.04535556256238449,0.027918512468530388,0.030483587785051558
6.7700000000000005,0.07160967509244598,0.13340421844184158,0.09812980983964903,0.0452882222638018,0.027864703982082295,0.030428042075527184
6.772,0.0715503279406633,0.13327860483797105,0.09805066443280785,0.0452209259065981,0.02781094143667162,0.03037253980213306
6.774,0.07149100345324944,0.13315300964551802,0.09797155532712543,0.04515367352614441,0.0277572248546607,0.030317080994632484
6.776,0.07143170166314516,0.13302743298381614,0.09789248254356098,0.04508646515767034,0.02770355425827442,0.03026166568264599
6.7780000000000005,0.0713724226031971,0.13290187497201078,0.09781344610298603,0.04501930083626471,0.027649929669601114,0.030206293895650438
6.78,0.07131316630615836,0.13277633572905878,0.09773444602618375,0.044952180596875335,0.027596351110591888,0.0301509656629797
6.782,0.07125393280468817,0.13265081537372847,0.09765548233384957,0.04488510447430971,0.027542818603061292,0.030095681013825093
6.784,0.07119472213135247,0.13252531402460055,0.09757655504659146,0.044818072503234996,0.027489332168687763,0.030040439977235378
6.7860000000000005,0.07113553431862374,0.13239983180006765,0.09749766418492944,0.044751084718178014,0.027435891829013626,0.029985242582116767
6.788,0.07107636939888118,0.13227436881833454,0.09741880976929651,0.044684141153525925,0.027382497605444867,0.02993008885723336
6.79,0.07101722740441119,0.1321489251974184,0.09733999182003861,0.044617241843526,0.027329149519252027,0.0298749788312076
6.792,0.07095810836740668,0.13202350105514893,0.09726121035741486,0.04455038682228629,0.02727584759156998,0.02981991253251981
6.7940000000000005,0.07089901231996842,0.13189809650916873,0.09718246540159714,0.044483576123775403,0.02722259184339859,0.02976488998950888
6.796,0.07083993929410393,0.13177271167693294,0.09710375697267115,0.04441680978182272,0.027169382295602507,0.0297099112303727
6.798,0.07078088932172855,0.13164734667571,0.09702508509063623,0.04435008783011929,0.027116218968911587,0.02965497628316771
6.8,0.07072186243466505,0.13152200162258132,0.09694644977540512,0.04428341030221694,0.027063101883920915,0.029600085175809587
6.8020000000000005,0.07066285866464428,0.13139667663444166,0.09686785104680484,0.04421677723152939,0.027010031061091233,0.02954523793607322
6.804,0.07060387804330448,0.1312713718279992,0.0967892889245765,0.044150188651332245,0.02695700652074895,0.029490434591593395
6.806,0.0705449206021922,0.13114608731977584,0.09671076342837526,0.044083644594762994,0.0269040282830868,0.029435675169864117
6.808,0.07048598637276227,0.1310208232261072,0.09663227457777124,0.04401714509482124,0.026851096368163407,0.029380959698239728
6.8100000000000005,0.0704270753863776,0.1308955796631428,0.09655382239224886,0.043950690184369146,0.026798210795904165,0.02932628820393468
6.812,0.07036818767430963,0.13077035674684612,0.09647540689120748,0.04388427989613142,0.026745371586100797,0.02927166071402354
6.814,0.07030932326773853,0.13064515459299497,0.09639702809396145,0.04381791426269577,0.026692578758412022,0.029217077255441648
6.816,0.07025048219775276,0.13051997331718157,0.09631868601974047,0.04375159331651268,0.026639832332363778,0.029162537854985127
6.8180000000000005,0.07019166449535019,0.13039481303481248,0.09624038068768948,0.043685317089896314,0.026587132327349217,0.029108042539311096
6.82,0.07013287019143721,0.13026967386110933,0.09616211211686898,0.04361908561502381,0.026534478762628932,0.02905359133493768
6.822,0.07007409931682962,0.13014455591110807,0.09608388032625514,0.043552898923936434,0.02648187165733118,0.02899918426824466
6.824,0.07001535190225239,0.13001945929965997,0.09600568533474019,0.043486757048539104,0.02642931103045254,0.028944821365473494
6.8260000000000005,0.06995662797833968,0.12989438414143106,0.0959275271611324,0.043420660020601076,0.026376796900857258,0.02889050265272708
6.828,0.06989792757563573,0.12976933055090312,0.09584940582415591,0.04335460787175571,0.026324329287278347,0.028836228155970645
6.83,0.06983925072459396,0.12964429864237315,0.09577132134245181,0.04328860063350093,0.026271908208317152,0.02878199790103153
6.832,0.06978059745557785,0.12951928852995365,0.0956932737345777,0.043222638337199415,0.026219533682444007,0.028727811913599632
6.8340000000000005,0.06972196779886075,0.12939430032757304,0.09561526301900769,0.043156721014078636,0.026167205727998244,0.028673670219227176
6.836,0.06966336178462629,0.12926933414897546,0.09553728921413285,0.0430908486952315,0.026114924363188186,0.028619572843329832
6.838,0.06960477944296795,0.12914439010772116,0.09545935233826164,0.04302502141161613,0.026062689606091816,0.028565519811185824
6.84,0.06954622080388972,0.12901946831718636,0.09538145240961948,0.04295923919405609,0.026010501474656778,0.02851151114793682
6.8420000000000005,0.06948768589730636,0.12889456889056405,0.09530358944634942,0.04289350207324083,0.025958359986700374,0.028457546878587925
6.844,0.06942917475304267,0.1287696919408634,0.09522576346651213,0.042827810079725914,0.025906265159910236,0.028403627028008138
6.846,0.06937068740083485,0.12864483758091017,0.0951479744880861,0.042762163243933005,0.025854217011844316,0.02834975162093012
6.848,0.06931222387032965,0.1285200059233471,0.09507022252896768,0.042696561596150095,0.025802215559930675,0.028295920681950637
6.8500000000000005,0.06925378419108497,0.12839519708063385,0.09499250760697153,0.04263100516653173,0.025750260821468585,0.028242134235531013
6.852,0.06919536839256968,0.128270411165047,0.09491482973983056,0.042565493985099456,0.025698352813627867,0.02818839230599668
6.854,0.06913697650416428,0.12814564828868047,0.09483718894519622,0.04250002808174158,0.02564649155344978,0.028134694917538283
6.856,0.06907860855516046,0.1280209085634454,0.09475958524063821,0.04243460748621386,0.02559467705784657,0.028081042094210806
6.8580000000000005,0.06902026457476151,0.12789619210107084,0.09468201864364567,0.042369232228139264,0.025542909343602593,0.02802743385993489
6.86,0.0689619445920826,0.12777149901310336,0.09460448917162623,0.04230390233700865,0.025491188427373412,0.02797387023849618
6.862,0.0689036486361505,0.12764682941090721,0.09452699684190713,0.042238617842180526,0.02543951432568692,0.027920351253546194
6.864,0.06884537673590407,0.1275221834056648,0.09444954167173436,0.04217337877288152,0.025387887054943103,0.027866876928601902
6.8660000000000005,0.06878712892019445,0.12739756110837663,0.09437212367827397,0.04210818515820658,0.025336306631414285,0.027813447287046156
6.868,0.06872890521778463,0.12727296262986143,0.09429474287861139,0.04204303702711898,0.025284773071245548,0.027760062352128356
6.87,0.06867070565735034,0.12714838808075646,0.09421739928975192,0.041977934408450546,0.025233286390454968,0.02770672214696379
6.872,0.06861253026747982,0.12702383757151736,0.09414009292862091,0.04191287733090232,0.025181846604933167,0.027653426694534744
6.8740000000000006,0.06855437907667361,0.12689931121241882,0.09406282381206377,0.04184786582304412,0.025130453730444424,0.027600176017690048
6.876,0.06849625211334542,0.1267748091135541,0.09398559195684619,0.041782899913315186,0.025079107782626453,0.027546970139145532
6.878,0.06843814940582149,0.12665033138483595,0.09390839737965462,0.041717979630023994,0.0250278087769904,0.027493809081484244
6.88,0.06838007098234167,0.1265258781359957,0.09383124009709598,0.04165310500134911,0.02497655672892174,0.02744069286715667
6.882000000000001,0.06832201687105832,0.12640144947658438,0.09375412012569817,0.04158827605533855,0.024925351653679595,0.027387621518480953
6.884,0.06826398710003745,0.12627704551597252,0.09367703748190981,0.041523492819910635,0.02487419356639764,0.027334595057642685
6.886,0.06820598169725867,0.1261526663633501,0.09359999218210091,0.041458755322854035,0.02482308248208387,0.027281613506696
6.888,0.06814800069061477,0.12602831212772703,0.09352298424256289,0.041394063591827956,0.024772018415621266,0.027228676887562697
6.890000000000001,0.06809004410791264,0.12590398291793314,0.09344601367950833,0.04132941765436193,0.024721001381767582,0.027175785222033344
6.892,0.06803211197687276,0.1257796788426182,0.09336908050907189,0.041264817537856935,0.024670031395155556,0.027122938531766838
6.894,0.06797420432512968,0.1256554000102521,0.0932921847473096,0.04120026326958448,0.024619108470293805,0.027070136838291292
6.896,0.06791632118023205,0.12553114652912556,0.0932153264101998,0.04113575487668797,0.024568232621565933,0.02701738016300337
6.898000000000001,0.06785846256964256,0.12540691850734942,0.09313850551364267,0.04107129238618179,0.024517403863231646,0.02696466852716939
6.9,0.06780062852073865,0.12528271605285535,0.09306172207346108,0.041006875824952216,0.024466622209426525,0.02691200195192489
6.902,0.06774281906081181,0.1251585392733956,0.09298497610540002,0.04094250521975762,0.024415887674162473,0.026859380458275073
6.904,0.06768503421706851,0.1250343882765439,0.09290826762512738,0.04087818059722825,0.024365200271327492,0.026806804067095014
6.906000000000001,0.06762727401662993,0.12491026316969456,0.09283159664823382,0.040813901983866696,0.02431456001468635,0.026754272799129675
6.908,0.06756953848653202,0.12478616406006338,0.09275496319023269,0.040749669406048294,0.024263966917880797,0.026701786674994343
6.91,0.06751182765372588,0.12466209105468762,0.09267836726656076,0.04068548289002072,0.02421342099442958,0.026649345715174855
6.912,0.06745414154507756,0.1245380442604258,0.09260180889257796,0.04062134246190485,0.024162922257728425,0.026596949940027814
6.914,0.06739648018736855,0.1244140237839586,0.09252528808356741,0.04055724814769457,0.024112470721050716,0.026544599369780153
6.916,0.0673388436072957,0.12429002973178815,0.09244880485473628,0.04049319997325718,0.024062066397547266,0.02649229402453046
6.918,0.0672812318314715,0.12416606221023896,0.09237235922121534,0.0404291979643332,0.024011709300246986,0.026440033924248096
6.92,0.06722364488642407,0.12404212132545722,0.09229595119805922,0.04036524214653725,0.023961399442056663,0.0263878190887743
6.922,0.06716608279859715,0.12391820718341173,0.09221958080024639,0.040301332545357615,0.023911136835761404,0.026335649537821526
6.924,0.06710854559435075,0.12379431988989364,0.09214324804268004,0.04023746918615689,0.023860921494025078,0.026283525290974552
6.926,0.06705103329996076,0.12367045955051692,0.09206695294018763,0.040173652094171786,0.023810753429389653,0.026231446367689815
6.928,0.0669935459416191,0.12354662627071789,0.09199069550752093,0.04010988129451354,0.023760632654276526,0.026179412787296297
6.93,0.06693608354543445,0.1234228201557559,0.0919144757593564,0.04004615681216839,0.023710559180985857,0.026127424568995528
6.932,0.06687864613743133,0.12329904131071334,0.09183829371029573,0.03998247867199711,0.02366053302169724,0.02607548173186136
6.934,0.06682123374355142,0.12317528984049564,0.09176214937486549,0.039918846898735705,0.023610554188469912,0.02602358429484064
6.936,0.06676384638965294,0.1230515658498319,0.09168604276751746,0.03985526151699559,0.02356062269324255,0.025971732276753423
6.938,0.06670648410151059,0.1229278694432745,0.0916099739026286,0.03979172255126362,0.02351073854783392,0.025919925696292756
6.94,0.06664914690481649,0.12280420072519926,0.09153394279450144,0.03972823002590231,0.023460901763942887,0.025868164572025565
6.942,0.06659183482517972,0.12268055979980597,0.09145794945736418,0.03966478396515005,0.023411112353148633,0.02581644892239221
6.944,0.06653454788812674,0.12255694677111828,0.09138199390537105,0.03960138439312155,0.02336137032691088,0.02576477876570693
6.946,0.06647728611910098,0.1224333617429838,0.09130607615260189,0.03953803133380762,0.02331167569657011,0.025713154120158066
6.948,0.06642004954346348,0.1223098048190745,0.09123019621306283,0.03947472481107561,0.023262028473347574,0.02566157500380828
6.95,0.06636283818649291,0.12218627610288646,0.09115435410068651,0.03941146484866964,0.02321242866834594,0.025610041434594555
6.952,0.06630565207338601,0.1220627756977406,0.09107854982933161,0.03934825147021037,0.023162876292549317,0.025558553430328645
6.954,0.06624849122925691,0.12193930370678219,0.09100278341278356,0.039285084699196116,0.02311337135682301,0.025507111008697514
6.956,0.06619135567913803,0.12181586023298152,0.09092705486475472,0.039221964559001954,0.02306391387191442,0.025455714187262668
6.958,0.06613424544797963,0.12169244537913348,0.09085136419888418,0.03915889107288084,0.023014503848452605,0.02540436298346105
6.96,0.0660771605606505,0.12156905924785844,0.09077571142873797,0.03909586426396294,0.022965141296948932,0.02535305741460525
6.962,0.06602010104193767,0.12144570194160154,0.09070009656780953,0.03903288415525674,0.02291582622779731,0.025301797497883527
6.964,0.06596306691654674,0.12132237356263365,0.09062451962951945,0.0389699507696486,0.022866558651274183,0.02525058325035978
6.966,0.065906058209102,0.12119907421305087,0.09054898062721617,0.03890706412990319,0.022817338577538537,0.025199414688974242
6.968,0.06584907494414627,0.12107580399477524,0.09047347957417551,0.03884422425866352,0.022768166016632785,0.025148291830543235
6.97,0.0657921171461413,0.12095256300955448,0.09039801648360135,0.03878143117845134,0.022719040978482097,0.02509721469175963
6.972,0.06573518483946805,0.120829351358962,0.09032259136862542,0.03871868491166719,0.022669963472895294,0.025046183289193058
6.974,0.06567827804842641,0.1207061691443978,0.09024720424230726,0.03865598548059057,0.022620933509564622,0.024995197639289923
6.976,0.06562139679723566,0.1205830164670878,0.09017185511763515,0.03859333290738043,0.0225719510980662,0.02494425775837361
6.978,0.06556454111003429,0.12045989342808427,0.09009654400752565,0.03853072721407513,0.02252301624786046,0.02489336366264494
6.98,0.0655077110108806,0.12033680012826631,0.09002127092482404,0.038468168422592486,0.022474128968291707,0.02484251536818216
6.982,0.06545090652375207,0.12021373666833934,0.08994603588230388,0.03840565655473016,0.022425289268588555,0.024791712890941175
6.984,0.06539412767254649,0.12009070314883585,0.08987083889266811,0.03834319163216593,0.022376497157864605,0.024740956246755763
6.986,0.06533737448108101,0.11996769967011511,0.08979567996854843,0.03828077367645766,0.022327752645117993,0.0246902454513378
6.988,0.06528064697309333,0.11984472633236343,0.08972055912250587,0.03821840270904375,0.022279055739232057,0.02463958052027726
6.99,0.06522394517224095,0.11972178323559457,0.08964547636703046,0.03815607875124316,0.022230406448975115,0.02458896146904288
6.992,0.06516726910210147,0.11959887047964979,0.08957043171454226,0.03809380182425537,0.022181804783001136,0.024538388312981718
6.994,0.06511061878617341,0.11947598816419758,0.08949542517739051,0.03803157194916107,0.02213325074984973,0.024487861067320038
6.996,0.06505399424787539,0.11935313638873435,0.08942045676785426,0.03796938914692216,0.022084744357946384,0.024437379747162646
6.998,0.06499739551054673,0.1192303152525842,0.08934552649814287,0.03790725343838175,0.022036285615602225,0.024386944367494223
7.0,0.06494082259744749,0.11910752485489917,0.08927063438039529,0.03784516484426459,0.021987874531014917,0.024336554943178434
7.002,0.06488427553175868,0.1189847652946594,0.08919578042668097,0.037783123385177086,0.02193951111226866,0.02428621148895882
7.0040000000000004,0.0648277543365825,0.11886203667067363,0.08912096464899966,0.03772112908160774,0.021891195367334193,0.02423591401945857
7.006,0.06477125903494207,0.11873933908157874,0.08904618705928158,0.037659181953927146,0.021842927304069004,0.024185662549181197
7.008,0.06471478964978172,0.11861667262583997,0.08897144766938792,0.03759728202238799,0.021794706930217567,0.024135457092510082
7.01,0.06465834620396738,0.11849403740175157,0.08889674649111012,0.03753542930712572,0.021746534253411554,0.02408529766370937
7.0120000000000005,0.06460192872028636,0.1183714335074364,0.08882208353617105,0.03747362382815833,0.021698409281170505,0.02403518427692375
7.014,0.06454553722144762,0.11824886104084653,0.0887474588162247,0.03741186560538656,0.021650332020901164,0.023985116946178442
7.016,0.06448917173008173,0.1181263200997631,0.08867287234285581,0.037350154658594814,0.02160230247989814,0.023935095685380325
7.018,0.06443283226874152,0.11800381078179623,0.08859832412758117,0.03728849100745002,0.02155432066534435,0.023885120508316815
7.0200000000000005,0.06437651885990125,0.11788133318438576,0.08852381418184851,0.03722687467150321,0.02150638658431059,0.023835191428656977
7.022,0.0643202315259579,0.117758887404801,0.08844934251703762,0.03716530567018861,0.021458500243756617,0.02378530845995175
7.024,0.06426397028923025,0.11763647354014095,0.08837490914446011,0.03710378402282455,0.021410661650530072,0.023735471615633497
7.026,0.06420773517195966,0.11751409168733429,0.08830051407535944,0.03704230974861322,0.02136287081136823,0.023685680909016904
7.0280000000000005,0.06415152619631015,0.11739174194314006,0.08822615732091132,0.03698088286664114,0.021315127732896677,0.023635936353298748
7.03,0.06409534338436784,0.117269424404147,0.08815183889222356,0.03691950339587913,0.021267432421630872,0.0235862379615579
7.032,0.06403918675814202,0.11714713916677422,0.08807755880033641,0.03685817135518277,0.021219784883975246,0.02353658574675621
7.034,0.06398305633956491,0.1170248863272716,0.08800331705622289,0.03679688676329218,0.021172185126224097,0.023486979721738077
7.0360000000000005,0.06392695215049127,0.11690266598171895,0.08792911367078848,0.03673564963883269,0.021124633154561367,0.023437419899231093
7.038,0.06387087421269921,0.11678047822602733,0.08785494865487142,0.036674460000314824,0.02107712897506131,0.02338790629184584
7.04,0.06381482254789028,0.11665832315593838,0.08778082201924331,0.03661331786613409,0.021029672593688042,0.02333843891207632
7.042,0.06375879717768895,0.11653620086702476,0.08770673377460847,0.03655222325457208,0.020982264016296437,0.02328901777230019
7.0440000000000005,0.06370279812364354,0.11641411145469038,0.08763268393160484,0.036491176183795604,0.020934903248631898,0.023239642884778533
7.046,0.06364682540722555,0.11629205501417017,0.08755867250080351,0.03643017667185755,0.02088759029633036,0.02319031426165674
7.048,0.06359087904983052,0.11617003164053052,0.0874846994927092,0.036369224736697126,0.020840325164919182,0.023141031914964305
7.05,0.06353495907277784,0.11604804142866953,0.08741076491776045,0.036308320396139626,0.020793107859816917,0.023091795856614805
7.0520000000000005,0.06347906549731075,0.11592608447331676,0.0873368687863294,0.036247463667896884,0.020745938386333096,0.02304260609840658
7.054,0.06342319834459653,0.11580416086903367,0.08726301110872248,0.03618665456956727,0.020698816749669335,0.022993462652022734
7.056,0.06336735763572654,0.11568227071021386,0.08718919189517971,0.03612589311863612,0.020651742954918895,0.02294436552903112
7.058,0.06331154339171685,0.11556041409108309,0.08711541115587584,0.03606517933247577,0.020604717007066897,0.022895314740884576
7.0600000000000005,0.0632557556335076,0.11543859110569898,0.08704166890091991,0.03600451322834575,0.020557738910990775,0.02284631029892159
7.062,0.06319999438196344,0.11531680184795201,0.08696796514035543,0.03594389482339322,0.02051080867146049,0.022797352214366073
7.064,0.06314425965787396,0.11519504641156475,0.08689429988416064,0.03588332413465256,0.020463926293138313,0.02274844049832736
7.066,0.06308855148195347,0.11507332489009281,0.0868206731422485,0.03582280117904624,0.020417091780579488,0.022699575161800878
7.0680000000000005,0.06303286987484125,0.1149516373769246,0.08674708492446692,0.03576232597338436,0.020370305138232236,0.022650756215668366
7.07,0.06297721485710128,0.11482998396528132,0.08667353524059918,0.03570189853436556,0.020323566370437973,0.022601983670697212
7.072,0.06292158644922319,0.11470836474821722,0.08660002410036327,0.035641518878576584,0.020276875481431533,0.022553257537541782
7.074,0.06286598467162152,0.11458677981861998,0.08652655151341304,0.03558118702249291,0.02023023247534117,0.022504577826742977
7.0760000000000005,0.06281040954463646,0.11446522926921077,0.0864531174893377,0.03552090298247834,0.020183637356189,0.022455944548728457
7.078,0.06275486108853334,0.114343713192544,0.08637972203766187,0.0354606667747861,0.020137090127891,0.02240735771381308
7.08,0.06269933932350358,0.11422223168100776,0.0863063651678464,0.035400478415557934,0.020090590794257457,0.02235881733219869
7.082,0.06264384426966396,0.11410078482682429,0.08623304688928757,0.03534033792082503,0.020044139358992963,0.022310323413974764
7.0840000000000005,0.06258837594705735,0.1139793727220495,0.0861597672113179,0.035280245306508196,0.01999773582569664,0.022261875969118217
7.086,0.06253293437565266,0.11385799545857345,0.08608652614320644,0.035220200588417905,0.019951380197862356,0.022213475007494043
7.088,0.06247751957534464,0.11373665312812031,0.08601332369415804,0.03516020378225404,0.01990507247887896,0.022165120538854888
7.09,0.06242213156595455,0.11361534582224886,0.08594015987331427,0.0351002549036068,0.019858812672030268,0.022116812572841926
7.0920000000000005,0.06236677036722993,0.11349407363235242,0.08586703468975343,0.03504035396795646,0.019812600780495515,0.022068551118984425
7.094,0.06231143599884459,0.11337283664965869,0.0857939481524903,0.034980500990673846,0.019766436807349574,0.022020336186700407
7.096,0.062256128480399076,0.11325163496523016,0.08572090027047663,0.034920695987019856,0.01972032075556296,0.021972167785296648
7.098,0.06220084783142066,0.11313046866996457,0.08564789105260107,0.03486093897214659,0.019674252628002042,0.021924045923968682
7.1000000000000005,0.06214559407136333,0.11300933785459444,0.08557492050768967,0.03480122996109691,0.019628232427429282,0.021875970611801243
7.102,0.062090367219608034,0.11288824260968777,0.08550198864450564,0.03474156896880487,0.01958226015650344,0.021827941857768707
7.104,0.06203516729546288,0.11276718302564781,0.08542909547174937,0.034681956010095494,0.019536335817779804,0.02177995967073465
7.106,0.06197999431816292,0.11264615919271304,0.08535624099805927,0.034622391099685235,0.019490459413710415,0.021732024059452515
7.1080000000000005,0.06192484830687084,0.11252517120095806,0.08528342523201093,0.03456287425218263,0.01944463094664406,0.021684135032565388
7.11,0.061869729280676244,0.11240421914029275,0.08521064818211799,0.03450340548208786,0.01939885041882672,0.021636292598606888
7.112,0.061814637258596816,0.1122833031004633,0.08513790985683212,0.03444398480379274,0.019353117832401345,0.021588496766000498
7.114,0.0617595722595774,0.11216242317105163,0.08506521026454283,0.034384612231581846,0.01930743318940875,0.021540747543060457
7.1160000000000005,0.0617045343024909,0.11204157944147619,0.08499254941357814,0.03432528777963162,0.019261796491786942,0.021493044937991534
7.118,0.06164952340613783,0.11192077200099138,0.0849199273122041,0.03426601146201125,0.019216207741372227,0.021445388958889477
7.12,0.061594539589246766,0.11180000093868858,0.08484734396862548,0.034206783292682896,0.019170666939898773,0.021397779613741008
7.122,0.06153958287047456,0.11167926634349534,0.08477479939098553,0.03414760328550104,0.01912517408899861,0.021350216910423825
7.1240000000000006,0.06148465326840635,0.11155856830417599,0.08470229358736625,0.03408847145421379,0.019079729190202732,0.02130270085670749
7.126,0.061429750801555105,0.11143790690933186,0.08462982656578855,0.03402938781246223,0.019034332244940444,0.021255231460252766
7.128,0.061374875488362735,0.11131728224740156,0.08455739833421227,0.03397035237378088,0.018988983254539793,0.0212078087286125
7.13,0.06132002734719966,0.11119669440666025,0.08448500890053645,0.033911365151598094,0.01894368222022802,0.02116043266923162
7.132000000000001,0.06126520639636479,0.11107614347522099,0.08441265827259925,0.03385242615923567,0.018898429143131334,0.02111310328944671
7.134,0.06121041265408578,0.1109556295410341,0.08434034645817845,0.033793535409909925,0.01885322402427536,0.021065820596487317
7.136,0.061155646138519426,0.11083515269188737,0.08426807346499121,0.03373469291673081,0.01880806686458536,0.021018584597475076
7.138,0.06110090686775149,0.11071471301540647,0.08419583930069452,0.03367589869270282,0.018762957664886448,0.0209713952994246
7.140000000000001,0.061046194859796676,0.11059431059905478,0.08412364397288496,0.03361715275072519,0.01871789642590338,0.020924252709243474
7.142,0.06099151013259929,0.11047394553013379,0.08405148748909896,0.033558455103591456,0.01867288314826121,0.020877156833732258
7.144,0.06093685270403282,0.11035361789578291,0.0839793698568132,0.03349980576399014,0.018627917832485297,0.02083010767958471
7.146,0.060882222591900126,0.11023332778298012,0.08390729108344441,0.03344120474450496,0.01858300047900152,0.020783105253388445
7.148000000000001,0.06082761981393392,0.11011307527854175,0.08383525117634982,0.033382652057614814,0.01853813108813629,0.020736149561624506
7.15,0.06077304438779629,0.10999286046912271,0.0837632501428267,0.03332414771569403,0.018493309660117196,0.02068924061066757
7.152,0.06071849633107962,0.10987268344121648,0.08369128799011327,0.03326569173101257,0.018448536195072807,0.020642378406786843
7.154,0.06066397566130588,0.10975254428115533,0.083619364725388,0.03320728411573581,0.018403810693032874,0.02059556295614562
7.156000000000001,0.06060948239592734,0.10963244307511055,0.08354748035577075,0.03314892488192567,0.018359133153928564,0.020548794264801495
7.158,0.06055501655232609,0.10951237990909268,0.08347563488832188,0.03309061404153946,0.0183145035775929,0.0205020723387066
7.16,0.06050057814781473,0.10939235486895149,0.0834038283300429,0.033032351606431476,0.018269921963760316,0.020455397183708035
7.162,0.06044616719963636,0.10927236804037577,0.08333206068787646,0.032974137588352104,0.01822538831206777,0.020408768805547872
7.164000000000001,0.060391783724964565,0.10915241950889443,0.08326033196870686,0.03291597199894847,0.018180902622054296,0.02036218720986338
7.166,0.06033742774090345,0.1090325093598754,0.0831886421793595,0.032857854849764445,0.01813646489316101,0.020315652402187245
7.168,0.06028309926448783,0.10891263767852699,0.08311699132660144,0.032799786152240884,0.018092075124731988,0.020269164387947347
7.17,0.06022879831268346,0.10879280454989693,0.08304537941714152,0.03274176591771605,0.018047733316013836,0.02022272317246765
7.172,0.06017452490238706,0.10867301005887331,0.0829738064576302,0.032683794157425394,0.018003439466156346,0.020176328760967754
7.174,0.06012027905042627,0.10855325429018436,0.0829022724546602,0.03262587088250202,0.017959193574212273,0.02012998115856357
7.176,0.06006606077356014,0.10843353732839867,0.08283077741476608,0.032567996103976427,0.017914995639137787,0.02008368037026731
7.178,0.06001187008847886,0.10831385925792536,0.08275932134442487,0.032510169832777214,0.017870845659792467,0.02003742640098749
7.18,0.05995770701180425,0.10819422016301417,0.08268790425005568,0.03245239207973105,0.017826743634939968,0.019991219255529602
7.182,0.05990357156008952,0.10807462012775537,0.08261652613801984,0.03239466285556292,0.017782689563247356,0.01994505893859544
7.184,0.059849463749819476,0.10795505923608051,0.08254518701462188,0.03233698217089609,0.017738683443285996,0.01989894545478421
7.186,0.05979538359741077,0.1078355375717619,0.08247388688610857,0.032279350036252374,0.017694725273531553,0.019852878808592322
7.188,0.05974133111921187,0.10771605521841288,0.08240262575866963,0.032221766462052326,0.01765081505236421,0.01980685900441359
7.19,0.05968730633150332,0.10759661225948847,0.08233140363843772,0.032164231458615467,0.017606952778068674,0.01976088604653925
7.192,0.05963330925049748,0.10747720877828493,0.08226022053148863,0.03210674503616029,0.017563138448834392,0.019714959939158172
7.194,0.05957933989233921,0.10735784485793998,0.0821890764438411,0.03204930720480492,0.017519372062756222,0.019669080686357532
7.196,0.059525398273105656,0.10723852058143324,0.08211797138145771,0.031991917974566686,0.017475653617833764,0.019623248292122586
7.198,0.05947148440880623,0.10711923603158624,0.08204690535024395,0.03193457735536254,0.01743198311197225,0.019577462760336672
7.2,0.05941759831538285,0.10699999129106241,0.08197587835604891,0.031877285357009066,0.01738836054298254,0.019531724094781655
7.202,0.059363740008710364,0.10688078644236709,0.08190489040466575,0.03182004198922317,0.017344785908580906,0.019486032299138367
7.204,0.05930990950459614,0.10676162156784819,0.08183394150183121,0.03176284726162182,0.01730125920638992,0.019440387376986168
7.206,0.05925610681878024,0.10664249674969573,0.08176303165322585,0.03170570118372207,0.01725778043393822,0.019394789331803608
7.208,0.05920233196693614,0.10652341206994254,0.08169216086447428,0.031648603764941496,0.01721434958866075,0.019349238166968652
7.21,0.05914858496467024,0.10640436761046401,0.08162132914114562,0.03159155501459865,0.017170966667898968,0.019303733885758234
7.212,0.0590948658275221,0.10628536345297834,0.08155053648875277,0.031534554941912596,0.017127631668900856,0.01925827649134937
7.214,0.05904117457096447,0.10616639967904673,0.0814797829127536,0.0314776035560036,0.017084344588821354,0.019212865986818484
7.216,0.05898751121040369,0.10604747637007317,0.08140906841855,0.03142070086589288,0.01704110542472237,0.019167502375142087
7.218,0.0589338757611797,0.10592859360730533,0.08133839301148882,0.03136384688050309,0.016997914173573436,0.01912218565919699
7.22,0.05888026823856585,0.10580975147183369,0.08126775669686159,0.03130704160865849,0.016954770832251054,0.019076915841760078
7.222,0.0588266886577693,0.10569095004459261,0.0811971594799048,0.031250285059085,0.01691167539753935,0.01903169292550899
7.224,0.05877313703393128,0.10557218940635993,0.08112660136579986,0.031193577240410386,0.016868627866130526,0.01898651691302189
7.226,0.058719613382126834,0.10545346963775737,0.08105608235967332,0.031136918161164262,0.016825628234624634,0.0189413878067779
7.228,0.05866611771736485,0.10533479081925035,0.08098560246659714,0.031080307829778775,0.016782676499529803,0.018896305609157116
7.23,0.05861265005458893,0.10521615303114817,0.08091516169158841,0.031023746254588147,0.016739772657262675,0.018851270322440827
7.232,0.05855921040867651,0.10509755635360474,0.08084476003960983,0.030967233443829345,0.01669691670414819,0.018806281948811954
7.234,0.05850579879443951,0.10497900086661804,0.0807743975155697,0.03091076940564208,0.01665410863642003,0.018761340490354828
7.236,0.05845241522662459,0.10486048665003045,0.08070407412432212,0.030854354148068586,0.01661134845022083,0.018716445949055416
7.238,0.05839905971991288,0.10474201378352888,0.08063378987066683,0.030797987679054506,0.016568636141602422,0.018671598326802208
7.24,0.05834573228892026,0.10462358234664504,0.08056354475934979,0.030741670006448674,0.01652597170652559,0.018626797625385105
7.242,0.058292432948197526,0.10450519241875544,0.08049333879506282,0.030685401138003332,0.016483355140860967,0.018582043846496976
7.244,0.0582391617122302,0.10438684407908161,0.08042317198244398,0.030629181081373913,0.016440786440388377,0.018537336991732767
7.246,0.0581859185954392,0.10426853740669006,0.08035304432607782,0.030573009844119925,0.01639826560079749,0.01849267706259039
7.248,0.05813270361218037,0.10415027248049258,0.08028295583049494,0.03051688743370473,0.01635579261768827,0.01844806406047028
7.25,0.05807951677674472,0.10403204937924637,0.08021290650017288,0.030460813857495772,0.01631336748657053,0.018403497986676287
7.252,0.0580263581033591,0.10391386818155413,0.08014289633953564,0.030404789122764786,0.016270990202864377,0.01835897884241522
7.2540000000000004,0.057973227606185285,0.1037957289658642,0.08007292535295418,0.03034881323668759,0.01622866076190088,0.018314506628797522
7.256,0.05792012529932111,0.10367763181047085,0.08000299354474616,0.03029288620634496,0.016186379158921405,0.01827008134683683
7.258,0.0578670511967998,0.1035595767935138,0.07993310091917638,0.030237008038722202,0.016144145389078268,0.018225702997451076
7.26,0.05781400531259062,0.10344156399297932,0.07986324748045659,0.03018117874070958,0.016101959447434977,0.018181371581461603
7.2620000000000005,0.05776098766059845,0.10332359348669962,0.0797934332327459,0.030125398319102326,0.016059821328966217,0.018137087099594273
7.264,0.05770799825466466,0.10320566535235343,0.07972365818015081,0.03006966678060108,0.01601773102855808,0.01809284955247903
7.266,0.05765503710856623,0.10308777966746563,0.07965392232672519,0.030013984131811666,0.01597568854100828,0.01804865894065033
7.268,0.05760210423601686,0.10296993650940767,0.07958422567647072,0.02995835037924599,0.015933693861026388,0.018004515264547605
7.2700000000000005,0.057549199650666294,0.102852135955398,0.07951456823333647,0.02990276552932114,0.015891746983233812,0.017960418524514576
7.272,0.057496323366101,0.10273437808250185,0.07944495000121954,0.02984722958836028,0.015849847902164038,0.017916368720800158
7.274,0.05744347539584349,0.10261666296763128,0.07937537098396485,0.02979174256259265,0.015807996612263064,0.01787236585355867
7.276,0.05739065575335345,0.10249899068754553,0.0793058311853656,0.029736304458153784,0.015766193107889404,0.01782840992284984
7.2780000000000005,0.057337864452027265,0.10238136131885134,0.0792363306091628,0.02968091528108574,0.015724437383314083,0.01778450092863859
7.28,0.057285101505198055,0.10226377493800243,0.07916686925904592,0.029625575037337093,0.015682729432721088,0.01774063887079591
7.282,0.05723236692613587,0.10214623162130021,0.07909744713865274,0.029570283732762936,0.015641069250207584,0.017696823749098423
7.284,0.05717966072804814,0.10202873144489377,0.0790280642515695,0.02951504137312555,0.015599456829783698,0.017653055563228826
7.2860000000000005,0.05712698292407925,0.10191127448477988,0.07895872060133113,0.029459847964093955,0.015557892165372955,0.01760933431277656
7.288,0.05707433352731073,0.10179386081680342,0.07888941619142131,0.0294047035112448,0.015516375250812509,0.017565659997236915
7.29,0.05702171255076194,0.10167649051665717,0.07882015102527262,0.029349608020061924,0.015474906079853579,0.01752203261601193
7.292,0.05696912000738963,0.10155916365988205,0.07875092510626636,0.02929456149593679,0.015433484646160789,0.01747845216841082
7.2940000000000005,0.05691655591008793,0.10144188032186752,0.07868173843773318,0.02923956394416849,0.015392110943313275,0.017434918653649323
7.296,0.05686402027168902,0.1013246405778514,0.07861259102295248,0.029184615369964195,0.015350784964804465,0.017391432070850588
7.298,0.056811513104962685,0.10120744450291985,0.07854348286515322,0.029129715778438925,0.015309506704041853,0.017347992419044944
7.3,0.05675903442261654,0.10109029217200804,0.07847441396751376,0.029074865174615994,0.015268276154348115,0.01730459969717013
7.3020000000000005,0.05670658423729669,0.10097318365989993,0.07840538433316202,0.029020063563427234,0.015227093308960216,0.01726125390407174
7.304,0.05665416256158684,0.10085611904122849,0.07833639396517533,0.028965310949712997,0.015185958161030522,0.01721795503850343
7.306,0.05660176940800943,0.10073909839047546,0.07826744286658083,0.02891060733822215,0.015144870703626356,0.017174703099126276
7.308,0.056549404789024926,0.1006221217819725,0.07819853104035546,0.028855952733612744,0.015103830929730444,0.01713149808451009
7.3100000000000005,0.056497068717032306,0.10050518928990004,0.07812965848942621,0.028801347140451572,0.01506283883224091,0.01708833999313275
7.312,0.056444761204369254,0.10038830098828821,0.0780608252166699,0.02874679056321483,0.015021894403971947,0.017045228823380887
7.314,0.05639248226331195,0.1002714569510168,0.07799203122491383,0.028692283006288122,0.01498099763765337,0.01700216457354986
7.316,0.05634023190607551,0.1001546572518155,0.07792327651693531,0.028637824473966234,0.014940148525931063,0.016959147241843775
7.3180000000000005,0.05628801014481377,0.10003790196426365,0.07785456109546218,0.028583414970454024,0.014899347061366974,0.016916176826375917
7.32,0.0562358169916195,0.09992119116179099,0.07778588496317274,0.028529054499866202,0.014858593236439788,0.01687325332516898
7.322,0.05618365245852486,0.09980452491767688,0.07771724812269576,0.028474743066227326,0.014817887043544697,0.016830376736154617
7.324,0.05613151655750093,0.09968790330505173,0.07764865057661097,0.028420480673472248,0.014777228474993409,0.016787547057174557
7.3260000000000005,0.05607940930045818,0.09957132639689581,0.07758009232744856,0.028366267325446115,0.014736617523014806,0.01674476428598015
7.328,0.05602733069924626,0.09945479426603998,0.0775115733776901,0.028312103025904367,0.014696054179754947,0.01670202842023283
7.33,0.05597528076565461,0.0993383069851661,0.07744309372976788,0.028257987778513405,0.01465553843727685,0.016659339457503863
7.332,0.055923259511412304,0.09922186462680682,0.0773746533860653,0.02820392158685059,0.01461507028756115,0.016616697395274826
7.3340000000000005,0.05587126694818778,0.09910546726334557,0.07730625234891697,0.028149904454403796,0.014574649722506328,0.016574102230938248
7.336,0.055819303087589534,0.09898911496701701,0.07723789062060926,0.02809593638457253,0.014534276733928264,0.01653155396179673
7.338,0.05576736794116588,0.09887280780990682,0.0771695682033795,0.02804201738066725,0.014493951313561126,0.016489052585064057
7.34,0.05571546152040496,0.09875654586395233,0.07710128509941683,0.02798814744591005,0.014453673453057148,0.01644659809786475
7.3420000000000005,0.05566358383673542,0.09864032920094212,0.0770330413108622,0.027934326583434643,0.014413443143986848,0.01640419049723474
7.344,0.05561173490152593,0.09852415789251667,0.07696483683980793,0.027880554796286594,0.01437326037783948,0.01636182978012135
7.346,0.05555991472608546,0.0984080320101679,0.07689667168829861,0.027826832087423314,0.014333125146022585,0.0163195159433831
7.348,0.055508123321663216,0.09829195162523985,0.07682854585833065,0.027773158459714287,0.014293037439862877,0.01627724898379057
7.3500000000000005,0.05545636069944937,0.09817591680892845,0.07676045935185272,0.027719533915941508,0.014252997250605803,0.01623502889802575
7.352,0.055404626870574125,0.09805992763228177,0.0766924121707655,0.027665958458799045,0.01421300456941621,0.016192855682683138
7.354,0.05535292184610907,0.0979439841662002,0.07662440431692197,0.027612432090893924,0.01417305938737834,0.01615072933426931
7.356,0.055301245637066065,0.09782808648143648,0.07655643579212779,0.027558954814745684,0.014133161695495833,0.016108649849202905
7.3580000000000005,0.055249598254398125,0.09771223464859613,0.07648850659814088,0.027505526632787047,0.014093311484692173,0.016066617223815527
7.36,0.05519797970899942,0.09759642873813701,0.07642061673667166,0.02745214754736347,0.014053508745810683,0.016024631454351068
7.362,0.05514639001170507,0.09748066882036999,0.0763527662093837,0.02739881756073359,0.014013753469614754,0.015982692536966825
7.364,0.05509482917329134,0.09736495496545872,0.07628495501789323,0.027345536675069892,0.013974045646787836,0.01594080046773283
7.3660000000000005,0.05504329720447587,0.09724928724342008,0.07621718316376924,0.02729230489245804,0.013934385267934113,0.015898955242632518
7.368,0.05499179411591815,0.09713366572412396,0.07614945064853385,0.02723912221489755,0.013894772323578053,0.015857156857562504
7.37,0.05494031991821857,0.09701809047729393,0.0760817574736623,0.027185988644301773,0.013855206804165077,0.015815405308333252
7.372,0.05488887462191938,0.09690256157250654,0.07601410364058325,0.02713290418249814,0.013815688700061335,0.01577370059066885
7.3740000000000006,0.054837458237504855,0.09678707907919226,0.0759464891506787,0.027079868831227927,0.013776218001554152,0.01573204270020745
7.376,0.05478607077540065,0.096671643066635,0.07587891400528401,0.02702688259214736,0.013736794698852028,0.015690431632501056
7.378,0.054734712245974704,0.0965562536039728,0.07581137820568795,0.02697394546682652,0.01369741878208508,0.015648867383015963
7.38,0.05468338265953676,0.09644091076019756,0.07574388175313329,0.02692105745675044,0.013658090241305043,0.015607349947132976
7.382000000000001,0.054632082026338846,0.09632561460415534,0.07567642464881619,0.026868218563319113,0.013618809066485271,0.015565879320147635
7.384,0.05458081035657525,0.09621036520454629,0.07560900689388683,0.026815428787847262,0.013579575247520959,0.015524455497270218
7.386,0.054529567660382305,0.09609516262992512,0.07554162848944945,0.02676268813156457,0.013540388774229584,0.015483078473625733
7.388,0.054478353947839064,0.0959800069487009,0.07547428943656231,0.02670999659561657,0.01350124963635091,0.015441748244254594
7.390000000000001,0.054427169228967065,0.09586489822913724,0.07540698973623794,0.02665735418106352,0.013462157823546983,0.015400464804112168
7.392,0.05437601351373056,0.09574983653935254,0.07533972938944289,0.026604760888881973,0.013423113325402802,0.01535922814806967
7.394,0.05432488681203629,0.09563482194732043,0.0752725083970982,0.02655221671996366,0.013384116131425872,0.015318038270913492
7.396,0.05427378913373371,0.09551985452086909,0.07520532676007963,0.026499721675116605,0.013345166231046868,0.015276895167346316
7.398000000000001,0.05422272048861565,0.09540493432768216,0.07513818447921716,0.02644727575506467,0.013306263613619196,0.015235798831986447
7.4,0.05417168088641788,0.09529006143529828,0.07507108155529552,0.02639487896044801,0.0132674082684201,0.015194749259368479
7.402,0.05412067033681889,0.09517523591111177,0.07500401798905432,0.026342531291823068,0.013228600184649775,0.015153746443943072
7.404,0.05406968884944097,0.09506045782237216,0.07493699378118812,0.0262902327496628,0.013189839351432475,0.015112790380077623
7.406000000000001,0.054018736433849135,0.0949457272361851,0.07487000893234619,0.026237983334356896,0.013151125757816073,0.015071881062056258
7.408,0.05396781309955223,0.09483104421951172,0.07480306344313314,0.026185783046211997,0.013112459392772502,0.015031018484079395
7.41,0.053916918856002694,0.09471640883916899,0.07473615731410854,0.026133631885451702,0.013073840245197532,0.014990202640265071
7.412,0.05386605371259612,0.09460182116183002,0.07466929054578753,0.026081529852216567,0.013035268303911662,0.01494943352464806
7.414000000000001,0.05381521767867237,0.09448728125402428,0.07460246313864016,0.026029476946564767,0.012996743557659673,0.01490871113118053
7.416,0.05376441076351468,0.09437278918213732,0.07453567509309256,0.025977473168471432,0.012958265995111073,0.014868035453732054
7.418,0.053713632976350345,0.09425834501241126,0.07446892640952596,0.02592551851782976,0.012919835604859875,0.014827406486090045
7.42,0.05366288432635091,0.09414394881094479,0.07440221708827743,0.025873612994450568,0.012881452375425484,0.014786824221959538
7.422000000000001,0.053612164822631536,0.09402960064369315,0.07433554712963986,0.025821756598062517,0.012843116295252255,0.014746288654963857
7.424,0.05356147447425208,0.09391530057646835,0.07426891653386192,0.025769949328312336,0.012804827352709935,0.014705799778644169
7.426,0.05351081329021623,0.09380104867493966,0.07420232530114834,0.025718191184765038,0.012766585536093444,0.014665357586459926
7.428,0.05346018127947261,0.09368684500463309,0.07413577343165989,0.025666482166903926,0.012728390833623981,0.014624962071789316
7.43,0.053409578450913875,0.09357268963093235,0.07406926092551336,0.025614822274131033,0.012690243233447918,0.014584613227929255
7.432,0.05335900481337763,0.09345858261907791,0.0740027877827818,0.025563211505766903,0.012652142723637905,0.014544311048094949
7.434,0.05330846037564574,0.09334452403416793,0.07393635400349496,0.02551164986105081,0.012614089292192654,0.014504055525421
7.436,0.05325794514644544,0.09323051394115822,0.07386995958763887,0.02546013733914121,0.01257608292703738,0.014463846652961188
7.438,0.05320745913444824,0.09311655240486227,0.073803604535156,0.025408673939115722,0.012538123616023578,0.014423684423688465
7.44,0.05315700234827103,0.09300263948995169,0.07373728884594555,0.025357259659971154,0.012500211346929468,0.014383568830495408
7.442,0.053106574796475625,0.09288877526095551,0.07367101251986341,0.025305894500623483,0.01246234610746022,0.014343499866193987
7.444,0.05305617648756922,0.09277495978226113,0.0736047755567224,0.02525457845990875,0.012424527885247505,0.01430347752351624
7.446,0.05300580743000394,0.0926611931181145,0.07353857795629204,0.025203311536582618,0.012386756667850607,0.014263501795114042
7.448,0.05295546763217751,0.09254747533261942,0.07347241971829943,0.02515209372932059,0.01234903244275598,0.014223572673559337
7.45,0.05290515710243304,0.09243380648973853,0.07340630084242816,0.025100925036718014,0.012311355197377694,0.014183690151344575
7.452,0.05285487584905901,0.09232018665329278,0.07334022132831963,0.02504980545729074,0.012273724919056983,0.014143854220882712
7.454,0.05280462388028995,0.0922066158869621,0.07327418117557216,0.024998734989474913,0.012236141595063366,0.014104064874507216
7.456,0.05275440120430597,0.09209309425428547,0.07320818038374166,0.024947713631626955,0.012198605212594194,0.014064322104472282
7.458,0.05270420782923302,0.09197962181866037,0.07314221895234141,0.024896741382024246,0.012161115758774876,0.01402462590295328
7.46,0.052654043763142866,0.09186619864334378,0.0730762968808425,0.02484581823886467,0.012123673220659104,0.013984976262046533
7.462,0.05260390901405354,0.09175282479145186,0.07301041416867338,0.024794944200267288,0.012086277585229066,0.013945373173769982
7.464,0.052553803589928894,0.09163950032596024,0.07294457081522077,0.024744119264272335,0.012048928839395678,0.013905816630062517
7.466,0.052503727498679265,0.09152622530970378,0.07287876681982897,0.024693343428840997,0.012011626969998357,0.013866306622785096
7.468,0.05245368074816126,0.0914129998053772,0.07281300218180053,0.02464261669185608,0.011974371963805686,0.013826843143720291
7.47,0.052403663346177964,0.09129982387553492,0.07274727690039562,0.02459193905112178,0.011937163807515416,0.013787426184572515
7.472,0.05235367530047874,0.09118669758259124,0.07268159097483307,0.024541310504364144,0.011900002487754469,0.013748055736968467
7.474,0.05230371661875988,0.09107362098882055,0.07261594440428976,0.02449073104923105,0.011862887991079152,0.01370873179245713
7.476,0.052253787308663924,0.09096059415635716,0.07255033718790083,0.024440200683292224,0.011825820303975387,0.01366945434250999
7.478,0.05220388737778059,0.09084761714719614,0.07248476932476011,0.024389719404039667,0.011788799412859152,0.013630223378521045
7.48,0.05215401683364651,0.09073469002319245,0.0724192408139197,0.024339287208887894,0.011751825304075814,0.013591038891807017
7.482,0.052104175683745035,0.09062181284606186,0.07235375165439062,0.024288904095173258,0.011714897963901238,0.01355190087360758
7.484,0.052054363935506665,0.09050898567738064,0.07228830184514257,0.024238570060155507,0.01167801737854135,0.013512809315085583
7.486,0.05200458159630905,0.09039620857858588,0.07222289138510396,0.02418828510101645,0.011641183534132793,0.013473764207327044
7.488,0.05195482867347723,0.09028348161097566,0.07215752027316213,0.024138049214861068,0.011604396416742269,0.013434765541341598
7.49,0.051905105174283594,0.09017080483570905,0.07209218850816335,0.024087862398717297,0.011567656012367644,0.013395813308062055
7.492,0.051855411105947935,0.09005817831380636,0.07202689608891322,0.024037724649536463,0.011530962306937287,0.013356907498345505
7.494,0.051805746475637626,0.08994560210614888,0.07196164301417651,0.023987635964193066,0.011494315286311174,0.013318048102972657
7.496,0.051756111290467643,0.08983307627347958,0.07189642928267714,0.023937596339485,0.011457714936280006,0.01327923511264828
7.498,0.05170650555750056,0.0897206008764031,0.07183125489309838,0.023887605772134002,0.011421161242566091,0.013240468518001203
7.5,0.05165692928374699,0.0896081759753855,0.07176611984408332,0.023837664258785418,0.011384654190823129,0.013201748309585204
7.502,0.051607382476165364,0.08949580163075455,0.07170102413423396,0.02378777179600866,0.01134819376663665,0.013163074477878123
7.5040000000000004,0.05155786514166216,0.08938347790270029,0.07163596776211256,0.02373792838029698,0.011311779955524015,0.013124447013282525
7.506,0.0515083772870919,0.08927120485127449,0.07157095072624098,0.02368813400806813,0.011275412742934643,0.013085865906126148
7.508,0.051458918919257135,0.08915898253639121,0.07150597302510064,0.023638388675663924,0.011239092114250226,0.013047331146661678
7.51,0.051409490044909134,0.08904681101782685,0.07144103465713325,0.023588692379350906,0.011202818054784514,0.01300884272506675
7.5120000000000005,0.051360090670747205,0.08893469035522017,0.0713761356207403,0.023539045115320345,0.01116659054978375,0.012970400631444612
7.514,0.05131072080341936,0.08882262060807244,0.07131127591428332,0.023489446879688014,0.011130409584427348,0.01293200485582413
7.516,0.05126138044952211,0.08871060183574775,0.07124645553608433,0.023439897668494858,0.011094275143826993,0.012893655388159564
7.518,0.05121206961560043,0.0885986340974727,0.07118167448442536,0.02339039747770677,0.011058187213027537,0.012855352218331229
7.5200000000000005,0.05116278830814802,0.08848671745233716,0.07111693275754871,0.023340946303215038,0.011022145777006775,0.012817095336145057
7.522,0.05111353653360773,0.08837485195929373,0.0710522303536576,0.02329154414083634,0.010986150820676333,0.012778884731333706
7.524,0.05106431429837133,0.08826303767715848,0.07098756727091549,0.02324219098631275,0.010950202328880776,0.012740720393555893
7.526,0.0510151216087793,0.0881512746646107,0.07092294350744655,0.023192886835311954,0.010914300286398504,0.012702602312396616
7.5280000000000005,0.05096595847112151,0.08803956298019311,0.07085835906133564,0.0231436316834277,0.010878444677941745,0.012664530477367819
7.53,0.05091682489163696,0.08792790268231165,0.07079381393062856,0.023094425526179574,0.010842635488156338,0.012626504877908173
7.532,0.05086772087651381,0.08781629382923661,0.07072930811333178,0.023045268359013216,0.010806872701622616,0.012588525503383297
7.534,0.050818646431889825,0.08770473647910149,0.07066484160741293,0.02299616017730055,0.010771156302854967,0.012550592343085754
7.5360000000000005,0.05076960156385213,0.08759323068990388,0.07060041441080056,0.022947100976340007,0.010735486276302053,0.012512705386235723
7.538,0.05072058627843745,0.0874817765195055,0.07053602652138458,0.022898090751356515,0.010699862606347255,0.01247486462198033
7.54,0.050671600581632115,0.08737037402563219,0.07047167793701625,0.022849129497501508,0.010664285277308672,0.01243707003939476
7.542,0.05062264447937226,0.08725902326587409,0.070407368655508,0.02280021720985337,0.010628754273439345,0.012399321627481807
7.5440000000000005,0.05057371797754384,0.08714772429768591,0.07034309867463362,0.022751353883417647,0.010593269578927256,0.012361619375171884
7.546,0.05052482108198286,0.0870364771783867,0.07027886799212846,0.02270253951312662,0.01055783117789555,0.012323963271323901
7.548,0.05047595379847536,0.08692528196516047,0.0702146766056897,0.022653774093840173,0.010522439054402755,0.012286353304724829
7.55,0.05042711613275719,0.08681413871505561,0.07015052451297588,0.02260505762034537,0.010487093192442787,0.012248789464090137
7.5520000000000005,0.05037830809051469,0.08670304748498592,0.07008641171160757,0.02255639008735688,0.01045179357594539,0.012211271738063356
7.554,0.050329529677384466,0.08659200833172975,0.07002233819916714,0.022507771489516992,0.010416540188776136,0.012173800115217404
7.556,0.05028078089895338,0.08648102131193114,0.0699583039731988,0.022459201821396046,0.010381333014736427,0.012136374584053478
7.558,0.050232061760758784,0.0863700864820991,0.06989430903120897,0.022410681077492223,0.010346172037563939,0.012098995133002166
7.5600000000000005,0.05018337226828873,0.08625920389860808,0.06983035337066612,0.022362209252231757,0.010311057240932398,0.012061661750423003
7.562,0.05013471242698175,0.08614837361769823,0.06976643698900098,0.022313786339969166,0.010275988608452247,0.012024374424604911
7.564,0.050086082242227326,0.08603759569547509,0.0697025598836063,0.022265412334987467,0.010240966123670425,0.011987133143766204
7.566,0.05003748171936584,0.08592687018791034,0.06963872205183774,0.022217087231497956,0.01020598977007059,0.01194993789605503
7.5680000000000005,0.049988910863688174,0.08581619715084154,0.06957492349101302,0.0221688110236411,0.010171059531073112,0.011912788669549368
7.57,0.04994036968043658,0.08570557663997214,0.06951116419841252,0.02212058370548564,0.010136175390035751,0.011875685452256812
7.572,0.04989185817480424,0.08559500871087167,0.06944744417127913,0.022072405271029494,0.010101337330253424,0.011838628232115456
7.574,0.0498433763519357,0.08548449341897624,0.06938376340681862,0.02202427571419996,0.010066545334958432,0.011801616996993447
7.5760000000000005,0.04979492421692666,0.08537403081958805,0.06932012190219972,0.021976195028853063,0.01003179938732024,0.011764651734689213
7.578,0.0497465017748242,0.08526362096787632,0.06925651965455382,0.021928163208774665,0.009997099470446358,0.011727732432932125
7.58,0.04969810903062677,0.08515326391887656,0.06919295666097525,0.021880180247680014,0.009962445567382128,0.011690859079381832
7.582,0.04964974598928462,0.0850429597274911,0.06912943291852147,0.021832246139213973,0.009927837661110495,0.011654031661629372
7.5840000000000005,0.049601412655699395,0.08493270844848921,0.06906594842421332,0.021784360876951236,0.00989327573455312,0.01161725016719628
7.586,0.04955310903472454,0.08482251013650721,0.06900250317503454,0.021736524454396333,0.009858759770569492,0.011580514583535928
7.588,0.049504835131165326,0.08471236484604883,0.06893909716793223,0.02168873686498407,0.009824289751957815,0.011543824898032407
7.59,0.049456590949778834,0.08460227263148457,0.06887573039981687,0.021640998102079534,0.009789865661454789,0.01150718109800164
7.5920000000000005,0.04940837649527419,0.08449223354705282,0.06881240286756274,0.021593308158977864,0.009755487481735825,0.011470583170691162
7.594,0.049360191772312545,0.0843822476468592,0.06874911456800725,0.021545667028904925,0.009721155195415054,0.01143403110328034
7.596,0.04931203678550755,0.0842723149848772,0.06868586549795164,0.0214980747050173,0.00968686878504621,0.011397524882880372
7.598,0.049263911539424665,0.08416243561494796,0.06862265565416092,0.021450531180402077,0.00965262823312174,0.011361064496534734
7.6000000000000005,0.04921581603858183,0.08405260959078054,0.06855948503336395,0.021403036448077728,0.0096184335220737,0.011324649931219177
7.602,0.04916775028744946,0.08394283696595206,0.06849635363225337,0.021355590500993227,0.009584284634273521,0.01128828117384173
7.604,0.04911971429045048,0.08383311779390756,0.06843326144748585,0.02130819333202938,0.009550181552032466,0.01125195821124314
7.606,0.04907170805196026,0.08372345212796084,0.06837020847568209,0.021260844933997713,0.0095161242576014,0.011215681030196878
7.6080000000000005,0.04902373157630713,0.08361384002129357,0.06830719471342706,0.02121354529964159,0.009482112733171233,0.011179449617409354
7.61,0.04897578486777188,0.08350428152695621,0.06824422015726972,0.02116629442163598,0.00944814696087315,0.011143263959519922
7.612,0.04892786793058845,0.08339477669786777,0.06818128480372332,0.02111909229258746,0.00941422692277838,0.011107124043101102
7.614,0.04887998076894373,0.08328532558681623,0.06811838864926578,0.02107193890503467,0.009380352600898867,0.011071029854658798
7.6160000000000005,0.04883212338697729,0.08317592824645814,0.06805553169033929,0.021024834251448077,0.009346523977186827,0.011034981380632525
7.618,0.04878429578878207,0.08306658472931949,0.06799271392335071,0.020977778324230645,0.00931274103353541,0.010998978607395182
7.62,0.0487364979784044,0.08295729508779481,0.06792993534467118,0.020930771115717173,0.00927900375177848,0.010963021521253724
7.622,0.048688729959843524,0.0828480593741483,0.06786719595063695,0.0208838126181754,0.00924531211369084,0.010927110108449156
7.6240000000000006,0.048640991737052275,0.08273887764051358,0.06780449573754899,0.020836902823805348,0.009211666100988891,0.010891244355156315
7.626,0.048593283313936864,0.0826297499388935,0.06774183470167316,0.02079004172473975,0.009178065695329973,0.010855424247484313
7.628,0.048545604694357314,0.08252067632116056,0.06767921283924005,0.02074322931304451,0.009144510878313028,0.010819649771476758
7.63,0.0484979558821268,0.08241165683905716,0.06761663014644537,0.020696465580718026,0.009111001631478821,0.010783920913111977
7.632000000000001,0.048450336881012745,0.08230269154419556,0.06755408661944995,0.02064975051969231,0.009077537936309499,0.010748237658302795
7.634,0.04840274769473596,0.08219378048805792,0.06749158225438001,0.020603084121832316,0.009044119774229475,0.010712599992896976
7.636,0.04835518832697128,0.0820849237219965,0.0674291170473269,0.020556466378936378,0.00901074712660499,0.010677007902677227
7.638,0.048307658781347795,0.08197612129723386,0.06736669099434711,0.020509897282736667,0.00897741997474455,0.010641461373361638
7.640000000000001,0.048260159061448205,0.08186737326486293,0.06730430409146293,0.020463376824898738,0.008944138299899151,0.010605960390603464
7.642,0.048212689170809675,0.08175867967584693,0.06724195633466179,0.0204169049970222,0.008910902083262506,0.010570504939991343
7.644,0.048165249112923414,0.08165004058101988,0.06717964771989693,0.020370481790640493,0.00887771130597037,0.010535095007049744
7.646,0.04811783889123533,0.08154145603108653,0.06711737824308739,0.020324107197220886,0.008844565949102101,0.010499730577238742
7.648000000000001,0.04807045850914515,0.08143292607662245,0.06705514790011757,0.02027778120816537,0.008811465993679324,0.01046441163595424
7.65,0.04802310797000753,0.08132445076807393,0.06699295668683813,0.02023150381480998,0.008778411420667265,0.01042913816852864
7.652,0.04797578727713159,0.08121603015575851,0.06693080459906531,0.020185275008425263,0.008745402210974085,0.010393910160230169
7.654,0.047928496433781165,0.08110766428986516,0.06686869163258136,0.02013909478021625,0.008712438345451767,0.01035872759626355
7.656000000000001,0.0478812354431748,0.08099935322045382,0.06680661778313479,0.020092963121322915,0.00867951980489523,0.010323590461770005
7.658,0.04783400430848572,0.08089109699745611,0.06674458304644015,0.02004688002282018,0.008646646570043659,0.010288498741827468
7.66,0.04778680303284211,0.08078289567067531,0.06668258741817801,0.0200008454757179,0.00861381862158006,0.010253452421450815
7.662,0.04773963161932726,0.08067474928978591,0.06662063089399561,0.019954859470961095,0.008581035940131043,0.01021845148559164
7.664000000000001,0.04769249007097964,0.0805666579043347,0.06655871346950626,0.01990892199942995,0.008548298506267704,0.010183495919138696
7.666,0.047645378390792636,0.0804586215637404,0.0664968351402897,0.01986303305194026,0.008515606300505185,0.010148585706918123
7.668,0.047598296581714994,0.08035064031729333,0.06643499590189239,0.019817192619243418,0.008482959303303339,0.010113720833693218
7.67,0.04755124464665106,0.08024271421415641,0.06637319574982747,0.01977140069202621,0.008450357495066507,0.010078901284165331
7.672000000000001,0.0475042225884601,0.08013484330336484,0.06631143467957434,0.01972565726091169,0.008417800856143742,0.010044127042972972
7.674,0.047457230409956974,0.08002702763382596,0.06624971268657953,0.0196799623164583,0.00838528936682903,0.010009398094692923
7.676,0.04741026811391258,0.07991926725431986,0.06618802976625648,0.0196343158491612,0.008352823007361287,0.009974714423839792
7.678,0.047363335703052956,0.07981156221349939,0.06612638591398512,0.019588717849451376,0.00832040175792459,0.009940076014866461
7.68,0.04731643318006018,0.07970391255988996,0.06606478112511271,0.019543168307696313,0.008288025598648385,0.009905482852164083
7.682,0.04726956054757214,0.07959631834188996,0.06600321539495346,0.019497667214199765,0.008255694509607725,0.00987093492006208
7.684,0.04722271780818277,0.07948877960777079,0.0659416887187887,0.019452214559202652,0.008223408470823035,0.009836432202828593
7.686,0.04717590496444157,0.07938129640567704,0.06588020109186687,0.01940681033288194,0.008191167462260562,0.009801974684670478
7.688,0.04712912201885455,0.07927386878362652,0.06581875250940405,0.019361454525351984,0.008158971463832598,0.009767562349733527
7.69,0.047082368973883515,0.07916649678951049,0.06575734296658342,0.019316147126664074,0.008126820455397255,0.009733195182102694
7.692,0.04703564583194697,0.07905918047109362,0.06569597245855552,0.019270888126806662,0.00809471441675913,0.009698873165801869
7.694,0.04698895259541924,0.07895191987601424,0.0656346409804387,0.019225677515705142,0.008062653327668645,0.009664596284794325
7.696,0.046942289266631576,0.07884471505178459,0.06557334852731844,0.019180515283222732,0.008030637167823373,0.009630364522982937
7.698,0.046895655847871476,0.07873756604579052,0.06551209509424849,0.01913540141916026,0.007998665916866932,0.009596177864210187
7.7,0.046849052341382924,0.07863047290529201,0.06545088067624993,0.019090335913255707,0.00796673955439009,0.00956203629225838
7.702,0.046802478749366605,0.07852343567742315,0.06538970526831167,0.01904531875518556,0.007934858059930328,0.009527939790849649
7.704,0.046755935073980126,0.0784164544091921,0.06532856886539062,0.019000349934563676,0.007903021412972278,0.009493888343645951
7.706,0.046709421317337796,0.0783095291474818,0.06526747146241174,0.018955429440942195,0.007871229592947504,0.009459881934249958
7.708,0.04666293748151085,0.07820265993904907,0.06520641305426778,0.0189105572638113,0.00783948257923539,0.009425920546204392
7.71,0.046616483568527434,0.07809584683052573,0.06514539363581973,0.018865733392599893,0.007807780351162252,0.009392004162992462
7.712,0.04657005958037286,0.07798908986841813,0.06508441320189684,0.018820957816675143,0.007776122888002668,0.009358132768038097
7.714,0.046523665518989565,0.07788238909910761,0.06502347174729661,0.01877623052534272,0.007744510168978369,0.009324306344705935
7.716,0.04647730138627715,0.07777574456885028,0.06496256926678479,0.018731551507847,0.007712942173259352,0.009290524876301554
7.718,0.046430967184092564,0.07766915632377747,0.06490170575509557,0.018686920753371306,0.007681418879963653,0.009256788346071687
7.72,0.04638466291425036,0.07756262440989548,0.06484088120693166,0.018642338251037893,0.007649940268157351,0.00922309673720445
7.722,0.04633838857852224,0.07745614887308605,0.06478009561696418,0.01859780398990818,0.0076185063168547895,0.009189450032829116
7.724,0.046292144178637695,0.07734972975910659,0.06471934897983322,0.018553317958982962,0.007587117005019239,0.009155848216016338
7.726,0.04624592971628383,0.0772433671135897,0.06465864129014709,0.0185088801472022,0.0075557723115620146,0.009122291269778815
7.728,0.046199745193105324,0.07713706098204365,0.06459797254248323,0.018464490543445233,0.007524472215343581,0.009088779177070627
7.73,0.046153590610704676,0.0770308114098528,0.06453734273138778,0.01842014913653145,0.0074932166951733326,0.009055311920788123
7.732,0.046107465970642414,0.07692461844227694,0.0644767518513758,0.01837585591521962,0.007462005729809595,0.009021889483769696
7.734,0.04606137127443688,0.07681848212445241,0.06441619989693148,0.01833161086820856,0.007430839297959846,0.008988511848795788
7.736,0.04601530652356445,0.07671240250139144,0.06435568686250792,0.018287413984137135,0.007399717378280712,0.00895517899858933
7.738,0.04596927171945997,0.07660637961798256,0.06429521274252759,0.018243265251584262,0.0073686399493788635,0.008921890915815744
7.74,0.04592326686351589,0.07650041351899062,0.06423477753138185,0.018199164659069123,0.007337606989809897,0.008888647583083165
7.742,0.045877291957083566,0.0763945042490568,0.06417438122343144,0.018155112195051393,0.007306618478079674,0.008855448982942438
7.744,0.04583134700147218,0.07628865185269951,0.06411402381300646,0.01811110784793102,0.00727567439264365,0.008822295097887567
7.746,0.04578543199794982,0.07618285637431321,0.06405370529440657,0.018067151606049103,0.007244774711907542,0.00878918591035549
7.748,0.045739546947742626,0.07607711785816962,0.06399342566190058,0.01802324345768702,0.00721391941422711,0.008756121402726302
7.75,0.045693691852035645,0.07597143634841741,0.06393318490972733,0.017979383391067527,0.007183108477908373,0.008723101557323698
7.752,0.04564786671197263,0.07586581188908204,0.06387298303209499,0.01793557139435409,0.007152341881207835,0.00869012635641453
7.7540000000000004,0.04560207152865603,0.0757602445240666,0.06381282002318156,0.017891807455651332,0.007121619602332707,0.008657195782209692
7.756,0.045556306303147,0.0756547342971512,0.06375269587713461,0.017848091563005264,0.007090941619440683,0.008624309816863907
7.758,0.04551057103646583,0.07554928125199356,0.06369261058807196,0.01780442370440327,0.007060307910640606,0.008591468442475492
7.76,0.04546486572959152,0.07544388543212888,0.06363256415008078,0.017760803867774344,0.007029718453992251,0.008558671641086812
7.7620000000000005,0.04541919038346243,0.07533854688097019,0.06357255655721894,0.017717232040989295,0.006999173227506317,0.008525919394684944
7.764,0.045373544998976056,0.07523326564180821,0.06351258780351365,0.017673708211860317,0.006968672209145099,0.008493211685201008
7.766,0.04532792957698906,0.07512804175781174,0.06345265788296284,0.017630232368141874,0.006938215376822265,0.008460548494510611
7.768,0.04528234411831722,0.07502287527202744,0.0633927667895342,0.017586804497530473,0.006907802708402855,0.008427929804434076
7.7700000000000005,0.045236788623735924,0.07491776622738011,0.06333291451716594,0.01754342458766467,0.006877434181703945,0.008395355596736431
7.772,0.04519126309398014,0.07481271466667283,0.06327310105976647,0.017500092626125285,0.006847109774493987,0.008362825853127864
7.774,0.045145767529744196,0.07470772063258746,0.06321332641121469,0.017456808600435858,0.00681682946449369,0.008330340555263493
7.776,0.04510030193168202,0.07460278416768373,0.06315359056535996,0.01741357249806219,0.0067865932293758036,0.008297899684743593
7.7780000000000005,0.04505486630040734,0.07449790531440059,0.06309389351602235,0.0173703843064128,0.006756401046765559,0.008265503223113813
7.78,0.04500946063649369,0.07439308411505552,0.06303423525699237,0.017327244012838916,0.0067262528942402255,0.008233151151865403
7.782,0.044964084940474436,0.07428832061184476,0.06297461578203101,0.017284151604635145,0.006696148749329778,0.008200843452435214
7.784,0.04491873921284295,0.07418361484684377,0.0629150350848704,0.017241107069038586,0.006666088589516894,0.008168580106205692
7.7860000000000005,0.04487342345405243,0.07407896686200677,0.06285549315921335,0.017198110393229937,0.006636072392236958,0.008136361094505329
7.788,0.04482813766451632,0.07397437669916762,0.06279598999873337,0.017155161564333055,0.006606100134878279,0.00810418639860866
7.79,0.044782881844608324,0.07386984440003919,0.06273652559707532,0.017112260569415172,0.006576171794782537,0.008072055999736483
7.792,0.04473765599466217,0.07376537000621419,0.06267709994785475,0.017069407395487124,0.006546287349244118,0.008039969879055864
7.7940000000000005,0.044692460114971855,0.07366095355916435,0.06261771304465835,0.017026602029503346,0.006516446775510998,0.008007928017680133
7.796,0.044647294205792276,0.0735565951002417,0.06255836488104416,0.016983844458362096,0.006486650050784748,0.00797593039666955
7.798,0.044602158267338154,0.07345229467067771,0.06249905545054135,0.0169411346689059,0.006456897152220531,0.007943976997031088
7.8,0.04455705229978535,0.0733480523115837,0.06243978474665046,0.01689847264792088,0.006427188056927102,0.007912067799718425
7.8020000000000005,0.04451197630326997,0.07324386806395133,0.062380552762843156,0.016855858382137434,0.006397522741967254,0.007880202785632173
7.804,0.04446693027788906,0.07313974196865236,0.06232135949256268,0.01681329185823044,0.006367901184357816,0.007848381935620319
7.806,0.044421914223700565,0.07303567406643863,0.06226220492922385,0.016770773062819044,0.006338323361069653,0.007816605230478224
7.808,0.044376928140722915,0.07293166439794274,0.06220308906621308,0.016728301982466887,0.006308789249027891,0.007784872650948627
7.8100000000000005,0.044331972028935684,0.07282771300367741,0.06214401189688834,0.016685878603682536,0.006279298825112134,0.007753184177721639
7.812,0.044287045888279364,0.07272381992403631,0.06208497341457919,0.01664350291291905,0.006249852066156691,0.007721539791435195
7.814,0.04424214971865581,0.07261998519929369,0.062025973612587215,0.016601174896574422,0.006220448948950574,0.007689939472675045
7.816,0.0441972835199278,0.07251620886960475,0.06196701248418557,0.01655889454099202,0.006191089450237497,0.007658383201975205
7.8180000000000005,0.04415244729191947,0.07241249097500546,0.06190809002261943,0.016516661832459922,0.006161773546716098,0.007626870959817289
7.82,0.044107641034416334,0.07230883155541323,0.06184920622110601,0.01647447675721181,0.006132501215040165,0.007595402726631617
7.822,0.04406286474716503,0.07220523065062645,0.06179036107283431,0.016432339301426735,0.006103272431818851,0.007563978482796774
7.824,0.04401811842987424,0.07210168830032493,0.061731554570965796,0.01639024945122891,0.006074087173616682,0.007532598208639829
7.8260000000000005,0.043973402082213564,0.07199820454406991,0.061672786708633964,0.016348207192688813,0.006044945416953329,0.007501261884436561
7.828,0.043928715703814625,0.07189477942130429,0.06161405747894455,0.01630621251182207,0.006015847138304498,0.007469969490411454
7.83,0.04388405929427042,0.07179141297135261,0.061555366874975315,0.016264265394590582,0.005986792314101708,0.007438721006738147
7.832,0.043839432853136184,0.07168810523342106,0.061496714889776705,0.016222365826902285,0.005957780920731848,0.007407516413539206
7.8340000000000005,0.04379483637992876,0.07158485624659794,0.061438101516371635,0.01618051379461094,0.005928812934538508,0.007376355690886349
7.836,0.04375026987412678,0.07148166604985362,0.061379526747755264,0.016138709283516794,0.00589988833182109,0.007345238818800892
7.838,0.04370573333517114,0.07137853468204058,0.06132099057689544,0.016096952279366583,0.005871007088835256,0.007314165777253301
7.84,0.043661226762464755,0.0712754621818934,0.0612624929967327,0.016055242767853084,0.005842169181793144,0.00728313654616386
7.8420000000000005,0.043616750155372586,0.07117244858802918,0.06120403400018026,0.01601358073461623,0.0058133745868635955,0.007252151105402671
7.844,0.043572303513222055,0.07106949393894735,0.061145613580123825,0.015971966165242213,0.00578462328017193,0.007221209434789655
7.846,0.04352788683530262,0.07096659827303031,0.06108723172942243,0.015930399045264387,0.005755915237800613,0.0071903115140945495
7.848,0.043483500120866214,0.07086376162854302,0.06102888844090737,0.015888879360163033,0.005727250435788811,0.007159457323037577
7.8500000000000005,0.04343914336912724,0.07076098404363318,0.06097058370738351,0.015847407095365584,0.005698628850132836,0.007128646841289221
7.852,0.04339481657926281,0.07065826555633148,0.06091231752162818,0.01580598223624663,0.0056700504567861465,0.007097880048470007
7.854,0.043350519750412264,0.07055560620455181,0.06085408987639229,0.01576460476812791,0.005641515231659788,0.0070671569241516075
7.856,0.04330625288167789,0.07045300602609128,0.060795900764399446,0.015723274676278765,0.005613023150622176,0.00703647744785596
7.8580000000000005,0.043262015972124646,0.07035046505863018,0.06073775017834682,0.01568199194591613,0.005584574189499314,0.007005841599055929
7.86,0.04321780902078065,0.07024798333973248,0.06067963811090471,0.01564075656220476,0.005556168324075017,0.006975249357175528
7.862,0.043173632026636266,0.07014556090684532,0.06062156455471657,0.015599568510257011,0.005527805530090912,0.006944700701589701
7.864,0.04312948498864544,0.07004319779729973,0.06056352950239963,0.015558427775133277,0.00549948578324666,0.006914195611624541
7.8660000000000005,0.043085367905724814,0.06994089404831039,0.06050553294654426,0.015517334341841993,0.005471209059199955,0.006883734066557512
7.868,0.043041280776754176,0.06983864969697606,0.060447574879714416,0.01547628819533986,0.005442975333566968,0.0068533160456178965
7.87,0.04299722360057667,0.0697364647802794,0.06038965529444784,0.01543528932053162,0.005414784581922127,0.006822941527986348
7.872,0.042953196375998814,0.06963433933508734,0.06033177418325564,0.015394337702270722,0.005386636779798559,0.006792610492795337
7.8740000000000006,0.04290919910179003,0.06953227339815071,0.060273931538622705,0.015353433325358878,0.005358531902687869,0.006762322919129149
7.876,0.042865231776683776,0.0694302670061051,0.060216127353007964,0.01531257617454651,0.005330469926040582,0.006732078786024331
7.878,0.04282129439937643,0.0693283201954702,0.060158361618843914,0.015271766234532969,0.005302450825265925,0.006701878072469247
7.88,0.042777386968528175,0.06922643300265041,0.06010063432853685,0.015231003489966533,0.005274474575732491,0.006671720757404742
7.882000000000001,0.04273350948276278,0.06912460546393517,0.060042945474467535,0.015190287925443968,0.005246541152767792,0.006641606819724366
7.884,0.04268966194066803,0.06902283761549821,0.059985295048990084,0.01514961952551186,0.005218650531658708,0.0066115362382737075
7.886,0.04264584434079488,0.06892112949339846,0.0599276830444333,0.015108998274665497,0.005190802687651708,0.0065815089918512815
7.888,0.04260205668165873,0.06881948113357983,0.059870109453099785,0.015068424157349769,0.005162997595952623,0.0065515250592085295
7.890000000000001,0.042558298961738794,0.06871789257187166,0.05981257426726638,0.015027897157958936,0.005135235231726876,0.0065215844190498196
7.892,0.04251457117947788,0.06861636384398806,0.059755077479184404,0.014987417260836855,0.005107515570100141,0.006491687050032446
7.894,0.042470873333283476,0.06851489498552898,0.0596976190810794,0.014946984450277201,0.005079838586157681,0.006461832930767075
7.896,0.04242720542152667,0.06841348603197961,0.05964019906515117,0.014906598710523467,0.005052204254945014,0.006432022039817742
7.898000000000001,0.042383567442543235,0.06831213701871097,0.059582817423574186,0.01486626002576874,0.005024612551467689,0.006402254355701853
7.9,0.042339959394632753,0.06821084798097954,0.059525474148497404,0.014825968380156596,0.00499706345069173,0.006372529856890186
7.902,0.042296381276059725,0.06810961895392786,0.05946816923204401,0.014785723757780644,0.004969556927543639,0.006342848521807776
7.904,0.04225283308505268,0.06800844997258437,0.059410902666312326,0.014745526142684762,0.004942092956910171,0.006313210328833252
7.906000000000001,0.04220931481980483,0.0679073410718638,0.05935367444337536,0.014705375518863084,0.004914671513639446,0.00628361525629928
7.908,0.04216582647847389,0.06780629228656654,0.05929648455528036,0.014665271870260455,0.004887292572539836,0.006254063282492783
7.91,0.042122368059182236,0.06770530365137994,0.05923933299404993,0.014625215180772422,0.0048599561083808585,0.006224554385654502
7.912,0.04207893956001696,0.06760437520087725,0.059182219751681364,0.014585205434245019,0.00483266209589317,0.0061950885439800984
7.914000000000001,0.04203554097903006,0.06750350696951868,0.05912514482014686,0.014545242614475207,0.004805410509768571,0.006165665735619497
7.916,0.04199217231423824,0.06740269899165074,0.05906810819139374,0.014505326705211097,0.004778201324660225,0.006136285938677322
7.918,0.04194883356362333,0.06730195130150696,0.05901110985734426,0.01446545769015195,0.004751034515182884,0.006106949131213124
7.92,0.04190552472513187,0.06720126393320758,0.05895414980989577,0.014425635552947957,0.004723910055912883,0.006077655291240935
7.922000000000001,0.04186224579667597,0.06710063692075985,0.05889722804092101,0.01438586027720068,0.004696827921388147,0.006048404396730378
7.924,0.04181899677613243,0.06700007029805843,0.05884034454226783,0.014346131846463273,0.004669788086108406,0.006019196425605777
7.926,0.04177577766134366,0.06689956409888476,0.058783499305759435,0.014306450244240487,0.004642790524535645,0.005990031355746828
7.928,0.04173258845011696,0.06679911835690766,0.058726692323194385,0.014266815453988668,0.004615835211093655,0.005960909164989037
7.930000000000001,0.04168942914022522,0.06669873310568386,0.05866992358634682,0.014227227459115754,0.004588922120168704,0.005931829831123059
7.932,0.04164629972940692,0.06659840837865727,0.058613193086966,0.014187686242981945,0.004562051226109087,0.005902793331895362
7.934,0.04160320021536568,0.06649814420915945,0.05855650081677677,0.014148191788899034,0.0045352225032258,0.005873799645008226
7.936,0.041560130595770906,0.06639794063040982,0.05849984676747999,0.014108744080131297,0.004508435925792531,0.0058448487481199685
7.938,0.04151709086825783,0.06629779767551591,0.05844323093075188,0.01406934309989527,0.004481691468045446,0.005815940618844717
7.94,0.041474081030427046,0.0661977153774731,0.05838665329824444,0.01402998883135953,0.0044549891041836265,0.005787075234753081
7.942,0.041431101079845156,0.06609769376916486,0.058330113861585264,0.013990681257645354,0.004428328808369297,0.005758252573371703
7.944,0.04138815101404458,0.06599773288336297,0.05827361261237818,0.013951420361826727,0.0044017105547276,0.005729472612183928
7.946,0.04134523083052355,0.06589783275272754,0.058217149542202584,0.013912206126929894,0.00437513431734704,0.00570073532862958
7.948,0.04130234052674653,0.06579799340980719,0.058160724642613904,0.013873038535934246,0.004348600070279263,0.005672040700105185
7.95,0.04125948010014402,0.06569821488703931,0.0581043379051438,0.013833917571772103,0.0043221077875394975,0.005643388703964192
7.952,0.04121664954811255,0.0655984972167496,0.05804798932129973,0.013794843217328712,0.00429565744310656,0.005614779317516749
7.954,0.04117384886801467,0.06549884043115273,0.05799167888256518,0.013755815455442466,0.004269249010922849,0.005586212518030376
7.956,0.04113107805717964,0.06539924456235258,0.057935406580400306,0.01371683426890491,0.004242882464894793,0.0055576882827295115
7.958,0.04108833711290294,0.06529970964234177,0.057879172406241075,0.0136778996404614,0.004216557778892849,0.005529206588796187
7.96,0.0410456260324461,0.06520023570300193,0.05782297635149969,0.01363901155281022,0.004190274926751281,0.005500767413370022
7.962,0.04100294481303757,0.0651008227761043,0.05776681840756526,0.013600169988603694,0.004164033882268825,0.005472370733547782
7.964,0.04096029345187224,0.06500147089330954,0.05771069856580291,0.013561374930447512,0.004137834619208247,0.005444016526384043
7.966,0.04091767194611173,0.06490218008616755,0.05765461681755424,0.013522626360901402,0.004111677111297007,0.005415704768891638
7.968,0.040875080292884114,0.06480295038611783,0.0575985731541373,0.01348392426247913,0.004085561332227039,0.005387435438040988
7.97,0.04083251848928415,0.06470378182448977,0.05754256756684706,0.013445268617648276,0.00405948725565497,0.005359208510760549
7.972,0.04078998653237398,0.0646046744325024,0.05748660004695494,0.013406659408830457,0.004033454855202345,0.005331023963937254
7.974,0.04074748441918197,0.06450562824126505,0.057430670585709054,0.013368096618401992,0.004007464104455405,0.00530288177441629
7.976,0.04070501214670408,0.0644066432817767,0.05737477917433442,0.013329580228693239,0.003981514976965528,0.005274781919001326
7.978,0.04066256971190274,0.06430771958492665,0.05731892580403275,0.013291110221989255,0.003955607446249676,0.005246724374454503
7.98,0.040620157111707966,0.06420885718149472,0.057263110465982425,0.01325268658052936,0.003929741485789506,0.005218709117496667
7.982,0.04057777434301668,0.06411005610215081,0.05720733315133919,0.01321430928650802,0.003903917069032259,0.005190736124807804
7.984,0.04053542140269317,0.06401131637745539,0.05715159385123547,0.0131759783220744,0.0038781341693909788,0.00516280537302638
7.986,0.04049309828756886,0.06391263803785963,0.057095892556780825,0.013137693669332373,0.0038523927602442942,0.005134916838750447
7.988,0.04045080499444276,0.06381402111370549,0.057040229259061936,0.01309945531034118,0.0038266928149364166,0.005107070498536981
7.99,0.04040854152008122,0.06371546563522568,0.05698460394914284,0.013061263227114983,0.0038010343067775842,0.005079266328902321
7.992,0.0403663078612182,0.06361697163254365,0.056929016618064265,0.013023117401623319,0.003775417209044063,0.005051504306322396
7.994,0.04032410401455522,0.06351853913567451,0.05687346725684472,0.012985017815790867,0.0037498414949783676,0.005023784407232501
7.996,0.04028192997676139,0.0634201681745239,0.05681795585647964,0.012946964451498122,0.00372430713778904,0.0049961066080279615
7.998,0.0402397857444734,0.0633218587788893,0.056762482407942016,0.012908957290581169,0.003698814110651094,0.004968470885063692
8.0,0.04019767131429619,0.06322361097845919,0.05670704690218242,0.012870996314831462,0.003673362386706014,0.0049408772146544155
8.002,0.04015558668280206,0.06312542480281391,0.056651649330128784,0.012833081505996713,0.0036479519390619775,0.004913325573075333
8.004,0.04011353184653155,0.063027300281425,0.056596289682686596,0.012795212845780002,0.003622582740793856,0.004885815936561455
8.006,0.04007150680199323,0.0629292374436563,0.05654096795073893,0.01275739031584111,0.003597254764943436,0.004858348281308489
8.008000000000001,0.040029511545663254,0.06283123631876308,0.05648568412514643,0.012719613897795412,0.0035719679845196417,0.004830922583472397
8.01,0.03998754607398647,0.06273329693589269,0.056430438196747534,0.012681883573214758,0.00354672237249809,0.004803538819169617
8.012,0.03994561038337574,0.06263541932408456,0.05637523015635848,0.01264419932362748,0.003521517901821758,0.004776196964477286
8.014,0.039903704470211965,0.06253760351227022,0.0563200599947733,0.012606561130517946,0.0034963545454012035,0.004748896995433682
8.016,0.03986182833084473,0.06243984952927373,0.056264927702764034,0.012568968975327666,0.0034712322761141223,0.00472163888803756
8.018,0.039819981961591644,0.06234215740381166,0.05620983327108031,0.01253142283945441,0.0034461510668060136,0.004694422618249039
8.02,0.039778165358739015,0.06224452716449269,0.05615477669044999,0.012493922704253091,0.003421110890289958,0.004667248161989379
8.022,0.039736378518541615,0.062146958839818245,0.056099757951578955,0.012456468551035105,0.0033961117193466173,0.004640115495140984
8.024000000000001,0.03969462143722291,0.06204945245818272,0.056044777045151095,0.012419060361069212,0.0033711535267251236,0.004613024593547621
8.026,0.039652894110974835,0.061952008047873264,0.05598983396182855,0.012381698115581097,0.00334623628514219,0.004585975433015088
8.028,0.03961119653595824,0.061854625637070004,0.055934928692251695,0.012344381795753812,0.0033213599672827776,0.004558967989310325
8.03,0.03956952870830266,0.06175730525384626,0.055880061227038924,0.012307111382727554,0.0032965245458000947,0.004532002238162303
8.032,0.039527890624106554,0.06166004692616833,0.055825231556787314,0.01226988685760011,0.0032717299933158195,0.004505078155261799
8.034,0.03948628227943729,0.06156285068189571,0.05577043967207196,0.012232708201426856,0.003246976282420322,0.004478195716261624
8.036,0.03944470367033115,0.061465716548781746,0.055715685563446415,0.012195575395220759,0.0032222633856722194,0.004451354896776838
8.038,0.03940315479279355,0.061368644554472995,0.0556609692214427,0.012158488419952374,0.003197591275599043,0.004424555672384756
8.040000000000001,0.03936163564279904,0.06127163472650987,0.05560629063657174,0.01212144725655051,0.0031729599246972384,0.004397798018624721
8.042,0.03932014621629132,0.06117468709232621,0.05555164979932248,0.01208445188590157,0.0031483693054321638,0.004371081910999219
8.044,0.039278686509183425,0.06107780167925014,0.055497046700162755,0.01204750228885021,0.003123819390238314,0.0043444073249727655
8.046,0.039237256517357544,0.06098097851450346,0.055442481329539106,0.012010598446199339,0.003099310151519319,0.004317774235973015
8.048,0.03919585623666544,0.06088421762520202,0.05538795367787697,0.011973740338710126,0.0030748415616481672,0.004291182619390321
8.05,0.03915448566292823,0.06078751903835622,0.055333463735580235,0.011936927947102216,0.003050413592967205,0.004264632450578176
8.052,0.039113144791936616,0.060690882780870314,0.055279011493031716,0.01190016125205351,0.00302602621778858,0.00423812370485277
8.054,0.03907183361945066,0.06059430887954331,0.05522459694059312,0.011863440234200606,0.003001679408393798,0.004211656357494098
8.056000000000001,0.039030552141200436,0.06049779736106853,0.05517022006860528,0.011826764874139029,0.002977373137034167,0.0041852303837448535
8.058,0.03898930035288539,0.060401348252034026,0.055115880867387945,0.011790135152422998,0.002953107375931241,0.004158845758811758
8.06,0.03894807825017499,0.060304961578922844,0.05506157932723976,0.011753551049565436,0.002928882097276153,0.004132502457864895
8.062,0.03890688582870849,0.06020863736811233,0.05500731543843851,0.011717012546038852,0.0029046972732305054,0.004106200456037934
8.064,0.03886572308409497,0.06011237564587524,0.05495308919124131,0.011680519622274232,0.0028805528759257015,0.004079939728428572
8.066,0.03882459001191352,0.06001617643837931,0.054898900575884424,0.011644072258662375,0.0028564488774640573,0.004053720250098314
8.068,0.03878348660771325,0.05992003977168747,0.05484474958258323,0.011607670435553219,0.0028323852499179125,0.004027541996072692
8.07,0.0387424128670133,0.05982396567175785,0.05479063620153246,0.011571314133256072,0.002808361965330519,0.004001404941341269
8.072000000000001,0.03870136878530328,0.05972795416444421,0.0547365604229062,0.01153500333204005,0.0027843789957155973,0.003975309060858301
8.074,0.038660354358042825,0.0596320052754955,0.0546825222368581,0.011498738012133636,0.002760436313057557,0.0039492543295422955
8.076,0.03861936958066181,0.059536119030556556,0.05462852163352139,0.01146251815372512,0.002736533889312165,0.003923240722276011
8.078,0.03857841444856036,0.059440295455168046,0.054574558603008416,0.011426343736963052,0.0027126716964058772,0.0038972682139071235
8.08,0.03853748895710929,0.05934453457476607,0.05452063313541111,0.01139021474195534,0.002688849706236285,0.0038713367792480025
8.082,0.03849659310164988,0.05924883641468326,0.054466745220801416,0.011354131148770596,0.0026650678906725567,0.0038454463930757132
8.084,0.03845572687749388,0.05915320100014787,0.05441289484923062,0.01131809293743724,0.002641326221554996,0.003819597030132682
8.086,0.03841489027992351,0.059057628356284475,0.05435908201072981,0.011282100087944169,0.002617624670695262,0.003793788665126252
8.088000000000001,0.0383740833041919,0.05896211850811395,0.05430530669530986,0.011246152580240532,0.002593963209876815,0.0037680212727289053
8.09,0.038333305945522866,0.05886667148055369,0.05425156889296168,0.011210250394235954,0.0025703418108549148,0.003742294827578485
8.092,0.03829255819911115,0.05877128729841741,0.05419786859365572,0.011174393509800984,0.0025467604453563997,0.0037166093042781956
8.094,0.038251840060121944,0.05867596598641556,0.05414420578734225,0.011138581906766643,0.0025232190850803526,0.003690964677397268
8.096,0.03821115152369181,0.05858070756915512,0.05409058046395199,0.01110281556492465,0.002499717701697435,0.0036653609214700733
8.098,0.038170492584927995,0.05848551207114028,0.05403699261339523,0.01106709446402765,0.0024762562668509958,0.0036397980109972305
8.1,0.0381298632389091,0.05839037951677195,0.05398344222556273,0.011031418583789643,0.0024528347521561855,0.0036142759204449426
8.102,0.03808926348068464,0.05829530993034826,0.05392992929032503,0.010995787903885557,0.0024294531292010646,0.0035887946242456614
8.104000000000001,0.038048693305275494,0.058200303336064074,0.05387645379753314,0.010960202403951236,0.002406111369545716,0.003563354096797866
8.106,0.03800815270767366,0.05810535975801212,0.05382301573701809,0.010924662063584334,0.002382809444722911,0.003537954312466285
8.108,0.03796764168284228,0.0580104792201821,0.05376961509859113,0.010889166862343647,0.0023595473262383315,0.0035125952455823395
8.11,0.03792716022571607,0.057915661746461566,0.053716251872043985,0.010853716779749778,0.0023363249855703483,0.0034872768704434787
8.112,0.037886708331201335,0.057820907360635276,0.05366292604714884,0.010818311795284474,0.0023131423941702423,0.0034619991613140666
8.114,0.03784628599417572,0.05772621608638606,0.05360963761365811,0.010782951888391734,0.002289999523462427,0.0034367620924249387
8.116,0.03780589320948824,0.05763158794729417,0.05355638656130468,0.010747637038477142,0.002266896344844449,0.0034115656379740678
8.118,0.03776552997195992,0.05753702296683816,0.053503172879801886,0.010712367224908093,0.002243832829687209,0.003386409772126342
8.120000000000001,0.037725196276383155,0.057442521168394656,0.05344999655884397,0.010677142427014452,0.0022208089493347405,0.003361294469013565
8.122,0.03768489211752213,0.05734808257523816,0.05339685758810564,0.010641962624087675,0.0021978246751048758,0.0033362197027346774
8.124,0.03764461749011305,0.05725370721054146,0.053343755957242056,0.010606827795381912,0.0021748799782888018,0.00331118544735598
8.126,0.037604372388863716,0.05715939509737589,0.05329069165588929,0.010571737920113344,0.002151974830151504,0.003286191676911354
8.128,0.03756415680845415,0.057065146258711286,0.05323766467366409,0.010536692977460849,0.002129109201931767,0.0032612383654022636
8.13,0.037523970743536195,0.05697096071741603,0.05318467500016433,0.010501692946565777,0.002106283064842396,0.003236325486797309
8.132,0.03748381418873392,0.05687683849625702,0.05313172262496835,0.010466737806531956,0.0020834963900702164,0.0032114530150333387
8.134,0.03744368713864321,0.056782779617900125,0.05307880753763561,0.010431827536426352,0.0020607491487760754,0.0031866209240147825
8.136000000000001,0.03740358958783241,0.056688784104910184,0.053025929727706256,0.010396962115278185,0.0020380413120950625,0.003161829187614318
8.138,0.0373635215308421,0.05659485197975078,0.052973089184702005,0.01036214152208026,0.00201537285113651,0.003137077779672426
8.14,0.037323482962184906,0.05650098326478492,0.05292028589812503,0.010327365735788074,0.001992743736984659,0.003112366673997835
8.142,0.03728347387634612,0.05640717798227479,0.052867519857458856,0.010292634735320272,0.001970153940697994,0.003087695844367744
8.144,0.037243494267783284,0.056313436154382,0.05281479105216835,0.010257948499558855,0.001947603433309908,0.003063065264527598
8.146,0.037203544130926414,0.05621975780316735,0.0527620994716993,0.01022330700734897,0.0019250921858282588,0.003038474908191535
8.148,0.03716362346017821,0.056126142950591484,0.052709445105479036,0.010188710237499565,0.0019026201692360356,0.003013924749042385
8.15,0.037123732249914054,0.05603259161851448,0.05265682794291582,0.010154158168782956,0.0018801873544913583,0.002989414760731668
8.152000000000001,0.03708387049448181,0.05593910382869649,0.052604247973399465,0.010119650779935041,0.0018577937125270338,0.002964944916879597
8.154,0.03704403818820201,0.055845679602797293,0.052551705186301145,0.010085188049655525,0.0018354392142514442,0.002940515191075521
8.156,0.03700423532536834,0.05575231896237676,0.0524991995709736,0.010050769956608141,0.0018131238305483244,0.0029161255568779243
8.158,0.03696446190024694,0.05565902192889505,0.05244673111675069,0.010016396479420209,0.0017908475322767625,0.0028917759878144267
8.16,0.036924717907077076,0.05556578852371219,0.0523942998129483,0.00998206759668352,0.0017686102902711998,0.0028674664573822284
8.162,0.03688500334007094,0.05547261876808873,0.05234190564886365,0.00994778328695367,0.0017464120753420964,0.002843196939047443
8.164,0.036845318193413856,0.05537951268318575,0.05228954861377555,0.009913543528750512,0.0017242528582752659,0.002818967406246209
8.166,0.036805662461264266,0.055286470290064615,0.05223722869694436,0.009879348300558588,0.0017021326098327627,0.002794777832384243
8.168000000000001,0.03676603613775353,0.05519349160968767,0.052184945887612466,0.00984519758082647,0.0016800513007522166,0.0027706281908366215
8.17,0.03672643921698637,0.055100576662917566,0.05213270017500404,0.009811091347967427,0.0016580089017477206,0.0027465184549488875
8.172,0.03668687169304086,0.05500772547051813,0.052080491548324837,0.00977702958035942,0.0016360053835096089,0.0027224485980361646
8.174,0.03664733355996841,0.05491493805315417,0.052028319996762606,0.009743012256345107,0.0016140407167040127,0.0026984185933836002
8.176,0.03660782481179381,0.05482221443139168,0.051976185509486905,0.009709039354232063,0.0015921148719737488,0.002674428414247032
8.178,0.03656834544251519,0.054729554625697396,0.0519240880756493,0.009675110852292779,0.001570227819938097,0.0026504780338520995
8.18,0.03652889544610427,0.054636958656439694,0.05187202768438337,0.009641226728764662,0.0015483795311932447,0.002626567425395132
8.182,0.03648947481650633,0.05454442654388836,0.051820004324804936,0.009607386961850262,0.0015265699763116203,0.0026026965620429277
8.184000000000001,0.036450083547640455,0.05445195830821459,0.051768017986011605,0.009573591529717485,0.0015047991258425597,0.002578865416932752
8.186,0.03641072163339909,0.054359553969491214,0.051716068657083225,0.009539840410499378,0.0014830669503125282,0.0025550739631730046
8.188,0.036371389067648696,0.054267213547692705,0.05166415632708188,0.009506133582294574,0.0014613734202248985,0.002531322173842776
8.19,0.036332085844229756,0.054174937062695605,0.051612280985051884,0.009472471023167284,0.0014397185060601725,0.0025076100219920683
8.192,0.036292811956956106,0.05408272453427809,0.0515604426200198,0.009438852711147083,0.0014181021782762038,0.002483937480642018
8.194,0.03625356739961583,0.05399057598212065,0.05150864122099463,0.009405278624229352,0.0013965244073079752,0.002460304522784895
8.196,0.03621435216597102,0.05389849142580583,0.05145687677696764,0.009371748740375496,0.0013749851635680432,0.0024367111213841053
8.198,0.036175166249757806,0.05380647088481849,0.05140514927691231,0.009338263037512506,0.0013534844174463156,0.002413157249374853
8.2,0.03613600964468633,0.053714514378545575,0.05135345870978503,0.009304821493533622,0.0013320221393107179,0.0023896428796637004
8.202,0.03609688234444097,0.05362262192627676,0.05130180506452442,0.009271424086298108,0.0013105982995067489,0.0023661679851285644
8.204,0.03605778434268059,0.05353079354720447,0.05125018833005157,0.009238070793631481,0.001289212868357703,0.0023427325386196074
8.206,0.03601871563303782,0.05343902926042343,0.05119860849527047,0.009204761593325284,0.0012678658161648926,0.0023193365129583476
8.208,0.035979676209120015,0.05334732908493134,0.05114706554906756,0.009171496463137974,0.001246557113207647,0.002295979880938326
8.21,0.03594066606450874,0.05325569303962885,0.05109555948031197,0.009138275380793814,0.0012252867297435355,0.002272662615325327
8.212,0.03590168519276027,0.05316412114331959,0.0510440902778555,0.009105098323984206,0.001204054636008145,0.002249384688857381
8.214,0.035862733587405105,0.053072613414710146,0.05099265793053309,0.009071965270367022,0.0011828608022159681,0.0022261460742443173
8.216,0.035823811241948667,0.05298116987241075,0.050941262427161904,0.009038876197567047,0.001161705198559515,0.0022029467441688766
8.218,0.035784918149870615,0.05288979053493437,0.050889903756542676,0.009005831083175542,0.0011405877952099797,0.0021797866712860436
8.22,0.03574605430462574,0.05279847542069804,0.05083858190745838,0.008972829904751123,0.0011195085623172396,0.00215666582822327
8.222,0.0357072196996433,0.05270722454802179,0.050787296868675336,0.008939872639819324,0.0010984674700100783,0.002133584187580695
8.224,0.03566841432832746,0.0526160379351297,0.050736048628942765,0.008906959265872816,0.0010774644883961848,0.0021105417219315914
8.226,0.035629638184057066,0.05252491560014927,0.050684837176993014,0.008874089760371628,0.001056499587561932,0.0020875384038219202
8.228,0.03559089126018633,0.052433857561112074,0.05063366250154133,0.00884126410074293,0.0010355727375730428,0.002064574205770553
8.23,0.03555217355004414,0.05234286383595377,0.050582524591286315,0.00880848226438169,0.0010146839084743675,0.0020416491002697157
8.232,0.03551348504693452,0.05225193444251364,0.050531423434909684,0.008775744228650018,0.0009938330702901066,0.002018763059784545
8.234,0.03547482574413663,0.05216106939853571,0.050480359021076504,0.008743049970877825,0.0009730201930235882,0.001995916056753755
8.236,0.03543619563490452,0.05207026872166787,0.050429331338434746,0.008710399468362606,0.0009522452466579345,0.0019731080635896348
8.238,0.03539759471246784,0.05197953242946274,0.05037834037561595,0.00867779269836988,0.0009315082011558395,0.0019503390526776077
8.24,0.03535902297003135,0.051888860539377024,0.050327386121234996,0.00864522963813319,0.0009108090264595692,0.001927608996377117
8.242,0.03532048040077518,0.05179825306877239,0.05027646856389012,0.008612710264853662,0.0008901476924911833,0.001904917867021183
8.244,0.0352819669978548,0.05170771003491503,0.0502255876921629,0.008580234555700894,0.0008695241691527578,0.0018822656369166246
8.246,0.035243482754401034,0.0516172314549761,0.05017474349461848,0.008547802487812284,0.0008489384263261623,0.0018596522783442815
8.248,0.035205027663520516,0.051526817346031706,0.0501239359598058,0.008515414038294145,0.0008283904338735049,0.001837077763559014
8.25,0.03516660171829522,0.05143646772506272,0.05007316507625692,0.008483069184220371,0.0008078801616371312,0.0018145420647901478
8.252,0.0351282049117827,0.05134618260895518,0.05002243083248792,0.008450767902633993,0.0007874075794396251,0.0017920451542408067
8.254,0.03508983723701653,0.05125596201450078,0.049971733216998215,0.008418510170546512,0.0007669726570840307,0.0017695870040888018
8.256,0.03505149868700541,0.05116580595839615,0.049921072218271245,0.008386295964937673,0.0007465753643536299,0.001747167586486409
8.258000000000001,0.03501318925473429,0.05107571445724335,0.04987044782477379,0.008354125262756362,0.0007262156710126089,0.001724786873560591
8.26,0.03497490893316413,0.05098568752755028,0.04981986002495664,0.008321998040920153,0.0007058935468058358,0.0017024448374127754
8.262,0.034936657715231245,0.05089572518573027,0.04976930880725461,0.008289914276315535,0.0006856089614588612,0.001680141450119299
8.264,0.0348984355938482,0.05080582744810269,0.049718794160086066,0.008257873945798133,0.0006653618846779175,0.0016578766837311854
8.266,0.034860242561903565,0.05071599433089258,0.0496683160718534,0.008225877026192707,0.0006451522861505854,0.001635650510274811
8.268,0.034822078612262164,0.0506262258502308,0.04961787453094302,0.008193923494293154,0.0006249801355453499,0.0016134629017514612
8.27,0.03478394373776461,0.05053652202215475,0.049567469525725105,0.008162013326862727,0.0006048454025120442,0.001591313830137775
8.272,0.034745837931227985,0.05044688286260768,0.04951710104455431,0.008130146500634039,0.0005847480566816277,0.0015692032673855216
8.274000000000001,0.034707761185445385,0.050357308387439126,0.04946676907576908,0.008098322992309281,0.0005646880676664079,0.001547131185421824
8.276,0.03466971349318637,0.05026779861240516,0.04941647360769208,0.008066542778560226,0.0005446654050604849,0.0015250975561496016
8.278,0.03463169484719675,0.05017835355316835,0.04936621462863,0.008034805836028225,0.0005246800384390848,0.0015031023514473496
8.28,0.03459370524019878,0.05008897322529782,0.049315992126873764,0.008003112141324209,0.0005047319373594483,0.0014811455431691378
8.282,0.0345557446648912,0.04999965764426939,0.04926580609069875,0.007971461671029356,0.0004848210713603862,0.0014592271031448334
8.284,0.03451781311394919,0.04991040682546566,0.04921565650836457,0.007939854401694646,0.00046494740996272377,0.0014373470031803226
8.286,0.034479910580024864,0.04982122078417639,0.04916554336811507,0.007908290309841082,0.00044511092266930063,0.001415505215057733
8.288,0.03444203705574633,0.04973209953559832,0.049115466658178564,0.007876769371959913,0.00042531157896497085,0.001393701710534767
8.290000000000001,0.03440419253371907,0.04964304309483514,0.049065426366767584,0.007845291564512413,0.00040554934831660283,0.001371936461346035
8.292,0.034366377006524784,0.04955405147689773,0.049015422482079574,0.007813856863930324,0.0003858242001735235,0.0013502094392019437
8.294,0.0343285904667221,0.04946512469670461,0.04896545499229599,0.007782465246615633,0.0003661361039672961,0.0013285206157895857
8.296,0.03429083290684676,0.04937626276908169,0.04891552388558296,0.007751116688941018,0.00034648502911194257,0.0013068699627725167
8.298,0.034253104319410976,0.04928746570876208,0.048865629150091516,0.007719811167249846,0.00032687094500416514,0.0012852574517909776
8.3,0.03421540469690432,0.04919873353038695,0.048815770773956935,0.007688548657855732,0.00030729382102312464,0.0012636830544618949
8.302,0.03417773403179325,0.049110066248505335,0.04876594874529938,0.007657329137043423,0.0002877536265311065,0.0012421467423791022
8.304,0.03414009231652115,0.04902146387757367,0.048716163052223704,0.007626152581068357,0.0002682503308726325,0.0012206484871133405
8.306000000000001,0.03410247954350876,0.04893292643195668,0.04866641368281921,0.007595018966157108,0.00024878390337579326,0.0011991882602124804
8.308,0.03406489570515392,0.048844453925926956,0.04861670062516055,0.0075639282685069364,0.00022935431335113776,0.0011777660332012996
8.31,0.03402734079383163,0.048756046373665596,0.048567023867306824,0.007532880464286684,0.00020996153009278373,0.0011563817775821494
8.312,0.033989814801894225,0.048667703789261774,0.04851738339730205,0.007501875529636104,0.00019060552287775145,0.0011350354648342886
8.314,0.0339523177216714,0.04857942618671296,0.04846777920317513,0.007470913440666305,0.0001712862609666299,0.0011137270664149934
8.316,0.033914849545470194,0.04849121357992536,0.048418211272940104,0.007439994173459752,0.00015200371360335474,0.0010924565537584474
8.318,0.033877410265575225,0.04840306598271349,0.0483686795945959,0.007409117704070711,0.00013275785001543028,0.0010712238982770739
8.32,0.03383999987424868,0.04831498340880103,0.04831918415612635,0.007378284008524583,0.00011354863941370752,0.0010500290713606475
8.322000000000001,0.03380261836373011,0.04822696587181996,0.048269724945500636,0.0073474930628187884,9.43760509928282e-05,0.0010288720443767385
8.324,0.033765265726236615,0.04813901338531146,0.04822030195067284,0.007316744842922329,7.524005393144684e-05,0.0010077527886711568
8.326,0.033727941953963336,0.04805112596272565,0.048170915159582384,0.007286039324776228,5.614061739200871e-05,0.0009866712755677298
8.328,0.033690647039082755,0.04796330361742185,0.048121564560153596,0.007255376484293086,3.707771052074982e-05,0.0009656274763680806
8.33,0.03365338097374537,0.04787554636266855,0.04807225014029637,0.00722475629735797,1.8051302448141016e-05,0.0009446213623525157
8.332,0.033616143750079486,0.047787854211643443,0.04802297188790572,0.007194178739827528,-9.386377113340671e-07,0.0009236529047791375
8.334,0.03357893536019119,0.04770022717743383,0.04797372979086201,0.007163643787531093,-1.9892140858512875e-05,0.0009027220748851761
8.336,0.033541755796164585,0.04761266527303665,0.04792452383703094,0.007133151416270245,-3.880923791044211e-05,0.000881828843885657
8.338000000000001,0.03350460505006159,0.04752516851135802,0.04787535401426357,0.007102701601818584,-5.76899597992675e-05,0.0008609731829747336
8.34,0.03346748311392256,0.047437736905214356,0.04782622031039652,0.007072294319922401,-7.653433747289995e-05,0.000840155063325243
8.342,0.03343038997976566,0.04735037046733148,0.04777712271325174,0.007041929546300674,-9.53424018943494e-05,0.0008193744560887062
8.344,0.0333933256395873,0.04726306921034551,0.04772806121063655,0.007011607256644847,-0.00011411418404194684,0.0007986313323955496
8.346,0.033356290085361895,0.047175833146802404,0.04767903579034427,0.006981327426619055,-0.00013284971490956643,0.0007779256633555498
8.348,0.03331928330904255,0.04708866228915842,0.04763004644015356,0.006951090031860341,-0.00015154902550573723,0.0007572574200569449
8.35,0.033282305302560156,0.047001556649779896,0.04758109314782888,0.006920895047978659,-0.00017021214685408736,0.0007366265735679889
8.352,0.03324535605782453,0.04691451624094345,0.04753217590112002,0.006890742450556875,-0.00018883910999312192,0.0007160330949356197
8.354000000000001,0.03320843556672348,0.046827541074836665,0.0474832946877628,0.006860632215151208,-0.00020742994597644504,0.0006954769551865692
8.356,0.03317154382112353,0.0467406311635572,0.04743444949547859,0.006830564317290566,-0.00022598468587209375,0.0006749581253266967
8.358,0.03313468081286963,0.04665378651911367,0.047385640311974564,0.006800538732477435,-0.00024450336076276,0.0006544765763418781
8.36,0.033097846533785225,0.04656700715342521,0.04733686712494389,0.006770555436187653,-0.00026298600174556874,0.0006340322791975606
8.362,0.03306104097567242,0.04648029307832213,0.04728812992206555,0.006740614403870193,-0.0002814326399322997,0.0006136252048389856
8.364,0.03302426413031223,0.04639364430554571,0.04723942869100428,0.006710715610948048,-0.00029984330644894364,0.0005932553241911886
8.366,0.032987515989464145,0.04630706084674796,0.047190763419410864,0.006680859032817343,-0.00031821803243592406,0.0005729226081592209
8.368,0.03295079654486677,0.046220542713492296,0.047142134094922294,0.006651044644848003,-0.00033655684904765337,0.0005526270276281497
8.370000000000001,0.03291410578823695,0.04613408991725354,0.04709354070516114,0.0066212724223839725,-0.0003548597874527548,0.0005323685534635025
8.372,0.032877443711271104,0.04604770246941792,0.047044983237736426,0.006591542340742773,-0.0003731268788336184,0.0005121471565110447
8.374,0.03284081030564412,0.04596138038128306,0.04699646168024296,0.0065618543752159475,-0.0003913581543866229,0.0004919628075965576
8.376,0.032804205563010225,0.04587512366405799,0.04694797602026202,0.006532208501069059,-0.000409553645322136,0.0004718154775267269
8.378,0.03276762947500256,0.04578893232886383,0.04689952624536087,0.0065026046935419135,-0.00042771338286384797,0.0004517051370886982
8.38,0.03273108203323316,0.045702806386733075,0.046851112343092804,0.00647304292784856,-0.00044583739824965996,0.0004316317570498551
8.382,0.03269456322929343,0.04561674584861053,0.046802734300997795,0.006443523179176847,-0.0004639257227303517,0.00041159530815892964
8.384,0.03265807305475388,0.045530750725353064,0.046754392106601816,0.006414045422689751,-0.0004819783875706918,0.0003915957611453358
8.386000000000001,0.032621611501164605,0.045444821027729176,0.04670608574741708,0.006384609633524052,-0.0004999954240483273,0.0003716330867191697
8.388,0.032585178560054384,0.04535895676641988,0.04665781521094248,0.006355215786791435,-0.0005179768634544502,0.0003517072555718759
8.39,0.03254877422293201,0.04527315795201847,0.04660958048466313,0.006325863857578051,-0.0005359227370935749,0.0003318182383758028
8.392,0.032512398481285176,0.04518742459503078,0.046561381556050385,0.006296553820944739,-0.0005538330762828725,0.00031196600578486944
8.394,0.03247605132658138,0.04510175670587513,0.04651321841256251,0.006267285651927468,-0.0005717079123528368,0.00029215052843389877
8.396,0.03243973275026768,0.04501615429488215,0.0464650910416442,0.006238059325536671,-0.0005895472766468401,0.00027237177693928416
8.398,0.03240344274377027,0.044930617372295645,0.04641699943072641,0.0062088748167581365,-0.0006073512005206894,0.0002526297218992113
8.4,0.03236718129849536,0.04484514594827216,0.04636894356722698,0.006179732100552338,-0.000625119715343514,0.00023292433389299205
8.402000000000001,0.03233094840582873,0.04475974003288097,0.04632092343854999,0.0061506311518551016,-0.0006428528524966559,0.00021325558348217477
8.404,0.03229474405713573,0.044674399636104534,0.046272939032086624,0.0061215719455776085,-0.0006605506433741137,0.00019362344120965602
8.406,0.03225856824376172,0.04458912476783827,0.046224990335214766,0.0060925544566059475,-0.0006782131193825425,0.00017402787760034677
8.408,0.03222242095703165,0.044503915437891006,0.046177077335298744,0.006063578659802005,-0.0006958403119405876,0.00015446886316117237
8.41,0.03218630218825069,0.04441877165598496,0.04612920001968979,0.006034644530002797,-0.0007134322524793291,0.0001349463683812946
8.412,0.032150211928703376,0.04433369343175575,0.0460813583757258,0.00600575204202114,-0.0007309889724422813,0.00011546036373166757
8.414,0.03211415016965469,0.044248680774752414,0.04603355239073181,0.005976901170645421,-0.0007485105032847272,9.601081966592595e-05
8.416,0.03207811690234963,0.04416373369443782,0.04598578205201975,0.005948091890639828,-0.000765996876474162,7.659770661971876e-05
8.418000000000001,0.032042112118013,0.04407885220018848,0.04593804734688822,0.005919324176744345,-0.0007834481234900714,5.7220995011375564e-05
8.42,0.032006135807849834,0.043994036301294726,0.04589034826262295,0.005890598003674752,-0.0008008642758234874,3.788065524168438e-05
8.422,0.031970187963045404,0.04390928600696098,0.04584268478649656,0.005861913346122849,-0.0008182453649776544,1.8576657694113763e-05
8.424,0.03193426857476522,0.0438246013263055,0.045795056905768794,0.005833270178756456,-0.0008355914224669192,-6.910272654092608e-07
8.426,0.03189837763415504,0.043739982268360844,0.045747464607686306,0.005804668476219632,-0.0008529024798178408,-1.9922429287833054e-05
8.428,0.03186251513234084,0.04365542884207385,0.04569990787948308,0.005776108213132458,-0.0008701785685678587,-3.9117578041203416e-05
8.43,0.031826681060429074,0.043570941056305657,0.04565238670838023,0.005747589364091699,-0.0008874197202661804,-5.827650321066358e-05
8.432,0.03179087540950687,0.04348651891983191,0.04560490108158599,0.00571911190367036,-0.000904625966473338,-7.73992344984542e-05
8.434000000000001,0.03175509817064137,0.04340216244134276,0.04555745098629571,0.005690675806417689,-0.0009217973387609657,-9.648580162324727e-05
8.436,0.03171934933488041,0.04331787162944312,0.04551003640969209,0.005662281046859841,-0.0009389338687120219,-0.00011553623432081217
8.438,0.03168362889325249,0.0432336464926526,0.04546265733894517,0.005633927599499433,-0.0009560355879203453,-0.0001345505623433496
8.44,0.03164793683676681,0.043149487039405576,0.04541531376121233,0.005605615438815548,-0.0009731025279908767,-0.0001535288154594916
8.442,0.03161227315641302,0.04306539327805159,0.04536800566363808,0.005577344539264617,-0.0009901347205392153,-0.00017247102345452348
8.444,0.03157663784316167,0.04298136521685514,0.04532073303335471,0.005549114875279759,-0.0010071321971920622,-0.00019137721612993985
8.446,0.031541030887964006,0.042897402863995904,0.045273495857481416,0.005520926421270778,-0.0010240949895867768,-0.00021024742330388868
8.448,0.031505452281752166,0.042813506227568965,0.0452262941231254,0.005492779151624827,-0.0010410231293711547,-0.00022908167481006103
8.45,0.0314699020154392,0.04272967531558436,0.04517912781738098,0.005464673040706192,-0.0010579166482038715,-0.0002478800004988013
8.452,0.03143438007991883,0.04264591013596819,0.045131996927330276,0.005436608062856285,-0.001074775577753595,-0.00026664243023621914
8.454,0.031398886466066145,0.04256221069656152,0.04508490144004296,0.005408584192393873,-0.001091599949699873,-0.00028536899390418924
8.456,0.03136342116473689,0.0424785770051217,0.045037841342576046,0.005380601403614849,-0.0011083897957322453,-0.0003040597214007956
8.458,0.031327984166767964,0.042395009069321477,0.04499081662197457,0.005352659670793125,-0.001125145147550466,-0.0003227146426394434
8.46,0.03129257546297759,0.04231150689674945,0.04494382726527091,0.0053247589681795215,-0.0011418660368647249,-0.00034133378754930277
8.462,0.03125719504416491,0.042228070494910286,0.04489687325948544,0.005296899270002875,-0.0011585524953947601,-0.0003599171860753092
8.464,0.03122184290111063,0.04214469987122471,0.04484995459162611,0.005269080550469596,-0.0011752045548705237,-0.0003784648681777192
8.466,0.031186519024576365,0.04206139503302975,0.04480307124868865,0.00524130278376389,-0.0011918222470319595,-0.0003969768638321103
8.468,0.031151223405305073,0.0419781559875787,0.0447562232176566,0.005213565944047982,-0.0012084056036285595,-0.0004154532030291591
8.47,0.031115956034021286,0.041894982742041176,0.0447094104855017,0.00518587000546189,-0.0012249546564195857,-0.00043389391577530745
8.472,0.031080716901430883,0.041811875303503054,0.04466263303918305,0.005158214942123429,-0.0012414694371740698,-0.00045229903209142996
8.474,0.03104550599822109,0.04172883367896696,0.04461589086564799,0.005130600728129098,-0.0012579499776705916,-0.00047066858201394446
8.476,0.031010323315060706,0.041645857875352466,0.04456918395183185,0.005103027337552968,-0.0012743963096968347,-0.0004890025955937016
8.478,0.03097516884260032,0.04156294789949544,0.044522512284657756,0.005075494744448017,-0.0012908084650500307,-0.0005073011028968732
8.48,0.03094004257147165,0.041480103758149145,0.04447587585103707,0.0050480029228450185,-0.0013071864755369589,-0.000525564134004064
8.482,0.030904944492288422,0.04139732545798336,0.044429274637869165,0.005020551846753207,-0.0013235303729732806,-0.0005437917190107555
8.484,0.030869874595646163,0.041314613005585255,0.04438270863204141,0.004993141490160724,-0.0013398401891837608,-0.0005619838880268624
8.486,0.030834832872121742,0.041231966407458964,0.04433617782042942,0.004965771827034171,-0.0013561159560024905,-0.0005801406711769541
8.488,0.030799819312274268,0.04114938567002602,0.04428968218989704,0.004938442831318612,-0.0013723577052722202,-0.000598262098599589
8.49,0.030764833906644196,0.041066870799625343,0.04424322172729611,0.004911154476937796,-0.0013885654688445825,-0.0006163482004479803
8.492,0.03072987664575444,0.04098442180251327,0.04419679641946672,0.004883906737794597,-0.0014047392785803137,-0.0006343990068895522
8.494,0.030694947520109483,0.04090203868486397,0.044150406253237406,0.004856699587770796,-0.0014208791663485876,-0.0006524145481059396
8.496,0.03066004652019605,0.0408197214527688,0.044104051215425155,0.00482953300072686,-0.001436985164027238,-0.0006703948542925442
8.498,0.03062517363648265,0.040737470112237384,0.044057731292834745,0.004802406950502602,-0.0014530573035025363,-0.0006883399556587566
8.5,0.030590328859419813,0.04065528466919699,0.04401144647225985,0.004775321410916966,-0.0014690956166696356,-0.0007062498824281782
8.502,0.030555512179440525,0.04057316512949294,0.04396519674048238,0.0047482763557678,-0.0014851001354314608,-0.0007241246648379551
8.504,0.030520723586960008,0.04049111149888862,0.04391898208427247,0.004721271758832746,-0.0015010708916998183,-0.0007419643331387782
8.506,0.030485963072375277,0.040409123783065715,0.04387280249038894,0.004694307593868352,-0.0015170079173942863,-0.000759768917595327
8.508000000000001,0.030451230626066028,0.04032720198762374,0.04382665794557927,0.004667383834610961,-0.0015329112444426585,-0.000777538448485382
8.51,0.03041652623839397,0.04024534611808117,0.04378054843657919,0.004640500454776264,-0.0015487809047809442,-0.0007952729561004901
8.512,0.030381849899703495,0.04016355617987477,0.04373447395011332,0.0046136574280595255,-0.0015646169303531465,-0.000812972470745521
8.514,0.030347201600321227,0.04008183217835959,0.0436884344728945,0.004586854728136025,-0.00158041935311104,-0.0008306370227386672
8.516,0.030312581330556254,0.04000017411880963,0.04364242999162449,0.004560092328660392,-0.0015961882050141707,-0.0008482666424109997
8.518,0.03027798908070012,0.039918582006417624,0.043596460492993705,0.004533370203267495,-0.0016119235180298563,-0.0008658613601069121
8.52,0.030243424841027045,0.039837055846295266,0.04355052596368125,0.004506688325571995,-0.0016276253241329641,-0.0008834212061836766
8.522,0.030208888601793937,0.039755595643473196,0.043504626390354906,0.004480046669168347,-0.0016432936553061328,-0.0009009462110116662
8.524000000000001,0.03017438035324016,0.03967420140290101,0.043458761759671116,0.004453445207631468,-0.0016589285435395507,-0.0009184364049739102
8.526,0.03013990008558798,0.03959287312944748,0.043412932058275455,0.0044268839145160666,-0.0016745300208305114,-0.0009358918184663167
8.528,0.030105447789042117,0.03951161082790078,0.04336713727280217,0.004400362763357313,-0.0016900981191838582,-0.0009533124818974503
8.53,0.030071023453790424,0.03943041450296847,0.043321377389874405,0.004373881727670614,-0.0017056328706115398,-0.000970698425688532
8.532,0.030036627070003208,0.03934928415927752,0.04327565239610398,0.004347440780951839,-0.0017211343071326102,-0.0009880496802732175
8.534,0.030002258627834122,0.03926821980137429,0.04322996227809206,0.004321039896677092,-0.001736602460773673,-0.0010053662760973747
8.536,0.0299679181174195,0.039187221433724995,0.0431843070224287,0.004294679048303385,-0.001752037363567771,-0.0010226482436195283
8.538,0.029933605528878582,0.03910628906071567,0.043138686615692645,0.004268358209268186,-0.0017674390475552748,-0.0010398956133104154
8.540000000000001,0.029899320852313727,0.03902542268665221,0.043093101044451965,0.00424207735298987,-0.001782807544783216,-0.0010571084156525412
8.542,0.02986506407781042,0.03894462231576057,0.04304755029526364,0.00421583645286705,-0.0017981428873052874,-0.0010742866811410678
8.544,0.029830835195437277,0.038863887952186316,0.04300203435467398,0.0041896354822796855,-0.0018134451071820656,-0.0010914304402827035
8.546,0.02979663419524603,0.03878321959999553,0.04295655320921843,0.0041634744145886415,-0.0018287142364807885,-0.001108539723596147
8.548,0.02976246106727154,0.03870261726317459,0.04291110684542132,0.004137353223135465,-0.0018439503072751329,-0.0011256145616120872
8.55,0.02972831580153179,0.03862208094563013,0.04286569524979633,0.00411127188124305,-0.0018591533516452152,-0.0011426549848727596
8.552,0.02969419838802856,0.03854161065118933,0.04282031840884626,0.00408523036221542,-0.0018743234016775911,-0.001159661023932168
8.554,0.029660108816746522,0.038461206383599844,0.04277497630906346,0.00405922863933772,-0.0018894604894652556,-0.0011766327093560847
8.556000000000001,0.029626047077653928,0.03838086814653008,0.04272966893692942,0.004033266685876669,-0.0019045646471069766,-0.0011935700717213837
8.558,0.02959201316070237,0.03830059594356916,0.04268439627891496,0.00400734447508011,-0.0019196359067081836,-0.001210473141616708
8.56,0.02955800705582723,0.03822038977822695,0.04263915832148024,0.003981461980177459,-0.0019346743003798572,-0.0012273419496418025
8.562,0.029524028752947018,0.038140249653934255,0.04259395505107477,0.003955619174379477,-0.0019496798602394172,-0.0012441765264075144
8.564,0.029490078241964035,0.038060175574043065,0.042548786454137844,0.003929816030878941,-0.0019646526184100566,-0.0012609769025362372
8.566,0.029456155512763926,0.03798016754182654,0.042503652517097645,0.0039040525228499767,-0.0019795926070207415,-0.0012777431086612445
8.568,0.029422260555216573,0.037900225560479006,0.04245855322637215,0.0038783286234487235,-0.0019944998582062112,-0.0012944751754266903
8.57,0.02938839335917498,0.0378203496331162,0.04241348856836913,0.0038526443058131132,-0.0020093744041069783,-0.0013111731334878307
8.572000000000001,0.02935455391447639,0.03774053976277525,0.04236845852948523,0.003826999543062648,-0.0020242162768691063,-0.001327837013510802
8.574,0.029320742210941386,0.03766079595241467,0.04232346309610735,0.0038013943082992885,-0.002039025508643988,-0.0013444668461723985
8.576,0.029286958238374794,0.03758111820491483,0.042278502254611716,0.0037758285746070097,-0.002053802131588789,-0.001361062662159851
8.578,0.029253201986565003,0.03750150652307793,0.042233575991364125,0.003750302315051579,-0.002068546177866004,-0.00137762449217127
8.58,0.02921947344528464,0.037421960909627794,0.04218868429272038,0.0037248155026812224,-0.0020832576796432356,-0.0013941523669152023
8.582,0.029185772604289895,0.0373424813672103,0.0421438271450254,0.003699368110526402,-0.0020979366690934143,-0.001410646317110631
8.584,0.029152099453321645,0.037263067898393176,0.04209900453461457,0.0036739601116000387,-0.002112583178394578,-0.0014271063734867528
8.586,0.02911845398210411,0.03718372050566643,0.0420542164478126,0.0036485914788975116,-0.002127197239729872,-0.001443532566783201
8.588000000000001,0.029084836180346185,0.03710443919144235,0.04200946287093399,0.0036232621853964364,-0.0021417788852873265,-0.0014599249277498227
8.59,0.029051246037740563,0.03702522395805552,0.041964743790283254,0.0035979722040573314,-0.002156328147260078,-0.001476283487146235
8.592,0.02901768354396439,0.036946074807762797,0.04192005919215491,0.0035727215078233954,-0.002170845057845927,-0.0014926082757422687
8.594,0.028984148688679046,0.03686699174274355,0.04187540906283305,0.0035475100696202855,-0.0021853296492477803,-0.0015088993243177473
8.596,0.028950641461529925,0.036787974765100095,0.04183079338859175,0.0035223378623565615,-0.0021997819536727636,-0.0015251566636624858
8.598,0.0289171618521471,0.03670902387685704,0.04178621215569511,0.003497204858923908,-0.002214202003332888,-0.0015413803245758473
8.6,0.028883709850144657,0.036630139079962154,0.04174166535039747,0.0034721110321966897,-0.002228589830444827,-0.0015575703378667427
8.602,0.02885028544512136,0.036551320376285945,0.04169715295894272,0.0034470563550323963,-0.0022429454672292515,-0.001573726734354075
8.604000000000001,0.028816888626660653,0.036472567767621866,0.041652674967565195,0.003422040800271642,-0.002257268945911717,-0.0015898495448660732
8.606,0.028783519384329992,0.036393881255686544,0.041608231362489256,0.003397064340738165,-0.0022715602987219974,-0.001605938800240292
8.608,0.028750177707681734,0.03631526084211978,0.04156382212992926,0.0033721269492388295,-0.0022858195578938645,-0.0016219945313240558
8.61,0.028716863586252694,0.03623670652848476,0.04151944725608958,0.003347228598564289,-0.00230004675566553,-0.0016380167689735714
8.612,0.028683577009564587,0.03615821831626809,0.041475106727165034,0.0033223692614881006,-0.0023142419242789813,-0.001654005544054371
8.614,0.028650317967123362,0.03607979620687973,0.04143080052934067,0.0032975489107676115,-0.0023284050959806457,-0.001669960887441313
8.616,0.028617086448420093,0.0360014402016533,0.041386528648791554,0.0032727675191435157,-0.0023425363030205038,-0.0016858828300181372
8.618,0.02858388244293053,0.03592315030184601,0.04134229107168297,0.003248025059340298,-0.0023566355776527548,-0.0017017714026776876
8.620000000000001,0.028550705940115106,0.03584492650863913,0.04129808778417088,0.0032233215040660124,-0.002370702952135151,-0.0017176266363216897
8.622,0.028517556929419374,0.03576676882313756,0.041253918772401255,0.0031986568260122805,-0.0023847384587292186,-0.0017334485618605289
8.624,0.028484435400273567,0.03568867724637004,0.04120978402251052,0.0031740309978549597,-0.00239874212970026,-0.0017492372102134723
8.626,0.028451341342092817,0.03561065177928979,0.04116568352062555,0.0031494439922536976,-0.0024127139973171285,-0.001764992612308447
8.628,0.028418274744277383,0.035532692422773904,0.04112161725286345,0.003124895781851933,-0.0024266540938517878,-0.0017807147990818173
8.63,0.028385235596212643,0.03545479917762395,0.041077585205332,0.003100386339277339,-0.002440562451580197,-0.0017964038014786077
8.632,0.0283522238872691,0.03537697204456558,0.04103358736412943,0.003075915637141602,-0.002454439102781425,-0.0018120596504522801
8.634,0.028319239606801938,0.035299211024249155,0.040989623715344425,0.0030514836480408647,-0.0024682840797378702,-0.0018276823769645123
8.636000000000001,0.028286282744151903,0.03522151611724955,0.04094569424505612,0.003027090344555061,-0.0024820974147350405,-0.0018432720119851975
8.638,0.02825335328864509,0.03514388732406615,0.0409017989393341,0.003002735699248804,-0.002495879140061774,-0.0018588285864928888
8.64,0.02822045122959227,0.03506632464512305,0.04085793778423907,0.002978419684670941,-0.002509629288009796,-0.0018743521314736888
8.642,0.028187576556290228,0.03498882808076953,0.040814110765821976,0.0029541422733549982,-0.0025233478908739393,-0.0018898426779221378
8.644,0.028154729258020428,0.034911397631279595,0.04077031787012442,0.0029299034378189592,-0.0025370349809519244,-0.0019053002568403254
8.646,0.02812190932405012,0.03483403329685242,0.04072655908317868,0.0029057031505654862,-0.0025506905905441357,-0.0019207248992387793
8.648,0.02808911674363168,0.03475673507761212,0.04068283439100795,0.0028815413840819204,-0.0025643147519540666,-0.0019361166361353543
8.65,0.028056351506003274,0.034679502973608,0.04063914377962585,0.00285741811084006,-0.0025779074974878746,-0.001951475498555899
8.652000000000001,0.02802361360038863,0.03460233698481496,0.04059548723503714,0.0028333333032970476,-0.00259146885945416,-0.0019668015175338116
8.654,0.027990903015996604,0.03452523711113309,0.04055186474323724,0.0028092869338947057,-0.002604998870164188,-0.0019820947241100395
8.656,0.02795821974202184,0.034448203352388074,0.040508276290212475,0.0027852789750597573,-0.0026184975619316653,-0.00199735514933308
8.658,0.027925563767644546,0.03437123570833123,0.040464721861939834,0.0027613093992040483,-0.002631964967072964,-0.0020125828242587573
8.66,0.027892935082030945,0.034294334178639696,0.04042120144438721,0.0027373781787243257,-0.002645401117906454,-0.002027777779950446
8.662,0.027860333674332605,0.03421749876291624,0.040377715023513616,0.0027134852860031256,-0.0026588060467529484,-0.0020429400474786252
8.664,0.027827759533687102,0.03414072946068947,0.040334262585268954,0.002689630693407663,-0.002672179785935702,-0.002058069657921102
8.666,0.027795212649217582,0.03406402627141425,0.04029084411559425,0.0026658143732907202,-0.002685522367779747,-0.002073166642362567
8.668000000000001,0.0277626930100332,0.03398738919447153,0.040247459600420976,0.0026420362979904244,-0.0026988338246123345,-0.002088231031895038
8.67,0.027730200605228905,0.033910818229168305,0.040204109025672397,0.0026182964398302477,-0.0027121141887624933,-0.002103262857617416
8.672,0.02769773542388565,0.033834313374737635,0.04016079237726222,0.0025945947711194517,-0.0027253634925616943,-0.002118262150635264
8.674,0.027665297455070403,0.033757874630339524,0.04011750964109573,0.0025709312641528648,-0.0027385817683429625,-0.0021332289420612494
8.676,0.027632886687836145,0.03368150199506004,0.04007426080306886,0.0025473058912111046,-0.0027517690484408774,-0.00214816326301448
8.678,0.02760050311122164,0.03360519546791174,0.040031045849069136,0.002523718624560134,-0.002764925365192239,-0.002163065144621168
8.68,0.027568146714252117,0.03352895504783415,0.039987864764974956,0.0025001694364521487,-0.0027780507509349572,-0.0021779346180137438
8.682,0.027535817485938807,0.03345278073369351,0.03994471753665629,0.002476658299124912,-0.002791145238009163,-0.0021927717143312986
8.684000000000001,0.027503515415278956,0.033376672524283,0.03990160414997401,0.002453185184802198,-0.0028042088587558744,-0.002207576464719141
8.686,0.027471240491256266,0.03330063041832232,0.03985852459078032,0.002429750065694236,-0.0028172416455178872,-0.0022223489003294628
8.688,0.02743899270284067,0.033224654414458765,0.03981547884491876,0.002406352913996823,-0.0028302436306393286,-0.002237089052320229
8.69,0.027406772038988114,0.03314874451126637,0.039772466898224224,0.002382993701891989,-0.002843214846465436,-0.0022517969518558445
8.692,0.027374578488641443,0.033072900707246555,0.03972948873652293,0.0023596724015484405,-0.0028561553253430016,-0.0022664726301069305
8.694,0.02734241204072929,0.032997123000828354,0.03968654434563246,0.0023363889851206743,-0.0028690650996199274,-0.002281116118249882
8.696,0.02731027268416719,0.03292141139036775,0.0396436337113617,0.002313143424749864,-0.0028819442016450036,-0.0022957274474673106
8.698,0.02727816040785669,0.032845765874148336,0.03960075681951136,0.0022899356925634162,-0.002894792663768131,-0.002310306648947824
8.700000000000001,0.027246075200686226,0.032770186450381766,0.039557913655873245,0.0022667657606754155,-0.002907610518340098,-0.0023248537538855807
8.702,0.027214017051530703,0.03269467311720686,0.03951510420623072,0.002243633601186623,-0.0029203977977128037,-0.002339368793480956
8.704,0.027181985949251475,0.03261922587269073,0.03947232845635873,0.002220539186184034,-0.0029331545342388132,-0.0023538517989396546
8.706,0.027149981882696794,0.03254384471482785,0.03942958639202376,0.0021974824877417642,-0.0029458807602713577,-0.0023683028014729324
8.708,0.02711800484070137,0.03246852964154123,0.03938687799898388,0.0021744634779206073,-0.0029585765081647786,-0.0023827218322980404
8.71,0.02708605481208659,0.0323932806506817,0.03934420326298871,0.002151482128768034,-0.0029712418102734173,-0.0023971089226373365
8.712,0.027054131785660518,0.03231809774002836,0.03930156216977965,0.002128538412318637,-0.0029838766989527254,-0.002411464103718508
8.714,0.027022235750218337,0.03224298090728839,0.039258954705089666,0.002105632300594129,-0.0029964812065581548,-0.002425787406775015
8.716,0.026990366694541912,0.03216793015009767,0.039216380854643296,0.002082763765602902,-0.003009055365446045,-0.002440078863045203
8.718,0.026958524607400003,0.03209294546602037,0.03917384060415707,0.0020599327793404676,-0.003021599207972736,-0.002454338503772746
8.72,0.026926709477548272,0.0320180268525494,0.0391313339393391,0.002037139313789904,-0.003034112766495012,-0.0024685663602064256
8.722,0.02689492129372928,0.03194317430710614,0.03908886084588903,0.0020143833409214107,-0.0030465960733698783,-0.002482762463599908
8.724,0.026863160044672485,0.03186838782704071,0.03904642130949876,0.001991664832692308,-0.0030590491609543413,-0.0024969268452121884
8.726,0.026831425719094693,0.03179366740963219,0.03900401531585174,0.0019689837610474825,-0.003071472061605629,-0.0025110595363067034
8.728,0.026799718305699605,0.031719013052088574,0.038961642850623424,0.0019463400979191636,-0.0030838648076809694,-0.002525160568151996
8.73,0.026768037793178046,0.03164442475154705,0.03891930389948106,0.0019237338152273686,-0.0030962274315373683,-0.002539229972021495
8.732,0.02673638417020796,0.03156990250507352,0.03887699844808368,0.0019011648848794582,-0.003108559965532054,-0.002553267779193069
8.734,0.026704757425454417,0.03149544630966372,0.03883472648208253,0.0018786332787703586,-0.00312086244202181,-0.0025672740209492506
8.736,0.026673157547569826,0.03142105616224211,0.03879248798712065,0.0018561389687830054,-0.0031331348933631986,-0.0025812487285770125
8.738,0.026641584525194162,0.031346732059662985,0.03875028294883287,0.0018336819267881221,-0.0031453773519125594,-0.0025951919333679907
8.74,0.02661003834695408,0.031272473998709804,0.038708111352846464,0.0018112621246439975,-0.003157589850025788,-0.00260910366661804
8.742,0.02657851900146424,0.031198281976096087,0.03866597318478049,0.001788879534197152,-0.0031697724200583366,-0.0026229839596274562
8.744,0.026547026477326208,0.03112415598846452,0.03862386843024623,0.0017665341272818935,-0.00318192509436499,-0.0026368328437007538
8.746,0.02651556076312911,0.031050096032388064,0.03858179707484677,0.0017442258757207618,-0.0031940479053003124,-0.002650650350146666
8.748,0.02648412184744986,0.030976102104369296,0.03853975910417784,0.001721954751324306,-0.0032061408852179785,-0.0026644365102779233
8.75,0.026452709718852496,0.03090217420084085,0.03849775450382675,0.0016997207258910851,-0.0032182040664709977,-0.0026781913554114745
8.752,0.02642132436588862,0.03082831231816563,0.038455783259373266,0.0016775237712083335,-0.003230237481411491,-0.0026919149168680434
8.754,0.026389965777097624,0.03075451645263616,0.038413845356389364,0.0016553638590512953,-0.003242241162390913,-0.0027056072259723507
8.756,0.02635863394100668,0.030680786600475907,0.03837194078043926,0.0016332409611838905,-0.003254215141759831,-0.0027192683140531138
8.758000000000001,0.026327328846130094,0.030607122757838168,0.0383300695170794,0.0016111550493580484,-0.0032661594518677006,-0.0027328982124426027
8.76,0.02629605048097039,0.030533524920806743,0.038288231551858454,0.0015891060953145963,-0.0032780741250628687,-0.0027464969524766403
8.762,0.026264798834017666,0.030459993085396375,0.03824642687031754,0.0015670940707828152,-0.003289959193692793,-0.002760064565495046
8.764,0.026233573893749584,0.030386527247552086,0.03820465545799001,0.0015451189474806615,-0.0033018146901038214,-0.0027736010828407487
8.766,0.026202375648632037,0.03031312740314962,0.038162917300401444,0.0015231806971147677,-0.0033136406466409696,-0.002787106535860673
8.768,0.026171204087118483,0.030239793547995886,0.03812121238307031,0.0015012792913804418,-0.0033254370956476986,-0.00280058095590463
8.77,0.02614005919765061,0.030166525677828293,0.038079540691506875,0.0014794147019621118,-0.0033372040694665817,-0.0028140243743262072
8.772,0.02610894096865768,0.030093323788315418,0.03803790221121428,0.0014575869005328812,-0.0033489416004384154,-0.002827436822481877
8.774000000000001,0.02607784938855695,0.030020187875057003,0.03799629692768791,0.0014357958587549735,-0.0033606497209026642,-0.002840818331731665
8.776,0.026046784445753923,0.029947117933583955,0.03795472482641582,0.00141404154827951,-0.0033723284631972383,-0.0028541689334384834
8.778,0.026015746128642103,0.029874113959358573,0.03791318589287851,0.0013923239407467314,-0.0033839778596584935,-0.0028674886589685755
8.78,0.02598473442560323,0.029801175947774317,0.03787168011254893,0.0013706430077864429,-0.0033955979426210092,-0.0028807775396908486
8.782,0.025953749325006825,0.02972830389415626,0.03783020747089294,0.001348998721017125,-0.0034071887444175886,-0.0028940356069773188
8.784,0.02592279081521065,0.029655497793761088,0.03778876795336861,0.0013273910520468224,-0.0034187502973792583,-0.0029072628922028887
8.786,0.025891858884560914,0.02958275764177687,0.03774736154542668,0.0013058199724726993,-0.003430282633835491,-0.0029204594267451256
8.788,0.02586095352139206,0.029510083433323953,0.03770598823251081,0.0012842854538819282,-0.003441785786113316,-0.0029336252419844833
8.790000000000001,0.02583007471402654,0.029437475163453852,0.03766464800005709,0.001262787467850579,-0.0034532597865382098,-0.002946760369303858
8.792,0.025799222450775483,0.02936493282715058,0.03762334083349428,0.001241325985944508,-0.003464704667433427,-0.0029598648400888106
8.794,0.025768396719938247,0.029292456419329982,0.03758206671824427,0.0012199009797191351,-0.0034761204611200025,-0.0029729386857275664
8.796,0.025737597509802423,0.029220045934840178,0.037540825639721165,0.0011985124207196662,-0.0034875071999169727,-0.0029859819376107932
8.798,0.025706824808644058,0.02914770136846112,0.03749961758333242,0.0011771602804810932,-0.0034988649161409313,-0.0029989946271311574
8.8,0.025676078604728092,0.029075422714905486,0.03745844253447772,0.0011558445305279719,-0.003510193642106474,-0.0030119767856842117
8.802,0.02564535888630748,0.029003209968818222,0.037417300478550075,0.001134565142374866,-0.0035214934101255313,-0.0030249284446672853
8.804,0.025614665641624068,0.028931063124776557,0.037376191400934955,0.0011133220875265692,-0.003532764252507814,-0.00303784963548015
8.806000000000001,0.025583998858908163,0.02885898217729066,0.03733511528701117,0.0010921153374772175,-0.003544006201560368,-0.0030507403895245755
8.808,0.025553358526378744,0.028786967120802975,0.03729407212214997,0.0010709448637116203,-0.0035552192895877965,-0.0030636007382043307
8.81,0.025522744632243244,0.028715017949689114,0.03725306189171573,0.0010498106377043737,-0.0035664035488922607,-0.0030764307129254043
8.812,0.025492157164698215,0.028643134658257408,0.03721208458106595,0.0010287126309203032,-0.003577559011773035,-0.0030892303450953396
8.814,0.025461596111928442,0.028571317240749128,0.03717114017555079,0.0010076508148146868,-0.003588685710526729,-0.0031019996661239
8.816,0.02543106146210805,0.028499565691338713,0.03713022866051374,0.0009866251608330323,-0.003599783677447066,-0.0031147387074224042
8.818,0.025400553203399623,0.028427880004133543,0.03708935002129099,0.0009656356404110777,-0.0036108529448248827,-0.003127447500403946
8.82,0.025370071323954635,0.028356260173174164,0.037048504243212266,0.0009446822249750131,-0.0036218935449483514,-0.003140126076483174
8.822000000000001,0.025339615811913463,0.028284706192434728,0.037007691311599755,0.0009237648859417025,-0.0036329055101025354,-0.0031527744670762914
8.824,0.025309186655405602,0.028213218055822775,0.036966911211769427,0.0009028835947184621,-0.0036438888725696117,-0.0031653927036012774
8.826,0.025278783842549224,0.02814179575717901,0.03692616392902992,0.0008820383227032824,-0.0036548436646282045,-0.0031779808174772217
8.828,0.02524840736145162,0.028070439290278193,0.036885449448683216,0.0008612290412848278,-0.0036657699185542736,-0.003190538840124768
8.83,0.0252180572002092,0.027999148648828687,0.03684476775602441,0.0008404557218426589,-0.003676667666620226,-0.0032030668029658926
8.832,0.02518773334690727,0.027927923826472245,0.03680411883634194,0.0008197183357467885,-0.0036875369410955816,-0.003215564737423904
8.834,0.025157435789620708,0.027856764816785118,0.036763502674917126,0.0007990168543583476,-0.0036983777742460866,-0.00322803267492322
8.836,0.025127164516412837,0.02778567161327694,0.03672291925702509,0.0007783512490295852,-0.0037091901983341558,-0.0032404706468891487
8.838000000000001,0.02509691951533677,0.027714644209391848,0.03668236856793383,0.0007577214911032026,-0.0037199742456190954,-0.003252878684748328
8.84,0.025066700774434514,0.0276436825985078,0.03664185059290492,0.0007371275519134635,-0.003730729948356437,-0.003265256819928286
8.842,0.025036508281737646,0.02757278677393704,0.036601365317193046,0.0007165694027857494,-0.0037414573387981598,-0.0032776050838574378
8.844,0.025006342025266637,0.027501956728926524,0.036560912726046224,0.0006960470150363385,-0.0037521564491924675,-0.003289923507965087
8.846,0.02497620199303152,0.02743119245665726,0.03652049280470626,0.0006755603599728488,-0.0037628273117842337,-0.003302212123681425
8.848,0.024946088173031677,0.027360493950244757,0.03648010553840786,0.0006551094088942389,-0.003773469958814335,-0.0033144709624373103
8.85,0.024916000553255824,0.027289861202739463,0.0364397509123795,0.0006346941330908074,-0.0037840844225196513,-0.0033267000556642667
8.852,0.024885939121682465,0.02721929420712632,0.03639942891184278,0.0006143145038444153,-0.0037946707351337317,-0.0033388994347944845
8.854000000000001,0.024855903866279005,0.027148792956324996,0.036359139522013306,0.000593970492428264,-0.0038052289288854624,-0.0033510691312603758
8.856,0.024825894775002855,0.027078357443190093,0.0363188827280998,0.0005736620701071171,-0.003815759036000399,-0.003363209176495241
8.858,0.024795911835800766,0.027007987660511157,0.03627865851530454,0.0005533892081375225,-0.0038262610886998782,-0.0033753196019326026
8.86,0.024765955036609055,0.026937683601012896,0.03623846686882337,0.0005331518777675903,-0.003836735119200796,-0.003387400439006205
8.862,0.024736024365353826,0.026867445257355183,0.03619830777384592,0.0005129500502369932,-0.003847181159716273,-0.003399451719150237
8.864,0.024706119809950744,0.02679727262213305,0.03615818121555536,0.0004927836967774102,-0.00385759924245499,-0.0034114734737991093
8.866,0.02467624135830504,0.02672716568787714,0.03611808717912823,0.0004726527886123044,-0.0038679893996216297,-0.003423465734387232
8.868,0.024646388998311952,0.026657124447053038,0.036078025649734835,0.00045255729695714564,-0.003878351663415991,-0.0034354285323492384
8.870000000000001,0.024616562717856283,0.02658714889206215,0.03603799661253948,0.0004324971930191879,-0.003888686066034097,-0.0034473618991197608
8.872,0.02458676250481262,0.0265172390152415,0.03599800005269982,0.00041247244799769156,-0.003898992639667087,-0.003459265866133432
8.874,0.02455698834704556,0.02644739480886371,0.03595803595536706,0.0003924830330843676,-0.0039092714165016584,-0.0034711404648248845
8.876,0.024527240232409486,0.026377616265137238,0.03591810430568665,0.0003725289194629333,-0.00391952242872029,-0.003482985726628307
8.878,0.024497518148748787,0.026307903376206587,0.03587820508879758,0.0003526100783091124,-0.003929745708500354,-0.0034948016829776662
8.88,0.02446782208389764,0.026238256134152094,0.03583833828983263,0.000332726480791079,-0.003939941288014559,-0.0035065883653069285
8.882,0.024438152025680226,0.026168674530990144,0.035798503893918365,0.00031287809806923583,-0.003950109199431395,-0.0035183458050493943
8.884,0.024408507961910964,0.026099158558673174,0.03575870188617536,0.0002930649012964359,-0.003960249474914024,-0.003530074033638364
8.886000000000001,0.024378889880393828,0.02602970820909012,0.03571893225171774,0.0002732868616182049,-0.003970362146620943,-0.00354177308250625
8.888,0.024349297768923472,0.025960323474066183,0.03567919497565386,0.0002535439501722969,-0.003980447246705765,-0.00355344298308502
8.89,0.024319731615284335,0.025891004345362845,0.035639490043085864,0.0002338361380891385,-0.003990504807316997,-0.0035650837668061985
8.892,0.024290191407251305,0.02582175081467808,0.03559981743910967,0.00021416339649160676,-0.004000534860598481,-0.0035766954651004212
8.894,0.02426067713258906,0.0257525628736468,0.03556017714881543,0.00019452569649547335,-0.004010537438688511,-0.003588278109397658
8.896,0.024231188779052726,0.025683440513840416,0.035520569157287296,0.0001749230092094045,-0.004020512573720492,-0.003599831731127434
8.898,0.024201726334387663,0.025614383726767054,0.03548099344960298,0.00015535530573451695,-0.004030460297822502,-0.0036113563617179434
8.9,0.02417228978632946,0.025545392503871778,0.03544145001083465,0.000135822557165044,-0.004040380643117514,-0.003622852032596713
8.902000000000001,0.024142879122604377,0.025476466836536593,0.035401938826048474,0.00011632473458811354,-0.004050273641723168,-0.0036343187751903816
8.904,0.024113494330928686,0.025407606716080666,0.03536245988030462,9.686180908374808e-05,-0.004060139325751777,-0.0036457566209242565
8.906,0.02408413539900911,0.025338812133760324,0.03532301315865727,7.743375172508671e-05,-0.004069977727309881,-0.003657165601222756
8.908,0.024054802314542822,0.025270083080769057,0.035283598646155045,5.804053357838512e-05,-0.004079788878499135,-0.0036685457475091887
8.91,0.024025495065217672,0.025201419548237514,0.03524421632784036,3.868212570301566e-05,-0.004089572811415199,-0.0036798970912055307
8.912,0.02399621363871174,0.025132821527234173,0.03520486618875007,1.93584991516893e-05,-0.004099329558148401,-0.0036912196637324257
8.914,0.023966958022693996,0.025064289008764673,0.03516554821391504,6.962497023366154e-08,-0.004109059150783301,-0.0037025134965094075
8.916,0.02393772820482365,0.02499582198377248,0.03512626238836036,-1.9184525802184993e-05,-0.004118761621398903,-0.0037137786209544554
8.918000000000001,0.023908524172750578,0.02492742044313845,0.03508700869710535,-3.840398213306173e-05,-0.004128437002068219,-0.0037250150684839944
8.92,0.023879345914115557,0.024859084377681473,0.035047787125163765,-5.758877299610887e-05,-0.004138085324858709,-0.0037362228705131173
8.922,0.023850193416549814,0.024790813778158283,0.035008597657543605,-7.673892737192212e-05,-0.004147706621831837,-0.0037474020584553625
8.924,0.02382106666767525,0.024722608635263654,0.03496944027924709,-9.585447424731441e-05,-0.004157300925043073,-0.003758552663722492
8.926,0.023791965655104663,0.024654468939630192,0.03493031497527088,-0.00011493544261553801,-0.004166868266542112,-0.0037696747177244916
8.928,0.023762890366441525,0.02458639468182877,0.03489122173060588,-0.0001339818614760624,-0.004176408678372434,-0.0037807682518697927
8.93,0.023733840789280203,0.02451838585236832,0.03485216053023721,-0.00015299375983479635,-0.004185922192571745,-0.0037918332975648283
8.932,0.02370481691120596,0.024450442441696252,0.03481313135914488,-0.00017197116670364387,-0.004195408841171311,-0.003802869886214255
8.934000000000001,0.02367581871979496,0.024382564440198484,0.03477413420230291,-0.0001909141111007262,-0.004204868656196181,-0.0038138780492207314
8.936,0.023646846202614258,0.0243147518381992,0.03473516904467977,-0.00020982262205038182,-0.004214301669665632,-0.003824857817985139
8.938,0.023617899347221583,0.0242470046259613,0.0346962358712386,-0.00022869672858294443,-0.004223707913592056,-0.003835809223905917
8.94,0.023588978141166228,0.024179322793686397,0.03465733466693699,-0.0002475364597345209,-0.004233087419981851,-0.003846732298379729
8.942,0.02356008257198794,0.024111706331514826,0.03461846541672697,-0.0002663418445472132,-0.004242440220834753,-0.0038576270728010176
8.944,0.0235312126272178,0.024044155229525632,0.03457962810555526,-0.00028511291206934075,-0.004251766348144281,-0.0038684935785615604
8.946,0.023502368294378018,0.023976669477737023,0.03454082271836301,-0.00030384969135455187,-0.004261065833897515,-0.0038793318470513594
8.948,0.023473549560981688,0.02390924906610592,0.03450204924008582,-0.0003225522114622681,-0.004270338710074872,-0.0038901419096579737
8.950000000000001,0.023444756414533474,0.02384189398452885,0.034463307655654196,-0.00034122050145790617,-0.004279585008649889,-0.003900923797766298
8.952,0.023415988842528712,0.023774604222841056,0.03442459794999286,-0.0003598545904122119,-0.004288804761589882,-0.003911677542759007
8.954,0.023387246832454522,0.023707379770817383,0.03438592010802166,-0.0003784545074019263,-0.004297998000855063,-0.003922403176016109
8.956,0.0233585303717887,0.023640220618171837,0.03434727411465488,-0.00039702028150889745,-0.004307164758398985,-0.003933100728915173
8.958,0.023329839448000822,0.02357312675455825,0.03430865995480148,-0.00041555194182052446,-0.004316305066168535,-0.003943770232830879
8.96,0.023301174048551587,0.02350609816956961,0.03427007761336509,-0.00043404951742953557,-0.0043254189561037215,-0.003954411719135464
8.962,0.023272534160893033,0.023439134852738963,0.03423152707524424,-0.00045251303743443216,-0.004334506460137222,-0.0039650252191982815
8.964,0.023243919772468757,0.023372236793538725,0.03419300832533212,-0.0004709425309386006,-0.004343567610195276,-0.003975610764385795
8.966,0.02321533087071348,0.023305403981381367,0.03415452134851682,-0.0004893380270507564,-0.004352602438196795,-0.003986168386061806
8.968,0.023186767443053702,0.023238636405619184,0.03411606612968088,-0.0005076995548847218,-0.004361610976053587,-0.003996698115586783
8.97,0.023158229476907266,0.023171934055544297,0.03407764265370217,-0.0005260271435596486,-0.004370593255670352,-0.0040071999843187545
8.972,0.023129716959683355,0.023105296920389318,0.03403925090545301,-0.0005443208221997953,-0.004379549308944686,-0.004017674023612194
8.974,0.023101229878782936,0.02303872498932691,0.034000890869800626,-0.0005625806199343053,-0.004388479167766857,-0.004028120264818691
8.976,0.02307276822159876,0.022972218251469778,0.033962562531607565,-0.0005808065658969852,-0.004397382864019805,-0.004038538739286723
8.978,0.023044331975514698,0.02290577669587135,0.03392426587573061,-0.0005989986892271926,-0.004406260429579145,-0.0040489294783614405
8.98,0.023015921127906624,0.022839400311525093,0.033886000887022094,-0.0006171570190685038,-0.004415111896313162,-0.004059292513384882
8.982,0.02298753566614198,0.022773089087365417,0.03384776755032881,-0.0006352815845698245,-0.004423937296082592,-0.004069627875695536
8.984,0.022959175577580204,0.022706843012266997,0.033809565850493106,-0.000653372414884501,-0.004432736660740844,-0.004079935596628559
8.986,0.022930840849572087,0.022640662075045448,0.033771395772351775,-0.0006714295391705427,-0.004441510022133555,-0.004090215707515554
8.988,0.02290253146946042,0.022574546264457096,0.03373325730073673,-0.0006894529865906218,-0.004450257412099035,-0.004100468239685018
8.99,0.022874247424579552,0.022508495569199205,0.03369515042047522,-0.0007074427863120736,-0.0044589788624676,-0.004110693224461448
8.992,0.02284598870225607,0.022442509977909975,0.03365707511638938,-0.0007253989675068961,-0.0044676744050620165,-0.004120890693166013
8.994,0.02281775528980834,0.022376589479168763,0.03361903137329625,-0.0007433215593510845,-0.004476344071697502,-0.004131060677116105
8.996,0.02278954717454651,0.022310734061495863,0.03358101917600842,-0.0007612105910255185,-0.004484987894181058,-0.0041412032076253436
8.998,0.02276136434377296,0.02224494371335317,0.033543038509333156,-0.000779066091715297,-0.004493605904312359,-0.004151318316003572
9.0,0.022733206784781634,0.02217921842314352,0.03350508935807328,-0.0007968880906095155,-0.00450219813388264,-0.004161406033556858
9.002,0.0227050744848587,0.022113558179211346,0.03346717170702629,-0.0008146766169019326,-0.004510764614675367,-0.004171466391587275
9.004,0.022676967431282335,0.02204796296984246,0.033429285540985454,-0.0008324316997905257,-0.00451930537846601,-0.00418149942139312
9.006,0.022648885611322944,0.021982432783264505,0.03339143084473872,-0.0008501533684770468,-0.004527820457022269,-0.004191505154268471
9.008000000000001,0.022620829012242938,0.02191696760764672,0.033353607603069824,-0.000867841652167467,-0.004536309882103184,-0.00420148362150341
9.01,0.022592797621296956,0.02185156743109995,0.033315815800757154,-0.0008854965800719761,-0.004544773685460024,-0.004211434854384022
9.012,0.022564791425731423,0.021786232241677084,0.03327805542257489,-0.0009031181814045386,-0.0045532118988358405,-0.00422135888419195
9.014,0.022536810412785435,0.021720962027372837,0.03324032645329211,-0.000920706485383116,-0.004561624553965471,-0.0042312557422050645
9.016,0.022508854569690318,0.02165575677612397,0.03320262887767367,-0.0009382615212296663,-0.0045700116825750925,-0.004241125459696571
9.018,0.02248092388366918,0.021590616475809288,0.033164962680479304,-0.0009557833181697006,-0.004578373316382889,-0.004250968067935235
9.02,0.022453018341938025,0.02152554111424987,0.03312732784646433,-0.0009732719054325045,-0.004586709487098384,-0.004260783598185824
9.022,0.022425137931704864,0.021460530679209278,0.03308972436037938,-0.0009907273122513605,-0.004595020226422886,-0.004270572081708446
9.024000000000001,0.022397282640170157,0.021395585158393127,0.033052152206970664,-0.0010081495678631036,-0.004603305566049043,-0.004280333549758764
9.026,0.022369452454526595,0.02133070453944974,0.033014611370979496,-0.0010255387015081219,-0.0046115655376610665,-0.0042900680335877794
9.028,0.022341647361959538,0.021265888809969713,0.032977101837142975,-0.0010428947424303558,-0.004619800172934507,-0.004299775564441832
9.03,0.0223138673496468,0.02120113795748657,0.032939623590193534,-0.0010602177198770768,-0.004628009503536257,-0.00430945617356282
9.032,0.022286112404758418,0.021136451969476555,0.03290217661485917,-0.0010775076630993308,-0.004636193561124546,-0.004319109892187978
9.034,0.02225838251445711,0.021071830833358396,0.03286476089586321,-0.0010947646013514944,-0.004644352377348726,-0.0043287367515494335
9.036,0.022230677665898257,0.021007274536494203,0.03282737641792455,-0.0011119885638908311,-0.004652485983849708,-0.004338336782874652
9.038,0.0222029978462297,0.020942783066188575,0.03279002316575763,-0.0011291795799786009,-0.004660594412259078,-0.004347910017386214
9.040000000000001,0.022175343042592166,0.02087835640968949,0.03275270112407269,-0.0011463376788787283,-0.004668677694199985,-0.004357456486301814
9.042,0.022147713242118394,0.020813994554188087,0.032715410277575296,-0.0011634628898586907,-0.004676735861286252,-0.004366976220834262
9.044,0.02212010843193446,0.020749697486818652,0.032678150610966794,-0.001180555242188852,-0.004684768945123041,-0.00437646925219104
9.046,0.02209252859915889,0.020685465194658637,0.03264092210894409,-0.001197614765142685,-0.00469277697730619,-0.004385935611574743
9.048,0.02206497373090288,0.02062129766472931,0.03260372475619988,-0.0012146414879967704,-0.004700759989422876,-0.00439537533018286
9.05,0.02203744381427053,0.0205571948839951,0.032566558537422186,-0.0012316354400305762,-0.004708718013050728,-0.00440478843920733
9.052,0.0220099388363586,0.020493156839364257,0.032529423437295035,-0.0012485966505264567,-0.004716651079758272,-0.004414174969835427
9.054,0.021982458784256975,0.02042918351768863,0.03249231944049802,-0.0012655251487698749,-0.004724559221104929,-0.004423534953248653
9.056000000000001,0.021955003645047988,0.020365274905763675,0.032455246531706505,-0.0012824209640489581,-0.004732442468640796,-0.004432868420623182
9.058,0.021927573405807088,0.020301430990328884,0.032418204695591646,-0.0012992841256547205,-0.004740300853906865,-0.0044421754031298555
9.06,0.02190016805360262,0.0202376517580678,0.032381193916820594,-0.0013161146628806186,-0.004748134408434357,-0.0044514559319341895
9.062,0.021872787575496044,0.020173937195607783,0.03234421418005584,-0.0013329126050227735,-0.004755943163745391,-0.004460710038196147
9.064,0.021845431958541717,0.020110287289520246,0.03230726546995588,-0.001349677981380193,-0.004763727151352537,-0.004469937753069919
9.066,0.021818101189786665,0.02004670202632086,0.03227034777117521,-0.0013664108212543269,-0.004771486402758818,-0.004479139107704366
9.068,0.021790795256271478,0.019983181392469795,0.03223346106836389,-0.0013831111539490681,-0.00477922094945793,-0.004488314133242355
9.07,0.02176351414502964,0.019919725374371477,0.032196605346168194,-0.0013997790087707518,-0.004786930822933577,-0.0044974628608212
9.072000000000001,0.021736257843087747,0.019856333958374384,0.03215978058923019,-0.0014164144150283775,-0.004794616054660139,-0.004506585321572443
9.074,0.021709026337465298,0.019793007130772144,0.0321229867821875,-0.0014330174020329434,-0.004802276676102224,-0.0045156815466218525
9.076,0.021681819615175346,0.019729744877802657,0.032086223909674194,-0.00144958799909789,-0.004809912718714449,-0.0045247515670892025
9.078,0.02165463766322384,0.019666547185648753,0.03204949195632012,-0.0014661262355388782,-0.004817524213942104,-0.004533795414088493
9.08,0.021627480468610294,0.01960341404043775,0.03201279090675091,-0.0014826321406737897,-0.004825111193220488,-0.004542813118727507
9.082,0.02160034801832711,0.019540345428242123,0.03197612074558842,-0.0014991057438229483,-0.004832673687974909,-0.004551804712108254
9.084,0.02157324029936003,0.01947734133507928,0.031939481457450514,-0.0015155470743082322,-0.00484021172962068,-0.004560770225326527
9.086,0.021546157298688584,0.019414401746911558,0.03190287302695083,-0.0015319561614537403,-0.004847725349563348,-0.004569709689471901
9.088000000000001,0.02151909900328497,0.019351526649646456,0.031866295438699455,-0.0015483330345860136,-0.0048552145791984636,-0.004578623135627735
9.09,0.021492065400115168,0.019288716029136843,0.03182974867730248,-0.0015646777230329256,-0.004862679449911589,-0.004587510594871391
9.092,0.021465056476138722,0.019225969871180748,0.031793232727361787,-0.0015809902561245703,-0.004870119993077848,-0.004596372098273793
9.094,0.02143807221830807,0.019163288161521574,0.03175674757347546,-0.001597270663192818,-0.0048775362400623745,-0.0046052076768996475
9.096,0.02141111261356965,0.019100670885848325,0.03172029320023806,-0.0016135189735713151,-0.004884928222220308,-0.004614017361807221
9.098,0.021384177648863245,0.01903811802979538,0.0316838695922399,-0.0016297352165954848,-0.004892295970896132,-0.00462280118404812
9.1,0.021357267311121975,0.018975629578943165,0.03164747673406776,-0.0016459194216025264,-0.004899639517424559,-0.004631559174667732
9.102,0.02133038158727274,0.018913205518817477,0.031611114610304414,-0.0016620716179309714,-0.004906958893129643,-0.004640291364704785
9.104000000000001,0.021303520464236003,0.018850845834890162,0.03157478320552887,-0.0016781918349213498,-0.004914254129325224,-0.0046489977851915665
9.106,0.021276683928925788,0.01878855051257866,0.03153848250431657,-0.001694280101915524,-0.004921525257314707,-0.004657678467153481
9.108,0.02124987196824968,0.018726319537246683,0.031502212491238746,-0.0017103364482569106,-0.004928772308390839,-0.004666333441609272
9.11,0.02122308456910904,0.018664152894203978,0.031465973150863524,-0.0017263609032902583,-0.00493599531383615,-0.004674962739571242
9.112,0.021196321718399025,0.018602050568706563,0.03142976446775503,-0.0017423534963618703,-0.004943194304922516,-0.004683566392044591
9.114,0.02116958340300834,0.018540012545956497,0.03139358642647361,-0.0017583142568193821,-0.0049503693129111515,-0.004692144430027856
9.116,0.02114286960981948,0.018478038811102104,0.03135743901157584,-0.0017742432140115394,-0.004957520369052615,-0.0047006968845124675
9.118,0.021116180325708944,0.01841612934923842,0.031321322207614966,-0.001790140397288642,-0.0049646475045868055,-0.0047092237864831965
9.120000000000001,0.02108951553754701,0.01835428414540674,0.03128523599914068,-0.0018060058360018783,-0.004971750750743187,-0.004717725166917708
9.122,0.02106287523219752,0.018292503184595077,0.03124918037069846,-0.0018218395595037684,-0.00497883013874012,-0.004726201056786561
9.124,0.021036259396518542,0.018230786451737924,0.031213155306830886,-0.0018376415971477211,-0.0049858856997850864,-0.00473465148705321
9.126,0.021009668017361927,0.01816913393171693,0.031177160792076553,-0.0018534119782886993,-0.004992917465075131,-0.004743076488674225
9.128,0.020983101081573308,0.01810754560936001,0.031141196810970495,-0.00186915073228211,-0.0049999254657959735,-0.00475147609259885
9.13,0.020956558575992545,0.018046021469442675,0.03110526334804442,-0.0018848578884844702,-0.0050069097331226775,-0.004759850329769
9.132,0.020930040487453505,0.017984561496686924,0.031069360387826483,-0.0019005334762534076,-0.005013870298219203,-0.004768199231119263
9.134,0.020903546802783612,0.01792316567576213,0.031033487914841063,-0.0019161775249472157,-0.005020807192238408,-0.004776522827577123
9.136000000000001,0.020877077508804964,0.017861833991284604,0.03099764591360943,-0.0019317900639250762,-0.00502772044632227,-0.004784821150062735
9.138,0.02085063259233344,0.017800566427818243,0.0309618343686493,-0.001947371122546837,-0.005034610091601666,-0.0047930942294884815
9.14,0.020824212040179146,0.017739362969873884,0.03092605326447484,-0.0019629207301732343,-0.005041476159195923,-0.004801342096759642
9.142,0.020797815839146194,0.01767822360191018,0.030890302585596885,-0.001978438916165448,-0.005048318680213715,-0.004809564782773723
9.144,0.0207714439760327,0.017617148308333164,0.030854582316522716,-0.0019939257098855467,-0.005055137685752165,-0.004817762318420682
9.146,0.02074509643763145,0.017556137073496236,0.030818892441756507,-0.0020093811406958206,-0.0050619332068970735,-0.004825934734583148
9.148,0.020718773210729236,0.017495189881700846,0.030783232945798655,-0.0020248052379592263,-0.00506870527472314,-0.004834082062135536
9.15,0.020692474282107076,0.017434306717196257,0.030747603813146673,-0.0020401980310393864,-0.005075453920293516,-0.004842204331945155
9.152000000000001,0.020666199638540217,0.017373487564179113,0.03071200502829452,-0.0020555595493001455,-0.005082179174660029,-0.0048503015748710965
9.154,0.02063994926679813,0.017312732406794318,0.030676436575732824,-0.0020708898221055705,-0.0050888810688631825,-0.004858373821764905
9.156,0.02061372315364496,0.017252041229134818,0.030640898439949105,-0.002086188878820394,-0.00509555963393149,-0.004866421103470131
9.158,0.020587521285839072,0.0171914140152416,0.03060539060542733,-0.0021014567488095715,-0.0051022149008825846,-0.004874443450822552
9.16,0.02056134365013329,0.0171308507491037,0.030569913056648357,-0.0021166934614380573,-0.005108846900722108,-0.004882440894649953
9.162,0.02053519023327466,0.017070351414658846,0.030534465778089714,-0.0021318990460712506,-0.005115455664444157,-0.0048904134657721254
9.164,0.02050906102200467,0.0170099159957926,0.030499048754226044,-0.0021470735320743284,-0.005122041223031282,-0.0048983611950006445
9.166,0.020482956003059716,0.01694954447633923,0.030463661969528433,-0.0021622169488129117,-0.005128603607454263,-0.004906284113139092
9.168000000000001,0.020456875163170185,0.01688923684008148,0.030428305408464862,-0.0021773293256526216,-0.005135142848672114,-0.004914182250983279
9.17,0.020430818489061364,0.01682899307075081,0.030392979055500202,-0.002192410691958857,-0.00514165897763208,-0.004922055639320133
9.172,0.020404785967452765,0.016768813152027162,0.030357682895096216,-0.002207461077097239,-0.005148152025269637,-0.004929904308929034
9.174,0.020378777585059016,0.016708697067539413,0.03032241691171156,-0.002222480510433167,-0.005154622022508271,-0.004937728290580701
9.176,0.020352793328588747,0.016648644800865364,0.030287181089801773,-0.002237469021331817,-0.005161069000259699,-0.004945527615037637
9.178,0.020326833184745707,0.016588656335531526,0.0302519754138193,-0.002252426639158145,-0.005167492989423428,-0.004953302313053909
9.18,0.020300897140228313,0.016528731655013562,0.030216799868213462,-0.002267353393277105,-0.005173894020887415,-0.0049610524153753666
9.182,0.02027498518172921,0.016468870742736286,0.030181654437430483,-0.0022822493130529864,-0.005180272125527408,-0.004968777952738979
9.184000000000001,0.02024909729593638,0.016409073582073663,0.030146539105913694,-0.0022971144278502997,-0.005186627334206939,-0.00497647895587372
9.186,0.020223233469532254,0.016349340156348813,0.03011145385810332,-0.0023119487670326677,-0.005192959677777553,-0.004984155455499684
9.188,0.020197393689193932,0.016289670448834448,0.0300763986784367,-0.002326752359963491,-0.005199269187078581,-0.004991807482328525
9.19,0.020171577941593632,0.016230064442752434,0.03004137355134806,-0.002341525236005726,-0.0052055558929373635,-0.00499943506706324
9.192,0.020145786213398242,0.016170522121274455,0.030006378461268746,-0.002356267424521663,-0.0052118198261688065,-0.005007038240397943
9.194,0.020120018491269542,0.01611104346752157,0.02997141339262699,-0.0023709789548731486,-0.005218061017575604,-0.005014617033018309
9.196,0.020094274761864206,0.01605162846456465,0.02993647832984858,-0.0023856598564213627,-0.0052242794979480145,-0.005022171475601134
9.198,0.0200685550118338,0.015992277095424168,0.029901573257355762,-0.0024003101585270414,-0.005230475298064086,-0.005029701598814107
9.200000000000001,0.020042859227825005,0.015932989343070636,0.02986669815956855,-0.0024149298905500327,-0.005236648448689651,-0.005037207433316482
9.202,0.020017187396479175,0.015873765190424605,0.02983185302090341,-0.002429519081849296,-0.00524279898057789,-0.005044689009758407
9.204,0.019991539504432998,0.015814604620356443,0.029797037825774586,-0.0024440777617831255,-0.0052489269244695436,-0.005052146358780929
9.206,0.019965915538318058,0.01575550761568656,0.029762252558592994,-0.002458605959709148,-0.005255032311092922,-0.005059579511016432
9.208,0.01994031548476105,0.015696474159185847,0.029727497203767106,-0.002473103704983881,-0.005261115171163677,-0.005066988497087976
9.21,0.01991473933038379,0.015637504233575017,0.029692771745702284,-0.0024875710269629536,-0.005267175535384805,-0.005074373347609518
9.212,0.019889187061802982,0.015578597821525708,0.02965807616880145,-0.0025020079550008845,-0.005273213434447088,-0.00508173409318613
9.214,0.019863658665630668,0.015519754905659378,0.029623410457464416,-0.0025164145184515263,-0.00527922889902821,-0.005089070764413339
9.216000000000001,0.019838154128474006,0.01546097546854841,0.029588774596088552,-0.0025307907466673996,-0.005285221959793196,-0.00509638339187779
9.218,0.01981267343693527,0.015402259492715675,0.02955416856906834,-0.0025451366690001365,-0.005291192647394638,-0.005103672006156579
9.22,0.019787216577612288,0.015343606960634748,0.0295195923607956,-0.002559452314799815,-0.005297140992472249,-0.005110936637817698
9.222,0.019761783537097788,0.01528501785472991,0.02948504595565926,-0.0025737377134156247,-0.005303067025652641,-0.005118177317419814
9.224,0.01973637430197983,0.01522649215737637,0.029450529338045817,-0.0025879928941954233,-0.005308970777549771,-0.005125394075512046
9.226,0.019710988858841816,0.015168029850900266,0.02941604249233909,-0.002602217886485958,-0.005314852278764937,-0.0051325869426341875
9.228,0.0196856271942627,0.015109630917578443,0.02938158540292024,-0.0026164127196321996,-0.0053207115598861154,-0.00513975594931626
9.23,0.019660289294816335,0.015051295339639337,0.029347158054167988,-0.002630577422978231,-0.005326548651488405,-0.005146901126079184
9.232,0.019634975147072353,0.014993023099262093,0.02931276043045794,-0.002644712025866358,-0.0053323635841340256,-0.005154022503433886
9.234,0.019609684737595723,0.014934814178577449,0.029278392516163487,-0.0026588165576375555,-0.005338156388372095,-0.005161120111881967
9.236,0.01958441805294675,0.014876668559667294,0.029244054295655575,-0.002672891047631021,-0.005343927094738854,-0.005168193981915259
9.238,0.01955917507968108,0.01481858622456489,0.029209745753302263,-0.0026869355251848415,-0.005349675733756998,-0.005175244144016045
9.24,0.019533955804350134,0.014760567155255089,0.02917546687346939,-0.0027009500196353287,-0.005355402335936343,-0.0051822706286563935
9.242,0.019508760213500898,0.014702611333674565,0.029141217640519912,-0.002714934560317017,-0.005361106931773385,-0.005189273466299271
9.244,0.01948358829367547,0.014644718741711138,0.02910699803881478,-0.0027288891765628875,-0.005366789551751516,-0.005196252687397207
9.246,0.019458440031411728,0.014586889361204891,0.02907280805271184,-0.002742813897704144,-0.005372450226340808,-0.005203208322393182
9.248,0.019433315413243335,0.014529123173947278,0.029038647666567163,-0.002756708753069992,-0.0053780889859980086,-0.005210140401720187
9.25,0.01940821442569951,0.014471420161682014,0.02900451686473393,-0.002770573771988305,-0.005383705861166321,-0.005217048955801218
9.252,0.01938313705530481,0.014413780306104629,0.028970415631562885,-0.0027844089837845143,-0.005389300882276071,-0.005223934015049281
9.254,0.019358083288579797,0.014356203588862915,0.028936343951402543,-0.0027982144177824964,-0.0053948740797435946,-0.005230795609867167
9.256,0.019333053112040588,0.014298689991556479,0.028902301808598985,-0.0028119901033041295,-0.005400425483972349,-0.005237633770647898
9.258000000000001,0.019308046512199084,0.014241239495737412,0.028868289187495844,-0.0028257360696692935,-0.005405955125351802,-0.005244448527774281
9.26,0.019283063475562967,0.014183852082910064,0.028834306072434313,-0.002839452346195648,-0.005411463034258102,-0.00525123991161891
9.262,0.019258103988635478,0.014126527734531047,0.028800352447753585,-0.0028531389621988534,-0.005416949241053848,-0.005258007952543942
9.264,0.019233168037916082,0.014069266432009897,0.028766428297790192,-0.002866795946992573,-0.0054224137760878754,-0.005264752680901763
9.266,0.019208255609899583,0.01401206815670819,0.02873253360687844,-0.0028804233298882487,-0.0054278566696956965,-0.005271474127033882
9.268,0.01918336669107701,0.013954932889940208,0.02869866835935042,-0.002894021140195102,-0.005433277952198834,-0.005278172321272034
9.27,0.019158501267934946,0.013897860612973156,0.02866483253953578,-0.0029075894072199127,-0.005438677653905488,-0.005284847293937078
9.272,0.01913365932695621,0.013840851307027169,0.02863102613176216,-0.002921128160267239,-0.005444055805109649,-0.005291499075339878
9.274000000000001,0.01910884085461939,0.013783904953274861,0.028597249120354773,-0.0029346374286394195,-0.005449412436091761,-0.005298127695780641
9.276,0.019084045837398866,0.01372702153284222,0.0285635014896366,-0.00294811724163635,-0.00545474757711828,-0.0053047331855489155
9.278,0.019059274261765458,0.013670201026807938,0.02852978322392863,-0.0029615676285554837,-0.005460061258442117,-0.005311315574923814
9.28,0.019034526114185546,0.013613443416203852,0.028496094307549402,-0.0029749886186918317,-0.0054653535103019735,-0.005317874894174013
9.282,0.019009801381121738,0.013556748682015396,0.028462434724815466,-0.0029883802413377403,-0.0054706243629230045,-0.005324411173557531
9.284,0.018985100049032644,0.013500116805180928,0.028428804460040924,-0.003001742525782891,-0.005475873846516155,-0.005330924443321505
9.286,0.018960422104372876,0.013443547766592179,0.028395203497538102,-0.0030150755013147457,-0.005481101991278159,-0.005337414733702639
9.288,0.018935767533593495,0.01338704154709447,0.028361631821617106,-0.0030283791972181007,-0.005486308827392206,-0.0053438820749265314
9.290000000000001,0.018911136323141342,0.013330598127486493,0.028328089416585822,-0.0030416536427746443,-0.0054914943850270515,-0.005350326497208346
9.292,0.018886528459459484,0.013274217488520756,0.028294576266750138,-0.0030548988672636224,-0.005496658694337464,-0.005356748030752145
9.294,0.018861943928987213,0.01321789961090336,0.02826109235641372,-0.003068114899961394,-0.005501801785464222,-0.005363146705751332
9.296,0.018837382718160045,0.01316164447529422,0.028227637669878458,-0.0030813017701418755,-0.005506923688533671,-0.005369522552388428
9.298,0.018812844813409724,0.013105452062306844,0.0281942121914438,-0.003094459507075431,-0.005512024433658169,-0.005375875600834856
9.3,0.018788330201164438,0.013049322352508996,0.028160815905407643,-0.003107588140030204,-0.0055171040509356395,-0.005382205881250934
9.302,0.01876383886784838,0.012993255326422481,0.028127448796065435,-0.0031206876982710074,-0.005522162570449796,-0.005388513423786323
9.304,0.01873937079988197,0.012937250964522917,0.028094110847711073,-0.0031337582110597673,-0.00552720002227014,-0.0053947982585791365
9.306000000000001,0.018714925983682296,0.01288130924724018,0.028060802044636013,-0.003146799707655301,-0.005532216436451742,-0.005401060415756831
9.308,0.018690504405662667,0.012825430154958628,0.02802752237112993,-0.00315981221731354,-0.005537211843035461,-0.005407299925435316
9.31,0.018666106052232623,0.012769613668016433,0.02799427181148073,-0.0031727957692873066,-0.0055421862720475,-0.005413516817719621
9.312,0.01864173090979837,0.012713859766706692,0.027961050349974315,-0.003185750392826092,-0.00554713975349963,-0.005419711122703452
9.314,0.018617378964762343,0.012658168431276984,0.027927857970894587,-0.00319867611717628,-0.0055520723173894115,-0.00542588287046919
9.316,0.01859305020352342,0.012602539641929145,0.027894694658523678,-0.0032115729715809227,-0.005556983993699527,-0.0054320320910878905
9.318,0.01856874461247715,0.012546973378819715,0.027861560397141716,-0.003224440985279964,-0.0055618748123984485,-0.005438158814619509
9.32,0.01854446217801553,0.012491469622060158,0.027828455171026834,-0.0032372801875100166,-0.0055667448034397715,-0.005444263071112232
9.322000000000001,0.018520202886527004,0.012436028351716644,0.02779537896445583,-0.0032500906075041414,-0.00557159399676288,-0.005450344890603143
9.324,0.018495966724396684,0.012380649547810041,0.027762331761703063,-0.00326287227449229,-0.00557642242229206,-0.005456404303117557
9.326,0.01847175367800613,0.01232533319031659,0.027729313547041556,-0.0032756252177006395,-0.005581230109936941,-0.005462441338669688
9.328,0.018447563733733574,0.012270079259167233,0.027696324304742337,-0.0032883494663522583,-0.005586017089592721,-0.005468456027261759
9.33,0.018423396877953913,0.012214887734248281,0.027663364019074432,-0.00330104504966644,-0.005590783391139942,-0.00547444839888489
9.332,0.018399253097038493,0.012159758595401193,0.02763043267430554,-0.0033137119968589257,-0.0055955290444438255,-0.00548041848351799
9.334,0.018375132377355774,0.012104691822422575,0.027597530254701352,-0.0033263503371419034,-0.00560025407935516,-0.005486366311128865
9.336,0.01835103470527044,0.012049687395064623,0.027564656744526017,-0.0033389600997240088,-0.00560495852571008,-0.00549229191167333
9.338000000000001,0.01832696006714407,0.011994745293034903,0.027531812128041677,-0.0033515413138101025,-0.0056096424133293965,-0.005498195315095655
9.34,0.01830290844933513,0.011939865495996349,0.027498996389508923,-0.0033640940086010485,-0.005614305772019046,-0.005504076551328119
9.342,0.01827887983819876,0.011885047983567487,0.02746620951318679,-0.003376618213294602,-0.0056189486315703085,-0.005509935650291453
9.344,0.01825487422008676,0.011830292735322878,0.027433451483332538,-0.003389113957084078,-0.005623571021759366,-0.005515772641894179
9.346,0.018230891581348052,0.011775599730792452,0.02740072228420165,-0.0034015812691592373,-0.005628172972347301,-0.0055215875560332695
9.348,0.018206931908328228,0.011720968949462396,0.02736802190004828,-0.0034140201787060676,-0.005632754513080318,-0.005527380422593708
9.35,0.018182995187369544,0.011666400370774266,0.027335350315124574,-0.0034264307149063367,-0.005637315673689525,-0.005533151271448267
9.352,0.018159081404811594,0.011611893974126097,0.027302707513681357,-0.003438812906938038,-0.005641856483890484,-0.005538900132458169
9.354000000000001,0.018135190546990643,0.011557449738871961,0.027270093479967894,-0.003451166783974946,-0.005646376973384326,-0.005544627035472205
9.356,0.018111322600239843,0.01150306764432174,0.027237508198231675,-0.0034634923751870605,-0.005650877171856417,-0.005550332010327175
9.358,0.018087477550889464,0.011448747669742021,0.027204951652718634,-0.0034757897097401624,-0.005655357108977244,-0.0055560150868478875
9.36,0.018063655385266664,0.0113944897943552,0.027172423827673375,-0.003488058816796036,-0.0056598168144019745,-0.00556167629484694
9.362,0.018039856089695494,0.0113402939973406,0.027139924707338947,-0.003500299725512024,-0.005664256317770455,-0.005567315664124939
9.364,0.01801607965049734,0.011286160257833577,0.02710745427595662,-0.003512512465041473,-0.005668675648707433,-0.005572933224469834
9.366,0.01799232605399026,0.01123208855492619,0.02707501251776634,-0.0035246970645335107,-0.005673074836822112,-0.005578529005657584
9.368,0.017968595286489863,0.011178078867667418,0.027042599417006707,-0.003536853553132824,-0.0056774539117083744,-0.005584103037451937
9.370000000000001,0.017944887334308435,0.011124131175062502,0.02701021495791478,-0.00354898195997988,-0.005681812902944561,-0.005589655349604206
9.372,0.017921202183755813,0.011070245456073602,0.026977859124726056,-0.003561082314210706,-0.0056861518400939115,-0.005595185971853267
9.374,0.01789753982113851,0.011016421689619804,0.026945531901674702,-0.0035731546449571105,-0.005690470752704124,-0.005600694933925787
9.376,0.017873900232760587,0.010962659854577117,0.02691323327299333,-0.003585198981346238,-0.0056947696703071315,-0.005606182265535775
9.378,0.01785028340492323,0.010908959929778694,0.026880963222913445,-0.0035972153525010153,-0.005699048622419545,-0.005611647996384805
9.38,0.017826689323924727,0.010855321894014835,0.026848721735664993,-0.0036092037875394833,-0.005703307638542654,-0.005617092156162018
9.382,0.01780311797606071,0.010801745726032541,0.026816508795476368,-0.0036211643155752427,-0.0057075467481617626,-0.005622514774544118
9.384,0.017779569347623925,0.010748231404536623,0.026784324386574854,-0.003633096965717675,-0.005711765980746852,-0.005627915881194934
9.386000000000001,0.017756043424904666,0.01069477890818904,0.0267521684931864,-0.0036450017670708323,-0.005715965365751918,-0.005633295505765856
9.388,0.01773254019419035,0.010641388215608893,0.02672004109953563,-0.003656878748734771,-0.005720144932615856,-0.005638653677895622
9.39,0.017709059641765945,0.010588059305373099,0.026687942189845604,-0.0036687279398044392,-0.005724304710761352,-0.005643990427210088
9.392,0.017685601753913538,0.01053479215601616,0.0266558717483385,-0.003680549369370123,-0.00572844472959555,-0.005649305783322678
9.394,0.017662166516912547,0.01048158674603017,0.02662382975923494,-0.003692343066517445,-0.0057325650185096055,-0.005654599775833935
9.396,0.017638753917040173,0.010428443053864811,0.026591816206754215,-0.003704109060327143,-0.005736665606879354,-0.005659872434331525
9.398,0.017615363940570727,0.010375361057927579,0.026559831075114504,-0.003715847379874848,-0.005740746524064422,-0.005665123788390458
9.4,0.01759199657377608,0.010322340736584223,0.026527874348532876,-0.003727558054231528,-0.005744807799408669,-0.00567035386757242
9.402000000000001,0.01756865180292544,0.010269382068157862,0.02649594601122507,-0.003739241112463043,-0.005748849462240191,-0.005675562701426884
9.404,0.017545329614285787,0.01021648503093009,0.026464046047405487,-0.003750896583630592,-0.005752871541870874,-0.00568075031948978
9.406,0.017522029994121446,0.010163649603140534,0.026432174441287648,-0.003762524496789821,-0.005756874067597062,-0.005685916751284381
9.408,0.017498752928694294,0.01011087576298686,0.026400331177083514,-0.003774124880991936,-0.005760857068698888,-0.005691062026320859
9.41,0.017475498404263767,0.010058163488625205,0.02636851623900416,-0.003785697765282592,-0.005764820574440277,-0.005696186174096285
9.412,0.01745226640708708,0.010005512758169743,0.026336729611259546,-0.0037972431787023364,-0.00576876461406961,-0.005701289224094852
9.414,0.017429056923418784,0.00995292354969357,0.02630497127805831,-0.0038087611502868324,-0.005772689216818838,-0.0057063712057874305
9.416,0.01740586993951121,0.009900395841227816,0.02627324122360819,-0.0038202517090664134,-0.005776594411904146,-0.00571143214863179
9.418000000000001,0.017382705441614466,0.009847929610762307,0.026241539432115824,-0.003831714884066084,-0.0057804802285250645,-0.005716472082072599
9.42,0.017359563415975998,0.009795524836245795,0.02620986588778651,-0.00384315070430552,-0.005784346695865583,-0.005721491035541204
9.422,0.017336443848841254,0.009743181495585507,0.026178220574824662,-0.003854559198799068,-0.005788193843093037,-0.005726489038455629
9.424,0.017313346726453238,0.00969089956664737,0.026146603477433583,-0.003865940396555967,-0.005792021699358774,-0.005731466120220796
9.426,0.017290272035052734,0.00963867902725668,0.026115014579815687,-0.0038772943265799054,-0.005795830293797932,-0.005736422310228306
9.428,0.017267219760878305,0.009586519855197206,0.02608345386617228,-0.0038886210178690206,-0.005799619655529442,-0.005741357637856215
9.43,0.017244189890166517,0.009534422028211864,0.026051921320703553,-0.0038999204994158987,-0.0058033898136555795,-0.0057462721324694765
9.432,0.017221182409151492,0.009482385524002712,0.026020416927608814,-0.003911192800208019,-0.005807140797262633,-0.005751165823419502
9.434000000000001,0.017198197304065133,0.009430410320231175,0.02598894067108648,-0.003922437949227087,-0.005810872635420683,-0.005756038740043934
9.436,0.017175234561137342,0.009378496394517821,0.02595749253533386,-0.003933655975449257,-0.005814585357182933,-0.005760890911667316
9.438,0.017152294166596027,0.009326643724442585,0.02592607250454737,-0.003944846907844912,-0.005818278991586379,-0.005765722367600645
9.44,0.01712937610666687,0.009274852287544766,0.025894680562922545,-0.003956010775378882,-0.005821953567651805,-0.005770533137141154
9.442,0.01710648036757334,0.009223122061323474,0.025863316694653804,-0.003967147607010446,-0.0058256091143833455,-0.00577532324957275
9.444,0.01708360693553712,0.009171453023236742,0.025831980883934902,-0.003978257431692889,-0.0058292456607687,-0.005780092734165354
9.446,0.01706075579677746,0.009119845150702854,0.025800673114958705,-0.003989340278373943,-0.005832863235778918,-0.005784841620175563
9.448,0.01703792693751205,0.009068298421099685,0.02576939337191697,-0.004000396175995569,-0.005836461868368614,-0.005789569936846206
9.450000000000001,0.017015120343956358,0.009016812811764918,0.02573814163900079,-0.004011425153493509,-0.005840041587475975,-0.005794277713406348
9.452,0.01699233600232386,0.008965388299996047,0.02570691790040036,-0.004022427239798176,-0.005843602422022309,-0.005798964979071064
9.454,0.01696957389882625,0.008914024863050374,0.025675722140305002,-0.004033402463833546,-0.005847144400912274,-0.005803631763042105
9.456,0.01694683401967323,0.00886272247814568,0.02564455434290336,-0.004044350854518042,-0.005850667553034095,-0.005808278094507235
9.458,0.016924116351072493,0.00881148112245933,0.02561341449238297,-0.0040552724407638685,-0.005854171907259342,-0.005812904002640007
9.46,0.016901420879229967,0.008760300773129392,0.025582302572930926,-0.004066167251477237,-0.005857657492442492,-0.00581750951660065
9.462,0.016878747590349796,0.008709181407253741,0.025551218568733658,-0.004077035315558586,-0.005861124337421808,-0.00582209466553496
9.464,0.016856096470633908,0.00865812300189095,0.02552016246397626,-0.0040878766619019125,-0.005864572471018237,-0.005826659478575191
9.466000000000001,0.016833467506282895,0.008607125534059845,0.025489134242843603,-0.004098691319394998,-0.005868001922036292,-0.005831203984839606
9.468,0.016810860683495354,0.008556188980739954,0.025458133889519674,-0.004109479316919851,-0.005871412719263613,-0.005835728213432034
9.47,0.016788275988467882,0.008505313318871055,0.02542716138818757,-0.004120240683352039,-0.005874804891470964,-0.0058402321934425405
9.472,0.016765713407395744,0.008454498525353626,0.02539621672302994,-0.004130975447560914,-0.005878178467412232,-0.005844715953947199
9.474,0.016743172926472205,0.008403744577049066,0.025365299878228775,-0.00414168363840961,-0.00588153347582443,-0.005849179524007875
9.476,0.01672065453188898,0.00835305145077947,0.02533441083796517,-0.004152365284755044,-0.005884869945427473,-0.00585362293267222
9.478,0.016698158209836,0.008302419123327853,0.025303549586419782,-0.0041630204154474715,-0.005888187904924402,-0.005858046208973677
9.48,0.01667568394650143,0.008251847571438153,0.025272716107772375,-0.0041736490593309306,-0.005891487383001381,-0.0058624493819317
9.482,0.01665323172807187,0.008201336771815226,0.02524191038620227,-0.004184251245243242,-0.0058947684083277,-0.0058668324805515315
9.484,0.016630801540732598,0.008150886701125293,0.025211132405888126,-0.0041948270020155665,-0.005898031009555105,-0.005871195533823759
9.486,0.016608393370666663,0.008100497335995271,0.02518038215100793,-0.004205376358472623,-0.005901275215318691,-0.005875538570724981
9.488,0.01658600720405623,0.00805016865301389,0.025149659605739227,-0.004215899343432694,-0.005904501054236455,-0.005879861620217364
9.49,0.016563643027081243,0.007999900628731016,0.0251189647542589,-0.0042263959857071765,-0.005907708554909075,-0.005884164711248863
9.492,0.016541300825920757,0.007949693239657663,0.025088297580743157,-0.004236866314101251,-0.0059108977459203516,-0.005888447872752778
9.494,0.016518980586751608,0.007899546462266649,0.025057658069367994,-0.004247310357413436,-0.005914068655836768,-0.0058927111336479765
9.496,0.016496682295749743,0.00784946027299216,0.025027046204308734,-0.004257728144435369,-0.005917221313207488,-0.005896954522839337
9.498,0.01647440593908933,0.007799434648230186,0.024996461969740036,-0.0042681197039522445,-0.005920355746564576,-0.005901178069216639
9.5,0.016452151502943213,0.007749469564338307,0.024965905349836115,-0.004278485064742377,-0.005923471984423001,-0.005905381801655674
9.502,0.01642991897348267,0.00769956499763591,0.024935376328770742,-0.004288824255577195,-0.005926570055280189,-0.005909565749017354
9.504,0.016407708336877658,0.007649720924404191,0.024904874890717466,-0.00429913730522169,-0.00592964998761647,-0.005913729940147938
9.506,0.016385519579296792,0.007599937320886152,0.024874401019848946,-0.004309424242433746,-0.005932711809894631,-0.005917874403879253
9.508000000000001,0.01636335268690714,0.00755021416328705,0.0248439547003374,-0.004319685095964365,-0.005935755550560584,-0.005921999169028691
9.51,0.016341207645874434,0.007500551427774171,0.024813535916355045,-0.004329919894557666,-0.005938781238042257,-0.005926104264398546
9.512,0.016319084442363296,0.007450949090477055,0.02478314465207343,-0.004340128666950882,-0.0059417889007507,-0.0059301897187766794
9.514,0.016296983062536796,0.007401407127487047,0.02475278089166366,-0.004350311441874366,-0.005944778567079201,-0.005934255560936075
9.516,0.01627490349255689,0.007351925514858193,0.024722444619296402,-0.0043604682480515855,-0.0059477502654039505,-0.005938301819635283
9.518,0.016252845718583986,0.007302504228606788,0.02469213581914209,-0.004370599114198459,-0.005950704024083153,-0.005942328523617535
9.52,0.016230809726777595,0.007253143244711824,0.024661854475370726,-0.004380704069024244,-0.005953639871457916,-0.005946335701611627
9.522,0.016208795503295903,0.007203842539114325,0.02463160057215208,-0.0043907831412308695,-0.005956557835851806,-0.005950323382331479
9.524000000000001,0.01618680303429576,0.0071546020877182315,0.02460137409365526,-0.004400836359513383,-0.005959457945570845,-0.005954291594475913
9.526,0.016164832305932908,0.0071054218663901825,0.024571175024049596,-0.004410863752559502,-0.005962340228903296,-0.005958240366728873
9.528,0.016142883304361977,0.007056301850959512,0.02454100334750353,-0.004420865349049619,-0.005965204714119876,-0.0059621697277596475
9.53,0.016120956015736265,0.0070072420172184735,0.02451085904818573,-0.004430841177657019,-0.005968051429473764,-0.005966079706222427
9.532,0.016099050426208183,0.006958242340922016,0.024480742110264186,-0.004440791267047661,-0.005970880403200596,-0.005969970330756302
9.534,0.01607716652192881,0.00690930279778823,0.02445065251790668,-0.004450715645880399,-0.0059736916635180215,-0.005973841629985266
9.536,0.016055304289048333,0.006860423363498125,0.024420590255280983,-0.004460614342806535,-0.005976485238626372,-0.005977693632518433
9.538,0.016033463713715834,0.006811604013696071,0.02439055530655443,-0.004470487386469824,-0.005979261156707993,-0.005981526366949597
9.540000000000001,0.01601164478207906,0.0067628447239893585,0.024360547655894127,-0.004480334805507136,-0.005982019445927689,-0.005985339861857897
9.542,0.01598984748028509,0.00671414546994864,0.024330567287467186,-0.004490156628547348,-0.0059847601344322765,-0.005989134145806929
9.544,0.0159680717944799,0.006665506227108153,0.02430061418544005,-0.004499952884212011,-0.005987483250351033,-0.005992909247345191
9.546,0.015946317710808566,0.006616926970965276,0.024270688333979606,-0.004509723601115567,-0.00599018882179525,-0.005996665195006079
9.548,0.015924585215414844,0.00656840767698097,0.024240789717252076,-0.004519468807864246,-0.005992876876858455,-0.006000402017307449
9.55,0.015902874294442038,0.0065199483205795605,0.02421091831942368,-0.004529188533057393,-0.005995547443616189,-0.006004119742752501
9.552,0.015881184934032122,0.006471548877149402,0.02418107412466064,-0.004538882805286137,-0.0059982005501264535,-0.006007818399828446
9.554,0.015859517120326183,0.0064232093220424336,0.024151257117128955,-0.004548551653134281,-0.00600083622442904,-0.0060114980170076215
9.556000000000001,0.01583787083946464,0.006374929630574178,0.024121467280994402,-0.0045581951051778535,-0.006003454494545757,-0.006015158622747041
9.558,0.015816246077587026,0.0063267097780241865,0.024091704600422537,-0.004567813189985337,-0.006006055388480647,-0.006018800245488176
9.56,0.015794642820831983,0.006278549739636041,0.024061969059579136,-0.00457740593611744,-0.006008638934219768,-0.006022422913656955
9.562,0.015773061055337045,0.006230449490617129,0.024032260642629977,-0.004586973372126879,-0.006011205159731192,-0.006026026655664207
9.564,0.0157515007672393,0.006182409006139089,0.024002579333740393,-0.004596515526558598,-0.006013754092964785,-0.006029611499905219
9.566,0.015729961942674953,0.006134428261337588,0.023972925117075716,-0.004606032427949991,-0.006016285761852647,-0.00603317747475951
9.568,0.015708444567779534,0.0060865072313127655,0.023943297976801725,-0.00461552410483046,-0.006018800194308449,-0.006036724608591504
9.57,0.01568694862868747,0.006038645891128791,0.02391369789708353,-0.004624990585721189,-0.0060212974182281,-0.006040252929749856
9.572000000000001,0.015665474111532962,0.005990844215814306,0.023884124862086686,-0.004634431899135816,-0.006023777461489521,-0.0060437624665676815
9.574,0.015644021002449104,0.005943102180362425,0.023854578855976527,-0.004643848073579981,-0.006026240351951984,-0.0060472532473623275
9.576,0.015622589287568323,0.005895419759730736,0.023825059862918385,-0.004653239137551113,-0.006028686117456994,-0.006050725300435822
9.578,0.015601178953022599,0.00584779692884152,0.023795567867077816,-0.004662605119538643,-0.006031114785827629,-0.006054178654074427
9.58,0.015579789984943027,0.005800233662581533,0.023766102852620152,-0.004671946048024012,-0.006033526384869203,-0.0060576133365486395
9.582,0.015558422369460256,0.0057527299358026696,0.02373666480371117,-0.004681261951480664,-0.006035920942368156,-0.006061029376113192
9.584,0.01553707609270405,0.005705285723321074,0.023707253704516207,-0.004690552858373831,-0.006038298486093385,-0.006064426801007494
9.586,0.015515751140803946,0.005657900999918475,0.023677869539201035,-0.0046998187971605265,-0.006040659043794916,-0.006067805639454749
9.588000000000001,0.015494447499888597,0.005610575740340851,0.023648512291931656,-0.00470905979628955,-0.006043002643204787,-0.006071165919662391
9.59,0.015473165156086433,0.005563309919299764,0.023619181946873846,-0.004718275884201706,-0.006045329312036607,-0.0060745076698223155
9.592,0.015451904095524993,0.005516103511471693,0.023589878488193383,-0.00472746708932914,-0.006047639077986,-0.006077830918110427
9.594,0.015430664304331376,0.005468956491498256,0.02356060190005671,-0.004736633440096227,-0.006049931968729716,-0.0060811356926866456
9.596,0.015409445768632235,0.00542186883398621,0.02353135216663005,-0.004745774964918681,-0.006052208011926297,-0.006084422021695346
9.598,0.015388248474554,0.005374840513508117,0.02350212927207984,-0.004754891692203778,-0.006054467235216077,-0.006087689933264695
9.6,0.015367072408222215,0.005327871504601234,0.023472933200572754,-0.0047639836503508,-0.006056709666220961,-0.006090939455506872
9.602,0.015345917555761979,0.005280961781769067,0.023443763936275452,-0.00477305086775015,-0.006058935332544202,-0.006094170616518069
9.604000000000001,0.015324783903298389,0.005234111319480039,0.023414621463355045,-0.004782093372784235,-0.0060611442617706235,-0.006097383444378712
9.606,0.015303671436955879,0.005187320092168379,0.023385505765978865,-0.0047911111938268025,-0.006063336481466619,-0.006100577967153242
9.608,0.015282580142858215,0.00514058807423412,0.02335641682831424,-0.00480010435924294,-0.006065512019180153,-0.006103754212889667
9.61,0.015261510007129386,0.005093915240042879,0.02332735463452873,-0.004809072897389299,-0.006067670902440536,-0.00610691220962023
9.612,0.015240461015892715,0.005047301563926521,0.02329831916879055,-0.004818016836614092,-0.006069813158758652,-0.006110051985360965
9.614,0.015219433155271078,0.005000747020182272,0.023269310415267697,-0.004826936205256871,-0.006071938815626732,-0.006113173568111696
9.616,0.015198426411387134,0.00495425158307361,0.023240328358128615,-0.00483583103164853,-0.006074047900518353,-0.0061162769858560395
9.618,0.015177440770363537,0.004907815226830037,0.02321137298154219,-0.004844701344111302,-0.0060761404408886666,-0.006119362266561845
9.620000000000001,0.015156476218322057,0.004861437925647305,0.023182444269677527,-0.004853547170958761,-0.006078216464173947,-0.00612242943818031
9.622,0.015135532741384905,0.004815119653687194,0.02315354220670396,-0.0048623685404955985,-0.0060802759977920395,-0.006125478528646422
9.624,0.015114610325673405,0.004768860385077733,0.02312466677679126,-0.004871165481018069,-0.006082319069142139,-0.006128509565879181
9.626,0.015093708957309104,0.004722660093913422,0.0230958179641092,-0.004879938020813324,-0.006084345705604344,-0.006131522577781157
9.628,0.015072828622413326,0.00467651875425501,0.023066995752828445,-0.004888686188159852,-0.006086355934540544,-0.0061345175922387085
9.63,0.01505196930710695,0.00463043634012994,0.023038200127119657,-0.004897410011327263,-0.006088349783293756,-0.006137494637121543
9.632,0.015031130997510855,0.004584412825532125,0.023009431071154163,-0.004906109518576507,-0.0060903272791881236,-0.00614045374028338
9.634,0.015010313679745924,0.00453844818442195,0.02298068856910329,-0.004914784738159206,-0.006092288449528915,-0.0061433949295612855
9.636000000000001,0.01498951733993259,0.004492542390726717,0.022951972605139037,-0.004923435698318546,-0.006094233321602971,-0.006146318232775894
9.638,0.01496874196419129,0.004446695418340418,0.022923283163433616,-0.004932062427288386,-0.006096161922678034,-0.00614922367773163
9.64,0.01494798753864246,0.004400907241123964,0.022894620228159912,-0.004940664953293705,-0.006098074280002974,-0.006152111292216489
9.642,0.014927254049406313,0.004355177832904955,0.02286598378349125,-0.004949243304550377,-0.00609997042080801,-0.006154981104001589
9.644,0.014906541482603286,0.004309507167478133,0.02283737381360118,-0.004957797509265394,-0.006101850372304263,-0.006157833140842062
9.646,0.014885849824353592,0.004263895218605374,0.022808790302663695,-0.004966327595636422,-0.006103714161684204,-0.006160667430475941
9.648,0.014865179060777445,0.004218341960015692,0.022780233234853675,-0.004974833591852246,-0.006105561816121208,-0.0061634840006252745
9.65,0.014844529177994836,0.004172847365405019,0.022751702594346,-0.004983315526092547,-0.006107393362769553,-0.006166282878995011
9.652000000000001,0.014823900162126202,0.004127411408436865,0.022723198365316444,-0.004991773426527457,-0.006109208828765089,-0.0061690640932736684
9.654,0.014803291999291757,0.004082034062741879,0.022694720531940993,-0.005000207321318451,-0.006111008241224347,-0.006171827671133334
9.656,0.014782704675611713,0.00403671530191807,0.022666269078396528,-0.00500861723861723,-0.0061127916272447624,-0.0061745736402292195
9.658,0.014762138177206507,0.003991455099531249,0.02263784398885993,-0.005017003206566617,-0.006114559013904897,-0.0061773020281998825
9.66,0.014741592490196576,0.00394625342911481,0.022609445247509186,-0.005025365253299885,-0.006116310428264438,-0.006180012862667228
9.662,0.014721067600702575,0.003901110264169283,0.02258107283852251,-0.0050337034069414255,-0.006118045897363755,-0.006182706171236507
9.664,0.014700563494845165,0.0038560255781632247,0.022552726746078777,-0.005042017695605638,-0.006119765448224346,-0.006185381981495874
9.666,0.014680080158745223,0.003810999344532995,0.022524406954357312,-0.005050308147398042,-0.006121469107848387,-0.006188040321017052
9.668000000000001,0.014659617578523854,0.003766031536682757,0.022496113447538324,-0.005058574790414383,-0.006123156903219185,-0.0061906812173548875
9.67,0.014639175740301935,0.0037211221279844775,0.022467846209802467,-0.005066817652741529,-0.006124828861300946,-0.006193304698047353
9.672,0.014618754630201014,0.0036762710917781494,0.02243960522533106,-0.005075036762456131,-0.0061264850090383405,-0.006195910790615544
9.674,0.014598354234342859,0.0036314784013717905,0.022411390478306092,-0.00508323214762596,-0.006128125373357385,-0.006198499522563683
9.676,0.014577974538849015,0.0035867440300416664,0.022383201952910214,-0.005091403836309016,-0.006129749981164556,-0.006201070921379115
9.678,0.014557615529841694,0.0035420679510320685,0.022355039633326523,-0.005099551856553752,-0.006131358859347458,-0.00620362501453231
9.68,0.01453727719344311,0.0034974501375557576,0.022326903503739004,-0.005107676236399072,-0.006132952034773931,-0.006206161829476642
9.682,0.01451695951577614,0.0034528905627937423,0.022298793548332307,-0.005115777003874333,-0.006134529534293165,-0.006208681393648829
9.684000000000001,0.01449666248296344,0.0034083891998955007,0.02227070975129175,-0.005123854186999122,-0.00613609138473481,-0.006211183734468273
9.686,0.014476386081128334,0.0033639460219787587,0.02224265209680354,-0.005131907813783254,-0.006137637612909197,-0.006213668879337497
9.688,0.014456130296394365,0.0033195610021299338,0.0222146205690541,-0.0051399379122272215,-0.0061391682456075625,-0.006216136855641929
9.69,0.014435895114885522,0.003275234113404135,0.022186615152231193,-0.005147944510321523,-0.006140683309601602,-0.006218587690750121
9.692,0.014415680522726015,0.003230965328824942,0.0221586358305228,-0.0051559276360471085,-0.006142182831643916,-0.006221021412013306
9.694,0.014395486506040722,0.0031867546213850684,0.022130682588118233,-0.005163887317374716,-0.006143666838467343,-0.006223438046765839
9.696,0.014375313050954519,0.003142601964045477,0.02210275540920703,-0.0051718235822657554,-0.006145135356786069,-0.006225837622324759
9.698,0.014355160143592949,0.0030985073297367105,0.022074854277979616,-0.0051797364586716466,-0.006146588413294074,-0.006228220165990006
9.700000000000001,0.014335027770081998,0.00305447069135778,0.022046979178627524,-0.005187625974533816,-0.006148026034666687,-0.0062305857050442
9.702,0.014314915916548099,0.003010492021776834,0.022019130095342954,-0.005195492157783699,-0.006149448247559253,-0.006232934266753087
9.704,0.014294824569118125,0.002966571293831155,0.021991307012318773,-0.005203335036343404,-0.00615085507860802,-0.006235265878365093
9.706,0.014274753713919397,0.002922708480327385,0.021963509913748958,-0.005211154638124382,-0.006152246554429475,-0.006237580567111323
9.708,0.014254703337079677,0.002878903554041079,0.02193573878382793,-0.005218950991028537,-0.006153622701621009,-0.006239878360205342
9.71,0.014234673424727617,0.002835156487717594,0.02190799360675122,-0.005226724122947557,-0.006154983546760473,-0.006242159284844062
9.712,0.014214663962992091,0.0027914672540709784,0.021880274366715247,-0.005234474061763139,-0.006156329116405734,-0.006244423368206631
9.714,0.014194674938002416,0.0027478358257853053,0.02185258104791732,-0.0052422008353472105,-0.006157659437095786,-0.006246670637454876
9.716000000000001,0.014174706335888798,0.002704262175514005,0.02182491363455541,-0.00524990447156104,-0.006158974535349637,-0.00624890111973353
9.718,0.014154758142781887,0.002660746275880088,0.021797272110828603,-0.005257584998256348,-0.006160274437666979,-0.00625111484216978
9.72,0.014134830344812999,0.002617288099476367,0.02176965646093687,-0.0052652424432744205,-0.006161559170527742,-0.006253311831873498
9.722,0.014114922928114115,0.0025738876188650117,0.021742066669081073,-0.005272876834446327,-0.006162828760392314,-0.006255492115937011
9.724,0.014095035878817663,0.0025305448065784386,0.02171450271946318,-0.005280488199592925,-0.006164083233701767,-0.006257655721435107
9.726,0.014075169183056735,0.002487259635118644,0.02168696459628583,-0.0052880765665253016,-0.006165322616876967,-0.006259802675425474
9.728,0.01405532282696531,0.0024440320769576473,0.021659452283752767,-0.005295641963043662,-0.006166546936319683,-0.006261933004948039
9.73,0.014035496796678038,0.0024008621045374934,0.021631965766068628,-0.0053031844169382225,-0.006167756218411924,-0.006264046737025408
9.732,0.014015691078330228,0.002357749690270472,0.021604505027438936,-0.005310703955988982,-0.006168950489515712,-0.006266143898662424
9.734,0.013995905658057639,0.002314694806538675,0.021577070052070546,-0.005318200607965506,-0.006170129775973754,-0.006268224516846832
9.736,0.01397614052199736,0.002271697425694663,0.021549660824171202,-0.005325674400626923,-0.006171294104108771,-0.00627028861854817
9.738,0.013956395656286702,0.002228757520061242,0.021522277327949535,-0.005333125361722146,-0.006172443500223945,-0.006272336230718878
9.74,0.013936671047063864,0.0021858750619314637,0.021494919547615288,-0.005340553518989433,-0.006173577990602475,-0.006274367380293633
9.742,0.013916966680467935,0.0021430500235688488,0.02146758746737909,-0.005347958900156824,-0.006174697601508239,-0.00627638209418957
9.744,0.013897282542638889,0.0021002823772076074,0.021440281071452905,-0.005355341532941926,-0.006175802359184912,-0.0062783803993058385
9.746,0.013877618619717369,0.002057572095052418,0.021413000344049582,-0.0053627014450516874,-0.006176892289856628,-0.006280362322524269
9.748,0.013857974897845127,0.002014919149278427,0.021385745269383083,-0.005370038664182397,-0.006177967419727537,-0.0062823278907089275
9.75,0.013838351363164358,0.001972323512031471,0.02135851583166848,-0.005377353218020131,-0.006179027774982249,-0.006284277130706117
9.752,0.01381874800181837,0.0019297851554285206,0.02133131201512195,-0.005384645134240307,-0.006180073381785167,-0.0062862100693446
9.754,0.013799164799951358,0.001887304051557015,0.02130413380396079,-0.0053919144405076835,-0.006181104266281157,-0.006288126733434929
9.756,0.013779601743708403,0.001844880172475527,0.021276981182403176,-0.005399161164476141,-0.006182120454595097,-0.006290027149770339
9.758000000000001,0.013760058819235477,0.00180251349021332,0.021249854134668844,-0.005406385333789343,-0.006183121972831884,-0.006291911345126078
9.76,0.013740536012679438,0.0017602039767710131,0.021222752644978415,-0.005413586976080076,-0.006184108847076875,-0.006293779346259409
9.762,0.013721033310188258,0.0017179516041203602,0.021195676697553623,-0.005420766118970466,-0.006185081103394996,-0.006295631179910055
9.764,0.013701550697911014,0.0016757563442038048,0.02116862627661753,-0.00542792279007176,-0.006186038767831636,-0.006297466872799751
9.766,0.01368208816199723,0.0016336181689358131,0.021141601366394314,-0.005435057016984546,-0.006186981866411978,-0.006299286451632469
9.768,0.013662645688597763,0.0015915370502013193,0.021114601951109258,-0.0054421688272985325,-0.006187910425141441,-0.006301089943094196
9.77,0.013643223263864579,0.0015495129598572799,0.02108762801498898,-0.005449258248592992,-0.006188824470005461,-0.006302877373852711
9.772,0.013623820873950754,0.0015075458697320077,0.021060679542261207,-0.005456325308435872,-0.00618972402696949,-0.006304648770558474
9.774000000000001,0.01360443850501003,0.0014656357516251717,0.021033756517155,-0.005463370034384463,-0.006190609121978774,-0.006306404159843515
9.776,0.013585076143197483,0.0014237825773080193,0.02100685892390075,-0.005470392453985395,-0.006191479780958575,-0.0063081435683221
9.778,0.013565733774669075,0.001381986318523376,0.02097998674672974,-0.005477392594773978,-0.006192336029814394,-0.0063098670225902875
9.78,0.013546411385582102,0.00134024694698609,0.0209531399698748,-0.005484370484274637,-0.006193177894431523,-0.006311574549226373
9.782,0.01352710896209497,0.0012985644343828096,0.02092631857756988,-0.005491326150001141,-0.006194005400675051,-0.006313266174790444
9.784,0.013507826490367192,0.0012569387523717612,0.020899522554050254,-0.005498259619456158,-0.006194818574390304,-0.006314941925824602
9.786,0.013488563956559174,0.001215369872583194,0.02087275188355253,-0.005505170920131253,-0.006195617441402179,-0.0063166018288529635
9.788,0.013469321346832652,0.0011738577666193795,0.020846006550314433,-0.005512060079506886,-0.006196402027515591,-0.006318245910381437
9.790000000000001,0.013450098647350694,0.0011324024060546112,0.020819286538575454,-0.00551892712505242,-0.006197172358515468,-0.0063198741968979455
9.792,0.013430895844277257,0.0010910037624354274,0.02079259183257598,-0.0055257720842263325,-0.006197928460166313,-0.006321486714871982
9.794,0.013411712923777852,0.0010496618072806108,0.020765922416557947,-0.0055325949844760025,-0.0061986703582128655,-0.006323083490755055
9.796,0.013392549872018877,0.0010083765120809662,0.020739278274764406,-0.005539395853237483,-0.006199398078379215,-0.006324664550980685
9.798,0.013373406675168065,0.0009671478482999873,0.02071265939144018,-0.005546174717935504,-0.006200111646369688,-0.006326229921963966
9.8,0.0133542833193947,0.00092597578737319,0.020686065750830984,-0.005552931605984135,-0.0062008110878684075,-0.006327779630102004
9.802,0.013335179790868956,0.0008848603007087785,0.020659497337184085,-0.00555966654478568,-0.006201496428538844,-0.006329313701773476
9.804,0.01331609607576234,0.0008438013596874239,0.020632954134748527,-0.00556637956173156,-0.006202167694024707,-0.006330832163338851
9.806000000000001,0.013297032160247912,0.0008027989356624854,0.02060643612777424,-0.005573070684201875,-0.006202824909949278,-0.006332335041140391
9.808,0.013277988030499843,0.0007618529999597889,0.020579943300512715,-0.005579739939565176,-0.006203468101915632,-0.0063338223615021505
9.81,0.013258963672693636,0.0007209635238780709,0.020553475637216767,-0.005586387355179134,-0.006204097295506639,-0.006335294150729753
9.812,0.013239959073006347,0.0006801304786889784,0.020527033122140992,-0.005593012958389654,-0.006204712516284738,-0.006336750435110616
9.814,0.013220974217616144,0.0006393538356368467,0.020500615739541317,-0.005599616776531313,-0.006205313789791944,-0.006338191240913726
9.816,0.013202009092702527,0.000598633565939144,0.02047422347367478,-0.0056061988369275895,-0.006205901141550507,-0.006339616594389641
9.818,0.013183063684446772,0.0005579696407860268,0.020447856308800416,-0.005612759166890413,-0.006206474597061806,-0.00634102652177071
9.82,0.013164137979031265,0.0005173620313410066,0.020421514229178372,-0.005619297793720168,-0.006207034181807236,-0.006342421049270852
9.822000000000001,0.013145231962639725,0.00047681070874072695,0.02039519721907035,-0.005625814744705915,-0.006207579921247763,-0.006343800203085337
9.824,0.013126345621457425,0.0004363156440949645,0.02036890526273938,-0.005632310047125166,-0.006208111840823705,-0.006345164009391446
9.826,0.013107478941671191,0.0003958768084866282,0.020342638344450492,-0.005638783728243668,-0.006208629965955392,-0.006346512494347811
9.828,0.013088631909469406,0.0003554941729719818,0.02031639644846983,-0.005645235815316063,-0.006209134322042731,-0.006347845684094411
9.83,0.01306980451104156,0.0003151677085810878,0.020290179559065313,-0.005651666335585226,-0.0062096249344649745,-0.0063491636047532385
9.832,0.013050996732578923,0.0002748973863171411,0.02026398766050619,-0.005658075316282485,-0.0062101018285811715,-0.006350466282427192
9.834,0.013032208560274317,0.00023468317715691356,0.020237820737063483,-0.005664462784627622,-0.006210565029729942,-0.006351753743200961
9.836,0.013013439980321895,0.00019452505205075354,0.020211678773009556,-0.005670828767828651,-0.006211014563229256,-0.006353026013140806
9.838000000000001,0.012994690978917367,0.00015442298192303028,0.02018556175261832,-0.005677173293081816,-0.006211450454376877,-0.006354283118294113
9.84,0.012975961542258219,0.00011437693767124557,0.020159469660165685,-0.00568349638757204,-0.006211872728450141,-0.006355525084690061
9.842,0.012957251656543267,7.438689016714406e-05,0.020133402479928675,-0.00568979807847203,-0.006212281410705733,-0.006356751938338956
9.844,0.012938561307973107,3.445281025626912e-05,0.020107360196186308,-0.005696078392943393,-0.00621267652637969,-0.00635796370523245
9.846,0.012919890482749885,-5.425331241815101e-06,0.020081342793218937,-0.005702337358135523,-0.0062130581006880625,-0.006359160411343989
9.848,0.012901239167077305,-4.5247563533745705e-05,0.02005535025530869,-0.005708575001186045,-0.006213426158825808,-0.006360342082628145
9.85,0.012882607347160624,-8.501391585191698e-05,0.02002938256673925,-0.005714791349221038,-0.006213780725967899,-0.0063615087450206165
9.852,0.012863995009206874,-0.00012472441745470242,0.02000343971179608,-0.005720986429354813,-0.006214121827268215,-0.006362660424438893
9.854000000000001,0.012845402139424866,-0.0001643790976262327,0.019977521674766185,-0.0057271602686894685,-0.0062144494878606515,-0.006363797146781369
9.856,0.012826828724024741,-0.0002039779856763957,0.01995162843993814,-0.005733312894315334,-0.0062147637328580085,-0.00636491893792801
9.858,0.01280827474921864,-0.00024352111094061435,0.01992575999160251,-0.005739444333310972,-0.006215064587352881,-0.006366025823739685
9.86,0.012789740201220479,-0.00028300850278006884,0.019899916314051413,-0.0057455546127429535,-0.006215352076417213,-0.006367117830059055
9.862,0.012771225066245506,-0.00032244019058147444,0.019874097391578527,-0.005751643759665859,-0.0062156262251023,-0.006368194982709463
9.864,0.01275272933051097,-0.0003618162037568595,0.019848303208479523,-0.0057577118011225,-0.006215887058438563,-0.006369257307496046
9.866,0.012734252980235672,-0.0004011365717437876,0.019822533749051408,-0.0057637587641437005,-0.006216134601436218,-0.006370304830204621
9.868,0.012715796001640634,-0.0004404013240051352,0.019796788997593406,-0.005769784675747847,-0.006216368879084833,-0.006371337576602576
9.870000000000001,0.012697358380947987,-0.00047961049002887,0.019771068938406078,-0.00577578956294178,-0.006216589916353099,-0.006372355572438426
9.872,0.012678940104382308,-0.0005187640993284948,0.01974537355579198,-0.005781773452720129,-0.0062167977381890616,-0.00637335884344159
9.874,0.012660541158169503,-0.0005578621814423812,0.01971970283405522,-0.005787736372065311,-0.0062169923695201135,-0.006374347415323056
9.876,0.012642161528537477,-0.0005969047659339921,0.019694056757502132,-0.0057936783479477505,-0.006217173835252998,-0.006375321313774496
9.878,0.012623801201716134,-0.0006358918823918813,0.019668435310440158,-0.005799599407325662,-0.006217342160273809,-0.006376280564468928
9.88,0.012605460163936932,-0.0006748235604296937,0.01964283847717918,-0.005805499577145268,-0.006217497369447766,-0.006377225193060498
9.882,0.012587138401433329,-0.0007136998296854991,0.019617266242030418,-0.005811378884340579,-0.006217639487619664,-0.006378155225184257
9.884,0.012568835900440778,-0.0007525207198226802,0.019591718589307305,-0.005817237355833393,-0.006217768539613422,-0.0063790706864566005
9.886000000000001,0.01255055264719629,-0.000791286260529267,0.019566195503324835,-0.005823075018533075,-0.006217884550232089,-0.006379971602474832
9.888,0.012532288627939092,-0.0008299964815174921,0.019540696968399773,-0.0058288918993372185,-0.0062179875442582855,-0.006380857998817158
9.89,0.012514043828910415,-0.0008686514125249012,0.019515222968850887,-0.005834688025130541,-0.006218077546453538,-0.00638172990104291
9.892,0.01249581823635304,-0.000907251083313243,0.01948977348899894,-0.005840463422786213,-0.006218154581558721,-0.006382587334692547
9.894,0.01247761183651197,-0.000945795523668691,0.019464348513166474,-0.005846218119164304,-0.0062182186742938406,-0.006383430325287209
9.896,0.012459424615633985,-0.0009842847634018437,0.019438948025677805,-0.005851952141113337,-0.006218269849358249,-0.006384258898329387
9.898,0.012441256559968084,-0.0010227188323477243,0.019413572010859026,-0.005857665515468735,-0.006218308131430428,-0.00638507307930225
9.9,0.012423107655765042,-0.0010610977603657812,0.01938822045303845,-0.005863358269054153,-0.006218333545167987,-0.006385872893670097
9.902000000000001,0.012404977889277857,-0.0010994215773394433,0.019362893336546172,-0.005869030428680588,-0.0062183461152078845,-0.0063866583668779064
9.904,0.012386867246761302,-0.0011376903131765648,0.019337590645714053,-0.005874682021146604,-0.006218345866166208,-0.006387429524351784
9.906,0.012368775714472369,-0.0011759039978087582,0.01931231236487596,-0.00588031307323833,-0.006218332822637951,-0.006388186391498518
9.908,0.012350703278669828,-0.0012140626611920613,0.01928705847836798,-0.00588592361172946,-0.006218307009197455,-0.006388928993706244
9.91,0.012332649925614891,-0.0012521663333062705,0.01926182897052775,-0.005891513663381476,-0.006218268450397968,-0.006389657356343337
9.912,0.012314615641570548,-0.001290215044154941,0.019236623825695354,-0.005897083254942759,-0.006218217170772311,-0.006390371504759518
9.914,0.012296600412802006,-0.0013282088237658307,0.019211443028212205,-0.0059026324131497,-0.006218153194831988,-0.00639107146428497
9.916,0.012278604225576695,-0.0013661477021900126,0.01918628656242216,-0.005908161164725811,-0.00621807654706763,-0.006391757260231001
9.918000000000001,0.01226062706616382,-0.0014040317095027621,0.019161154412671078,-0.005913669536382393,-0.00621798725194922,-0.006392428917889603
9.92,0.012242668920835031,-0.0014418608758026696,0.019136046563306586,-0.0059191575548176445,-0.0062178853339256435,-0.00639308646253367
9.922,0.012224729775863752,-0.0014796352312120842,0.019110962998678316,-0.005924625246717552,-0.006217770817424917,-0.0063937299194165575
9.924,0.012206809617526071,-0.0015173548058766695,0.01908590370313812,-0.005930072638755446,-0.006217643726854183,-0.006394359313772746
9.926,0.012188908432099854,-0.001555019629965848,0.019060868661039843,-0.005935499757591778,-0.006217504086599268,-0.006394974670817177
9.928,0.01217102620586541,-0.0015926297336721351,0.019035857856739336,-0.005940906629874565,-0.006217351921025571,-0.0063955760157456965
9.93,0.012153162925105043,-0.0016301851472113604,0.019010871274594443,-0.005946293282238946,-0.006217187254476952,-0.006396163373734831
9.932,0.012135318576103282,-0.0016676859008228906,0.01898590889896523,-0.005951659741307402,-0.006217010111276844,-0.006396736769941791
9.934000000000001,0.012117493145146874,-0.0017051320247691848,0.018960970714213543,-0.005957006033689538,-0.0062168205157271395,-0.00639729622950469
9.936,0.012099686618525007,-0.0017425235493355729,0.018936056704703663,-0.005962332185982522,-0.006216618492109083,-0.0063978417775418794
9.938,0.012081898982528871,-0.0017798605048309213,0.018911166854801875,-0.005967638224770644,-0.006216404064683045,-0.006398373439152616
9.94,0.012064130223452096,-0.0018171429215867452,0.01888630114887624,-0.005972924176625094,-0.0062161772576878604,-0.006398891239416837
9.942,0.012046380327590311,-0.0018543708299576522,0.018861459571297257,-0.005978190068104405,-0.006215938095341933,-0.006399395203395164
9.944,0.01202864928124181,-0.0018915442603211208,0.01883664210643765,-0.0059834359257544545,-0.00621568660184213,-0.006399885356128676
9.946,0.012010937070706884,-0.0019286632430772777,0.01881184873867192,-0.005988661776108017,-0.006215422801364445,-0.006400361722639136
9.948,0.01199324368228849,-0.0019657278086493424,0.01878707945237701,-0.005993867645685214,-0.006215146718064002,-0.006400824327928989
9.950000000000001,0.011975569102291583,-0.002002737987482739,0.018762334231931854,-0.00599905356099284,-0.006214858376074606,-0.006401273196981139
9.952,0.01195791331702356,-0.002039693810045984,0.018737613061717395,-0.006004219548525258,-0.0062145577995089685,-0.00640170835475895
9.954,0.01194027631279404,-0.0020765953068300202,0.018712915926117235,-0.006009365634763508,-0.00621424501245893,-0.006402129826206693
9.956,0.011922658075915304,-0.002113442508348218,0.018688242809516753,-0.006014491846175751,-0.006213920038995013,-0.006402537636248873
9.958,0.011905058592701856,-0.0021502354451363725,0.01866359369630355,-0.0060195982092172695,-0.00621358290316687,-0.0064029318097904575
9.96,0.01188747784947064,-0.002186974147752485,0.018638968570867442,-0.006024684750330467,-0.0062132336290028345,-0.006403312371717318
9.962,0.011869915832541045,-0.0022236586467774266,0.018614367417600697,-0.006029751495944202,-0.006212872240510148,-0.006403679346895341
9.964,0.011852372528234678,-0.0022602889728136066,0.018589790220897573,-0.006034798472474678,-0.006212498761674956,-0.006404032760171319
9.966000000000001,0.011834847922875813,-0.002296865156486083,0.018565236965154552,-0.006039825706324997,-0.006212113216462312,-0.00640437263637228
9.968,0.011817342002790943,-0.0023333872284421187,0.01854070763477056,-0.00604483322388516,-0.00621171562881595,-0.006404699000305714
9.97,0.011799854754309225,-0.002369855219350514,0.018516202214146515,-0.006049821051531845,-0.006211306022658736,-0.00640501187675957
9.972,0.01178238616376226,-0.0024062691599024966,0.018491720687685564,-0.006054789215628853,-0.0062108844218922155,-0.006405311290502258
9.974,0.01176493621748409,-0.002442629080811054,0.018467263039793513,-0.006059737742526661,-0.0062104508503966205,-0.006405597266282648
9.976,0.011747504901811201,-0.0024789350128111565,0.018442829254878168,-0.006064666658562645,-0.00621000533203131,-0.006405869828830069
9.978,0.01173009220308252,-0.0025151869866595344,0.018418419317349555,-0.006069575990061082,-0.006209547890634104,-0.0064061290028540885
9.98,0.011712698107639863,-0.002551385033134679,0.018394033211620142,-0.006074465763332926,-0.006209078550021729,-0.006406374813044735
9.982000000000001,0.01169532260182704,-0.0025875291830366187,0.01836967092210462,-0.006079336004675806,-0.00620859733399004,-0.006406607284072496
9.984,0.011677965671990975,-0.002623619467187144,0.01834533243322012,-0.006084186740374253,-0.00620810426631313,-0.006406826440587876
9.986,0.011660627304480808,-0.00265965591642936,0.01832101772938599,-0.006089017996699475,-0.006207599370744221,-0.006407032307222282
9.988,0.011643307485648346,-0.002695638561628355,0.01829672679502381,-0.006093829799909356,-0.006207082671015218,-0.006407224908586917
9.99,0.01162600620184806,-0.00273156743367009,0.018272459614557812,-0.00609862217624868,-0.0062065541908367106,-0.006407404269273442
9.992,0.011608723439436863,-0.0027674425634622857,0.018248216172414233,-0.006103395151948465,-0.006206013953898193,-0.00640757041385398
9.994,0.011591459184774333,-0.002803263981933979,0.018223996453021973,-0.006108148753226628,-0.006205461983867844,-0.006407723366880891
9.996,0.011574213424222712,-0.002839031720035079,0.018199800440812153,-0.0061128830062877615,-0.006204898304392525,-0.0064078631528867724
9.998,0.011556986144146908,-0.0028747458087370337,0.018175628120218335,-0.006117597937323138,-0.006204322939097784,-0.006407989796384461
