time,joint_1,joint_2,joint_3,joint_4,joint_5,joint_6
0.0,-1.5706381967038248,-1.571273146076058,-1.5691367720844005,-1.5701040171740974,-1.5697061451590466,-1.5697243575771433
0.002,-1.5703124962471606,-1.5719597641013574,-1.5665394652996603,-1.5686722940707107,-1.5675479558468388,-1.5676114551817881
0.004,-1.569819673979548,-1.5724273434534606,-1.5642326143677876,-1.5664971610079683,-1.5648595786772594,-1.5649803880434778
0.006,-1.5691597286139904,-1.5728167941000686,-1.5618141521247508,-1.564014955121042,-1.5619573371876359,-1.562150289831402
0.008,-1.5683320287124254,-1.5730790925832425,-1.5594225432594981,-1.561376525089108,-1.558972314244192,-1.559244587690533
0.01,-1.5673368190393484,-1.573228695040654,-1.5570179009652116,-1.5586702142498063,-1.5559560524078169,-1.5563112758958386
0.012,-1.566174399152794,-1.5732609046388748,-1.55461516493121,-1.5559320347848486,-1.5529295458173287,-1.5533689502066315
0.014,-1.5648463461670952,-1.5731777459636669,-1.5522105224217138,-1.55318052280285,-1.5499010974945098,-1.5504248450025957
0.016,-1.5633673227126514,-1.5729794516156126,-1.5498051810838254,-1.5504217389835264,-1.5468746375987235,-1.5474817718044478
0.018000000000000002,-1.5617507248417333,-1.5726667427213539,-1.5473990242008522,-1.5476588387007602,-1.5438516630654948,-1.5445408233888451
0.02,-1.5600087811135153,-1.5722402321053162,-1.5449922739218063,-1.544893442127375,-1.5408327081390694,-1.5416024242430042
0.022,-1.5581526517317847,-1.5717005937688933,-1.5425849995369219,-1.5421264870282831,-1.5378179233638234,-1.5386667395364197
0.024,-1.5561925193668942,-1.571048497747158,-1.540177295320736,-1.5393585626898756,-1.534807312354316,-1.5357338335071737
0.026000000000000002,-1.554137673452045,-1.570284625612746,-1.5377692331351838,-1.5365900888977915,-1.5318008248248756,-1.532803731141749
0.028,-1.551996587434736,-1.56940966260426,-1.535360882419789,-1.5338213936562881,-1.528798393758314,-1.5298764421191142
0.03,-1.5497769895675193,-1.5684242984299974,-1.5329523062420134,-1.5310527524178843,-1.525799949651241,-1.5269519701459056
0.032,-1.5474859276307134,-1.567329225833317,-1.530543563930112,-1.528284406294807,-1.5228054258448733,-1.5240303165904736
0.034,-1.5451298280813877,-1.566125140130795,-1.5281347110670709,-1.525516571332679,-1.5198147602877858,-1.5211114819027478
0.036000000000000004,-1.5427145740183548,-1.5648207045615428,-1.5257114228674593,-1.5227502272898863,-1.5168278447912669,-1.5181954733166307
0.038,-1.5402455460499733,-1.5634349329315467,-1.5232475277567998,-1.5199857144324114,-1.5138446343975378,-1.5152822962086279
0.04,-1.537727574534443,-1.561969720723898,-1.5207601943748523,-1.5172194065515068,-1.5108653700774382,-1.5123719242541587
0.042,-1.535165105403587,-1.560434390424049,-1.5182450248260893,-1.5144518037201604,-1.5078899930575198,-1.5094643599020334
0.044,-1.5325621835660266,-1.5588337544658661,-1.515707880745928,-1.5116824019262387,-1.5049185136745973,-1.5065595979664188
0.046,-1.5299225147239373,-1.5571740490465034,-1.5131492964892292,-1.508911648044703,-1.501950873005542,-1.5036576400915498
0.048,-1.527249483264122,-1.5554600948135633,-1.5105721388691773,-1.5061397212102083,-1.4989870315230214,-1.500758485982489
0.05,-1.524546186236784,-1.5536967502808252,-1.5079778738198446,-1.5033670051287291,-1.496026936059178,-1.4978621368875038
0.052000000000000005,-1.5218154555331074,-1.5518882549958424,-1.5053684159744287,-1.5005937994918654,-1.4930705408554374,-1.494968593499141
0.054,-1.5190598821696086,-1.550038601709992,-1.5027452416519755,-1.497820434651174,-1.4901177995112642,-1.4920778567993627
0.056,-1.5162818364303505,-1.548151399939418,-1.5001098411470544,-1.4950472040545904,-1.4871686698329394,-1.4891899275628062
0.058,-1.5134834871780807,-1.5462299847233696,-1.4974635137258208,-1.492274392753418,-1.4842231117472882,-1.4863048065660114
0.06,-1.5106668190211459,-1.5442774017522283,-1.4948074831645248,-1.48950226229525,-1.4812810882986072,-1.4834224944737695
0.062,-1.5078336481985517,-1.5422964498003073,-1.4921428551522034,-1.486731058455026,-1.4783425650031574,-1.4805429918942246
0.064,-1.5049856369797425,-1.5402896921727436,-1.4894706509401774,-1.483961008514898,-1.475407509946576,-1.477666299356074
0.066,-1.5021243068634647,-1.538259480628324,-1.4867918026385036,-1.4811923239371574,-1.4724758934994258,-1.4747924173258005
0.068,-1.499251050609313,-1.5362079707437784,-1.4841071662996388,-1.4784252005065013,-1.4695476882176226,-1.4719213462059049
0.07,-1.4963671432394516,-1.534137139213578,-1.4814175254167317,-1.4756598197134556,-1.4666228686601501,-1.4690530863424087
0.07200000000000001,-1.493473752084496,-1.5320487981438844,-1.4787235982887006,-1.4728963494959397,-1.4637014112582007,-1.4661876380275405
0.074,-1.4905719459652211,-1.5299446089276296,-1.4760260427468572,-1.47013494523586,-1.4607832941719092,-1.4633250015043813
0.076,-1.4876627035819874,-1.5278260945947295,-1.473325461481845,-1.467375750564769,-1.4578684971660842,-1.4604651769701333
0.078,-1.4847469211828728,-1.5256946513215666,-1.4706224064467348,-1.464618898192385,-1.4549570014894604,-1.4576081645796435
0.08,-1.4818254195725913,-1.523551558897879,-1.4679173831320291,-1.4618645106536199,-1.4520487897645271,-1.454753964448403
0.082,-1.4788989505199988,-1.5213979903703487,-1.4652108543723597,-1.459112701026126,-1.449143845883919,-1.4519025766554328
0.084,-1.4759682026163001,-1.519235020866667,-1.4625032438945549,-1.4563635735952016,-1.4462421549146849,-1.4490540012458748
0.08600000000000001,-1.4730338066317374,-1.5170636356996083,-1.459794939545177,-1.4536172244799073,-1.44334370300915,-1.4462082382334092
0.088,-1.4700963404141973,-1.5148847377955332,-1.4570862962645594,-1.4508737422165312,-1.440448477322354,-1.4433652876024603
0.09,-1.467156333369414,-1.5126991545107997,-1.4543776388085754,-1.44813320830427,-1.4375564659354547,-1.4405251493102327
0.092,-1.464214270558924,-1.5105076438831964,-1.4516692642485702,-1.4453956977138065,-1.4346676577847937,-1.4376878232885808
0.094,-1.4612705964487773,-1.508310900366967,-1.4489614442631369,-1.44266127936149,-1.4317820425962022,-1.434853309445728
0.096,-1.458325718339101,-1.5061095600933427,-1.4462544272411928,-1.4399300165507964,-1.4288996108242058,-1.4320216076678483
0.098,-1.4553800095019889,-1.5039042056962737,-1.4435484402108565,-1.4372019673831742,-1.4260203535957832,-1.4291927178205177
0.1,-1.4524338120527926,-1.5016953707391478,-1.4408436906090505,-1.434477185140077,-1.423144262658357,-1.4263666397500523
0.10200000000000001,-1.4494874395776902,-1.4994835437756087,-1.4381403679047329,-1.4317557186380332,-1.420271330331721,-1.4235433732847351
0.10400000000000001,-1.4465411795384344,-1.4972691720746858,-1.4354386450879768,-1.4290376125584563,-1.4174015494636136,-1.4207229182359455
0.106,-1.4435952954733529,-1.4950526650380276,-1.4327386800359245,-1.426322907753858,-1.4145349133886798,-1.4179052743991967
0.108,-1.4406500290120228,-1.4928343973346796,-1.4300406167658162,-1.423611641532017,-1.4116714158905697,-1.4150904415550898
0.11,-1.4377056017195313,-1.4906147117767652,-1.427344586584413,-1.4209038479195903,-1.4088110511669436,-1.4122784194701914
0.112,-1.4347622167848606,-1.4883939219574804,-1.4246507091423806,-1.418199557906558,-1.4059538137971708,-1.4094692078978388
0.114,-1.4318200605666724,-1.4861723146710515,-1.4219590934014843,-1.4154987996728217,-1.4030996987125148,-1.4066628065788815
0.116,-1.428879304008633,-1.4839501521326683,-1.4192698385218023,-1.4128015987981937,-1.4002487011686275,-1.403859215242363
0.11800000000000001,-1.4259401039353614,-1.4817276740149266,-1.4165830346755637,-1.410107978456937,-1.3974008167201708,-1.401058433606146
0.12,-1.423002604239145,-1.479505099315935,-1.413898763793679,-1.4074179595979466,-1.394556041197408,-1.398260461377489
0.122,-1.4200669369666805,-1.4772826280730005,-1.4112171002505212,-1.4047315611115905,-1.3917143706846165,-1.3954652982535753
0.124,-1.4171332233143188,-1.4750604429346434,-1.408538111492064,-1.4020487999841644,-1.3888758015001796,-1.392672943922
0.126,-1.4142015745395538,-1.4728387106026544,-1.4058618586120588,-1.3993696914408482,-1.3860403301782325,-1.3898833980612177
0.128,-1.4112720927958433,-1.4706175831549209,-1.40318839688054,-1.396694249077997,-1.383207953451741,-1.3870966603409534
0.13,-1.4083448718972387,-1.4683971992588802,-1.4005177762286072,-1.3940224849855394,-1.380378668236903,-1.3843127304225817
0.132,-1.40541999801875,-1.4661776852846313,-1.3978500416930923,-1.3913544098602035,-1.3775524716187726,-1.3815316079594746
0.134,-1.4024975503378676,-1.4639591563259966,-1.3951852338244297,-1.3886900331102436,-1.3747293608380091,-1.378753292597322
0.136,-1.399577601622202,-1.461741717137138,-1.3925233890607716,-1.3860293629522906,-1.3719093332786667,-1.3759777839744263
0.138,-1.3966602187677777,-1.4595254629917047,-1.3898645400711398,-1.3833724065009072,-1.3690923864569422,-1.3732050817219732
0.14,-1.3937454632921396,-1.4573104804709123,-1.3872087160701736,-1.3807191698513872,-1.3662785180108075,-1.3704351854642816
0.14200000000000002,-1.3908333917860665,-1.455096848186429,-1.3845559431068217,-1.3780696581563006,-1.3634677256904566,-1.3676680948190327
0.14400000000000002,-1.3879240563273774,-1.4528846374434516,-1.3819062443291348,-1.3754238756962467,-1.360660007349505,-1.3649038093974828
0.146,-1.3850175048600117,-1.4506739128489163,-1.3792596402271327,-1.3727818259452529,-1.3578553609368806,-1.3621423288046561
0.148,-1.3821137815413007,-1.448464732869379,-1.3766161488555635,-1.3701435116312122,-1.3550537844893547,-1.359383652639525
0.15,-1.3792129270600992,-1.4462571503427235,-1.3739757860382127,-1.367508934791736,-1.3522552761246593,-1.356627780495176
0.152,-1.3763149789282216,-1.4440512129475163,-1.3713385655552939,-1.364878096825765,-1.3494598340351498,-1.353874711958961
0.154,-1.3734199717474234,-1.441846963633506,-1.3687044993153166,-1.3622509985412572,-1.3466674564819643,-1.351124446612637
0.156,-1.3705279374539716,-1.439644441016483,-1.3660735975127185,-1.3596276401992464,-1.343878141789644,-1.3483769840324984
0.158,-1.3676389055426887,-1.437443679740444,-1.3634458687724385,-1.3570080215545506,-1.3410918883411778,-1.3456323237894932
0.16,-1.3647529032721852,-1.4352447108097643,-1.360821320282512,-1.354392141893376,-1.3383086945734382,-1.3428904654493348
0.162,-1.3618699558528549,-1.4330475618938627,-1.3581999579156783,-1.3517800000680593,-1.3355285589729748,-1.340151408572604
0.164,-1.3589900866190805,-1.4308522576066276,-1.355581786340914,-1.3491715945291611,-1.332751480072141,-1.337415152714843
0.166,-1.3561133171869657,-1.4286588197626962,-1.3529668091257196,-1.34656692335511,-1.3299774564455233,-1.3346816974266416
0.168,-1.3532396675988072,-1.4264672676125016,-1.3503550288299313,-1.34396598427959,-1.3272064867066549,-1.3319510422537177
0.17,-1.3503691564554163,-1.4242776180578436,-1.3477464470917555,-1.341368774716836,-1.3244385695049832,-1.3292231867369932
0.17200000000000001,-1.3475018010373045,-1.422089885849593,-1.3451410647066737,-1.3387752917850018,-1.321673703523079,-1.3264981304126613
0.17400000000000002,-1.3446376174156678,-1.4199040837690124,-1.342538881699804,-1.3361855323277456,-1.3189118874740633,-1.3237758728122504
0.176,-1.3417766205540174,-1.417720222794046,-1.3399398973922652,-1.3335994929341706,-1.3161531200992351,-1.321056413462685
0.178,-1.3389188244012455,-1.4155383122518226,-1.3373441104620374,-1.331017169957244,-1.313397400165886,-1.3183397518863385
0.18,-1.3360642419768376,-1.4133583599585176,-1.3347515189997787,-1.3284385595308152,-1.3106447264652838,-1.3156258876010858
0.182,-1.333212885448889,-1.411180372347614,-1.3321621205600112,-1.325863657585337,-1.307895097810816,-1.3129148201203509
0.184,-1.3303647662055313,-1.4090043545875302,-1.3295759122080637,-1.3232924598623903,-1.305148513036274,-1.3102065489531503
0.186,-1.327519894920313,-1.4068303106894886,-1.3269928905631225,-1.3207249619281063,-1.3024049709942744,-1.3075010736041341
0.188,-1.3246782816120473,-1.4046582436064403,-1.3244130518377113,-1.3181611591855682,-1.299664470554799,-1.3047983935736258
0.19,-1.3218399356995842,-1.402488155323781,-1.3218363918738973,-1.3156010468862727,-1.2969270106038504,-1.302098508357657
0.192,-1.319004866051937,-1.4003200469425416,-1.3192629061764956,-1.313044620140724,-1.2941925900422087,-1.2994014174480015
0.194,-1.316173081034146,-1.398153918755678,-1.3166925899435187,-1.3104918739282256,-1.2914612077842853,-1.2967071203322067
0.196,-1.313344588549245,-1.3959897703180273,-1.3141254380941036,-1.3079428031059337,-1.288732862757063,-1.2940156164936232
0.198,-1.3105193960766448,-1.393827600510463,-1.31156144529412,-1.3053974024172286,-1.2860075538991178,-1.2913269054114325
0.2,-1.3076975107072484,-1.3916674075987236,-1.309000605979658,-1.3028556664994562,-1.2832852801597134,-1.288640986560673
0.202,-1.3048789391755586,-1.3895091892873592,-1.3064429143785672,-1.3003175898910904,-1.280566040497966,-1.2859578594122645
0.20400000000000001,-1.3020636878890415,-1.3873529427692006,-1.3038883645302097,-1.2977831670383582,-1.2778498338820685,-1.2832775234330318
0.20600000000000002,-1.2992517629549654,-1.3851986647707246,-1.301336950303578,-1.295252392301372,-1.275136659288576,-1.2805999780857267
0.20800000000000002,-1.2964431702049373,-1.3830463515936513,-1.298788665413908,-1.2927252599598065,-1.2724265157017418,-1.2779252228290474
0.21,-1.2936379152173243,-1.3808959991530902,-1.2962435034379185,-1.2902017642181545,-1.2697194021129024,-1.2752532571176602
0.212,-1.290836003337737,-1.3787476030125205,-1.293701457827786,-1.2876818992105965,-1.267015317519909,-1.2725840804022168
0.214,-1.2880374396977439,-1.376601158415868,-1.2911625219239622,-1.2851656590055114,-1.2643142609265976,-1.2699176921293729
0.216,-1.2852422292319576,-1.3744566603169177,-1.2886266889669322,-1.282653037609659,-1.2616162313422992,-1.2672540917418043
0.218,-1.282450376693639,-1.3723141034062902,-1.2860939521079953,-1.280144028972058,-1.258921227781383,-1.2645932786782241
0.22,-1.279661886668935,-1.3701734821361744,-1.283564304419157,-1.2776386269875841,-1.2562292492628344,-1.261935252373398
0.222,-1.276876763589874,-1.3680347907430113,-1.281037738902201,-1.2751368255003102,-1.253540294809858,-1.2592800122581584
0.224,-1.2740950117462155,-1.3658980232682951,-1.2785142484970102,-1.272638618306607,-1.2508543634495124,-1.25662755775942
0.226,-1.2713166352962595,-1.363763173577649,-1.275993826089202,-1.2701439991580263,-1.248171454212366,-1.2539778883001929
0.228,-1.268541638276696,-1.3616302353783176,-1.2734764645171297,-1.2676529617639805,-1.2454915661321793,-1.2513310032995957
0.23,-1.265770024611581,-1.3594992022352113,-1.270962156578308,-1.2651654997942354,-1.242814698245604,-1.248686902172869
0.232,-1.2630017981205097,-1.3573700675856188,-1.2684508950353068,-1.2626816068812319,-1.240140849591906,-1.2460455843313873
0.234,-1.2602369625260588,-1.3552428247527013,-1.265942672621159,-1.260201276622249,-1.2374700192127022,-1.2434070491826712
0.23600000000000002,-1.257475521460556,-1.3531174669578678,-1.2634374820443222,-1.2577245025814203,-1.2348022061517165,-1.2407712961303994
0.23800000000000002,-1.2547174784722375,-1.3509939873321264,-1.2609353159932324,-1.2552512782916159,-1.2321374094545496,-1.23813832457442
0.24,-1.2519628370308424,-1.348872378926496,-1.2584361671404816,-1.2527815972562004,-1.229475628168462,-1.2355081339107612
0.242,-1.2492116005326963,-1.346752634721555,-1.2559400281466515,-1.250315452950677,-1.226816861342172,-1.2328807235316428
0.244,-1.2464637723053231,-1.3446347476362024,-1.2534468916638346,-1.247852838824225,-1.2241611080256622,-1.2302560928254862
0.246,-1.243719355611628,-1.3425187105356926,-1.2509567503388623,-1.2453937483011406,-1.22150836727,-1.2276342411769252
0.248,-1.2409783536536902,-1.3404045162390077,-1.2484695968162716,-1.2429381747821893,-1.2188586381271664,-1.2250151679668164
0.25,-1.2382407695761948,-1.3382921575256206,-1.2459854237410253,-1.2404861116458725,-1.2162119196498935,-1.222398872572248
0.252,-1.2355066064695375,-1.3361816271417002,-1.2435042237610134,-1.238037552249623,-1.2135682108915116,-1.2197853543665516
0.254,-1.2327758673726303,-1.3340729178058057,-1.2410259895293463,-1.2355924899309247,-1.210927510905803,-1.2171746127193097
0.256,-1.2300485552898996,-1.3319660223013412,-1.2385507134167775,-1.2331509170094104,-1.2082898187308078,-1.2145676915682557
0.258,-1.2273246731706275,-1.329860933208064,-1.236078388286293,-1.2307128266556968,-1.205655133422188,-1.2119652573540773
0.26,-1.224604223912695,-1.3277576431683433,-1.2336090068402799,-1.2282782125093612,-1.2030234540370621,-1.2093675623326496
0.262,-1.22188721037007,-1.3256561448186728,-1.231142561808589,-1.2258470681599007,-1.2003947796295353,-1.2067746984749206
0.264,-1.2191736353557672,-1.3235564308072196,-1.2286790459052623,-1.223419387072897,-1.1977691092518041,-1.2041866957297995
0.266,-1.2164635016435814,-1.3214584937823912,-1.2262184518618802,-1.2209951626094746,-1.1951464419556663,-1.201603560053258
0.268,-1.213756811969323,-1.3193623263971646,-1.2237607724214508,-1.218574388061223,-1.1925267767929224,-1.1990252881261827
0.27,-1.2110535690319022,-1.3172679213089575,-1.2213060003450544,-1.2161570566747786,-1.1899101128153768,-1.1964518730504006
0.272,-1.2083537754943021,-1.3151752711822442,-1.2188541284117482,-1.2137431616675112,-1.1872964490746274,-1.1938833065531254
0.274,-1.205657433984463,-1.3130843686903875,-1.2164051494204973,-1.2113326962363546,-1.184685784621851,-1.1913195798401004
0.276,-1.202964547096078,-1.310995206517831,-1.213959056190912,-1.208925653562839,-1.1820781185076088,-1.188760683925764
0.278,-1.200275117389299,-1.3089077773620432,-1.211515841564253,-1.2065220268159225,-1.1794734497816943,-1.1862066097610109
0.28,-1.1975891469147077,-1.3068220750119028,-1.209075500989526,-1.2041218193634107,-1.176872854344963,-1.1836573482661186
0.28200000000000003,-1.1949066379541862,-1.3047380936333859,-1.2066380262187653,-1.2017250240731245,-1.1742768535383963,-1.181112890399446
0.28400000000000003,-1.1922275928989592,-1.3026558262356296,-1.204203410347945,-1.1993316308825204,-1.1716856565041622,-1.1785732271280995
0.28600000000000003,-1.1895520141576674,-1.3005752657188037,-1.2017716460308747,-1.1969416302328875,-1.1690993439644544,-1.1760383494279143
0.28800000000000003,-1.1868799041251905,-1.2984964047809444,-1.199342726173901,-1.194555013469927,-1.1665179438196795,-1.1735082482865469
0.29,-1.184211265170804,-1.296419236110626,-1.1969166436475769,-1.1921717726728764,-1.1639414622435127,-1.1709829147066055
0.292,-1.1815460996347409,-1.2943437523855599,-1.1944933913917744,-1.1897919003744515,-1.1613698964782475,-1.168462339706924
0.294,-1.178884409827132,-1.2922699463087306,-1.1920729623692392,-1.187415389369198,-1.1588032400998514,-1.1659465143231393
0.296,-1.1762261980279105,-1.2901978106110836,-1.1896553495809787,-1.1850422325908454,-1.1562414851853775,-1.1634354296078144
0.298,-1.1735714664868886,-1.2881273380583933,-1.1872405460587419,-1.1826724230447967,-1.1536846232052236,-1.1609290766304348
0.3,-1.1709202174238769,-1.2860585214522569,-1.1848285448671498,-1.1803059537712381,-1.1511326453905948,-1.1584274464773534
0.302,-1.1682724530287636,-1.2839913536313685,-1.1824193391024478,-1.1779428178262996,-1.1485855428848304,-1.1559305302517349
0.304,-1.1656281754615605,-1.2819258274717418,-1.180012921892759,-1.1755830082724987,-1.146043306805722,-1.153438319073502
0.306,-1.1629873868524134,-1.2798619358869012,-1.1776092863978584,-1.1732265181741326,-1.1435059282711548,-1.150950804079294
0.308,-1.1603500893015868,-1.2777996718278852,-1.1752084258091804,-1.1708733405951275,-1.1409733984096313,-1.1484679764224253
0.31,-1.1577162848794245,-1.2757390282832333,-1.1728103333497653,-1.1685234685981358,-1.138445708364561,-1.1459898272728513
0.312,-1.1550859756262952,-1.2736799982789442,-1.1704150022742423,-1.1661768952442428,-1.1359228492959803,-1.1435163478171342
0.314,-1.1524591635525208,-1.271622574878433,-1.168022425868809,-1.16383361359297,-1.1334048123812102,-1.1410475292584104
0.316,-1.1498358506382906,-1.26956675118249,-1.1656325974512154,-1.161493616702424,-1.1308915888150755,-1.1385833628163584
0.318,-1.1472160388335677,-1.2675125203292394,-1.1632455103707517,-1.1591568976295135,-1.1283831698099451,-1.136123839727169
0.32,-1.1445997300579807,-1.2654598754941078,-1.1608611580082369,-1.1568234494301999,-1.1258795465956966,-1.1336689512435112
0.322,-1.141986926200712,-1.2634088098897929,-1.158479533776009,-1.1544932651597613,-1.12338071041965,-1.1312186886345044
0.324,-1.1393776291203748,-1.2613593167662394,-1.1561006311179165,-1.1521663378730644,-1.1208866525464913,-1.1287730431856846
0.326,-1.1367718406448855,-1.2593113894106174,-1.1537244435093117,-1.1498426606248378,-1.1183973642581888,-1.1263320061989752
0.328,-1.1341695625713304,-1.2572650211473055,-1.1513509644570423,-1.1475222264699463,-1.1159128368539093,-1.1238955689926557
0.33,-1.1315707966658282,-1.2552202053378763,-1.1489801874994474,-1.1452050284636646,-1.113433061649934,-1.1214637229013311
0.332,-1.1289755446633885,-1.2531769353810862,-1.1466121062063497,-1.1428910596619506,-1.1109580299795734,-1.1190364592759003
0.334,-1.1263838082677664,-1.2511352047128665,-1.1442467141790518,-1.1405803131217171,-1.1084877331930847,-1.1166137694835274
0.336,-1.1237955891513165,-1.2490950068063185,-1.1418840050503305,-1.1382727819011025,-1.1060221626575875,-1.1141956449076091
0.338,-1.1212108889548433,-1.2470563351717083,-1.1395239724844317,-1.1359684590597392,-1.1035613097569814,-1.1117820769477458
0.34,-1.1186297092874518,-1.2450191833564657,-1.1371666101770654,-1.1336673376590232,-1.1011051658918642,-1.1093730570197098
0.342,-1.1160520517263954,-1.242983544945183,-1.1348119118554,-1.131369410762379,-1.0986537224794508,-1.1069685765554163
0.34400000000000003,-1.113477917816926,-1.2409494135596164,-1.1324598712780576,-1.1290746714355262,-1.0962069709534905,-1.104568627002892
0.34600000000000003,-1.1109073090721422,-1.2389167828586871,-1.1301104822351082,-1.126783112746742,-1.0937649027641894,-1.1021731998262454
0.34800000000000003,-1.108340226972838,-1.236885646538484,-1.1277637385480628,-1.1244947277671247,-1.0913275093781283,-1.0997822865056366
0.35000000000000003,-1.105776672967353,-1.2348559983322678,-1.1254196340698677,-1.122209509570853,-1.0888947822781858,-1.097395878537247
0.352,-1.1032166484714243,-1.232827832010473,-1.123078162684897,-1.1199274512354476,-1.0864667129634584,-1.0950139674332493
0.354,-1.1006601548680375,-1.2308011413807143,-1.1207393183089445,-1.1176485458420262,-1.0840432929491832,-1.0926365447217778
0.356,-1.0981071935072808,-1.2287759202877884,-1.118403094889217,-1.115372786475562,-1.0816245137666614,-1.0902636019468979
0.358,-1.0955577657062017,-1.226752162613681,-1.1160694864043228,-1.1131001662251374,-1.0792103669631803,-1.0878951306685765
0.36,-1.0930118727486635,-1.2247298622775689,-1.1137384868642646,-1.1108306781841968,-1.076800844101939,-1.085531122462652
0.362,-1.090469515885206,-1.2227090132358251,-1.111410090310427,-1.108564315450799,-1.074395936761972,-1.0831715689208057
0.364,-1.0879306963329074,-1.2206896094820228,-1.109084290815566,-1.1063010711278665,-1.0719956365380754,-1.08081646165053
0.366,-1.0853954152752485,-1.2186716450469377,-1.1067610824837977,-1.1040409383234342,-1.0695999350407315,-1.0784657922751004
0.368,-1.0828636738619815,-1.2166551139985524,-1.1044404594505837,-1.1017839101508955,-1.067208823896037,-1.0761195524335456
0.37,-1.0803354732089994,-1.2146400104420576,-1.1021224158827176,-1.0995299797292475,-1.0648222947456292,-1.0737777337806174
0.372,-1.0778108143982084,-1.2126263285198546,-1.0998069459783117,-1.0972791401833346,-1.062440339246614,-1.0714403279867615
0.374,-1.0752896984774054,-1.2106140624115551,-1.0974940439667789,-1.0950313846440891,-1.060062949071494,-1.0691073267380888
0.376,-1.0727721245524937,-1.2086032012483274,-1.0951836892091982,-1.0927870893984126,-1.0576901197078907,-1.066778721332257
0.378,-1.0702580913782644,-1.2065937275683336,-1.0928758711199897,-1.0905467527284332,-1.0553218457185527,-1.064454503193629
0.38,-1.067747599352714,-1.204585628473302,-1.0905705900131486,-1.0883105982667711,-1.0529581173162823,-1.06213466423302
0.382,-1.065240649536545,-1.202578897077501,-1.0882678409226823,-1.0860787235815228,-1.0505989243350773,-1.0598191964083101
0.384,-1.0627372432436986,-1.2005735279138998,-1.0859676197922363,-1.0838511674981157,-1.0482442571564627,-1.0575080916277324
0.386,-1.0602373818442166,-1.198569516532039,-1.0836699218708887,-1.0816279417584125,-1.0458941067021974,-1.0552013417565167
0.388,-1.0577410666813836,-1.1965668587572211,-1.0813747424282225,-1.0794090455238372,-1.04354846427192,-1.0528989386365066
0.39,-1.0552482990357805,-1.1945655505348118,-1.079082076616626,-1.0771944721431788,-1.0412073213961586,-1.0506008741027033
0.392,-1.0527590801124063,-1.1925655878054995,-1.0767919195617894,-1.074984212270873,-1.0388706697408687,-1.0483071399934465
0.394,-1.0502734110375358,-1.190566966471788,-1.0745042663580873,-1.0727782553171306,-1.0365385010512558,-1.046017728156209
0.396,-1.0477912928599544,-1.1885696823816043,-1.0722191120840108,-1.0705765901186208,-1.0342108071210183,-1.0437326304506476
0.398,-1.0453127265538744,-1.1865737313273095,-1.0699364518062286,-1.0683792052504346,-1.0318875797760398,-1.041451838750163
0.4,-1.042837713022395,-1.1845791090489517,-1.0676562805847254,-1.066186089171194,-1.0295688108659602,-1.0391753449426662
0.402,-1.0403662531009803,-1.1825858112399097,-1.0653785934762379,-1.0639972302910787,-1.0272544922598614,-1.0369031409309413
0.404,-1.0378983475607484,-1.1805938335530546,-1.063103385537418,-1.06181261700404,-1.0249446158440556,-1.0346352186328085
0.406,-1.035433997111484,-1.1786031716069205,-1.0608306518275388,-1.0596322377034033,-1.0226391735209286,-1.0323715699811888
0.40800000000000003,-1.0329732024043645,-1.176613820991572,-1.0585603874109442,-1.0574560807897269,-1.020338157208311,-1.03011218692412
0.41000000000000003,-1.030515964034405,-1.1746257772740751,-1.056292587359253,-1.055284134675027,-1.0180415588391083,-1.0278570614247506
0.41200000000000003,-1.0280622825426429,-1.1726390360035488,-1.0540272467533631,-1.0531163877852814,-1.0157493703610603,-1.0256061854613225
0.41400000000000003,-1.0256121584180855,-1.1706535927158008,-1.0517643606852736,-1.0509528285620924,-1.0134615837365653,-1.023359551027149
0.41600000000000004,-1.0231655920994416,-1.1686694429375764,-1.0495039242597453,-1.048793445463928,-1.0111781909425397,-1.0211171501305898
0.418,-1.020722583976661,-1.166686582190442,-1.0472459325958128,-1.0466382269671304,-1.0088991839702948,-1.018878974795024
0.42,-1.018283134392302,-1.164705005994338,-1.0449903808281618,-1.0444871615667877,-1.0066245548254267,-1.0166450170588246
0.422,-1.015847243642743,-1.162724709870821,-1.0427372641083852,-1.0423402377775142,-1.004354295527713,-1.0144152689753307
0.424,-1.0134149119792588,-1.1607456893460288,-1.040486577606126,-1.0401974441341606,-1.0020883981110151,-1.012189722612821
0.426,-1.0109861396089725,-1.1587679399533863,-1.0382383165101168,-1.0380587691924692,-0.9998268546231862,-1.0099683700544864
0.428,-1.0085609266956994,-1.1567914572360767,-1.0359924760291268,-1.0359242015296812,-0.9975696571259818,-1.0077512033984022
0.43,-1.0061392733606942,-1.154816236749297,-1.033749051392823,-1.0337937297451008,-0.9953167976949753,-1.005538214757502
0.432,-1.0037211796833105,-1.1528422740623174,-1.0315080378525514,-1.0316673424606218,-0.9930682684194762,-1.0033293962595504
0.434,-1.0013066460952276,-1.1508695760589391,-1.0292694118063856,-1.0295450264469665,-0.9908240615861899,-1.0011247400574566
0.436,-0.9988956851331121,-1.1488984845768466,-1.02703259902704,-1.027426710507028,-0.9885841750953533,-0.9989242386121349
0.438,-0.996488309105166,-1.146929026550536,-1.0247978071569213,-1.025312313884811,-0.9863486060196118,-0.9967278837254021
0.44,-0.9940845274683364,-1.1449613044000022,-1.0225650193992986,-1.0232018160140965,-0.984117347387447,-0.9945356675343342
0.442,-0.9916843480996673,-1.142995388253157,-1.020334278107061,-1.0210952049838689,-0.9818903914023056,-0.9923475821832168
0.444,-0.9892877773205673,-1.1410313475657823,-1.01810560559856,-1.0189924774061023,-0.9796677296407744,-0.9901636198788389
0.446,-0.9868948201855352,-1.1390692433669618,-1.015879026469165,-1.0168936318070925,-0.9774493535161258,-0.9879837728528292
0.448,-0.9845054806432884,-1.1371091312449988,-1.013654561676859,-1.014798667466562,-0.9752352543907409,-0.9858080333597511
0.45,-0.9821197616954304,-1.1351510612364826,-1.0114322304194097,-1.012707583419725,-0.9730254236543822,-0.9836363936711955
0.452,-0.9797376655268939,-1.1331950784802989,-1.0092120498532045,-1.010620378179015,-0.9708198527500631,-0.9814688460741764
0.454,-0.9773591936206485,-1.1312412235975375,-1.0069940353841587,-1.008537049606037,-0.9686185331854609,-0.979305382870015
0.456,-0.9749843468569255,-1.129289533092816,-1.0047782007859287,-1.0064575948981855,-0.9664214565350354,-0.9771459963739253
0.458,-0.9726131255996284,-1.1273400397043272,-1.002564558348443,-1.0043820106119308,-0.9642286144387432,-0.974990678914818
0.46,-0.9702455297714009,-1.125392772727477,-1.00035311900316,-1.002310292703842,-0.9620399985991539,-0.9728394228352406
0.462,-0.9678815589187935,-1.1234477583095215,-0.9981438924406074,-1.000242436576325,-0.9598556007780549,-0.9706922204913684
0.464,-0.9655212122687259,-1.1215050197192729,-0.9959368872172014,-0.998178437123497,-0.9576754127929671,-0.9685490642530221
0.466,-0.9631644887773065,-1.119564577593732,-0.9937321108532088,-0.9961182887749689,-0.9554994265137764,-0.9664099465036923
0.468,-0.9608113871719417,-1.1176264501637545,-0.991529569922352,-0.9940619855367601,-0.9533276338595561,-0.9642748596405657
0.47000000000000003,-0.9584619110169073,-1.1156904005065145,-0.9893299816437944,-0.9920094567490312,-0.951160030903962,-0.9621437956693919
0.47200000000000003,-0.95611608218045,-1.1137562842022357,-0.9871338719837389,-0.9899606618551846,-0.9489966113105612,-0.9600167469421368
0.47400000000000003,-0.9537740657737207,-1.1118242098409248,-0.9849411334993396,-0.987915611152951,-0.9468373579469939,-0.9578937063151638
0.47600000000000003,-0.9514360059305177,-1.109894218042185,-0.9827518116044084,-0.9858743014465802,-0.9446822602745527,-0.9557746663112077
0.47800000000000004,-0.9491020277670362,-1.1079663576317114,-0.9805659100660025,-0.9838367352526172,-0.9425313097363459,-0.9536596194366559
0.48,-0.9467722398163423,-1.1060406676212875,-0.9783834401617455,-0.9818029136382381,-0.9403844987127656,-0.9515485581770281
0.482,-0.944446735994012,-1.1041171826252079,-0.9762044087529812,-0.9797728370759933,-0.9382418198949669,-0.9494414750255586
0.484,-0.9421255973761287,-1.1021959323179513,-0.9740288215306193,-0.9777465049179469,-0.9361032660860488,-0.9473383624860284
0.486,-0.9398088937566278,-1.1002769422659164,-0.9718566824771016,-0.9757239154813948,-0.9339688301110698,-0.94523921307556
0.488,-0.9374966850235151,-1.0983602343380876,-0.9696879942291928,-0.9737050660953303,-0.9318385047866985,-0.9431440193251164
0.49,-0.9351890223715287,-1.0964458271477404,-0.9675227581949584,-0.9716899531972641,-0.9297122829107971,-0.9410527737797447
0.492,-0.9328859493709102,-1.0945337364240977,-0.9653609747071551,-0.9696785724275189,-0.9275901572607509,-0.9389654689986014
0.494,-0.9305875029086755,-1.092623975345942,-0.9632026431472378,-0.9676709187207077,-0.9254721205948652,-0.9368820975549381
0.496,-0.9282937140171612,-1.0907165548359226,-0.9610477620580987,-0.9656669863893685,-0.9233581656548449,-0.9348026520360682
0.498,-0.9260046086029047,-1.088811483821443,-0.9588963292432704,-0.9636667691994205,-0.9212482851685085,-0.9327271250433313
0.5,-0.9237202080874597,-1.0869087694656376,-0.9567483418549633,-0.9616702604375178,-0.9191424718524277,-0.9306555091920575
0.502,-0.9214405299704373,-1.0850084173719305,-0.9546037964720092,-0.9596774529709043,-0.9170407184143791,-0.9285877971115323
0.504,-0.9191655883239017,-1.0831104317651812,-0.9524626891689065,-0.9576883393004617,-0.9149430175555786,-0.9265239814449625
0.506,-0.9168953942262131,-1.0812148156520955,-0.9503250155769712,-0.9557029116076581,-0.9128493619726976,-0.924464054849444
0.508,-0.91462995614249,-1.0793215709632786,-0.9481907709384981,-0.9537211617960644,-0.9107597443596733,-0.9224080099959289
0.51,-0.9123692802580392,-1.0774306986790285,-0.9460599501547312,-0.951743081528048,-0.9086741574093289,-0.9203558395691943
0.512,-0.9101133707703779,-1.075542198940738,-0.9439325478283519,-0.9497686622571926,-0.9065925938148185,-0.9183075362678117
0.514,-0.9078622301448177,-1.0736560711495582,-0.9418085583011137,-0.9477978952569349,-0.904515046270915,-0.9162630928041167
0.516,-0.905615859338008,-1.0717723140537827,-0.9396879756871787,-0.9458307716458553,-0.9024415074751527,-0.9142225019041793
0.518,-0.9033742579933229,-1.0698909258262557,-0.9375707939026506,-0.9438672824100097,-0.9003719701288415,-0.9121857563077754
0.52,-0.9011374246115204,-1.0680119041329454,-0.9354570066917391,-0.9419074184226471,-0.8983064269379623,-0.9101528487683577
0.522,-0.8989053566997011,-1.0661352461937048,-0.933346607649943,-0.9399511704616165,-0.8962448706139579,-0.9081237720530276
0.524,-0.8966780509012361,-1.064260948836115,-0.9312395902445942,-0.9379985292247331,-0.8941872938744286,-0.9060985189425081
0.526,-0.894455503109015,-1.0623890085432104,-0.9291359478330655,-0.9360494853433441,-0.8921336894437434,-0.904077082231116
0.528,-0.8922377085640869,-1.0605194214957896,-0.9270356736789097,-0.934104029394301,-0.8900840500535735,-0.9020594547267349
0.53,-0.8900246619415181,-1.058652183609933,-0.9249387609661672,-0.9321621519105301,-0.8880383684433599,-0.9000456292507888
0.532,-0.8878163574250699,-1.0567872905702795,-0.9228452028120526,-0.9302238433903612,-0.8859966373607185,-0.8980355986382157
0.534,-0.8856127887721073,-1.0549247378595523,-0.9207549922782049,-0.9282890943057646,-0.8839588495617927,-0.8960293557374415
0.536,-0.8834139493699753,-1.0530645207847589,-0.9186681223806659,-0.9263578951096205,-0.8819249978115569,-0.8940268934103541
0.538,-0.8812198322849334,-1.0512066345004527,-0.9165845860987318,-0.9244302362421387,-0.8798950748840785,-0.8920282045322778
0.54,-0.8790304303045975,-1.0493510740293872,-0.9145043763828068,-0.9225061081365257,-0.877869073562742,-0.8900332819919478
0.542,-0.8768457359747286,-1.0474978342808647,-0.9124274861613711,-0.9205855012239889,-0.8758469866404404,-0.8880421186914847
0.544,-0.8746657416310987,-1.0456469100670416,-0.9103539083471657,-0.9186684059381561,-0.8738288069197365,-0.88605470754637
0.546,-0.8724904394270746,-1.0437982961174215,-0.9082836358426798,-0.9167548127189792,-0.8718145272130001,-0.8840710414854202
0.548,-0.8703198213574813,-1.041951987091743,-0.9062166615450231,-0.9148447120161807,-0.8698041403425217,-0.8820911134507626
0.55,-0.8681538792792329,-1.0401079775914446,-0.904152978350249,-0.9129380942923003,-0.867797639140607,-0.8801149163978106
0.552,-0.8659926049291605,-1.0382662621698657,-0.9020925791571922,-0.9110349500253855,-0.8657950164496547,-0.8781424432952382
0.554,-0.8638359899394086,-1.0364268353413277,-0.9000354568708746,-0.9091352697113685,-0.8637962651222193,-0.8761736871249561
0.556,-0.8616840258507269,-1.0345896915892197,-0.8979816044055273,-0.9072390438661676,-0.8618013780210609,-0.8742086408820874
0.558,-0.8595367041239399,-1.0327548253731993,-0.8959310146872717,-0.905346263027543,-0.8598103480191848,-0.8722472975749423
0.56,-0.8573940161498412,-1.0309222311356088,-0.8938836806564967,-0.903456917756737,-0.8578231679998704,-0.8702896502249946
0.562,-0.8552559532577273,-1.0290919033071935,-0.8918395952699671,-0.9015709986399235,-0.8558398308566932,-0.8683356918668568
0.5640000000000001,-0.853122506722757,-1.0272638363121964,-0.8897987515026902,-0.8996884962894882,-0.8538603294935398,-0.866385415548256
0.5660000000000001,-0.8509936677722988,-1.0254380245729013,-0.8877611423495688,-0.8978094013451592,-0.851884656824616,-0.86443881433001
0.5680000000000001,-0.8488694275914062,-1.0236144625136823,-0.885726760826864,-0.8959337044750055,-0.8499128057744514,-0.8624958812860026
0.5700000000000001,-0.8467497773275425,-1.0217931445646133,-0.8836955999734862,-0.8940613963763183,-0.8479447692778991,-0.86055660950316
0.5720000000000001,-0.8446347080946615,-1.0199740651646862,-0.8816676528521356,-0.8921924677763879,-0.8459805402801324,-0.8586209920814263
0.5740000000000001,-0.8425242109767329,-1.0181572187646801,-0.8796429125503051,-0.8903269094331889,-0.8440201117366385,-0.8566890221337395
0.5760000000000001,-0.840418277030795,-1.016342599829715,-0.8776213721811642,-0.888464712135983,-0.8420634766132102,-0.854760692786008
0.578,-0.838316897289598,-1.0145302028415308,-0.8756030248843317,-0.886605866705849,-0.8401106278859356,-0.8528359971770858
0.58,-0.8362200627639006,-1.0127200223005097,-0.8735878638265534,-0.8847503639961487,-0.8381615585411866,-0.8509149284587494
0.582,-0.8341277644444678,-1.0109120527274826,-0.8715758822022913,-0.8828981948929344,-0.8362162615756061,-0.8489974797956731
0.584,-0.832039993303815,-1.0091062886653286,-0.869567073234236,-0.8810493503153056,-0.834274729996095,-0.8470836443654057
0.586,-0.8299567402977344,-1.0073027246803972,-0.867561430173748,-0.8792038212157193,-0.8323369568197976,-0.8451734153583466
0.588,-0.8278779963666373,-1.0055013553637706,-0.8655589463012372,-0.8773615985802599,-0.8304029350740881,-0.8432667859777214
0.59,-0.8258037524367383,-1.0037021753323783,-0.8635596149264856,-0.875522673428872,-0.8284726577965559,-0.841363749439559
0.592,-0.823733999421106,-1.0019051792299836,-0.861563429388919,-0.8736870368155614,-0.8265461180349909,-0.8394642989726674
0.594,-0.8216687282206002,-1.0001103617280518,-0.8595703830578344,-0.8718546798285651,-0.8246233088473696,-0.8375684278186095
0.596,-0.8196079297247124,-0.9983177175265141,-0.8575804693325846,-0.8700255935904968,-0.8227042233018408,-0.8356761292316806
0.598,-0.8175515948123251,-0.9965272413544359,-0.8555936816427279,-0.8681997692584672,-0.8207888544767118,-0.8337873964788833
0.6,-0.8154997143524013,-0.9947389279705994,-0.8536100134481429,-0.8663771980241839,-0.8188771954604349,-0.8319022228399053
0.602,-0.8134522792046164,-0.9929527721640092,-0.8516294582391151,-0.864557871114032,-0.8169692393515943,-0.8300206016070948
0.604,-0.8114092802199396,-0.9911687687543294,-0.8496520095363945,-0.8627417797891369,-0.8150649792588933,-0.8281425260854371
0.606,-0.809370708241175,-0.9893869125922556,-0.8476776608912312,-0.8609289153454119,-0.8131644083011422,-0.8262679895925317
0.608,-0.8073365541034659,-0.9876071985598329,-0.8457064058853869,-0.8591192691135917,-0.8112675196072463,-0.8243969854585678
0.61,-0.805306808634771,-0.98582962157072,-0.8437382381311286,-0.8573128324592524,-0.8093743063161947,-0.8225295070263017
0.612,-0.8032814626563138,-0.9840541765704084,-0.8417731512712029,-0.8555095967828209,-0.8074847615770494,-0.820665547651033
0.614,-0.8012605069830127,-0.9822808585363995,-0.8398111389787953,-0.853709553519573,-0.8055988785489351,-0.8188051007005811
0.616,-0.7992439324238915,-0.9805096624783429,-0.8378521949574744,-0.8519126941396219,-0.8037166504010288,-0.8169481595552622
0.618,-0.7972317297824761,-0.9787405834381415,-0.8358963129411232,-0.8501190101478984,-0.8018380703125508,-0.8150947176078658
0.62,-0.7952238898571778,-0.9769736164900241,-0.8339434866938586,-0.8483284930841225,-0.7999631314727556,-0.8132447682636311
0.622,-0.7932204034416656,-0.9752087567405912,-0.8319937100099405,-0.8465411345227685,-0.7980918270809227,-0.8113983049402244
0.624,-0.791221261325229,-0.9734459993288337,-0.8300469767136707,-0.8447569260730223,-0.7962241503463497,-0.8095553210677151
0.626,-0.7892264542931339,-0.9716853394261301,-0.8281032806592837,-0.8429758593787339,-0.7943600944883435,-0.8077158100885533
0.628,-0.7872359731269702,-0.9699267722362215,-0.8261626157308302,-0.8411979261183629,-0.7924996527362133,-0.805879765457546
0.63,-0.7852498086049946,-0.9681702929951679,-0.8242249758420518,-0.8394231180049202,-0.7906428183292634,-0.8040471806418347
0.632,-0.7832679515024669,-0.9664158969712877,-0.8222903549362516,-0.8376514267859041,-0.7887895845167874,-0.8022180491208714
0.634,-0.7812903925919826,-0.9646635794650812,-0.820358746986158,-0.8358828442432321,-0.7869399445580607,-0.8003923643863964
0.636,-0.7793171226438013,-0.9629133358091398,-0.8184301459937834,-0.8341173621931691,-0.7850938917223358,-0.798570119942415
0.638,-0.7773481324261704,-0.9611651613680436,-0.8165045459902789,-0.8323549724862516,-0.7832514192888357,-0.7967513093051745
0.64,-0.7753834127056465,-0.959419051538246,-0.8145819410357847,-0.8305956670072083,-0.7814125205467493,-0.7949359260031411
0.642,-0.7734229542474125,-0.9576750017479485,-0.8126623252192772,-0.8288394376748783,-0.779577188795226,-0.7931239635769776
0.644,-0.7714667478155922,-0.9559330074569666,-0.8107456926584119,-0.8270862764421252,-0.7777454173433709,-0.7913154155795199
0.646,-0.7695147841735622,-0.9541930641565867,-0.8088320374993655,-0.8253361752957495,-0.7759171995102406,-0.7895102755757547
0.648,-0.7675670540842604,-0.9524551673694148,-0.8069213539166734,-0.8235891262563984,-0.7740925286248388,-0.7877085371427964
0.65,-0.765623548310492,-0.95071931264922,-0.8050136361130664,-0.821845121378472,-0.7722713980261119,-0.7859101938698646
0.652,-0.763684257615233,-0.94898549558077,-0.8031088783193049,-0.8201041527500297,-0.7704538010629458,-0.7841152393582612
0.654,-0.7617491727619312,-0.9472537117796624,-0.8012070747940117,-0.818366212492692,-0.7686397310941621,-0.7823236672213479
0.656,-0.7598182845148045,-0.9455239568921502,-0.7993082198235033,-0.8166312927615424,-0.7668291814885142,-0.7805354710845237
0.658,-0.7578915836391358,-0.9437962265949634,-0.7974123077216204,-0.8148993857450266,-0.7650221456246847,-0.7787506445852019
0.66,-0.7559690609015669,-0.9420705165951268,-0.7955193328295567,-0.81317048366485,-0.763218616891282,-0.7769691813727881
0.662,-0.7540507070703886,-0.9403468226297735,-0.7936292895156871,-0.8114445787758745,-0.7614185886868374,-0.7751910751086574
0.664,-0.7521365129158284,-0.9386251404659569,-0.7917421721753963,-0.809721663366013,-0.7596220544198025,-0.7734163194661319
0.666,-0.7502264692103362,-0.9369054659004579,-0.789857975230905,-0.808001729756123,-0.7578290075085462,-0.7716449081304586
0.668,-0.7483205667288666,-0.9351877947595915,-0.787976693131097,-0.8062847702998992,-0.7560394413813527,-0.7698768347987868
0.67,-0.7464187962491592,-0.9334721228990107,-0.7860983203513463,-0.8045707773837643,-0.7542533494764189,-0.7681120931801455
0.672,-0.7445211485520158,-0.931758446203509,-0.784222851393343,-0.8028597434267594,-0.7524707252418519,-0.7663506769954217
0.674,-0.7426276144215753,-0.9300467605868205,-0.7823502807849197,-0.801151660880433,-0.7506915621356673,-0.7645925799773378
0.676,-0.7407381846455856,-0.9283370619914196,-0.7804806030798785,-0.7994465222287294,-0.7489158536257872,-0.7628377958704292
0.678,-0.7388528500156729,-0.92662934638832,-0.778613812857817,-0.7977443199878756,-0.7471435931900373,-0.7610863184310227
0.68,-0.7369716013276086,-0.9249236097768713,-0.7767499047239553,-0.7960450467062686,-0.7453747743161465,-0.7593381414272137
0.682,-0.735094429381573,-0.9232198481845568,-0.7748888733089636,-0.7943486949643602,-0.7436093905017439,-0.7575932586388445
0.684,-0.7332213249824164,-0.9215180576667898,-0.7730307132687891,-0.7926552573745427,-0.7418474352543577,-0.7558516638574823
0.686,-0.7313522789399179,-0.9198182343067095,-0.7711754192844844,-0.790964726581033,-0.7400889020914134,-0.7541133508863967
0.6880000000000001,-0.7294872820690406,-0.9181203742149772,-0.7693229860620353,-0.7892770952597568,-0.7383337845402322,-0.7523783135405384
0.6900000000000001,-0.7276263251901847,-0.916424473529572,-0.7674734083321905,-0.7875923561182311,-0.7365820761380297,-0.7506465456465167
0.6920000000000001,-0.7257693991294377,-0.9147305284155872,-0.7656266808502903,-0.7859105018954476,-0.7348337704319141,-0.7489180410425779
0.6940000000000001,-0.7239164947188218,-0.9130385350650261,-0.7637827983960972,-0.7842315253617546,-0.7330888609788851,-0.7471927935785833
0.6960000000000001,-0.7220676027965383,-0.9113484896965983,-0.7619417557736267,-0.7825554193187382,-0.7313473413458323,-0.7454707971159873
0.6980000000000001,-0.7202227142072092,-0.9096603885555168,-0.7601035478109781,-0.7808821765991045,-0.729609205109534,-0.743752045527816
0.7000000000000001,-0.7183818198021166,-0.9079742279132947,-0.7582681693601675,-0.7792117900665598,-0.7278744458566558,-0.7420365326986451
0.7020000000000001,-0.7165449104394387,-0.9062900040675437,-0.75643561529696,-0.7775442526156914,-0.7261430571837497,-0.7403242525245781
0.704,-0.7147119769844832,-0.9046077133417714,-0.7546058805207035,-0.7758795571718474,-0.7244150326972523,-0.738615198913225
0.706,-0.7128830103099179,-0.9029273520851809,-0.7527789599541633,-0.7742176966910171,-0.722690366013484,-0.7369093657836805
0.708,-0.7110580012959984,-0.9012489166724702,-0.7509548485433571,-0.7725586641597103,-0.7209690507586479,-0.7352067470665022
0.71,-0.7092369408307937,-0.8995724035036323,-0.7491335412573912,-0.7709024525948361,-0.7192510805688281,-0.7335073367036896
0.712,-0.7074198198104079,-0.8978978090037567,-0.7473150330882972,-0.7692490550435829,-0.7175364490899893,-0.731811128648662
0.714,-0.7056066291392,-0.8962251296228311,-0.74549931905087,-0.7675984645832962,-0.7158251499779749,-0.7301181168662373
0.716,-0.7037973597300007,-0.8945543618355445,-0.7436863941825061,-0.765950674321358,-0.7141171768985065,-0.7284282953326106
0.718,-0.7019920025043261,-0.8928855021410906,-0.7418762535430435,-0.7643056773950649,-0.7124125235271825,-0.7267416580353325
0.72,-0.7001905483925894,-0.891218547062973,-0.7400688922146017,-0.7626634669715064,-0.7107111835494769,-0.7250581989732885
0.722,-0.6983929883343092,-0.88955349314881,-0.7382643053014231,-0.7610240362474427,-0.7090131506607383,-0.7233779121566767
0.724,-0.696599313278315,-0.8878903369701424,-0.736462487929715,-0.7593873784491834,-0.7073184185661889,-0.7217007916069872
0.726,-0.6948095141829511,-0.88622907512224,-0.7346634352474934,-0.7577534868324644,-0.705626980980923,-0.7200268313569806
0.728,-0.6930235820162761,-0.8845697042239111,-0.7328671424244262,-0.7561223546823266,-0.7039388316299062,-0.718356025450667
0.73,-0.691241507756261,-0.882912220917312,-0.7310736046516784,-0.7544939753129931,-0.7022539642479743,-0.7166883679432845
0.732,-0.6894632823909844,-0.8812566218677577,-0.7292828171417582,-0.7528683420677469,-0.7005723725798317,-0.7150238529012783
0.734,-0.6876888969188245,-0.8796029037635338,-0.7274947751283637,-0.7512454483188084,-0.6988940503800509,-0.7133624744022798
0.736,-0.6859183423486489,-0.8779510633157097,-0.7257094738662303,-0.7496252874672129,-0.6972189914130706,-0.7117042265350851
0.738,-0.6841516097000017,-0.8763010972579528,-0.7239269086309799,-0.7480078529426885,-0.6955471894531952,-0.7100491033996343
0.74,-0.6823886900032876,-0.8746530023463434,-0.7221470747189702,-0.7463931382035328,-0.6938786382845927,-0.7083970991069906
0.742,-0.6806295742999544,-0.8730067753591911,-0.7203699674471454,-0.7447811367364914,-0.6922133317012945,-0.706748207779319
0.744,-0.6788742536426714,-0.8713624130968529,-0.7185955821528877,-0.7431718420566344,-0.6905512635071933,-0.7051024235498659
0.746,-0.6771227190955064,-0.8697199123815509,-0.7168239141938695,-0.7415652477072346,-0.6888924275160422,-0.7034597405629377
0.748,-0.6753749617340998,-0.8680792700571928,-0.715054958947907,-0.7399613472596447,-0.6872368175514532,-0.7018201529738806
0.75,-0.673630972645836,-0.8664404829891926,-0.7132887118128148,-0.7383601343131749,-0.6855844274468958,-0.7001836549490592
0.752,-0.6718907429300124,-0.8648035480642929,-0.7115251682062607,-0.7367616024949707,-0.6839352510456962,-0.6985502406658363
0.754,-0.6701542636980055,-0.863168462190388,-0.7097643235656217,-0.7351657454598903,-0.6822892822010349,-0.6969199043125516
0.756,-0.6684215260734352,-0.8615352222963482,-0.708006173347842,-0.7335725568903829,-0.6806465147759461,-0.6952926400885018
0.758,-0.6666925211923262,-0.8599038253318455,-0.7062507130292904,-0.7319820304963659,-0.6790069426433156,-0.6936684422039193
0.76,-0.6649672402032668,-0.8582742682671808,-0.7044979381056194,-0.7303941600151034,-0.6773705596858798,-0.6920473048799519
0.762,-0.6632456742675653,-0.856646548093111,-0.7027478440916254,-0.7288089392110838,-0.6757373597962236,-0.6904292223486423
0.764,-0.6615278145594042,-0.855020661820679,-0.7010004265211092,-0.7272263618758984,-0.6741073368767794,-0.6888141888529076
0.766,-0.659813652265992,-0.8533966064810432,-0.699255680946738,-0.7256464218281192,-0.6724804848398247,-0.6872021986465183
0.768,-0.6581031785877118,-0.8517743791253093,-0.697513602939908,-0.7240691129131777,-0.6708567976074813,-0.6855932459940788
0.77,-0.6563963847382689,-0.8501539768243628,-0.6957741880906084,-0.722494429003243,-0.6692362691117127,-0.683987325171006
0.772,-0.6546932619448346,-0.8485353966687027,-0.6940374320072853,-0.720922363997101,-0.6676188932943231,-0.6823844304635099
0.774,-0.6529938014481887,-0.8469186357682766,-0.6923033303167077,-0.7193529118200326,-0.6660046641069548,-0.6807845561685726
0.776,-0.6512979945028592,-0.8453036912523165,-0.6905718786638334,-0.7177860664236931,-0.6643935755110869,-0.6791876965939281
0.778,-0.6496058323772593,-0.8436905602691761,-0.6888430727116769,-0.7162218217859915,-0.6627856214780333,-0.6775938460580423
0.78,-0.6479173063538232,-0.8420792399861691,-0.6871169081411768,-0.7146601719109691,-0.6611807959889405,-0.6760029988900926
0.782,-0.6462324077291381,-0.8404697275894087,-0.6853933806510655,-0.7131011108286796,-0.6595790930347857,-0.6744151494299478
0.784,-0.644551127814076,-0.8388620202836485,-0.6836724859577389,-0.7115446325950684,-0.6579805066163747,-0.6728302920281479
0.786,-0.6428734579339205,-0.837256115292124,-0.681954219795127,-0.7099907312918529,-0.65638503074434,-0.6712484210458841
0.788,-0.6411993894284941,-0.8356520098563953,-0.6802385779145663,-0.7084394010264018,-0.654792659439138,-0.6696695308549785
0.79,-0.6395289136522815,-0.8340497012361917,-0.6785255560846716,-0.7068906359316162,-0.6532033867310476,-0.6680936158378644
0.792,-0.6378620219745514,-0.8324491867092565,-0.6768151500912098,-0.7053444301658093,-0.6516172066601672,-0.6665206703875661
0.794,-0.6361987057794761,-0.8308504635711931,-0.6751073557369749,-0.7038007779125875,-0.6500341132764128,-0.6649506889076789
0.796,-0.6345389564662485,-0.8292535291353129,-0.6734021688416619,-0.7022596733807314,-0.6484541006395153,-0.6633836658123494
0.798,-0.6328827654491975,-0.8276583807324834,-0.6716995852417443,-0.7007211108040762,-0.6468771628190182,-0.6618195955262555
0.8,-0.6312301241579014,-0.8260650157109779,-0.6699996007903499,-0.6991850844413937,-0.6453032938942751,-0.6602584724845864
0.802,-0.6295810240372981,-0.8244734314363263,-0.6683022113571393,-0.697651588576274,-0.643732487954447,-0.6587002911330231
0.804,-0.6279354565477946,-0.8228836252911668,-0.6666074128281843,-0.6961206175170064,-0.6421647390984998,-0.6571450459277183
0.806,-0.6262934131653736,-0.8212955946750987,-0.6649152011058472,-0.6945921655964624,-0.6406000414352012,-0.6555927313352771
0.808,-0.624654885381698,-0.8197093370045367,-0.6632255721086617,-0.6930662271719776,-0.6390383890831186,-0.6540433418327367
0.81,-0.6230198647042141,-0.8181248497125656,-0.6615385217712135,-0.6915427966252342,-0.6374797761706157,-0.6524968719075473
0.812,-0.6213883426562519,-0.8165421302487964,-0.6598540460440225,-0.6900218683621439,-0.6359241968358499,-0.6509533160575524
0.8140000000000001,-0.6197603107771237,-0.8149611760792239,-0.6581721408934256,-0.6885034368127309,-0.6343716452267691,-0.6494126687909686
0.8160000000000001,-0.6181357606222213,-0.8133819846860845,-0.6564928023014603,-0.6869874964310153,-0.6328221155011092,-0.6478749246263669
0.8180000000000001,-0.6165146837631105,-0.8118045535677156,-0.6548160262657495,-0.6854740416948969,-0.6312756018263903,-0.6463400780926526
0.8200000000000001,-0.6148970717876234,-0.8102288802384163,-0.6531418087993862,-0.6839630671060387,-0.629732098379914,-0.6448081237290462
0.8220000000000001,-0.6132829162999502,-0.8086549622283082,-0.6514701459308201,-0.6824545671897514,-0.6281915993487599,-0.6432790560850635
0.8240000000000001,-0.6116722089207276,-0.8070827970831984,-0.649801033703744,-0.6809485364948775,-0.626654098929783,-0.6417528697204968
0.8260000000000001,-0.6100649412871257,-0.8055123823644424,-0.648134468176982,-0.6794449695936764,-0.6251195913296094,-0.640229559205395
0.8280000000000001,-0.6084611050529339,-0.8039437156488092,-0.6464704454243774,-0.6779438610817092,-0.6235880707646334,-0.6387091191200445
0.8300000000000001,-0.6068606918886434,-0.8023767945283461,-0.6448089615346825,-0.6764452055777243,-0.6220595314610142,-0.6371915440549497
0.8320000000000001,-0.6052636934815293,-0.8008116166102459,-0.6431500126114483,-0.6749489977235424,-0.620533967654672,-0.6356768286108141
0.834,-0.60367010153573,-0.799248179516714,-0.6414935947729155,-0.6734552321839432,-0.6190113735912842,-0.6341649673985208
0.836,-0.6020799077723252,-0.797686480884837,-0.6398397041519057,-0.6719639036465511,-0.6174917435262823,-0.6326559550391134
0.838,-0.6004931039294121,-0.7961265183664522,-0.6381883368957144,-0.6704750068217218,-0.6159750717248479,-0.6311497861637768
0.84,-0.5989096817621795,-0.7945682896280183,-0.6365394891660037,-0.6689885364424292,-0.6144613524619085,-0.629646455413818
0.842,-0.5973296330429805,-0.7930117923504867,-0.6348931571386961,-0.6675044872641527,-0.6129505800221341,-0.6281459574406473
0.844,-0.5957529495614032,-0.7914570242291739,-0.6332493370038694,-0.6660228540647644,-0.611442748699933,-0.6266482869057588
0.846,-0.5941796231243401,-0.7899039829736351,-0.6316080249656522,-0.664543631644417,-0.6099378527994479,-0.6251534384807119
0.848,-0.5926096455560554,-0.7883526663075385,-0.6299692172421194,-0.6630668148254321,-0.6084358866345516,-0.6236614068471119
0.85,-0.5910430086982505,-0.7868030719685408,-0.6283329100651899,-0.6615923984521882,-0.606936844528843,-0.6221721866965914
0.852,-0.5894797044101285,-0.7852551977081633,-0.6266990996805235,-0.6601203773910099,-0.6054407208156427,-0.6206857727307908
0.854,-0.5879197245684564,-0.7837090412916693,-0.6250677823474197,-0.6586507465300567,-0.6039475098379887,-0.6192021596613405
0.856,-0.5863630610676259,-0.7821646004979421,-0.6234389543387165,-0.6571835007792126,-0.6024572059486323,-0.6177213422098409
0.858,-0.5848097058197127,-0.7806218731193645,-0.6218126119406905,-0.6557186350699757,-0.6009698035100333,-0.6162433151078441
0.86,-0.583259650754534,-0.7790808569616983,-0.6201887514529569,-0.6542561443553485,-0.5994852968943554,-0.6147680730968355
0.862,-0.5817128878197045,-0.7775415498439658,-0.6185673691883712,-0.652796023609728,-0.598003680483462,-0.6132956109282143
0.864,-0.5801694089806911,-0.7760039495983315,-0.6169484614729308,-0.6513382678287969,-0.5965249486689111,-0.6118259233632753
0.866,-0.5786292062208656,-0.7744680540699848,-0.6153320246456778,-0.6498828720294143,-0.5950490958519511,-0.6103590051731904
0.868,-0.5770922715415557,-0.7729338611170237,-0.6137180550586023,-0.6484298312495075,-0.5935761164435152,-0.6088948511389893
0.87,-0.5755585969620959,-0.7714013686103395,-0.6121065490765464,-0.6469791405479635,-0.592106004864217,-0.6074334560515418
0.872,-0.5740281745198748,-0.7698705744335023,-0.6104975030771087,-0.6455307950045214,-0.5906387555443459,-0.6059748147115381
0.874,-0.5725009962703824,-0.7683414764826472,-0.6088909134505501,-0.6440847897196649,-0.589174362923861,-0.6045189219294715
0.876,-0.5709770542872558,-0.7668140726663617,-0.6072867765996997,-0.6426411198145149,-0.5877128214523872,-0.6030657725256191
0.878,-0.5694563406623228,-0.7652883609055738,-0.6056850889398611,-0.6411997804307229,-0.5862541255892091,-0.6016153613300236
0.88,-0.5679388475056444,-0.7637643391334411,-0.6040858468987205,-0.6397607667303647,-0.5847982698032661,-0.6001676831824749
0.882,-0.5664245669455561,-0.7622420052952403,-0.6024890469162545,-0.6383240738958342,-0.5833452485731472,-0.5987227329324917
0.884,-0.5649134911287079,-0.7607213573482582,-0.6008946854446388,-0.6368896971297375,-0.5818950563870854,-0.597280505439303
0.886,-0.5634056122201021,-0.759202393261683,-0.5993027589481574,-0.6354576316547877,-0.5804476877429523,-0.59584099557183
0.888,-0.5619009224031306,-0.7576851110164972,-0.5977132639031134,-0.6340278727137002,-0.5790031371482527,-0.5944041982086677
0.89,-0.5603994138796105,-0.7561695086053699,-0.5961261967977386,-0.6326004155690874,-0.5775613991201187,-0.5929701082380668
0.892,-0.5589010788698181,-0.7546555840325521,-0.5945415541321059,-0.631175255503355,-0.5761224681853043,-0.5915387205579152
0.894,-0.5574059096125221,-0.7531433353137704,-0.5929593324180403,-0.6297523878185979,-0.5746863388801794,-0.5901100300757199
0.896,-0.5559138983650156,-0.7516327604761236,-0.5913795281790326,-0.6283318078364967,-0.573253005750724,-0.5886840317085892
0.898,-0.5544250374031454,-0.7501238575579785,-0.5898021379501518,-0.6269135108982145,-0.5718224633525226,-0.5872607203832141
0.9,-0.5529393190213423,-0.7486166246088678,-0.5882271582779592,-0.625497492364294,-0.5703947062507579,-0.5858400910358504
0.902,-0.5514567355326481,-0.7471110596893877,-0.5866545857204233,-0.6240837476145553,-0.5689697290202049,-0.5844221386123011
0.904,-0.5499772792687425,-0.7456071608710974,-0.5850844168468341,-0.6226722720479937,-0.567547526245225,-0.5830068580678974
0.906,-0.5485009425799685,-0.7441049262364181,-0.5835166482377199,-0.6212630610826779,-0.5661280925197589,-0.5815942443674817
0.908,-0.547027717835356,-0.7426043538785343,-0.5819512764847625,-0.6198561101556489,-0.564711422447322,-0.5801842924853892
0.91,-0.5455575974226454,-0.7411054419012945,-0.5803882981907152,-0.618451414722819,-0.5632975106409963,-0.5787769974054299
0.912,-0.544090573748309,-0.7396081884191132,-0.5788277099693198,-0.6170489702588711,-0.5618863517234252,-0.577372354120871
0.914,-0.5426266392375718,-0.7381125915568743,-0.5772695084452244,-0.6156487722571586,-0.5604779403268063,-0.5759703576344187
0.916,-0.5411657863344301,-0.7366186494498339,-0.5757136902539032,-0.6142508162296058,-0.5590722710928857,-0.5745710029582011
0.918,-0.5397080075016707,-0.7351263602435253,-0.5741602520415747,-0.6128550977066078,-0.5576693386729505,-0.5731742851137495
0.92,-0.5382532952208874,-0.7336357220936636,-0.5726091904651225,-0.6114616122369324,-0.5562691377278226,-0.5717801991319813
0.922,-0.5368016419924975,-0.7321467331660518,-0.5710605021920151,-0.6100703553876203,-0.5548716629278521,-0.570388740053182
0.924,-0.5353530403357563,-0.7306593916364874,-0.5695141839002276,-0.6086813227438879,-0.5534769089529099,-0.5689999029269877
0.926,-0.5339074827887709,-0.7291736956906694,-0.5679702322781628,-0.6072945099090283,-0.5520848704923815,-0.5676136828123672
0.928,-0.5324649619085131,-0.7276896435241064,-0.5664286440245736,-0.6059099125043148,-0.5506955422451598,-0.5662300747776048
0.93,-0.5310254702708312,-0.7262072333420256,-0.5648894158484863,-0.6045275261689028,-0.5493089189196376,-0.5648490739002823
0.932,-0.5295890004704602,-0.7247264633592824,-0.563352544469123,-0.6031473465597336,-0.5479249952337011,-0.5634706752672616
0.934,-0.5281555451210316,-0.7232473318002698,-0.5618180266158264,-0.6017693693514375,-0.5465437659147225,-0.5620948739746674
0.936,-0.5267250968550818,-0.72176983689883,-0.5602858590279836,-0.6003935902362385,-0.5451652256995532,-0.5607216651278695
0.9380000000000001,-0.5252976483240601,-0.720293976898166,-0.5587560384549513,-0.5990200049238578,-0.5437893693345155,-0.5593510438414653
0.9400000000000001,-0.5238731921983346,-0.7188197500507533,-0.5572285616559816,-0.5976486091414189,-0.5424161915753964,-0.5579830052392625
0.9420000000000001,-0.5224517211671984,-0.7173471546182534,-0.5557034254001476,-0.596279398633353,-0.5410456871874396,-0.5566175444542618
0.9440000000000001,-0.5210332279388739,-0.7158761888714273,-0.5541806264662708,-0.5949123691613039,-0.5396778509453377,-0.5552546566286394
0.9460000000000001,-0.5196177052405162,-0.71440685109005,-0.5526601616428475,-0.5935475165040341,-0.5383126776332252,-0.5538943369137297
0.9480000000000001,-0.5182051458182162,-0.7129391395628252,-0.5511420277279768,-0.5921848364573316,-0.536950162044671,-0.5525365804700082
0.9500000000000001,-0.5167955424370019,-0.7114730525873011,-0.5496262215292891,-0.5908243248339152,-0.53559029898267,-0.5511813824670739
0.9520000000000001,-0.5153888878808399,-0.7100085884697871,-0.5481127398638741,-0.5894659774633431,-0.5342330832596356,-0.5498287380836326
0.9540000000000001,-0.513985174952635,-0.7085457455252703,-0.5466015795582106,-0.5881097901919189,-0.5328785096973923,-0.548478642507479
0.9560000000000001,-0.5125843964742287,-0.7070845220773335,-0.5450927374480967,-0.5867557588826003,-0.5315265731271672,-0.5471310909354803
0.9580000000000001,-0.5111865452863982,-0.7056249164580737,-0.5435862103785791,-0.585403879414907,-0.5301772683895829,-0.5457860785735584
0.96,-0.5097916142488532,-0.7041669270080204,-0.5420819952038847,-0.5840541476848289,-0.5288305903346484,-0.5444436006366735
0.962,-0.5083995962402328,-0.702710552076056,-0.5405800887873515,-0.5827065596047355,-0.5274865338217518,-0.5431036523488066
0.964,-0.5070104841581002,-0.7012557900193355,-0.5390804880013607,-0.5813611111032848,-0.5261450937196517,-0.5417662289429426
0.966,-0.5056242709189382,-0.6998026392032075,-0.5375831897272685,-0.5800177981253332,-0.5248062649064695,-0.5404313256610529
0.968,-0.5042409494581428,-0.6983510980011362,-0.5360881908553394,-0.5786766166318454,-0.5234700422696807,-0.5390989377540791
0.97,-0.5028605127300165,-0.6969011647946226,-0.5345954882846795,-0.5773375625998053,-0.5221364207061068,-0.5377690604819159
0.972,-0.5014829537077605,-0.6954528379731282,-0.5331050789231699,-0.5760006320221258,-0.5208053951219065,-0.5364416891133938
0.974,-0.5001082653834661,-0.6940061159339976,-0.5316169596874016,-0.5746658209075611,-0.5194769604325677,-0.535116818926263
0.976,-0.49873644076810564,-0.6925609970823832,-0.5301311275026093,-0.5733331252806178,-0.5181511115628992,-0.5337944452071754
0.978,-0.4973674728915223,-0.6911174798311689,-0.5286475793026073,-0.5720025411814664,-0.5168278434470213,-0.532474563251669
0.98,-0.49600135480241914,-0.6896755626008961,-0.5271663120297254,-0.5706740646658546,-0.5155071510283578,-0.5311571683641505
0.982,-0.49463807956834827,-0.688235243819689,-0.5256873226347445,-0.5693476918050193,-0.514189029259627,-0.5298422558578786
0.984,-0.49327764027569776,-0.6867965219231811,-0.5242106080768334,-0.5680234186855999,-0.512873473102833,-0.5285298210549474
0.986,-0.4919200300296793,-0.6853593953544419,-0.5227361653234861,-0.5667012414095516,-0.5115604775292575,-0.5272198592862698
0.988,-0.49056524195431384,-0.683923862563905,-0.5212639913504593,-0.5653811560940594,-0.5102500375194494,-0.5259123658915608
0.99,-0.4892132691924178,-0.6824899220092956,-0.51979408314171,-0.5640631588714524,-0.5089421480632177,-0.5246073362193204
0.992,-0.4878641049055876,-0.6810575721555594,-0.5183264376893351,-0.5627472458891183,-0.5076368041596211,-0.5233047656268182
0.994,-0.486517742274184,-0.679626811474792,-0.5168610519935086,-0.5614334133094183,-0.5063340008169597,-0.5220046494800752
0.996,-0.4851741744973157,-0.6781976384461683,-0.5153979230624228,-0.5601216573096026,-0.5050337330527657,-0.5207069831538491
0.998,-0.4838333947928224,-0.6767700515558733,-0.5139370479122269,-0.5588119740817259,-0.5037359958937939,-0.5194117620316163
1.0,-0.48249539639725625,-0.6753440492970328,-0.5124784235669675,-0.5575043598325637,-0.5024407843760132,-0.5181189815055565
1.002,-0.48116017256586474,-0.6739196301696447,-0.5110220470585298,-0.556198810783529,-0.5011480935445964,-0.5168286369765351
1.004,-0.4798277165725704,-0.6724967926805113,-0.509567915426578,-0.5548953231705882,-0.4998579184539118,-0.5155407238540886
1.006,-0.4784980217099519,-0.6710755353431718,-0.5081160257184976,-0.5535938932441793,-0.498570254167513,-0.514255237556406
1.008,-0.4771710812892236,-0.669655856677835,-0.5066663749893368,-0.5522945172691294,-0.49728509575813007,-0.5129721735103145
1.01,-0.4758468886402145,-0.6682377552113138,-0.5052189603017494,-0.5509971915245719,-0.4960024383076598,-0.5116915271512621
1.012,-0.4745254371113472,-0.6668212294769582,-0.5037737787259373,-0.5497019123038658,-0.49472227690715576,-0.5104132939233015
1.014,-0.4732067200696155,-0.6654062780145911,-0.5023308273395939,-0.5484086759145135,-0.49344460665681944,-0.5091374692790738
1.016,-0.4718907309005618,-0.6639928993704425,-0.5008901032278477,-0.5471174786780808,-0.49216942266599006,-0.5078640486797925
1.018,-0.4705774630082542,-0.662581092097086,-0.49945160348320683,-0.5458283169301155,-0.4908967200531349,-0.5065930275952275
1.02,-0.4692669098152624,-0.6611708547533747,-0.49801532520550307,-0.5445411870200676,-0.4896264939458399,-0.5053244015036882
1.022,-0.4679590647626337,-0.6597621859043777,-0.4965812655018369,-0.5432560853112096,-0.48835873948079955,-0.5040581658920082
1.024,-0.46665392130986816,-0.6583550841213179,-0.4951494214865231,-0.5419730081805567,-0.4870934518038066,-0.5027943162555291
1.026,-0.4653514729348929,-0.6569495479815094,-0.49371979028103596,-0.5406919520187881,-0.48583062606974314,-0.5015328480980834
1.028,-0.4640517131340369,-0.6555455760682956,-0.492292369013956,-0.5394129132301679,-0.48457025744256965,-0.5002737569319802
1.03,-0.462754635422004,-0.6541431669709881,-0.49086715482091625,-0.5381358882324672,-0.4833123410953155,-0.4990170382779877
1.032,-0.46146023333184627,-0.6527423192848062,-0.48944414484454923,-0.5368608734568854,-0.4820568722100689,-0.4977626876653183
1.034,-0.46016850041493673,-0.6513430316108162,-0.48802333623443395,-0.5355878653479731,-0.4808038459779662,-0.4965107006316116
1.036,-0.4588794302409416,-0.6499453025558718,-0.4866047261470441,-0.5343168603635551,-0.47955325759918277,-0.49526107272291986
1.038,-0.45759301639779126,-0.6485491307325547,-0.4851883117456961,-0.5330478549746527,-0.47830510228292145,-0.4940137994936906
1.04,-0.45630925249165255,-0.6471545147591159,-0.4837740902004972,-0.5317808456654078,-0.4770593752474035,-0.49276887650675194
1.042,-0.45502813214689874,-0.6457614532594169,-0.48236205868829485,-0.5305158289330065,-0.4758160717198576,-0.4915262993332963
1.044,-0.4537496490060797,-0.6443699448628726,-0.4809522143926255,-0.5292528012876032,-0.4745751869365098,-0.4902860635528643
1.046,-0.45247379672989263,-0.6429799882043928,-0.4795445545036645,-0.5279917592522452,-0.47333671614257256,-0.48904816475333
1.048,-0.45120056899715033,-0.6415915819243262,-0.4781390762181763,-0.5267326993627974,-0.4721006545922348,-0.4878125985308841
1.05,-0.44992995950475123,-0.6402047246684032,-0.476735776739464,-0.5254756181678684,-0.47086699754865147,-0.4865793604900188
1.052,-0.4486619619676473,-0.6388194150876801,-0.47533465327732105,-0.5242205122287347,-0.4696357402839326,-0.48534844624351203
1.054,-0.4473965701188123,-0.6374356518384836,-0.4739357030479818,-0.5229673781192679,-0.46840687807913284,-0.48411985141241165
1.056,-0.4461337777092098,-0.6360534335823552,-0.4725389232740731,-0.5217162124258603,-0.46718040622424106,-0.4828935716260203
1.058,-0.4448735785077602,-0.634672758985997,-0.4711443111845661,-0.520467011747352,-0.46595632001816933,-0.4816696025218792
1.06,-0.44361596630130795,-0.6332936267212169,-0.4697518640147289,-0.5192197726949577,-0.46473461476874256,-0.48044793974575284
1.062,-0.44236093489458783,-0.6319160354648752,-0.4683615790060782,-0.517974491892194,-0.46351528579268697,-0.47922857895161397
1.064,-0.44110847811019127,-0.6305399838988308,-0.4669734534063328,-0.5167311659748075,-0.46229832841562035,-0.4780115158016274
1.066,-0.43985858978853254,-0.6291654707098885,-0.4655874844693668,-0.5154897915907024,-0.4610837379720405,-0.47679674596613464
1.068,-0.4386112637878137,-0.6277924945897462,-0.46420366945516345,-0.5142503653998691,-0.4598715098053141,-0.47558426512363905
1.07,-0.43736649398398986,-0.6264210542349428,-0.4628220056297683,-0.5130128840743131,-0.4586616392676668,-0.4743740689607896
1.072,-0.4361242742707343,-0.6250511483468068,-0.4614424902652441,-0.5117773442979843,-0.45745412172017086,-0.4731661531723663
1.074,-0.43488459855940254,-0.6236827756314044,-0.46006512063962557,-0.5105437427667059,-0.45624895253273534,-0.4719605134612641
1.076,-0.4336474607789962,-0.6223159347994893,-0.45868989403687377,-0.5093120761881047,-0.4550461270840942,-0.47075714553847825
1.078,-0.43241285487612746,-0.6209506245664517,-0.45731680774683214,-0.508082341281541,-0.4538456407617957,-0.46955604512308846
1.08,-0.43118077481498207,-0.6195868436522682,-0.4559458590651817,-0.5068545347780393,-0.452647488962191,-0.468357207942244
1.082,-0.4299512145772826,-0.6182245907814528,-0.4545770452933968,-0.505628653420219,-0.45145166709042295,-0.46716062973114836
1.084,-0.4287241681622509,-0.6168638646830066,-0.45321036373870216,-0.5044046939622258,-0.45025817056041517,-0.46596630623304414
1.086,-0.4274996295865714,-0.61550466409037,-0.4518458117140287,-0.5031826531696628,-0.44906699479486023,-0.46477423319919753
1.088,-0.4262775928843525,-0.6141469877413733,-0.4504833865379714,-0.5019625278195232,-0.44787813522520903,-0.4635844063888839
1.09,-0.42505805210708947,-0.6127908343781895,-0.44912308553474545,-0.5007443147001214,-0.44669158729165903,-0.4623968215693717
1.092,-0.4238410013236251,-0.6114362027472857,-0.4477649060341451,-0.49952801061102625,-0.44550734644314294,-0.46121147451590816
1.094,-0.42262643462011185,-0.6100830915993766,-0.4464088453715007,-0.4983136123629941,-0.4443254081373169,-0.46002836101170375
1.096,-0.42141434609997264,-0.608731499689377,-0.4450549008876372,-0.4971011167779016,-0.44314576784055015,-0.4588474768479176
1.098,-0.4202047298838616,-0.6073814257763557,-0.4437030699288329,-0.495890520688679,-0.44196842102791245,-0.4576688178236423
1.1,-0.41899758010962507,-0.6060328686234889,-0.442353349846778,-0.4946818209392452,-0.44079336318316287,-0.45649237974588863
1.102,-0.4177928909322617,-0.604685826998015,-0.44100573799853393,-0.4934750143844404,-0.43962058979873864,-0.4553181584295709
1.104,-0.4165906565238826,-0.6033402996711884,-0.43966023174649327,-0.4922700978899621,-0.43845009637574295,-0.4541461496974921
1.106,-0.4153908710736711,-0.6019962854182352,-0.43831682845833897,-0.4910670683322993,-0.4372818784239336,-0.45297634938032916
1.108,-0.41419352878784266,-0.6006537830183082,-0.43697552550700447,-0.48986592259866746,-0.43611593146171157,-0.4518087533166173
1.11,-0.41299862388960373,-0.5993127912544425,-0.4356363202706346,-0.4886666575869447,-0.434952251016109,-0.4506433573527362
1.112,-0.41180615061911197,-0.5979733089135116,-0.4342992101325458,-0.48746927020560715,-0.43379083262277773,-0.4494801573428946
1.114,-0.4106161032334339,-0.5966353347861841,-0.43296419248118734,-0.4862737573736655,-0.43263167182597684,-0.4483191491491154
1.116,-0.4094284760065048,-0.5952988676668801,-0.4316312647101026,-0.4850801160206015,-0.4314747641785621,-0.4471603286412218
1.118,-0.40824326322908644,-0.5939639063537283,-0.43030042421789094,-0.4838883430863046,-0.43032010524197295,-0.4460036916968213
1.12,-0.40706045920872613,-0.5926304496485238,-0.42897166840816925,-0.4826984355210091,-0.4291676905862214,-0.4448492342012922
1.122,-0.4058800582697142,-0.5912984963566857,-0.427644994689534,-0.48151039028523224,-0.42801751578988,-0.44369695204776805
1.124,-0.40470205475304244,-0.5899680452872151,-0.4263204004755241,-0.4803242043497111,-0.4268695764400694,-0.4425468411371236
1.1260000000000001,-0.40352644301636165,-0.588639095252654,-0.42499788318458376,-0.4791398746953419,-0.42572386813244734,-0.4413988973779599
1.1280000000000001,-0.40235321743393926,-0.5873116450690439,-0.42367744024002474,-0.47795739831311734,-0.42458038647119567,-0.44025311668658973
1.1300000000000001,-0.4011823723966168,-0.5859856935558847,-0.42235906906999077,-0.47677677220406633,-0.4234391270690092,-0.4391094949870231
1.1320000000000001,-0.40001390231176726,-0.584661239536095,-0.4210427671074206,-0.47559799337919206,-0.4223000855470833,-0.4379680282109526
1.1340000000000001,-0.39884780160325195,-0.583338281835971,-0.41972853179001146,-0.47442105885941266,-0.42116325753510164,-0.43682871229773945
1.1360000000000001,-0.39768406471137774,-0.5820168192851477,-0.4184163605601843,-0.4732459656754999,-0.4200286386712244,-0.4356915431943982
1.1380000000000001,-0.39652268609285346,-0.5806968507165583,-0.41710625086504716,-0.47207271086801983,-0.4188962246020762,-0.4345565168555827
1.1400000000000001,-0.3953636602207464,-0.5793783749663958,-0.4157982001563605,-0.470901291487273,-0.4177660109827337,-0.4334236292435718
1.1420000000000001,-0.3942069815844398,-0.5780613908740739,-0.4144922058905023,-0.4697317045932352,-0.4166379934767137,-0.43229287632825497
1.1440000000000001,-0.39305264468958767,-0.5767458972821887,-0.4131882655284327,-0.4685639472554983,-0.41551216775596056,-0.43116425408711767
1.1460000000000001,-0.3919006440580721,-0.5754318930364801,-0.4118863765356604,-0.4673980165532119,-0.41438852950083427,-0.4300377585052271
1.1480000000000001,-0.3907509742279589,-0.5741193769857943,-0.41058653638220743,-0.4662339095750243,-0.41326707440009836,-0.4289133855752181
1.1500000000000001,-0.38960362975345375,-0.5728083479820457,-0.4092887425425762,-0.4650716234190251,-0.4121477981509074,-0.4277911312972784
1.1520000000000001,-0.38845860520485753,-0.5714988048801803,-0.4079929924957153,-0.4639111551926871,-0.41103069645879464,-0.42667099167913514
1.154,-0.3873158951685227,-0.5701907465381384,-0.4066992837249861,-0.46275250201280915,-0.4099157650376595,-0.4255529627360397
1.156,-0.3861754942468081,-0.5688841718168176,-0.4054076137181295,-0.46159566100545857,-0.40880299960975597,-0.4244370404907545
1.158,-0.3850373970580352,-0.5675790795800373,-0.40411797996723364,-0.4604406293059147,-0.4076923959056795,-0.4233232209735378
1.16,-0.38390159823644265,-0.5662754686945017,-0.4028303799687005,-0.4592874040586119,-0.40658394966435507,-0.4222115002221305
1.162,-0.38276809243214216,-0.564973338029765,-0.4015448112232143,-0.4581359824170841,-0.40547765663302426,-0.4211018742817414
1.164,-0.3816368743110734,-0.5636726864581953,-0.4002612712357083,-0.4569863615439078,-0.4043735125672334,-0.41999433920503315
1.166,-0.3805079385549588,-0.5623735128549394,-0.3989797575153342,-0.45583853861064716,-0.40327151323082067,-0.41888889105210847
1.168,-0.379381279861259,-0.5610758160978886,-0.39770026757542953,-0.4546925107977988,-0.40217165439590397,-0.4177855258904961
1.17,-0.3782568929431276,-0.5597795950676432,-0.39642279893348653,-0.4535482752947364,-0.4010739318428682,-0.4166842397951367
1.172,-0.37713477252936545,-0.5584848486474792,-0.3951473491111217,-0.4524058292996558,-0.3999783413603526,-0.41558502884836845
1.174,-0.376014913364376,-0.5571915757233135,-0.3938739156340436,-0.45126517001952093,-0.3988848787452386,-0.41448788913991375
1.176,-0.37489731020811945,-0.5558997751836705,-0.3926024960320236,-0.45012629467000953,-0.3977935398026371,-0.4133928167668648
1.178,-0.3737819578360677,-0.5546094459196491,-0.39133308783886434,-0.4489892004754594,-0.3967043203458753,-0.4122998078336704
1.18,-0.3726688510391587,-0.5533205868248889,-0.39006568859237056,-0.4478538846688147,-0.39561721619648527,-0.41120885845212096
1.182,-0.37155798462375045,-0.5520331967955379,-0.3888002958343182,-0.4467203444915726,-0.39453222318419034,-0.4101199647413356
1.184,-0.37044935341157603,-0.5507472747302191,-0.38753690711042554,-0.4455885771937307,-0.3934493371468928,-0.40903312282774773
1.186,-0.3693429522396976,-0.5494628195299991,-0.3862755199703234,-0.4444585800337342,-0.39236855393066117,-0.4079483288450918
1.188,-0.3682387759604604,-0.5481798300983556,-0.3850161319675256,-0.44333035027842294,-0.39128986938971777,-0.4068655789343891
1.19,-0.3671368194414475,-0.5468983053411458,-0.38375874065940074,-0.44220388520298015,-0.3902132793864257,-0.4057848692439341
1.192,-0.36603707756543336,-0.5456182441665745,-0.382503343607143,-0.44107918209088015,-0.3891387797912762,-0.4047061959292808
1.194,-0.36493954523033856,-0.5443396454851634,-0.3812499383757437,-0.4399562382338369,-0.38806636648287607,-0.40362955515322896
1.196,-0.36384421734918293,-0.5430625082097202,-0.3799985225339628,-0.4388350509317529,-0.3869960353479349,-0.4025549430858102
1.198,-0.3627510888500407,-0.5417868312553074,-0.3787490936543012,-0.43771561749266796,-0.38592778228125235,-0.40148235590427506
1.2,-0.36166015467599366,-0.5405126135392118,-0.3775016493129726,-0.43659793523270873,-0.38486160318570484,-0.4004117897930788
1.202,-0.3605714097850852,-0.5392398539809147,-0.3762561870898762,-0.4354820014760383,-0.3837974939722333,-0.39934324094386775
1.204,-0.3594848491502747,-0.5379685515020622,-0.37501270456856894,-0.4343678135548059,-0.3827354505598306,-0.3982767055554661
1.206,-0.35840046775939105,-0.5366987050264351,-0.3737711993362387,-0.43325536880909743,-0.38167546887552795,-0.39721217983386237
1.208,-0.35731826061508665,-0.5354303134799192,-0.37253166898367707,-0.4321446645868856,-0.3806175448543827,-0.3961496599921952
1.21,-0.3562382227347909,-0.5341633757904771,-0.371294111105253,-0.4310356982439807,-0.3795616744394652,-0.39508914225074077
1.212,-0.3551603491506645,-0.5328978908881183,-0.3700585232988858,-0.4299284671439816,-0.3785078535818458,-0.3940306228368988
1.214,-0.35408463490955344,-0.5316338577048711,-0.3688249031660189,-0.4288229686582272,-0.37745607824058225,-0.39297409798517946
1.216,-0.35301107507294205,-0.5303712751747542,-0.36759324831159446,-0.42771920016574794,-0.3764063443827068,-0.3919195639371895
1.218,-0.3519396647169073,-0.5291101422337481,-0.3663635563440264,-0.4266171590532173,-0.3753586479832134,-0.39086701694161907
1.22,-0.3508703989320727,-0.5278504578197676,-0.36513582487517593,-0.4255168427149043,-0.37431298502504395,-0.38981645325422853
1.222,-0.34980327282356183,-0.5265922208726339,-0.3639100515203251,-0.42441824855262555,-0.3732693514990766,-0.3887678691378349
1.224,-0.3487382815109521,-0.5253354303340474,-0.362686233898152,-0.42332137397569825,-0.3722277434041119,-0.38772126086229863
1.226,-0.3476754201282286,-0.52408008514756,-0.36146436963070583,-0.422226216400893,-0.37118815674686023,-0.38667662470451036
1.228,-0.34661468382373806,-0.5228261842585484,-0.36024445634338176,-0.4211327732523866,-0.37015058754192864,-0.38563395694837754
1.23,-0.3455560677601426,-0.521573726614188,-0.35902649166489664,-0.420041041961716,-0.36911503181180816,-0.38459325388481114
1.232,-0.34449956711437313,-0.5203227111634252,-0.35781047322726467,-0.41895101996773154,-0.3680814855868604,-0.38355451181171274
1.234,-0.34344517707758393,-0.5190731368569519,-0.35659639866577253,-0.4178627047165515,-0.36704994490530507,-0.38251772703396103
1.236,-0.34239289285510566,-0.5178250026471793,-0.35538426561895586,-0.41677609366151613,-0.3660204058132064,-0.3814828958633989
1.238,-0.3413427096663999,-0.516578307488212,-0.35417407172857573,-0.41569118426314167,-0.36499286436446043,-0.3804500146188199
1.24,-0.34029462274501254,-0.5153330503358227,-0.3529658146395944,-0.414607973989076,-0.3639673166207822,-0.37941907962595556
1.242,-0.339248627338528,-0.5140892301474262,-0.35175949200015233,-0.4135264603140527,-0.36294375865169215,-0.37839008721746215
1.244,-0.3382047187085231,-0.5128468458820554,-0.35055510146154467,-0.41244664071984727,-0.3619221865345035,-0.37736303373290747
1.246,-0.33716289213052053,-0.511605896500335,-0.3493526406781986,-0.4113685126952322,-0.3609025963543091,-0.3763379155187583
1.248,-0.3361231428939433,-0.5103663809644576,-0.3481521073076501,-0.4102920737359328,-0.3598849842039684,-0.3753147289283665
1.25,-0.3350854663020688,-0.5091282982381595,-0.34695349901052164,-0.4092173213445831,-0.3588693461840944,-0.3742934703219569
1.252,-0.3340498576719828,-0.5078916472866954,-0.34575681345049936,-0.4081442530306829,-0.3578556784030402,-0.37327413606661386
1.254,-0.3330163123345329,-0.5066564270768157,-0.34456204829431125,-0.4070728663105534,-0.3568439769768863,-0.3722567225362685
1.256,-0.33198482563428366,-0.5054226365767414,-0.3433692012117051,-0.40600315870729475,-0.3558342380294275,-0.37124122611168575
1.258,-0.33095539292946974,-0.5041902747561413,-0.3421782698754259,-0.4049351277507427,-0.3548264576921598,-0.3702276431804512
1.26,-0.3299280095919508,-0.5029593405861084,-0.340989251961195,-0.40386877097742624,-0.35382063210426695,-0.36921597013695884
1.262,-0.3289026710071652,-0.5017298330391367,-0.33980214514768803,-0.4028040859305253,-0.352816757412608,-0.36820620338239785
1.264,-0.32787937257408495,-0.5005017510890979,-0.3386169471165139,-0.40174107015982785,-0.3518148297717032,-0.36719833932473933
1.266,-0.32685810970516926,-0.4992750937112189,-0.33743365555219373,-0.40067972122168904,-0.3508148453437221,-0.36619237437872454
1.268,-0.3258388778263195,-0.49804985988205974,-0.3362522681421394,-0.39962003667898904,-0.3498168002984692,-0.3651883049658511
1.27,-0.3248216723768331,-0.49682604857949,-0.3350727825766331,-0.39856201410109127,-0.34882069081337175,-0.36418612751436075
1.272,-0.3238064888093586,-0.49560365878266777,-0.33389519654880706,-0.39750565106380176,-0.3478265130734661,-0.3631858384592268
1.274,-0.3227933225898494,-0.49438268947201736,-0.33271950775462233,-0.3964509451493281,-0.3468342632713848,-0.36218743424214117
1.276,-0.32178216919751934,-0.4931631396292071,-0.3315457138928495,-0.3953978939462388,-0.3458439376073432,-0.3611909113115015
1.278,-0.32077302412479636,-0.49194500823712817,-0.3303738126650475,-0.3943464950494229,-0.3448555322891267,-0.3601962661223992
1.28,-0.3197658828772778,-0.4907282942798734,-0.32920380177554476,-0.3932967460600494,-0.34386904353207726,-0.3592034951366059
1.282,-0.318760740973685,-0.48951299674271564,-0.32803567893141894,-0.3922486445855278,-0.3428844675590801,-0.3582125948225614
1.284,-0.31775759394581815,-0.48829911461208697,-0.32686944184247757,-0.39120218823946806,-0.341901800600551,-0.3572235616553614
1.286,-0.316756437338511,-0.48708664687555814,-0.32570508822123845,-0.3901573746416416,-0.34092103889442305,-0.3562363921167442
1.288,-0.3157572667095858,-0.48587559252181767,-0.32454261578291055,-0.3891142014179416,-0.33994217868613297,-0.35525108269507855
1.29,-0.31476007762980873,-0.48466595054065165,-0.3233820222453754,-0.388072666200344,-0.33896521622860853,-0.3542676298853513
1.292,-0.31376486568284445,-0.4834577199229235,-0.32222330532916743,-0.38703276662686936,-0.33799014778225533,-0.3532860301891545
1.294,-0.3127716264652116,-0.4822508996605537,-0.321066462757456,-0.3859945003415435,-0.337016969614943,-0.35230628011467346
1.296,-0.31178035558623796,-0.4810454887465001,-0.31991149225602644,-0.3849578649943599,-0.3360456780019929,-0.3513283761766739
1.298,-0.31079104866801566,-0.47984148617473843,-0.3187583915532617,-0.3839228582412413,-0.3350762692261644,-0.35035231489648977
1.3,-0.3098037013453565,-0.4786388909402428,-0.31760715838012454,-0.38288947774400195,-0.33410873957764164,-0.3493780928020105
1.302,-0.3088183092657477,-0.47743770203896596,-0.3164577904701389,-0.38185772117031,-0.3331430853540207,-0.3484057064276691
1.304,-0.30783486808930705,-0.47623791846782093,-0.31531028555937257,-0.38082758619365076,-0.3321793028602964,-0.3474351523144297
1.306,-0.30685337348873887,-0.4750395392246616,-0.314164641386419,-0.3797990704932883,-0.33121738840884873,-0.3464664270097748
1.308,-0.3058738211492895,-0.4738425633082639,-0.31302085569238036,-0.37877217175422984,-0.33025733831943005,-0.34549952706769393
1.31,-0.3048962067687029,-0.47264698971830765,-0.31187892622084923,-0.3777468876671881,-0.3292991489191517,-0.34453444904867014
1.312,-0.3039205260571769,-0.4714528174553576,-0.3107388507178923,-0.37672321592854585,-0.3283428165424709,-0.3435711895196687
1.314,-0.3029467747373191,-0.4702600455208459,-0.30960062693203283,-0.3757011542403188,-0.3273883375311777,-0.34260974505412456
1.316,-0.30197494854410234,-0.46906867291705345,-0.3084642526142338,-0.37468070031012,-0.32643570823438184,-0.34165011223193
1.318,-0.30100504322482147,-0.4678786986470924,-0.30732972551788107,-0.3736618518511243,-0.325484925008499,-0.3406922876394227
1.32,-0.30003705453904916,-0.4666901217148882,-0.30619704339876663,-0.3726446065820326,-0.3245359842172384,-0.3397362678693734
1.322,-0.2990709782585923,-0.46550294112516233,-0.3050662040150727,-0.3716289622270361,-0.3235888822315889,-0.3387820495209741
1.324,-0.29810681016744844,-0.46431715588341493,-0.3039372051273548,-0.37061491651578193,-0.32264361542980646,-0.3378296291998255
1.326,-0.2971445460617623,-0.46313276499590716,-0.302810044498526,-0.369602467183338,-0.32170018019740065,-0.336879003517925
1.328,-0.2961841817497819,-0.4619497674696449,-0.3016847198938408,-0.36859161197015844,-0.3207585729271216,-0.3359301690936547
1.33,-0.2952257130518159,-0.4607681623123614,-0.300561229080879,-0.36758234862204864,-0.31981879001894686,-0.3349831225517699
1.332,-0.2942691358001899,-0.4595879485325005,-0.29943956982953046,-0.36657467489013196,-0.3188808278800679,-0.334037860523386
1.334,-0.2933144458392032,-0.4584091251392004,-0.298319739911979,-0.36556858853081464,-0.3179446829248771,-0.33309437964596733
1.336,-0.29236163902508605,-0.45723169114227735,-0.2972017371026878,-0.3645640873057532,-0.31701035157495516,-0.33215267656331493
1.338,-0.2914107112259565,-0.4560556455522091,-0.2960855591783833,-0.3635611689818199,-0.3160778302590572,-0.33121274792555466
1.34,-0.29046165832177784,-0.4548809873801194,-0.2949712039180403,-0.36255983133106984,-0.31514711541310003,-0.3302745903891251
1.342,-0.28951447620431514,-0.45370771563776136,-0.2938586691028673,-0.36156007213070795,-0.3142182034801486,-0.329338200616766
1.344,-0.2885691607770935,-0.45253582933750236,-0.29274795251629127,-0.3605618891630553,-0.31329109091040364,-0.32840357527750563
1.346,-0.2876257079553548,-0.4513653274923084,-0.2916390519439436,-0.3595652802155176,-0.3123657741611874,-0.32747071104664993
1.348,-0.2866841136660154,-0.45019620911572833,-0.29053196517364444,-0.3585702430805515,-0.3114422496969316,-0.32653960460577003
1.35,-0.2857443738476242,-0.449028473221879,-0.28942668999538923,-0.35757677555563294,-0.3105205139891636,-0.3256102526426907
1.352,-0.28480648445031953,-0.4478621188254297,-0.28832322420133427,-0.35658487544322504,-0.30960056351649357,-0.32468265185147827
1.354,-0.283870441435788,-0.44669714494158796,-0.2872215655857824,-0.35559454055074613,-0.3086823947646016,-0.32375679893242904
1.356,-0.2829362407772218,-0.445533550586084,-0.28612171194516867,-0.35460576869053795,-0.3077660042262238,-0.32283269059205755
1.358,-0.2820038784592771,-0.44437133477515633,-0.2850236610780472,-0.3536185576798341,-0.3068513884011399,-0.3219103235430849
1.36,-0.28107335047803184,-0.44321049652553746,-0.2839274107850773,-0.35263290534072933,-0.30593854379616015,-0.3209896945044268
1.362,-0.28014465284094436,-0.4420510348544393,-0.2828329588690093,-0.35164880950014776,-0.30502746692511185,-0.3200708002011823
1.364,-0.27921778156681176,-0.4408929487795392,-0.28174030313467147,-0.3506662679898127,-0.30411815430882627,-0.31915363736462177
1.366,-0.2782927326857281,-0.4397362373189655,-0.2806494413889571,-0.34968527864621524,-0.303210602475126,-0.3182382027321753
1.368,-0.27736950223904344,-0.4385808994912843,-0.2795603714408108,-0.3487058393105844,-0.30230480795881154,-0.3173244930474215
1.37,-0.2764480862793224,-0.43742693431548485,-0.2784730911012152,-0.34772794782885663,-0.3014007673016481,-0.316412505060075
1.372,-0.2755284808703029,-0.4362743408109666,-0.27738759818317904,-0.3467516020516461,-0.3004984770523529,-0.315502235525976
1.374,-0.27461068208685524,-0.4351231179975257,-0.2763038905017232,-0.34577679983421405,-0.29959793376658195,-0.314593681207078
1.3760000000000001,-0.27369468601494096,-0.43397326489534094,-0.2752219658738688,-0.3448035390364399,-0.2986991340069167,-0.3136868388714362
1.3780000000000001,-0.2727804887515721,-0.43282478052496165,-0.2741418221186245,-0.34383181752279124,-0.2978020743428518,-0.3127817052931965
1.3800000000000001,-0.2718680864047709,-0.4316776639072939,-0.27306345705697366,-0.3428616331622951,-0.29690675135078104,-0.31187827725258366
1.3820000000000001,-0.2709574750935284,-0.4305319140635875,-0.27198686851186293,-0.3418929838285085,-0.29601316161398517,-0.31097655153589
1.3840000000000001,-0.27004865094776465,-0.42938753001542374,-0.2709120543081891,-0.3409258673994897,-0.2951213017226182,-0.3100765249354638
1.3860000000000001,-0.2691416101082882,-0.4282445107847028,-0.26983901227278784,-0.3399602817577694,-0.2942311682736951,-0.30917819424969784
1.3880000000000001,-0.2682363487267554,-0.42710285539363047,-0.2687677402344213,-0.3389962247903222,-0.29334275787107833,-0.30828155628301834
1.3900000000000001,-0.2673328629656311,-0.4259625628647066,-0.26769823602376674,-0.3380336943885387,-0.2924560671254648,-0.30738660784587335
1.3920000000000001,-0.2664311489981477,-0.4248236322207126,-0.2666304974734044,-0.3370726884481967,-0.29157109265437287,-0.3064933457547212
1.3940000000000001,-0.26553120300826594,-0.4236860624846992,-0.26556452241780626,-0.3361132048694342,-0.2906878310821299,-0.3056017668320197
1.3960000000000001,-0.26463302119063514,-0.42254985267997447,-0.26450030869332486,-0.3351552415567205,-0.2898062790398588,-0.3047118679062142
1.3980000000000001,-0.26373659975055297,-0.4214150018300924,-0.2634378541381812,-0.33419879641882955,-0.28892643316546507,-0.3038236458117267
1.4000000000000001,-0.26284193490392616,-0.42028150895884075,-0.2623771565924544,-0.3332438673688125,-0.28804829010362387,-0.3029370973889447
1.4020000000000001,-0.26194902287723165,-0.4191493730902298,-0.2613182138980703,-0.33229045232397003,-0.28717184650576755,-0.30205221948420946
1.4040000000000001,-0.26105785990747643,-0.41801859324848056,-0.26026102389879036,-0.33133854920582606,-0.2862970990300717,-0.30116900894980514
1.4060000000000001,-0.26016844224215907,-0.4168891684580136,-0.2592055844402008,-0.33038815594010007,-0.28542404434144353,-0.30028746264394757
1.408,-0.25928076613923,-0.4157610977434383,-0.2581518933697027,-0.3294392704566811,-0.2845526791115076,-0.29940757743077273
1.41,-0.25839482786705337,-0.4146343801295411,-0.2570999485365002,-0.3284918906896015,-0.28368300001859414,-0.29852935018032634
1.412,-0.2575106237043676,-0.413509014641275,-0.25604974779159084,-0.3275460145770097,-0.2828150037477255,-0.2976527777685518
1.414,-0.25662814994024674,-0.4123850003037488,-0.25500128898775487,-0.32660164006114534,-0.28194868699060316,-0.29677785707727966
1.416,-0.2557474028740625,-0.41126233614221586,-0.25395456997954535,-0.3256587650883127,-0.28108404644559526,-0.29590458499421635
1.418,-0.2548683788154451,-0.4101410211820642,-0.2529095886232775,-0.3247173876088547,-0.2802210788177233,-0.2950329584129332
1.42,-0.25399107408424526,-0.40902105444880577,-0.2518663427770187,-0.32377750557712814,-0.2793597808186501,-0.2941629742328551
1.422,-0.2531154850104962,-0.4079024349680662,-0.25082483030057934,-0.3228391169514775,-0.2785001491666659,-0.29329462935924977
1.424,-0.2522416079343752,-0.40678516176557444,-0.24978504905550203,-0.3219022196942105,-0.277642180586676,-0.29242792070321677
1.426,-0.25136943920616606,-0.4056692338671528,-0.24874699690505264,-0.3209668117715727,-0.2767858718101883,-0.2915628451816761
1.428,-0.25049897518622055,-0.4045546502987072,-0.24771067171421013,-0.3200328911537227,-0.2759312195753001,-0.2906993997173577
1.43,-0.24963021224492188,-0.4034414100862167,-0.24667607134965763,-0.3191004558147075,-0.2750782206266851,-0.2898375812387901
1.432,-0.24876314676264588,-0.40232951225572466,-0.24564319367977272,-0.3181695037324379,-0.27422687171558136,-0.2889773866802898
1.434,-0.24789777512972466,-0.40121895583332856,-0.24461203657461805,-0.3172400328886642,-0.27337716959977754,-0.2881188129819503
1.436,-0.2470340937464086,-0.4001097398451705,-0.2435825979059325,-0.3163120412689526,-0.272529111043601,-0.2872618570896308
1.438,-0.24617209902282933,-0.39900186331742815,-0.24255487554712207,-0.3153855268626602,-0.27168269281790436,-0.28640651595494604
1.44,-0.24531178737896253,-0.3978953252763051,-0.24152886737325074,-0.31446048766291224,-0.27083791170005367,-0.28555278653525473
1.442,-0.24445315524459166,-0.3967901247480219,-0.24050457126103186,-0.31353692166657754,-0.26999476447391446,-0.2847006657936495
1.444,-0.2435961990592701,-0.3956862607588072,-0.23948198508881924,-0.3126148268742457,-0.2691532479298402,-0.28385015069894526
1.446,-0.24274091527228547,-0.3945837323348884,-0.2384611067365987,-0.3116942012902033,-0.2683133588646589,-0.283001238225669
1.448,-0.2418873003426223,-0.3934825385024836,-0.23744193408597924,-0.31077504292241165,-0.2674750940816606,-0.2821539253540488
1.45,-0.24103535073892624,-0.3923826782877917,-0.23642446502018477,-0.30985734978248236,-0.26663845039058476,-0.281308209070003
1.452,-0.24018506293946706,-0.3912841507169851,-0.2354086974240457,-0.308941119885656,-0.26580342460760753,-0.28046408636512954
1.454,-0.2393364334321033,-0.3901869548162,-0.2343946291839909,-0.3080263512507786,-0.264970013555329,-0.27962155423669555
1.456,-0.23848945871424543,-0.3890910896115294,-0.2333822581880396,-0.3071130419002792,-0.26413821406276083,-0.2787806096876262
1.458,-0.23764413529282047,-0.38799655412901357,-0.23237158232579302,-0.3062011898601482,-0.2633080229653135,-0.27794124972649414
1.46,-0.23680045968423613,-0.3869033473946324,-0.23136259948842675,-0.30529079315991425,-0.2624794371047836,-0.27710347136750935
1.462,-0.235958428414345,-0.38581146843429726,-0.2303553075686826,-0.30438184983262295,-0.2616524533293412,-0.2762672716305077
1.464,-0.23511803801840903,-0.38472091627384364,-0.229349704460861,-0.3034743579148149,-0.26082706849351767,-0.27543264754094077
1.466,-0.2342792850410642,-0.3836316899390222,-0.22834578806081351,-0.30256831544650375,-0.26000327945819257,-0.2745995961298655
1.468,-0.2334421660362851,-0.38254378845549186,-0.22734355626593494,-0.301663720471155,-0.2591810830905814,-0.273768114433933
1.47,-0.23260667756734987,-0.3814572108488119,-0.2263430069751564,-0.3007605710356642,-0.2583604762642231,-0.2729381994953788
1.472,-0.23177281620680557,-0.3803719561444343,-0.22534413808893738,-0.29985886519033667,-0.25754145585896726,-0.27210984836201146
1.474,-0.23094057853643268,-0.3792880233676965,-0.22434694750925877,-0.2989586009888652,-0.25672401876096207,-0.27128305808720277
1.476,-0.23010996114721038,-0.37820541154381426,-0.2233514331396158,-0.29805977648830995,-0.2559081618626413,-0.2704578257298771
1.478,-0.2292809606392825,-0.3771241196978736,-0.22235759288501034,-0.2971623897490778,-0.2550938820627122,-0.2696341483545004
1.48,-0.22845357362192242,-0.3760441468548248,-0.22136542465194498,-0.29626643883490145,-0.25428117626614255,-0.26881202303107044
1.482,-0.22762779671349898,-0.3749654920394745,-0.22037492634841493,-0.295371921812819,-0.25347004138414886,-0.2679914468351059
1.484,-0.22680362654144215,-0.37388815427647915,-0.219386095883902,-0.29447883675315367,-0.2526604743341836,-0.2671724168476366
1.486,-0.22598105974220895,-0.37281213259033774,-0.21839893116936748,-0.2935871817294937,-0.25185247203992267,-0.2663549301551922
1.488,-0.2251600929612496,-0.3717374260053856,-0.2174134301172459,-0.29269695481867264,-0.2510460314312528,-0.2655389838497926
1.49,-0.22434072285297324,-0.3706640335457878,-0.21642959064143819,-0.2918081541007491,-0.25024114944426,-0.2647245750289373
1.492,-0.22352294608071444,-0.3695919542355317,-0.21544741065730522,-0.2909207776589875,-0.24943782302121642,-0.2639117007955949
1.494,-0.2227067593166998,-0.36852118709842174,-0.21446688808166137,-0.290034823579838,-0.2486360491105679,-0.263100358258193
1.496,-0.22189215924201422,-0.36745173115807184,-0.21348802083276852,-0.2891502899529177,-0.2478358246669221,-0.26229054453060785
1.498,-0.2210791425465677,-0.3663835854379003,-0.21251080683032986,-0.28826717487099085,-0.24703714665103615,-0.2614822567321544
1.5,-0.22026770592906186,-0.36531674896112243,-0.21153524399548318,-0.2873854764299504,-0.24624001202980406,-0.26067549198757534
1.502,-0.21945784609695718,-0.36425122075074556,-0.21056133025079538,-0.2865051927287985,-0.24544441777624426,-0.25987024742703135
1.504,-0.21864955976643996,-0.36318699982956226,-0.2095890635202564,-0.2856263218696278,-0.24465036086948788,-0.2590665201860911
1.506,-0.21784284366238915,-0.36212408522014483,-0.20861844172927357,-0.28474886195760307,-0.24385783829476604,-0.2582643074057205
1.508,-0.2170376945183441,-0.3610624759448393,-0.20764946280466545,-0.2838728111009423,-0.24306684704339765,-0.2574636062322728
1.51,-0.2162341090764719,-0.36000217102575993,-0.2066821246746562,-0.282998167410899,-0.24227738411277722,-0.2566644138174785
1.512,-0.21543208408753456,-0.35894316948478333,-0.20571642526887013,-0.2821249290017429,-0.24148944650636261,-0.2558667273184352
1.514,-0.21463161631085725,-0.3578854703435428,-0.2047523625183263,-0.28125309399074294,-0.2407030312336631,-0.2550705438975971
1.516,-0.21383270251429565,-0.35682907262342334,-0.20378993435543236,-0.28038266049814853,-0.23991813531022643,-0.25427586072276553
1.518,-0.21303533947420394,-0.35577397534555577,-0.20282913871398023,-0.2795136266471723,-0.23913475575762777,-0.25348267496707866
1.52,-0.21223952397540313,-0.35472017753081175,-0.20186997352913982,-0.278645990563972,-0.23835288960345657,-0.252690983809001
1.522,-0.211445252811149,-0.3536676781997983,-0.2009124367374544,-0.27777975037763314,-0.23757253388130484,-0.2519007844323138
1.524,-0.21065252278310065,-0.3526164763728532,-0.19995652627683502,-0.27691490422015197,-0.23679368563075465,-0.251112074026105
1.526,-0.20986133070128865,-0.3515665710700393,-0.19900224008655631,-0.2760514502264173,-0.23601634189736687,-0.2503248497847592
1.528,-0.20907167338408383,-0.35051796131114,-0.19804957610725027,-0.27518938653419434,-0.23524049973266825,-0.2495391089079475
1.53,-0.20828354765816592,-0.34947064611565404,-0.19709853228090246,-0.2743287112841071,-0.23446615619413946,-0.2487548486006177
1.532,-0.20749695035849247,-0.3484246245027913,-0.19614910655084627,-0.2734694226196219,-0.23369330834520352,-0.2479720660729845
1.534,-0.20671187832826732,-0.3473798954914673,-0.1952012968617589,-0.2726115186870304,-0.23292195325521314,-0.24719075854051908
1.536,-0.2059283284189104,-0.3463364581002992,-0.19425510115965627,-0.27175499763543276,-0.23215208799943898,-0.24641092322393976
1.538,-0.20514629749002644,-0.34529431134760125,-0.19331051739188854,-0.2708998576167221,-0.23138370965905786,-0.24563255734920175
1.54,-0.20436578240937453,-0.34425345425137954,-0.19236754350713547,-0.2700460967855671,-0.2306168153211403,-0.24485565814748722
1.542,-0.20358678005283726,-0.34321388582932877,-0.19142617745540202,-0.26919371329939645,-0.22985140207863886,-0.24408022285519593
1.544,-0.20280928730439096,-0.34217560509882694,-0.19048641718801407,-0.26834270531838245,-0.2290874670303762,-0.2433062487139348
1.546,-0.20203330105607442,-0.34113861107693166,-0.189548260657614,-0.2674930710054253,-0.22832500728103278,-0.2425337329705084
1.548,-0.20125881820795977,-0.3401029027803759,-0.18861170581815623,-0.2666448085261375,-0.2275640199411353,-0.2417626728769091
1.55,-0.20048583566812161,-0.33906847922556405,-0.18767675062490352,-0.2657979160488275,-0.22680450212704484,-0.24099306569030765
1.552,-0.19971435035260776,-0.3380353394285678,-0.18674339303442244,-0.2649523917444847,-0.22604645096094456,-0.24022490867304258
1.554,-0.19894435918540876,-0.3370034824051218,-0.18581163100457943,-0.26410823378676374,-0.22528986357082825,-0.23945819909261123
1.556,-0.1981758590984286,-0.33597290717062034,-0.18488146249453719,-0.2632654403519692,-0.2245347370904882,-0.2386929342216597
1.558,-0.19740884703145567,-0.33494361274011375,-0.18395288546475008,-0.26242400961904067,-0.22378106865950342,-0.23792911133797312
1.56,-0.19664331993213202,-0.33391559812830396,-0.183025897876961,-0.26158393976953764,-0.22302885542322803,-0.23716672772446623
1.562,-0.19587927475592548,-0.33288886234954185,-0.18210049769419734,-0.2607452289876242,-0.22227809453277914,-0.23640578066917328
1.564,-0.19511670846609963,-0.3318634044178226,-0.18117668288076705,-0.2599078754600548,-0.22152878314502522,-0.23564626746523887
1.566,-0.19435561803368495,-0.33083922334678295,-0.1802544514022555,-0.25907187737615867,-0.2207809184225744,-0.23488818541090772
1.568,-0.19359600043745018,-0.3298163181496978,-0.17933380122552167,-0.2582372329278264,-0.22003449753376247,-0.23413153180951585
1.57,-0.192837852663873,-0.32879468783947674,-0.17841473031869426,-0.25740394030949476,-0.2192895176526417,-0.23337630396948028
1.572,-0.1920811717071116,-0.3277743314286603,-0.1774972366511689,-0.2565719977181322,-0.2185459759589683,-0.23262249920428957
1.574,-0.19132595456897605,-0.3267552479294178,-0.17658131819360467,-0.2557414033532255,-0.2178038696381912,-0.23187011483249464
1.576,-0.19057219825890037,-0.325737436353543,-0.17566697291792055,-0.2549121554167648,-0.21706319588144063,-0.23111914817769907
1.578,-0.18981989979391356,-0.32472089571245233,-0.17475419879729204,-0.25408425211323005,-0.216323951885516,-0.23036959656854905
1.58,-0.18906905619861147,-0.3237056250171808,-0.17384299380614876,-0.2532576916495768,-0.2155861348528747,-0.22962145733872497
1.582,-0.18831966450512905,-0.32269162327837964,-0.17293335592017023,-0.25243247223522336,-0.21484974199161977,-0.22887472782693052
1.584,-0.18757172175311232,-0.3216788895063136,-0.17202528311628384,-0.2516085920820359,-0.21411477051548888,-0.22812940537688475
1.586,-0.18682522498969045,-0.32066742271085746,-0.17111877337266113,-0.25078604940431615,-0.21338121764384277,-0.22738548733731112
1.588,-0.18608017126944776,-0.31965722190149437,-0.17021382466871526,-0.24996484241878703,-0.21264908060165344,-0.22664297106192954
1.59,-0.18533655765439683,-0.3186482860873121,-0.16931043498509823,-0.24914496934457997,-0.21191835661949243,-0.2259018539094455
1.592,-0.18459438121395033,-0.3176406142770012,-0.16840860230369747,-0.2483264284032214,-0.21118904293351992,-0.22516213324354184
1.594,-0.18385363902489438,-0.31663420547885224,-0.16750832460763387,-0.24750921781862,-0.21046113678547274,-0.22442380643286897
1.596,-0.1831143281713603,-0.3156290587007533,-0.16660959988125867,-0.24669333581705377,-0.20973463542265258,-0.2236868708510349
1.598,-0.18237644574479872,-0.3146251729501879,-0.16571242611015102,-0.2458787806271565,-0.2090095360979154,-0.222951323876597
1.6,-0.1816399888439515,-0.3136225472342322,-0.16481680128111487,-0.2450655504799062,-0.20828583606965934,-0.22221716289305204
1.602,-0.18090495457482558,-0.3126211805595531,-0.16392272338217717,-0.24425364360861157,-0.20756353260181304,-0.22148438528882664
1.604,-0.18017134005066593,-0.31162107193240596,-0.16303019040258504,-0.24344305824889956,-0.20684262296382516,-0.22075298845726854
1.606,-0.17943914239192904,-0.3106222203586322,-0.1621392003328035,-0.24263379263870366,-0.20612310443065196,-0.22002296979663716
1.608,-0.17870835872625612,-0.3096246248436578,-0.161249751164513,-0.2418258450182511,-0.20540497428274662,-0.21929432671009397
1.61,-0.17797898618844687,-0.3086282843924908,-0.16036184089060734,-0.2410192136300504,-0.20468822980604773,-0.21856705660569387
1.612,-0.17725102192043352,-0.30763319800971933,-0.15947546750519126,-0.24021389671887983,-0.20397286829196748,-0.2178411568963754
1.614,-0.17652446307125413,-0.30663936469951025,-0.15859062900357834,-0.23940989253177536,-0.20325888703738104,-0.21711662499995188
1.616,-0.1757993067970267,-0.3056467834656067,-0.15770732338228877,-0.23860719931801855,-0.20254628334461477,-0.21639345833910206
1.618,-0.17507555026092358,-0.3046554533113264,-0.15682554863904752,-0.23780581532912493,-0.20183505452143513,-0.21567165434136104
1.62,-0.17435319063314503,-0.30366537323956067,-0.15594530277278196,-0.23700573881883225,-0.20112519788103733,-0.21495121043911092
1.622,-0.17363222509089393,-0.30267654225277174,-0.15506658378362026,-0.23620696804308938,-0.20041671074203404,-0.21423212406957215
1.624,-0.17291265081835028,-0.3016889593529921,-0.1541893896728892,-0.23540950126004412,-0.1997095904284445,-0.213514392674794
1.6260000000000001,-0.17219446500664537,-0.300702623541822,-0.1533137184431128,-0.23461333673003226,-0.1990038342696827,-0.2127980137016452
1.6280000000000001,-0.17147766485383653,-0.29971753382042876,-0.15243956809800996,-0.23381847271556655,-0.19829943960054663,-0.21208298460180575
1.6300000000000001,-0.170762247564882,-0.29873368918954535,-0.15156693664249277,-0.2330249074813251,-0.19759640376120724,-0.21136930283175692
1.6320000000000001,-0.17004821035161588,-0.2977510886494681,-0.1506958220826653,-0.23223263929414073,-0.196894724097197,-0.21065696585277283
1.6340000000000001,-0.16933555043272275,-0.29676973120005656,-0.14982622242582133,-0.2314416664229897,-0.19619439795939853,-0.20994597113091085
1.6360000000000001,-0.16862426503371286,-0.2957896158407314,-0.14895813568044325,-0.23065198713898116,-0.1954954227040342,-0.20923631613700322
1.6380000000000001,-0.16791435138689792,-0.2948107415704737,-0.14809155985620004,-0.2298635997153462,-0.19479779569265432,-0.2085279983466477
1.6400000000000001,-0.16720580673136554,-0.29383310738782376,-0.1472264929639464,-0.22907650242742728,-0.1941015142921263,-0.20782101524019847
1.6420000000000001,-0.16649862831295503,-0.2928567122908794,-0.14636293301572056,-0.22829069355266784,-0.19340657587462395,-0.20711536430275745
1.6440000000000001,-0.16579281338423324,-0.29188155527729576,-0.14550087802474354,-0.22750617137060125,-0.19271297781761598,-0.20641104302416524
1.6460000000000001,-0.16508835920446985,-0.2909076353442839,-0.1446403260054172,-0.2267229341628414,-0.19202071750385508,-0.2057080488989922
1.6480000000000001,-0.16438526303961298,-0.2899349514886098,-0.1437812749733236,-0.2259409802130714,-0.19132979232136726,-0.20500637942652933
1.6500000000000001,-0.16368352216226545,-0.28896350270659377,-0.14292372294522293,-0.22516030780703433,-0.19064019966344037,-0.2043060321107797
1.6520000000000001,-0.16298313385166074,-0.28799328799410917,-0.14206766793905312,-0.22438091523252246,-0.18995193692861334,-0.20360700446044944
1.6540000000000001,-0.16228409539363886,-0.28702430634658205,-0.14121310797392805,-0.223602800779368,-0.1892650015206654,-0.20290929398893875
1.6560000000000001,-0.16158640408062253,-0.2860565567589901,-0.14036004107013667,-0.22282596273943245,-0.1885793908486051,-0.2022128982143332
1.6580000000000001,-0.16089005721159366,-0.28509003822586254,-0.13950846524914207,-0.222050399406597,-0.18789510232665907,-0.201517814659395
1.6600000000000001,-0.16019505209206986,-0.28412474974127866,-0.1386583785335802,-0.22127610907675344,-0.1872121333742618,-0.20082404085155403
1.6620000000000001,-0.1595013860340806,-0.2831606902988679,-0.137809778947259,-0.22050309004779378,-0.18653048141604422,-0.20013157432289885
1.6640000000000001,-0.15880905635614417,-0.28219785889180904,-0.1369626645151576,-0.21973134061960087,-0.18585014388182297,-0.19944041261016832
1.666,-0.15811806038324416,-0.2812362545128295,-0.13611703326342495,-0.21896085909403973,-0.1851711182065896,-0.19875055325474267
1.668,-0.15742839544680676,-0.2802758761542057,-0.13527288321937947,-0.21819164377494693,-0.1844934018305,-0.19806199380263467
1.67,-0.15674005888467724,-0.27931672280776176,-0.134430212411508,-0.21742369296812236,-0.1838169921988635,-0.19737473180448095
1.672,-0.15605304804109732,-0.2783587934648699,-0.13358901886946506,-0.2166570049813199,-0.1831418867621315,-0.19668876481553332
1.674,-0.15536736026668185,-0.2774020871164493,-0.1327493006240723,-0.21589157812423765,-0.182468082975888,-0.19600409039564992
1.676,-0.15468299291839704,-0.27644660275296684,-0.13191105570731732,-0.21512741070850994,-0.1817955783008376,-0.19532070610928698
1.678,-0.1539999433595367,-0.27549233936443596,-0.13107428215235362,-0.21436450104769778,-0.18112437020279537,-0.1946386095254895
1.68,-0.1533182089597005,-0.2745392959404176,-0.1302389779934996,-0.2136028474572802,-0.1804544561526764,-0.19395779821788328
1.682,-0.1526377870947715,-0.27358747147001883,-0.12940514126623825,-0.21284244825464538,-0.1797858336264846,-0.19327826976466556
1.684,-0.15195867514689332,-0.27263686494189376,-0.12857277000721634,-0.21208330175908263,-0.1791185001053026,-0.19260002174859725
1.686,-0.1512808705044486,-0.2716874753442431,-0.12774186225424433,-0.21132540629177288,-0.17845245307528068,-0.19192305175699342
1.688,-0.15060437056203657,-0.2707393016648143,-0.12691241604629555,-0.21056876017578086,-0.1777876900276263,-0.19124735738171572
1.69,-0.14992917272045103,-0.2697923428909017,-0.12608442942350617,-0.20981336173604648,-0.17712420845859356,-0.19057293621916283
1.692,-0.14925527438665842,-0.2688465980093464,-0.1252579004271741,-0.2090592092993766,-0.17646200586947258,-0.18989978587026224
1.694,-0.14858267297377648,-0.26790206600653654,-0.12443282709975989,-0.20830630119443683,-0.17580107976657922,-0.1892279039404623
1.696,-0.14791136590105158,-0.26695874586840773,-0.12360920748488513,-0.20755463575174327,-0.1751414276612442,-0.18855728803972305
1.698,-0.14724135059383858,-0.26601663658044283,-0.12278703962733295,-0.20680421130365434,-0.17448304706980267,-0.18788793578250762
1.7,-0.14657262448357788,-0.26507573712767263,-0.12196632157304799,-0.20605502618436322,-0.1738259355135836,-0.18721984478777443
1.702,-0.14590518500777483,-0.26413604649467604,-0.1211470513691355,-0.20530707872988962,-0.17317009051889998,-0.18655301267896807
1.704,-0.1452390296099786,-0.26319756366558056,-0.12032922706386162,-0.2045603672780718,-0.17251550961703743,-0.1858874370840109
1.706,-0.1445741557397604,-0.2622602876240623,-0.11951284670665352,-0.20381489016855925,-0.17186219034424455,-0.18522311563529525
1.708,-0.14391056085269271,-0.261324217353347,-0.11869790834809879,-0.20307064574280487,-0.17121013024172194,-0.18456004596967412
1.71,-0.14324824241032852,-0.26038935183621015,-0.11788441003994587,-0.20232763234405682,-0.17055932685561226,-0.18389822572845338
1.712,-0.14258719788018004,-0.2594556900549774,-0.11707234983510384,-0.20158584831735205,-0.16990977773698956,-0.1832376525573831
1.714,-0.1419274247356983,-0.25852323099152574,-0.11626172578764216,-0.20084529200950807,-0.16926148044184908,-0.18257832410664943
1.716,-0.14126892045625183,-0.25759197362728337,-0.11545253595279159,-0.20010596176911588,-0.16861443253109698,-0.181920238030866
1.718,-0.14061168252710687,-0.25666191694323093,-0.11464477838694331,-0.19936785594653283,-0.16796863157053954,-0.1812633919890656
1.72,-0.1399557084394063,-0.2557330599199017,-0.11383845114764979,-0.19863097289387466,-0.16732407513087377,-0.180607783644692
1.722,-0.13930099569014942,-0.2548054015373826,-0.11303355229362433,-0.19789531096500945,-0.16668076078767635,-0.17995341066559134
1.724,-0.13864754178217198,-0.25387894077531525,-0.1122300798847422,-0.19716086851554993,-0.16603868612139383,-0.17930027072400434
1.726,-0.1379953442241253,-0.2529536766128959,-0.11142803198203977,-0.1964276439028465,-0.1653978487173322,-0.1786483614965575
1.728,-0.1373444005304567,-0.2520296080288771,-0.11062740664771531,-0.19569563548598046,-0.16475824616564672,-0.17799768066425492
1.73,-0.13669470822138918,-0.25110673400156824,-0.10982820194512977,-0.194964841625757,-0.1641198760613316,-0.17734822591247057
1.732,-0.13604626482290194,-0.2501850535088366,-0.10903041593880625,-0.19423526068469865,-0.16348273600421037,-0.17669999493093935
1.734,-0.13539906786671008,-0.24926456552810783,-0.10823404669443071,-0.19350689102703877,-0.16284682359892488,-0.17605298541374914
1.736,-0.134753114890245,-0.24834526903636744,-0.10743909227885262,-0.19277973101871404,-0.16221213645492583,-0.175407195059333
1.738,-0.13410840343663488,-0.24742716301016165,-0.1066455507600852,-0.1920537790273591,-0.1615786721864625,-0.1747626215704603
1.74,-0.13346493105468515,-0.2465102464255986,-0.10585342020730559,-0.191329033422299,-0.16094642841257256,-0.17411926265422917
1.742,-0.1328226952988587,-0.245594518258349,-0.10506269869085583,-0.19060549257454373,-0.1603154027570719,-0.17347711602205784
1.744,-0.13218169372925725,-0.24467997748364767,-0.10427338428224298,-0.18988315485678098,-0.15968559284854522,-0.17283617938967666
1.746,-0.13154192391160136,-0.2437666230762945,-0.10348547505413985,-0.18916201864337046,-0.159056996320335,-0.17219645047712007
1.748,-0.13090338341721153,-0.24285445401065542,-0.10269896908038567,-0.18844208231033766,-0.15842961081053253,-0.1715579270087184
1.75,-0.13026606982298916,-0.24194346926066435,-0.10191386443598649,-0.18772334423536718,-0.15780343396196694,-0.17092060671309017
1.752,-0.12962998071139764,-0.2410336677998235,-0.10113015919711588,-0.18700580279779744,-0.15717846342219577,-0.17028448732313306
1.754,-0.12899511367044325,-0.24012504860120543,-0.10034785144111558,-0.18628945637861394,-0.1565546968434952,-0.16964956657601693
1.756,-0.12836146629365652,-0.23921761063745395,-0.09956693924649618,-0.18557430336044378,-0.15593213188284993,-0.16901584221317512
1.758,-0.12772903618007336,-0.23831135288078564,-0.09878742069293822,-0.18486034212754987,-0.15531076620194284,-0.16838331198029644
1.76,-0.12709782093421662,-0.23740627430299077,-0.09800929386129198,-0.1841475710658247,-0.15469059746714553,-0.16775197362731764
1.762,-0.12646781816607722,-0.2365023738754357,-0.09723255683357945,-0.18343598856278476,-0.15407162334950875,-0.16712182490841454
1.764,-0.12583902549109638,-0.23559965056906318,-0.09645720769299415,-0.18272559300756486,-0.15345384152475172,-0.1664928635819949
1.766,-0.12521144053014632,-0.23469810335439467,-0.0956832445239022,-0.1820163827909127,-0.1528372496732533,-0.16586508741069017
1.768,-0.12458506090951293,-0.23379773120153136,-0.09491066541184368,-0.18130835630518316,-0.15222184548004103,-0.16523849416134717
1.77,-0.1239598842608769,-0.23289853308015607,-0.09413946844353305,-0.18060151194433272,-0.15160762663478256,-0.16461308160502086
1.772,-0.12333590822129592,-0.2320005079595342,-0.09336965170685962,-0.17989584810391412,-0.1509945908317749,-0.16398884751696552
1.774,-0.12271313043318655,-0.23110365480851613,-0.09260121329088955,-0.1791913631810711,-0.15038273576993522,-0.1633657896766274
1.776,-0.12209154854430637,-0.23020797259553838,-0.09183415128586603,-0.17848805557453296,-0.1497720591527909,-0.16274390586763698
1.778,-0.1214711602077363,-0.2293134602886251,-0.09106846378321021,-0.1777859236846091,-0.14916255868846995,-0.16212319387780072
1.78,-0.1208519630818623,-0.2284201168553901,-0.09030414887552274,-0.17708496591318457,-0.1485542320896911,-0.1615036514990933
1.782,-0.12023395483035859,-0.22752794126303844,-0.08954120465658422,-0.176385180663714,-0.1479470770737541,-0.1608852765276496
1.784,-0.11961713312216937,-0.22663693247836791,-0.08877962922135652,-0.17568656634121727,-0.1473410913625306,-0.16026806676375727
1.786,-0.11900149563149154,-0.2257470894677711,-0.08801942066598367,-0.1749891213522743,-0.14673627268245415,-0.15965202001184853
1.788,-0.11838704003775713,-0.22485841119723737,-0.08726057708779345,-0.17429284410501977,-0.14613261876451022,-0.15903713408049236
1.79,-0.11777376402561601,-0.22397089663235392,-0.08650309658529798,-0.17359773300913872,-0.14553012734422732,-0.1584234067823873
1.792,-0.11716166528491923,-0.22308454473830852,-0.08574697725819469,-0.17290378647586113,-0.14492879616166698,-0.15781083593435263
1.794,-0.116550741510701,-0.2221993544798906,-0.08499221720736827,-0.1722110029179582,-0.14432862296141424,-0.15719941935732162
1.796,-0.11594099040316208,-0.22131532482149385,-0.08423881453489113,-0.17151938074973616,-0.14372960549256808,-0.15658915487633318
1.798,-0.1153324096676529,-0.22043245472711748,-0.08348676734402471,-0.17082891838703307,-0.1431317415087321,-0.15598004032052426
1.8,-0.114724997014656,-0.2195507431603685,-0.0827360737392211,-0.17013961424721313,-0.14253502876800517,-0.15537207352312232
1.802,-0.11411875015977002,-0.21867018908446378,-0.08198673182612382,-0.1694514667491629,-0.14193946503297128,-0.15476525232143712
1.804,-0.11351366682369224,-0.2177907914622319,-0.08123873971156925,-0.16876447431328612,-0.14134504807069082,-0.15415957455685358
1.806,-0.1129097447322025,-0.21691254925611503,-0.08049209550358816,-0.1680786353614998,-0.1407517756526908,-0.15355503807482407
1.808,-0.11230698161614638,-0.2160354614281712,-0.07974679731140633,-0.16739394831722976,-0.14015964555495541,-0.15295164072486012
1.81,-0.11170537521141832,-0.21515952694007656,-0.07900284324544682,-0.1667104116054059,-0.13956865555791653,-0.1523493803605256
1.812,-0.11110492325894583,-0.21428474475312664,-0.0782602314173304,-0.1660280236524585,-0.13897880344644475,-0.15174825483942844
1.814,-0.11050562350467286,-0.21341111382823952,-0.07751895993987734,-0.16534678288631355,-0.1383900870098398,-0.1511482620232134
1.816,-0.10990747369954312,-0.2125386331259571,-0.07677902692710914,-0.1646666877363887,-0.13780250404182093,-0.15054939977755422
1.818,-0.1093104715994846,-0.2116673016064481,-0.07604043049424902,-0.16398773663358956,-0.13721605234051815,-0.14995166597214626
1.82,-0.10871461496539303,-0.2107971182295092,-0.07530316875772436,-0.16330992801030497,-0.13663072970846235,-0.14935505848069885
1.822,-0.10811990156311602,-0.20992808195456814,-0.07456723983516733,-0.16263326030040326,-0.1360465339525765,-0.14875957518092742
1.824,-0.10752632916343674,-0.20906019174068557,-0.07383264184541649,-0.16195773193922847,-0.135463462884166,-0.1481652139545464
1.826,-0.10693389554205868,-0.20819344654655736,-0.07309937290851876,-0.16128334136359612,-0.13488151431890993,-0.14757197268726152
1.828,-0.10634259847958893,-0.20732784533051674,-0.07236743114573052,-0.16061008701178991,-0.1343006860768512,-0.14697984926876217
1.83,-0.1057524357615236,-0.2064633870505368,-0.07163681467951877,-0.15993796732355703,-0.13372097598238764,-0.14638884159271393
1.832,-0.10516340517823108,-0.2056000706642327,-0.07090752163356351,-0.15926698074010504,-0.1331423818642632,-0.14579894755675116
1.834,-0.10457550452493725,-0.2047378951288641,-0.07017955013275845,-0.15859712570409834,-0.13256490155555833,-0.14521016506246975
1.836,-0.10398873160170918,-0.20387685940133737,-0.069452898303213,-0.15792840065965352,-0.13198853289368073,-0.1446224920154191
1.838,-0.1034030842134408,-0.20301696243820788,-0.0687275642722538,-0.1572608040523371,-0.1314132737203566,-0.144035926325095
1.84,-0.10281856016983659,-0.20215820319568278,-0.0680035461684263,-0.1565943343291607,-0.1308391218816214,-0.14345046590493227
1.842,-0.10223515728539656,-0.20130058062962308,-0.0672808421214961,-0.1559289899385783,-0.13026607522781042,-0.1428661086722971
1.844,-0.10165287337940132,-0.20044409369554606,-0.06655945026245091,-0.1552647693304825,-0.1296941316135507,-0.14228285254848005
1.846,-0.10107170627589657,-0.1995887413486277,-0.06583936872350193,-0.15460167095620125,-0.1291232888977507,-0.14170069545868813
1.848,-0.1004916538036782,-0.19873452254370583,-0.06512059563808581,-0.15393969326849422,-0.12855354494359217,-0.14111963533203764
1.85,-0.09991271379627742,-0.19788143623528165,-0.06440312914086599,-0.15327883472154968,-0.12798489761852072,-0.1405396701015469
1.852,-0.09933488409194591,-0.19702948137752263,-0.06368696736773449,-0.15261909377098104,-0.12741734479423705,-0.13996079770412906
1.854,-0.09875816253364023,-0.1961786569242654,-0.06297210845581369,-0.15196046887382364,-0.1268508843466878,-0.13938301608058423
1.856,-0.09818254696900808,-0.1953289618290175,-0.062258550543457636,-0.15130295848853192,-0.12628551415605682,-0.1388063231755925
1.858,-0.0976080352503732,-0.19448039504496095,-0.06154629177025428,-0.15064656107497565,-0.12572123210675623,-0.1382307169377066
1.86,-0.09703462523472028,-0.19363295552495385,-0.060835330277027255,-0.14999127509443722,-0.12515803608741716,-0.1376561953193447
1.862,-0.09646231478368095,-0.19278664222153385,-0.06012566420583676,-0.14933709900960834,-0.12459592399088115,-0.13708275627678312
1.864,-0.09589110176351934,-0.19194145408691998,-0.059417291699982444,-0.1486840312845874,-0.1240348937141913,-0.13651039777014873
1.866,-0.09532098404511724,-0.19109739007301574,-0.0587102109040043,-0.1480320703848761,-0.12347494315858332,-0.13593911776341194
1.868,-0.09475195950395987,-0.19025444913141176,-0.058004419963685105,-0.14738121477737653,-0.12291607022947648,-0.13536891422437947
1.87,-0.09418402602012188,-0.18941263021338828,-0.05729991702605153,-0.14673146293038886,-0.12235827283646517,-0.13479978512468715
1.872,-0.09361718147825315,-0.18857193226991797,-0.05659670023937635,-0.1460828133136074,-0.12180154889331019,-0.13423172843979247
1.874,-0.09305142376756392,-0.18773235425166845,-0.055894767753180474,-0.1454352643981187,-0.12124589631792926,-0.13366474214896806
1.8760000000000001,-0.09248675078181146,-0.18689389510900511,-0.05519411771823446,-0.1447888146563987,-0.120691313032389,-0.1330988242352933
1.8780000000000001,-0.09192316041928605,-0.18605655379199404,-0.05449474828656031,-0.14414346256230925,-0.12013779696289584,-0.13253397268564826
1.8800000000000001,-0.09136065058279641,-0.18522032925040444,-0.05379665761143326,-0.1434992065910965,-0.11958534603978732,-0.13197018549070627
1.8820000000000001,-0.09079921917965672,-0.18438522043371153,-0.0530998438473842,-0.14285604521938744,-0.11903395819752349,-0.13140746064492626
1.8840000000000001,-0.09023886412167181,-0.18355122629109943,-0.05240430515020078,-0.14221397692518756,-0.11848363137467821,-0.13084579614654612
1.8860000000000001,-0.08967958332512449,-0.18271834577146384,-0.05171003967693011,-0.1415730001878781,-0.11793436351393027,-0.13028518999757543
1.8880000000000001,-0.08912137471076065,-0.18188657782341466,-0.051017045585879606,-0.14093311348821413,-0.1173861525620552,-0.12972564020378874
1.8900000000000001,-0.08856423620377707,-0.18105592139527893,-0.05032532103662013,-0.14029431530832115,-0.11683899646991591,-0.12916714477471758
1.8920000000000001,-0.08800816573380654,-0.1802263754351041,-0.04963486418998686,-0.13965660413169334,-0.11629289319245517,-0.12860970172364405
1.8940000000000001,-0.08745316123490521,-0.17939793889066036,-0.04894567320808174,-0.1390199784431907,-0.1157478406886856,-0.1280533090675937
1.8960000000000001,-0.08689922064553879,-0.17857061070944358,-0.04825774625427526,-0.13838443672903722,-0.11520383692168257,-0.12749796482732867
1.8980000000000001,-0.08634634190856949,-0.17774438983867813,-0.047571081493208434,-0.13774997747681783,-0.11466087985857443,-0.12694366702733983
1.9000000000000001,-0.08579452297124246,-0.17691927522532014,-0.04688567709079483,-0.13711659917547658,-0.11411896747053474,-0.12639041369584092
1.9020000000000001,-0.08524376178517268,-0.17609526581605994,-0.046201531214222546,-0.13648430031531422,-0.11357809773277339,-0.12583820286476022
1.9040000000000001,-0.08469405630633187,-0.1752723605573252,-0.04551864203195577,-0.13585307938798596,-0.11303826862452815,-0.12528703256973484
1.9060000000000001,-0.08414540449503538,-0.174450558395284,-0.04483700771373744,-0.13522293488649928,-0.11249947812905647,-0.1247369008501027
1.9080000000000001,-0.08359780431592889,-0.17362985827584732,-0.04415662643059082,-0.1345938653052119,-0.1119617242336266,-0.12418780574889632
1.9100000000000001,-0.08305125373797573,-0.17281025914467252,-0.04347749635482123,-0.13396586913982933,-0.11142500492950957,-0.1236397453128355
1.9120000000000001,-0.082505750734444,-0.17199175994716565,-0.042799615660018775,-0.13333894488740294,-0.11088931821197012,-0.12309271759232021
1.9140000000000001,-0.08196129328289325,-0.17117435962848537,-0.042122982521059615,-0.13271309104632834,-0.11035466208025912,-0.12254672064142391
1.9160000000000001,-0.08141787936516254,-0.17035805713354502,-0.04144759511410823,-0.13208830611634248,-0.10982103453760472,-0.1220017525178867
1.9180000000000001,-0.08087550696735679,-0.16954285140701586,-0.04077345161662005,-0.1314645885985224,-0.10928843359120366,-0.12145781128310817
1.92,-0.08033417407983467,-0.16872874139333072,-0.04010055020734238,-0.13084193699528313,-0.10875685725221373,-0.12091489500214059
1.922,-0.0797938786971959,-0.16791572603668592,-0.039428889066317474,-0.1302203498103751,-0.1082263035357447,-0.12037300174368215
1.924,-0.07925461881826856,-0.1671038042810451,-0.03875846637488367,-0.1295998255488835,-0.10769677046085047,-0.11983212958006995
1.926,-0.07871639244609674,-0.16629297507014207,-0.038089280315678486,-0.12898036271722502,-0.10716825605052072,-0.11929227658727326
1.928,-0.07817919758792824,-0.1654832373474837,-0.03742132907263951,-0.12836195982314735,-0.10664075833167219,-0.11875344084488648
1.93,-0.07764303225520175,-0.16467459005635332,-0.036754610831007284,-0.12774461537572646,-0.10611427533514073,-0.11821562043612266
1.932,-0.07710789446353483,-0.16386703213981324,-0.03608912377732709,-0.127128327885365,-0.10558880509567348,-0.11767881344780595
1.934,-0.07657378223271194,-0.16306056254070844,-0.03542486609945139,-0.126513095863791,-0.10506434565192002,-0.11714301797036608
1.936,-0.07604069358667154,-0.16225518020166918,-0.034761835986541145,-0.1258989178240557,-0.10454089504642439,-0.11660823209783011
1.938,-0.07550862655349455,-0.16145088406511454,-0.034100031629068495,-0.12528579228053194,-0.10401845132561682,-0.11607445392781668
1.94,-0.07497757916539216,-0.1606476730732549,-0.03343945121881875,-0.124673717748913,-0.10349701253980559,-0.11554168156152866
1.942,-0.07444754945869358,-0.15984554616809565,-0.03278009294889239,-0.12406269274621051,-0.10297657674316918,-0.11500991310374675
1.944,-0.07391853547383431,-0.15904450229144018,-0.03212195501370729,-0.12345271579075279,-0.10245714199374767,-0.11447914666282277
1.946,-0.07339053525534434,-0.15824454038489288,-0.031465035609000935,-0.12284378540218355,-0.10193870635343494,-0.11394938035067281
1.948,-0.07286354685183549,-0.15744565938986232,-0.030809332931831968,-0.12223590010146057,-0.10142126788797046,-0.11342061228277012
1.95,-0.07233756831599081,-0.15664785824756455,-0.030154845180582868,-0.12162905841085392,-0.10090482466693107,-0.11289284057813909
1.952,-0.07181259770455184,-0.15585113589902577,-0.029501570554961942,-0.12102325885394438,-0.10038937476372345,-0.11236606335934796
1.954,-0.0712886330783078,-0.1550554912850861,-0.028849507256005547,-0.12041849995562215,-0.09987491625557521,-0.1118402787525028
1.956,-0.07076567250208288,-0.15426092334640273,-0.02819865348607986,-0.1198147802420857,-0.09936144722352758,-0.11131548488724019
1.958,-0.07024371404472562,-0.1534674310234525,-0.027549007448883334,-0.11921209824084,-0.09884896575242741,-0.11079167989672101
1.96,-0.06972275577909715,-0.15267501325653576,-0.02690056734944868,-0.11861045248069568,-0.09833746993091852,-0.11026886191762353
1.962,-0.06920279578205935,-0.15188366898577899,-0.026253331394145096,-0.11800984149176674,-0.09782695785143414,-0.109747029090137
1.964,-0.06868383213446361,-0.15109339715113856,-0.025607297790680272,-0.11741026380547037,-0.09731742761018936,-0.10922617955795477
1.966,-0.06816586292113969,-0.1503041966924037,-0.02496246474810282,-0.11681171795452516,-0.09680887730717247,-0.10870631146826804
1.968,-0.06764888623088439,-0.1495160665491997,-0.024318830476804276,-0.11621420247294956,-0.09630130504613765,-0.10818742297175876
1.97,-0.06713290015645001,-0.1487290056609909,-0.023676393188521105,-0.1156177158960614,-0.0957947089345963,-0.10766951222259369
1.972,-0.06661790279453328,-0.14794301296708445,-0.023035151096336914,-0.11502225676047617,-0.09528908708381012,-0.10715257737841744
1.974,-0.06610389224576418,-0.14715808740663316,-0.022395102414684898,-0.11442782360410586,-0.09478443760878252,-0.10663661660034607
1.976,-0.06559086661469515,-0.14637422791863863,-0.021756245359349613,-0.11383441496615809,-0.09428075862825103,-0.10612162805296022
1.978,-0.06507882400978948,-0.14559143344195502,-0.021118578147469202,-0.11324202938713501,-0.0937780482646795,-0.10560760990429885
1.98,-0.06456776254341068,-0.14480970291529194,-0.020482098997538056,-0.11265066540883151,-0.09327630464425041,-0.10509456032585285
1.982,-0.06405768033181136,-0.14402903527721778,-0.019846806129408145,-0.11206032157433543,-0.09277552589685634,-0.10458247749255856
1.984,-0.06354857549512283,-0.14324942946616281,-0.01921269776429191,-0.11147099642802516,-0.09227571015609337,-0.10407135958279068
1.986,-0.0630404461573435,-0.142470884420423,-0.018579772124763805,-0.1108826885155696,-0.09177685555925241,-0.10356120477835651
1.988,-0.0625332904463285,-0.14169339907816236,-0.017948027434763425,-0.11029539638392682,-0.09127896024731164,-0.10305201126448926
1.99,-0.06202710649377896,-0.1409169723774173,-0.017317461919596377,-0.10970911858134302,-0.09078202236492894,-0.1025437772298412
1.992,-0.06152189243523121,-0.14014160325609915,-0.01668807380593762,-0.10912385365735178,-0.09028604006043417,-0.10203650086647786
1.994,-0.061017646410046034,-0.1393672906519976,-0.016059861321833013,-0.10853960016277275,-0.08979101148582158,-0.10153018036987116
1.996,-0.0605143665613983,-0.13859403350278443,-0.015432822696701542,-0.10795635664971126,-0.08929693479674183,-0.10102481393889318
1.998,-0.06001205103626628,-0.1378218307460164,-0.01480695616133798,-0.10737412167155735,-0.08880380815249422,-0.10052039977580951
2.0,-0.05951069798542119,-0.13705068131913833,-0.014182259947914222,-0.10679289378298451,-0.0883116297160198,-0.10001693608627327
2.0020000000000002,-0.0590103055634168,-0.13628058415948718,-0.013558732289981945,-0.10621267153994918,-0.08782039765389293,-0.0995144210793184
2.004,-0.058510871928578956,-0.13551153820429462,-0.012936371422475279,-0.10563345349968989,-0.0873301101363142,-0.0990128529673533
2.0060000000000002,-0.05801239524299495,-0.13474354239069064,-0.012315175581711912,-0.10505523822072638,-0.08684076533710239,-0.09851222996615472
2.008,-0.05751487367250374,-0.13397659565570685,-0.01169514300539598,-0.10447802426285913,-0.08635236143368741,-0.09801255029486122
2.0100000000000002,-0.057018305386685286,-0.1332106969362803,-0.011076271932620285,-0.10390181018716826,-0.08586489660710228,-0.09751381217596666
2.012,-0.056522688558850565,-0.13244584516925562,-0.010458560603868294,-0.10332659455601267,-0.08537836904197582,-0.09701601383531444
2.0140000000000002,-0.056028021366031355,-0.13168203929138955,-0.009842007261015917,-0.10275237593303022,-0.0848927769265253,-0.09651915350209062
2.016,-0.0555343019889698,-0.1309192782393538,-0.009226610147334613,-0.10217915288313595,-0.08440811845254848,-0.09602322940881769
2.0180000000000002,-0.05504152861210909,-0.1301575609497383,-0.008612367507492502,-0.10160692397252191,-0.08392439181541622,-0.09552823979134883
2.02,-0.05454969942358234,-0.12939688635905444,-0.007999277587557474,-0.10103568776865668,-0.08344159521406569,-0.09503418288886101
2.0220000000000002,-0.05405881261520373,-0.128637253403739,-0.007387338634998741,-0.10046544284028425,-0.08295972685099184,-0.09454105694384873
2.024,-0.053568866382457836,-0.12787866102015677,-0.006776548898689505,-0.09989618775742426,-0.08247878493224081,-0.09404886020211856
2.0260000000000002,-0.05307985892448985,-0.12712110814460442,-0.006166906628908286,-0.09932792109137045,-0.08199876766740233,-0.09355759091278171
2.028,-0.052591788444095844,-0.12636459371331354,-0.005558410077342257,-0.09876064141469065,-0.08151967326960174,-0.09306724732824878
2.0300000000000002,-0.052104653147713176,-0.12560911666245445,-0.0049510574970885735,-0.09819434730122589,-0.08104149995549337,-0.09257782770422329
2.032,-0.05161845124541031,-0.12485467592813904,-0.004344847142657038,-0.09762903732609063,-0.08056424594525269,-0.09208933029969502
2.0340000000000003,-0.051133180950877044,-0.12410127044642416,-0.0037397772699714338,-0.09706471006567097,-0.08008790946256927,-0.09160175337693444
2.036,-0.0506488404814156,-0.1233488991533156,-0.003135846136373077,-0.09650136409762555,-0.07961248873463922,-0.09111509520148608
2.0380000000000003,-0.050165428057930006,-0.12259756098477048,-0.002533052000621483,-0.09593899800088401,-0.07913798199215805,-0.09062935404216277
2.04,-0.0496829419049174,-0.12184725487670156,-0.0019313931228976955,-0.09537761035564696,-0.07866438746931292,-0.09014452817103935
2.0420000000000003,-0.049201380250457616,-0.12109797976497982,-0.001330867764805621,-0.09481719974338554,-0.07819170340377601,-0.08966061586344587
2.044,-0.0487207413262043,-0.12034973458543852,-0.0007314741893749144,-0.09425776474684122,-0.07771992803669647,-0.08917761539796265
2.0460000000000003,-0.048241023367375124,-0.11960251827387625,-0.00013321066106253276,-0.09369930395002468,-0.07724905961269424,-0.08869552505641298
2.048,-0.04776222461274293,-0.11885632976606009,0.00046392455424482115,-0.09314181593821602,-0.07677909637985159,-0.08821434312385801
2.05,-0.04728434325734665,-0.11811116788738674,0.0010599328364673255,-0.09258529916231595,-0.07631003658827118,-0.08773406788863825
2.052,-0.0468073774987956,-0.11736703141560545,0.001654815349366956,-0.0920297520507316,-0.07584187849308255,-0.08725469764227722
2.054,-0.046331325559852976,-0.11662391913161363,0.0022485731782129204,-0.09147517306978736,-0.07537462035433196,-0.08677623067947637
2.056,-0.045856185685156925,-0.11588182983150119,0.0028412073725121445,-0.09092156072165936,-0.07490826043578269,-0.08629866529814145
2.058,-0.04538195613468976,-0.11514076232833492,0.0034327189617973097,-0.09036891353426513,-0.07444279700431777,-0.08582199979939276
2.06,-0.04490863517858701,-0.11440071545124275,0.004023108962834199,-0.08981723005323383,-0.07397822832978895,-0.08534623248756223
2.062,-0.044436221093678174,-0.11366168804385768,0.00461237838357853,-0.08926650883664178,-0.07351455268505847,-0.0848713616701866
2.064,-0.04396471216134823,-0.1129236789627035,0.005200528225635326,-0.08871674845169664,-0.07305176834608962,-0.08439738565799848
2.066,-0.043494106666281285,-0.11218668707568757,0.00578755948590981,-0.08816794747263246,-0.0725898735920325,-0.08392430276491858
2.068,-0.043024402895766256,-0.11145071126073947,0.006373473157775811,-0.0876201044793341,-0.07212886670528973,-0.08345211130804753
2.07,-0.042555599139349365,-0.11071575040460124,0.006958270231934849,-0.08707321805640444,-0.07166874597155992,-0.08298080960765875
2.072,-0.04208769368869203,-0.10998180340175634,0.00754195169707117,-0.08652728679250554,-0.07120950967986484,-0.08251039598719179
2.074,-0.04162068483755155,-0.10924886915348697,0.008124518540365111,-0.0859823092798746,-0.0707511561225651,-0.0820408687732459
2.076,-0.04115457088182817,-0.10851694656704325,0.008705971747905883,-0.08543828411395515,-0.0702936835953667,-0.08157222629557381
2.078,-0.04068935011964614,-0.10778603455491309,0.00928631230502952,-0.08489520989310662,-0.06983709039732311,-0.08110446688707573
2.08,-0.040225020851450966,-0.10705613203418096,0.00986554119660088,-0.0843530852183696,-0.0693813748308334,-0.08063758888379247
2.082,-0.039761581380108435,-0.10632723792596455,0.010443659407251893,-0.08381190869327182,-0.06892653520163883,-0.08017159062490076
2.084,-0.039299030011002545,-0.10559935115491981,0.011020667921583405,-0.08327167892366649,-0.06847256981881711,-0.07970647045270618
2.086,-0.038837365052124984,-0.10487247064880645,0.011596567724338813,-0.08273239451759284,-0.06801947699477684,-0.07924222671263781
2.088,-0.03837658481415818,-0.10414659533810688,0.012171359800553505,-0.0821940540851589,-0.0675672550452513,-0.07877885775324223
2.09,-0.03791668761054878,-0.10342172415569162,0.012745045135682975,-0.08165665623843843,-0.06711590228929065,-0.07831636192617775
2.092,-0.037457671757572975,-0.1026978560365257,0.01331762471571496,-0.08112019959138173,-0.06666541704925644,-0.0778547375862082
2.094,-0.03699953557439484,-0.10197498991741072,0.013889099527264914,-0.0805846827597394,-0.06621579765081331,-0.07739398309119738
2.096,-0.036542277383114996,-0.10125312473675985,0.014459470557659282,-0.08005010436099358,-0.06576704242292264,-0.07693409680210328
2.098,-0.03608589550881547,-0.10053225943439958,0.015028738795007879,-0.07951646301429949,-0.06531914969783537,-0.0764750770829723
2.1,-0.03563038827959586,-0.09981239295139566,0.015596905228265623,-0.0789837573404335,-0.06487211781108493,-0.07601692230093282
2.102,-0.035175754026606,-0.09909352422990225,0.016163970847285603,-0.07845198596174785,-0.06442594510148036,-0.0755596308261901
2.104,-0.03472199108407281,-0.09837565221302769,0.016729936642865706,-0.07792114750213064,-0.06398062991109921,-0.07510320103202006
2.106,-0.03426909778932341,-0.09765877584471894,0.01729480360678748,-0.07739124058697056,-0.0635361705852806,-0.07464763129476415
2.108,-0.033817072482803745,-0.09694289406965906,0.01785857273184943,-0.07686226384312689,-0.06309256547261821,-0.07419291999382249
2.11,-0.03336591350809526,-0.09622800583317836,0.01842124501189568,-0.07633421589890199,-0.06264981292495353,-0.07373906551164922
2.112,-0.03291561921192754,-0.09551411008117672,0.01898282144184016,-0.07580709538401753,-0.062207911297369245,-0.073286066233746
2.114,-0.03246618794418854,-0.09480120576005513,0.019543303017686364,-0.07528090092959405,-0.06176685894818168,-0.07283392054865656
2.116,-0.032017618057932795,-0.0940892918166567,0.02010269073654425,-0.07475563116813211,-0.0613266542389348,-0.07238262684796082
2.118,-0.03156990790938785,-0.0933783671982149,0.02066098559664331,-0.07423128473349672,-0.06088729553439287,-0.07193218352626962
2.12,-0.031123055857958715,-0.09266843085230869,0.021218188597344367,-0.07370786026090292,-0.06044878120253405,-0.07148258898121851
2.122,-0.030677060266230738,-0.09195948172682344,0.021774300739147767,-0.07318535638690316,-0.06001110961454326,-0.07103384161346193
2.124,-0.03023191949997117,-0.09125151876991655,0.022329323023700276,-0.07266377174937677,-0.059574279144806175,-0.07058593982666839
2.126,-0.02978763192812961,-0.09054454092998832,0.02288325645379974,-0.07214310498752008,-0.05913828817090172,-0.07013888202751373
2.128,-0.029344195922837546,-0.08983854715565687,0.02343610203339841,-0.0716233547418379,-0.058703135073596036,-0.06969266662567608
2.13,-0.02890160985940704,-0.08913353639573529,0.023987860767605396,-0.071104519654136,-0.058268818236835385,-0.06924729203383007
2.132,-0.0284598721163285,-0.08842950759921342,0.02453853366268688,-0.07058659836751491,-0.05783533604773994,-0.06880275666764124
2.134,-0.02801898107526757,-0.0877264597152414,0.025088121726065893,-0.07006958952636388,-0.05740268689659689,-0.06835905894576055
2.136,-0.0275789351210618,-0.08702439169311615,0.025636625966321214,-0.06955349177635606,-0.05697086917685401,-0.06791619728981813
2.138,-0.027139732641716652,-0.08632330248226916,0.02618404739318514,-0.06903830376444331,-0.056539881285113,-0.06747417012441836
2.14,-0.026701372028400838,-0.08562319103225668,0.02673038701754149,-0.06852402413885339,-0.05610972162112304,-0.06703297587713375
2.142,-0.026263851675441652,-0.08492405629275135,0.02727564585142117,-0.0680106515490857,-0.05568038858777413,-0.06659261297849994
2.144,-0.025827169980320086,-0.08422589721353546,0.027819824907998836,-0.06749818464590862,-0.055251880591090874,-0.0661530798620098
2.146,-0.02539132534366506,-0.0835287127444948,0.028362925201588673,-0.06698662208135642,-0.05482419604022537,-0.06571437496410737
2.148,-0.024956316169247206,-0.08283250183561464,0.028904947747639298,-0.06647596250872723,-0.05439733334745145,-0.06527649672418323
2.15,-0.024522140863973974,-0.08213726343697525,0.029445893562728864,-0.06596620458258107,-0.053971290928158,-0.06483944358456806
2.152,-0.024088797837882536,-0.08144299649874975,0.029985763664559073,-0.06545734695873784,-0.053546067200842096,-0.06440321399052795
2.154,-0.02365628550413401,-0.0807496999712014,0.030524559071950286,-0.06494938829427599,-0.053121660587103214,-0.06396780639025823
2.156,-0.0232246022790068,-0.08005737280468272,0.03106228080483464,-0.0644423272475303,-0.052698069511636136,-0.06353321923487831
2.158,-0.02279374658189015,-0.07936601394963394,0.031598929884250504,-0.06393616247809186,-0.05227529240222539,-0.06309945097842573
2.16,-0.022363716835277714,-0.07867562235658299,0.032134507332335804,-0.06343089264680613,-0.05185332768973794,-0.06266650007785124
2.162,-0.02193451146476022,-0.07798619697614528,0.032669014172321376,-0.06292651641577196,-0.0514321738081176,-0.06223436499301305
2.164,-0.02150612889901904,-0.07729773675902374,0.03320245142852474,-0.062423032448341687,-0.05101182919437819,-0.06180304418667104
2.166,-0.021078567569819295,-0.07661024065601052,0.03373482012634277,-0.06192043940911929,-0.05059229228859752,-0.0613725361244819
2.168,-0.020651825912002764,-0.07592370761798684,0.034266121292245266,-0.061418735963960414,-0.05017356153391095,-0.06094283927499311
2.17,-0.020225902363481207,-0.07523813659592493,0.03479635595376762,-0.06091792077997171,-0.04975563537650474,-0.060513952109637836
2.172,-0.019800795365229273,-0.07455352654088943,0.03532552513950393,-0.06041799252551039,-0.04933851226561026,-0.06008587310272939
2.174,-0.019376503361277386,-0.07386987640403864,0.0358536298790999,-0.059918949870183535,-0.048922190653497566,-0.0596586007314559
2.176,-0.018953024798704865,-0.07318718513662681,0.036380671203245285,-0.059420791484848356,-0.04850666899546918,-0.05923213347587475
2.178,-0.018530358127632374,-0.0725054516900061,0.03690665014366723,-0.05892351604161128,-0.04809194574985365,-0.05880646981890725
2.18,-0.018108501801215704,-0.07182467501562839,0.037431567733122506,-0.05842712221382795,-0.047678019377999314,-0.058381608246333316
2.182,-0.017687454275638226,-0.07114485406504789,0.03795542500539062,-0.05793160867610303,-0.04726488834426834,-0.0579575472467857
2.184,-0.017267214010104004,-0.07046598778992297,0.03847822299526604,-0.05743697410429016,-0.04685255111603048,-0.05753428531174509
2.186,-0.01684777946683047,-0.06978807514201946,0.03899996273855133,-0.05694321717549178,-0.04644100616365643,-0.057111820935534796
2.188,-0.01642914911104154,-0.06911111507321221,0.03952064527204935,-0.05645033656805887,-0.04603025196051225,-0.05669015261531474
2.19,-0.016011321410960955,-0.06843510653548823,0.040040271633555724,-0.055958330961591196,-0.04562028698295273,-0.056269278851076576
2.192,-0.015594294837804723,-0.06776004848094908,0.040558842861852185,-0.05546719903693664,-0.04521110971031583,-0.0558491981456386
2.194,-0.015178067865774247,-0.06708593986181355,0.041076359996698564,-0.054976939476191866,-0.044802718624915805,-0.055429909004639955
2.196,-0.01476263897204988,-0.0664127796304208,0.041592824078825474,-0.05448755096270208,-0.044395112212037624,-0.05501140993653553
2.198,-0.014348006636782928,-0.06574056673923279,0.04210823614992676,-0.05399903218106106,-0.043988288959930566,-0.054593699452590405
2.2,-0.013934169343089886,-0.06506930014083712,0.042622597252652605,-0.0535113818171109,-0.043582247359802206,-0.05417677606687521
2.202,-0.013521125577044435,-0.06439897878794953,0.04313590843060133,-0.053024598557942726,-0.04317698590581265,-0.0537606382962601
2.204,-0.01310887382767123,-0.06372960163341745,0.04364817072831273,-0.05253868109189597,-0.04277250309506808,-0.053345284660409664
2.206,-0.012697412586938794,-0.06306116763022263,0.04415938519126028,-0.05205362810855907,-0.04236879742761457,-0.05293071368177826
2.208,-0.012286740349752634,-0.0623936757314838,0.0446695528658434,-0.051569438298769255,-0.04196586740643249,-0.052516923885603806
2.21,-0.011876855613948356,-0.06172712489045984,0.04517867479938076,-0.05108611035461297,-0.041563711537430326,-0.05210391379990309
2.212,-0.011467756880285007,-0.061061514060552824,0.04568675204010231,-0.05060364296942543,-0.04116232832943845,-0.051691681955466695
2.214,-0.011059442652437745,-0.060396842195310496,0.04619378563714216,-0.05012203483779132,-0.040761716294203554,-0.05128022688585321
2.216,-0.010651911436991846,-0.05973310824842959,0.046699776640531265,-0.04964128465554474,-0.04036187394638202,-0.05086954712738456
2.218,-0.010245161743435593,-0.05907031117375916,0.047204726101189864,-0.04916139111976925,-0.03996279980353479,-0.05045964121914048
2.22,-0.009839192084153181,-0.05840844992530281,0.047708635070919936,-0.0486823529287983,-0.0395644923861207,-0.050050507702953384
2.222,-0.00943400097441871,-0.057747523457222005,0.048211504602398314,-0.04820416878221501,-0.039166950217490726,-0.04964214512340326
2.224,-0.009029586932388867,-0.05708753072383943,0.04871333574916914,-0.047726837380852594,-0.038770171823882205,-0.04923455202781257
2.226,-0.008625948479096479,-0.05642847067964141,0.04921412956563609,-0.04725035742679462,-0.03837415573441283,-0.048827726966240714
2.228,-0.008223084138444303,-0.05577034227928146,0.04971388710705593,-0.04677472762337498,-0.03797890048107466,-0.04842166849147911
2.23,-0.007820992437197472,-0.055113144477582754,0.05021260942953054,-0.04629994667517834,-0.03758440459872858,-0.04801637515904633
2.232,-0.0074196719049777204,-0.05445687622954143,0.050710297589999564,-0.045826013288039924,-0.037190666625097846,-0.04761184552718234
2.234,-0.007019121074256507,-0.053801536490329704,0.05120695264623376,-0.045352926169046404,-0.036797685100762534,-0.047208078156844024
2.236,-0.006619338480348569,-0.05314712421529877,0.05170257565682701,-0.04488068402653567,-0.036405458569154,-0.046805071611699445
2.238,-0.006220322661405486,-0.052493638359981665,0.05219716768118943,-0.044409285570096824,-0.036013985576548446,-0.04640282445812338
2.24,-0.0058220721584085755,-0.0518410778800964,0.052690729779540035,-0.043938729510571095,-0.03562326467206134,-0.04600133526519179
2.242,-0.005424585515163338,-0.051189441731549046,0.05318326301289966,-0.04346901456005137,-0.03523329440764189,-0.04560060260467669
2.244,-0.005027861278292356,-0.050538728870436866,0.05367476844308361,-0.04300013943188308,-0.03484407333806683,-0.04520062505104128
2.246,-0.004631897997228851,-0.049888938253051185,0.054165247132694105,-0.042532102840664,-0.03445560002093462,-0.04480140118143461
2.248,-0.004236694224210913,-0.04924006883588006,0.054654700145113644,-0.042064903502244455,-0.034067873016660366,-0.044402929575687144
2.25,-0.0038422485142743934,-0.048592119575611825,0.055143128544497655,-0.04159854013372821,-0.03368089088846893,-0.044005208816304986
2.2520000000000002,-0.003448559425247133,-0.047945089429138,0.05563053339576718,-0.04113301145347181,-0.03329465220239025,-0.04360823748846521
2.254,-0.0030556255177420777,-0.04729897735355615,0.05611691576460176,-0.040668316181085906,-0.03290915552725293,-0.04321201418001053
2.2560000000000002,-0.0026634453551512838,-0.046653782306172786,0.056602276717432565,-0.04020445303743436,-0.032524399434678664,-0.04281653748144487
2.258,-0.0022720175036394785,-0.0460095032445067,0.05708661732143461,-0.0397414207446356,-0.032140382499076914,-0.04242180598592782
2.2600000000000002,-0.001881340532138287,-0.045366139126291616,0.05756993864452031,-0.03927921802606216,-0.0317571032976387,-0.042027818289269714
2.262,-0.0014914130123393488,-0.04472368890947953,0.05805224175533219,-0.03881784360634133,-0.03137456041033104,-0.04163457298992679
2.2640000000000002,-0.0011022335186883225,-0.04408215155224382,0.05853352772323572,-0.038357296211355196,-0.030992752419891634,-0.04124206868899605
2.266,-0.0007138006283788911,-0.04344152601298146,0.05901379761831205,-0.0378975745682415,-0.03061167791182262,-0.04085030399021039
2.2680000000000002,-0.0003261129213463221,-0.04280181125031679,0.05949305251135151,-0.037438677405393195,-0.03023133547438528,-0.0404592774999335
2.27,6.083101973852756e-05,-0.042163006223104205,0.05997129347384611,-0.036980603452459127,-0.02985172369859468,-0.0400689878271554
2.2720000000000002,0.00044703258026435044,-0.041525109897776025,0.060448521583919446,-0.03652335143976804,-0.029472841180105958,-0.039679433583449386
2.274,0.0008324929697403061,-0.04088812128215058,0.06092473795117814,-0.036066920094646626,-0.029094686527446845,-0.039290613382807926
2.2760000000000002,0.00121721329354596,-0.04025203939439281,0.06139994367879531,-0.035611308139315234,-0.028717258351456332,-0.03890252584184917
2.278,0.0016011945919292003,-0.039616863252258216,0.06187413985826007,-0.03515651429714661,-0.028340555263014044,-0.038515169579853126
2.2800000000000002,0.001984437862970756,-0.038982591869364924,0.062347327571674604,-0.034702537296021685,-0.02796457587312906,-0.03812854321875214
2.282,0.0023669440767808414,-0.03834922425407661,0.06281950789497581,-0.03424937586900079,-0.02758931879353832,-0.037742645383113116
2.2840000000000003,0.0027487141845352614,-0.03771675940940922,0.06329068190055898,-0.03379702875373658,-0.027214782637284163,-0.03735747470012063
2.286,0.003129749124337833,-0.03708519633334384,0.06376085065913206,-0.03334549469153658,-0.026840966019154866,-0.03697302979956363
2.2880000000000003,0.0035100498250733025,-0.036454534019288776,0.06423001524094363,-0.03289477242648409,-0.026467867555994617,-0.03658930931382476
2.29,0.003889617208968188,-0.03582477145657759,0.06469817671656042,-0.032444860704748724,-0.026095485866910684,-0.03620631187787149
2.2920000000000003,0.004268452193310068,-0.03519590763095626,0.06516533615733588,-0.03199575827409684,-0.025723819573411744,-0.03582403612924856
2.294,0.004646555691613319,-0.03456794152503506,0.06563149463567552,-0.031547463883567994,-0.02535286729949715,-0.03544248070807132
2.2960000000000003,0.005023928614418249,-0.03394087211870067,0.06609665322517033,-0.03109997628327421,-0.02498262767171444,-0.035061644257019964
2.298,0.0054005718698451055,-0.03331469838948453,0.06656081300064742,-0.03065329422428653,-0.02461309931919553,-0.034681525421333514
2.3000000000000003,0.005776486363984201,-0.03268941931289149,0.0670239750381687,-0.030207416458580383,-0.024244280873679358,-0.03430212284880518
2.302,0.006151673001174585,-0.032065033862689996,0.0674861404150009,-0.029762341739017817,-0.023876170969525434,-0.033923435189776585
2.3040000000000003,0.0065261326842063205,-0.03144154101116858,0.06794731020956779,-0.029318068819352616,-0.023508768243720723,-0.03354546109713308
2.306,0.006899866314470149,-0.030818939729360784,0.06840748550139608,-0.0288745964542505,-0.023142071335882752,-0.033168199226298434
2.308,0.007272874792070505,-0.03019722898724342,0.06886666737105807,-0.028431923399313996,-0.022776078888260498,-0.03279164823523062
2.31,0.007645159015912784,-0.02957640775391046,0.0693248569001148,-0.027990048411113078,-0.02241078954573239,-0.03241580678441647
2.312,0.00801671988377084,-0.028956474997725357,0.0697820551710624,-0.027548970247214033,-0.022046201955804756,-0.03204067353686679
2.314,0.008387558292342279,-0.028337429686454696,0.070238263267282,-0.027108687666208997,-0.02168231476860738,-0.03166624715811173
2.316,0.008757675137291976,-0.027719270787385675,0.07069348227299255,-0.026669199427743484,-0.021319126636890617,-0.031292526316196057
2.318,0.009127071313289159,-0.0271019972674289,0.07114771327320901,-0.026230504292541035,-0.020956636216020286,-0.030919509681674118
2.32,0.009495747714037606,-0.026485608093208546,0.07160095735370331,-0.025792601022425865,-0.020594842163974114,-0.030547195927605797
2.322,0.009863705232301179,-0.025870102231140946,0.07205321560096967,-0.02535548838034396,-0.02023374314133619,-0.03017558372955098
2.324,0.010230944759925809,-0.02525547864750477,0.0725044891021922,-0.024919165130380616,-0.019873337811292746,-0.029804671765565338
2.326,0.010597467187858589,-0.024641736308501416,0.07295477894521674,-0.024483630037777537,-0.019513624839626598,-0.029434458716195433
2.328,0.010963273406163765,-0.024028874180308746,0.07340408621852479,-0.02404888186894638,-0.019154602894713157,-0.02906494326447384
2.33,0.011328364304036942,-0.023416891229128378,0.07385241201120962,-0.02361491939148208,-0.018796270647514435,-0.02869612409591471
2.332,0.0116927407698173,-0.022805786421226992,0.07429975741295491,-0.023181741374173948,-0.018438626771574596,-0.028327999898509093
2.334,0.012056403690998474,-0.02219555872297252,0.074746123514015,-0.022749346587014996,-0.018081669943014855,-0.02796056936272029
2.336,0.0124193539542381,-0.02158620710086656,0.07519151140519709,-0.022317733801211492,-0.017725398840528372,-0.027593831181479178
2.338,0.01278159244536603,-0.02097773052157348,0.07563592217784487,-0.02188690178919006,-0.01736981214537492,-0.027227784050179116
2.34,0.01314312004939211,-0.020370127951944594,0.07607935692382273,-0.021456849324604566,-0.017014908541376217,-0.026862426666672157
2.342,0.013503937650511944,-0.019763398359041284,0.07652181673550218,-0.021027575182341884,-0.01666068671491061,-0.026497757731263505
2.344,0.013864046132113783,-0.019157540710154297,0.07696330270574858,-0.020599078138527238,-0.016307145354907737,-0.026133775946707516
2.346,0.014223446376782967,-0.01855255397282174,0.07740381592790868,-0.020171356970529297,-0.015954283152844306,-0.025770480018203035
2.348,0.014582139266306804,-0.017948437114844396,0.07784335749579951,-0.01974441045696307,-0.015602098802737885,-0.02540786865338851
2.35,0.014940125681678795,-0.017345189104300607,0.0782819285036973,-0.01931823737769478,-0.015250591001142455,-0.025045940562337554
2.352,0.015297406503102184,-0.016742808909558038,0.07871953004632704,-0.018892836513844324,-0.014899758447143752,-0.02468469445755428
2.354,0.015653982609994177,-0.01614129549928567,0.07915616321885333,-0.018468206647788366,-0.014549599842353045,-0.024324129053968635
2.356,0.016009854880987717,-0.015540647842463562,0.07959182911687024,-0.01804434656316234,-0.014200113890902921,-0.02396424306893219
2.358,0.016365024193935485,-0.014940864908392415,0.08002652883639305,-0.01762125504486378,-0.013851299299442399,-0.023605035222213466
2.36,0.01671949142591167,-0.014341945666702438,0.0804602634738496,-0.017198930879052998,-0.013503154777131154,-0.023246504235992838
2.362,0.017073257453214863,-0.013743889087360017,0.08089303412607185,-0.016777372853155947,-0.01315567903563486,-0.02288864883485897
2.364,0.017426323151369827,-0.013146694140676152,0.0813248418902881,-0.016356579755865353,-0.012808870789120075,-0.02253146774580328
2.366,0.0177786893951295,-0.012550359797311561,0.08175568786411458,-0.015936550377142034,-0.012462728754249586,-0.022174959698215924
2.368,0.01813035705847743,-0.011954885028284012,0.08218557314554897,-0.015517283508216462,-0.012117251650176852,-0.02181912342388137
2.37,0.01848132701462868,-0.011360268804972984,0.08261449883296201,-0.015098777941590091,-0.011772438198541346,-0.02146395765697373
2.372,0.018831600136032023,-0.010766510099125215,0.0830424660250908,-0.014681032471036026,-0.011428287123463443,-0.0211094611340521
2.374,0.0191811772943713,-0.010173607882860036,0.08346947582103192,-0.01426404589160013,-0.011084797151539538,-0.020755632594056328
2.376,0.01953005936056673,-0.009581561128673366,0.08389552932023392,-0.013847816999602358,-0.010741967011836717,-0.020402470778302373
2.378,0.019878247204776267,-0.00899036880944215,0.08432062762249104,-0.01343234459263698,-0.010399795435888093,-0.020049974430477846
2.38,0.020225741696397348,-0.008400029898429029,0.08474477182793572,-0.013017627469573911,-0.010058281157688143,-0.0196981422966378
2.382,0.02057254370406736,-0.007810543369285661,0.085167963037033,-0.012603664430558936,-0.009717422913686935,-0.01934697312519984
2.384,0.0209186540956654,-0.0072219081960569476,0.08559020235057302,-0.012190454277014595,-0.009377219442786133,-0.018996465666939688
2.386,0.021264073738313183,-0.0066341233531848065,0.08601149086966497,-0.011777995811641073,-0.009037669486333222,-0.018646618674987403
2.388,0.02160880349837635,-0.006047187815510835,0.08643182969573071,-0.011366287838416422,-0.008698771788117288,-0.018297430904822054
2.39,0.021952844241465153,-0.0054611005582809735,0.08685121993049827,-0.010955329162597227,-0.008360525094363913,-0.017948901114267724
2.392,0.022296196832435555,-0.0048758605571477265,0.08726966267599545,-0.010545118590719493,-0.008022928153729625,-0.01760102806348951
2.394,0.02263886213539057,-0.0042914667881739366,0.0876871590345436,-0.010135654930598426,-0.007685979717298119,-0.0172538105149882
2.396,0.022980841013680697,-0.0037079182278356715,0.08810371010875162,-0.00972693699132976,-0.007349678538574711,-0.01690724723359649
2.398,0.023322134329905486,-0.0031252138530257767,0.0885193170015095,-0.009318963583289541,-0.007014023373481448,-0.01656133698647455
2.4,0.02366274294591375,-0.002543352641056096,0.08893398081598214,-0.00891173351813479,-0.00667901298035245,-0.01621607854310536
2.402,0.024002667722804905,-0.0019623335696612454,0.08934770265560377,-0.008505245608804612,-0.0063446461199292425,-0.01587147067529071
2.404,0.02434190952092985,-0.0013821556170008353,0.08976048362407107,-0.008099498669519312,-0.006010921555355209,-0.015527512157146539
2.406,0.02468046919989142,-0.0008028177616630217,0.09017232482533766,-0.007694491515782165,-0.005677838052171813,-0.015184201765098715
2.408,0.025018347618545933,-0.00022431898266650485,0.0905832273636078,-0.007290222964378756,-0.005345394378312829,-0.014841538277878374
2.41,0.025355545635003196,0.00035334174053569534,0.09099319234333092,-0.006886691833378089,-0.005013589304100341,-0.014499520476518146
2.412,0.025692064066510367,0.0009301653290623157,0.091402220946184,-0.006483896928185295,-0.004682421605064935,-0.01415814714429664
2.414,0.026027903693053966,0.001506152580859732,0.09181031441689891,-0.006081837025972758,-0.00435189006004566,-0.013817417066769755
2.416,0.026363065286332255,0.0020813042125660264,0.09221747400501368,-0.005680510881652667,-0.004021993448611205,-0.013477329031812424
2.418,0.0266975496204076,0.0026556208795964764,0.0926237009484272,-0.0052799172425903595,-0.0036927305512708397,-0.013137881829609066
2.42,0.027031357475542972,0.0032291031879370102,0.09302899646972951,-0.00488005485827081,-0.0033641001500359646,-0.012799074252638265
2.422,0.027364489639324585,0.0038017517022881364,0.09343336177644535,-0.004480922485052163,-0.003036101028838223,-0.012460905095661667
2.424,0.02769694690665392,0.004373566952305286,0.09383679806240863,-0.004082518887951858,-0.0027087319737795212,-0.012123373155714434
2.426,0.02802873007926654,0.004944549437670309,0.09423930650936607,-0.00368484284091819,-0.0023819917732659235,-0.011786477232099024
2.428,0.028359839965069966,0.005514699632343856,0.09464088828851724,-0.003287893126416419,-0.0020558792180727092,-0.011450216126380086
2.43,0.028690277377436457,0.006084017988192025,0.09504154456190594,-0.0028916685347499804,-0.0017303931013730178,-0.011114588642379353
2.432,0.029020043134512008,0.006652504938105874,0.09544127648364586,-0.002496167863321519,-0.0014055322187456198,-0.010779593586171199
2.434,0.029349138058571755,0.007220160898697703,0.09584008520098908,-0.0021013899159199045,-0.0010812953681731408,-0.010445229766078423
2.436,0.02967756297543156,0.007786986272638297,0.09623797185525396,-0.0017073335020709735,-0.0007576813500340673,-0.01011149599266803
2.438,0.03000531871391976,0.008352981450685304,0.09663493758262875,-0.0013139974364588802,-0.00043468896709342175,-0.00977839107874745
2.44,0.030332406105407106,0.008918146813444494,0.09703098351486728,-0.0009213805384185036,-0.00011231702449210346,-0.009445913839359887
2.442,0.03065882598338976,0.009482482732900532,0.09742611077989194,-0.0005294816314924677,0.00020943567026354692,-0.009114063091780311
2.444,0.03098457918138764,0.010045989573311376,0.09782032050268663,-0.000138299543003928,0.0005305701011175668,-0.008782837655509468
2.446,0.03130966653338718,0.010608667692700413,0.09821361380532223,0.00025216689631624156,0.0008510870553528616,-0.008452236352272324
2.448,0.0316340888754143,0.01117051744616493,0.09860599182245844,0.0006419186824555556,0.001170987239290211,-0.008122258006016292
2.45,0.03195784704628357,0.011731539188756912,0.09899745569346186,0.0010309566438493345,0.0014902713258455602,-0.007792901442907008
2.452,0.03228094188672603,0.01229173327523525,0.09938800655137237,0.0014192815356308675,0.0018089399739864565,-0.007464165491322117
2.454,0.03260337423810422,0.01285110005869372,0.09977764552267065,0.001806894078989707,0.0021269938367098895,-0.007136048981844834
2.456,0.0329251449417054,0.013409639889815583,0.10016637372882498,0.0021937949785861832,0.0024444335643660775,-0.006808550747260833
2.458,0.03324625483847354,0.013967353116725478,0.10055419228766871,0.002579984930637824,0.00276125980605868,-0.0064816696225540316
2.46,0.03356670476895407,0.01452424008517994,0.10094110231436981,0.0029654646268360008,0.0030774732102356595,-0.006155404444903256
2.462,0.03388649557331469,0.01508030113890646,0.10132710492208274,0.0033502347563210133,0.0033930744249375255,-0.005829754053677805
2.464,0.03420562809137784,0.015635536619988066,0.10171220122239544,0.0037342960067261455,0.0037080640979003654,-0.0055047172904343356
2.466,0.03452410316264176,0.01618994686923947,0.10209639232564682,0.004117649064757867,0.004022442876596699,-0.005180292998912206
2.468,0.03484192162628341,0.016743532226555002,0.10247967934116131,0.004500294616541112,0.004336211408251467,-0.004856480025029253
2.47,0.03515908432114645,0.01729629303121971,0.10286206337742843,0.004882233347837328,0.004649370339846692,-0.00453327721687824
2.472,0.03547559208571971,0.01784822962218402,0.10324354554224557,0.005263465944193468,0.00496192031812237,-0.004210683424721973
2.474,0.03579144575810811,0.018399342338301983,0.10362412694283152,0.0056439930910492375,0.005273861989576689,-0.0038886975009899682
2.476,0.0361066461760009,0.018949631518540677,0.10400380868592074,0.006023815473817695,0.005585196000465142,-0.0035673183002735698
2.478,0.03642119417663925,0.019499097502160057,0.10438259187784116,0.006402933777949649,0.005895922996799419,-0.003246544679322616
2.48,0.03673509059678426,0.020047740628868826,0.1047604776245783,0.006781348688984501,0.006206043624348068,-0.0029263754970410005
2.482,0.037048336272687,0.020595561238959892,0.10513746703183013,0.007159060892592217,0.006515558528634946,-0.0026068096144824526
2.484,0.037360932040060524,0.02114255967342693,0.10551356120505218,0.007536071074608186,0.006824468354939661,-0.002287845894846985
2.486,0.03767287873405478,0.02168873627406498,0.10588876124949675,0.007912379921061419,0.00713277374829735,-0.00196948320347623
2.488,0.03798417718923375,0.022234091383556587,0.10626306827024434,0.008287988118199419,0.007440475353498677,-0.0016517204078501102
2.49,0.03829482823955521,0.022778625345546866,0.10663648337223175,0.00866289635250772,0.007747573815088948,-0.0013345563775821745
2.492,0.03860483271835302,0.023322338504707885,0.10700900766027432,0.009037105310726545,0.008054069777368777,-0.0010179899844158236
2.494,0.03891419145832109,0.023865231206792847,0.10738064223908528,0.009410615679865009,0.00835996388439364,-0.0007020201022205352
2.496,0.03922290529149963,0.024407303798684277,0.10775138821329167,0.00978342814721267,0.008665256779973207,-0.00038664560698742356
2.498,0.03953097504926362,0.024948556628433094,0.10812124668744771,0.010155543400348632,0.008969949107672015,-7.186537682568606e-05
2.5,0.03983840156231144,0.025488990045293702,0.10849021876604503,0.010526962127149764,0.00927404151080835,0.00024232170804161512
2.5020000000000002,0.04014518566069403,0.02602860439976218,0.1088583055535135,0.010897685015792913,0.009577534632457585,0.0005559165040487368
2.504,0.04045132817378039,0.02656740004359137,0.1092255081542397,0.011267712754761572,0.00988042911544773,0.0008689196880797834
2.5060000000000002,0.040756829930231664,0.02710537732980689,0.10959182767257425,0.011637046032852538,0.010182725602359222,0.0011813318675168993
2.508,0.04106169175799268,0.027642536612725532,0.10995726521283333,0.012005685539179911,0.010484424735524689,0.0014931536228304232
2.5100000000000002,0.041365914484288835,0.02817887824797194,0.11032182187929873,0.012373631963176202,0.010785527157029628,0.0018043855240608142
2.512,0.04166949893562433,0.028714402592490362,0.1106854987762198,0.012740885994592333,0.011086033508711512,0.002115028137197106
2.5140000000000002,0.041972445937779934,0.029249110004555545,0.11104829700781371,0.013107448323498305,0.011385944432160233,0.0024250820266453754
2.516,0.04227475631581212,0.029783000843780272,0.11141021767826609,0.01347331964028231,0.011685260568717215,0.002734547756182426
2.5180000000000002,0.04257643089405061,0.030316075471122028,0.11177126189173059,0.013838500635650508,0.011983982559475637,0.0030434258893252686
2.52,0.04287747049609747,0.030848334248887,0.11213143075232823,0.014202992000626136,0.012282111045279098,0.003351716989473008
2.5220000000000002,0.04317787594482558,0.0313797775407334,0.1124907253641465,0.014566794426547736,0.012579646666721844,0.003659421619961467
2.524,0.04347764806237753,0.03191040571167414,0.11284914683123759,0.014929908605068487,0.012876590064148319,0.003966540344083391
2.5260000000000002,0.04377678767016446,0.032440219128077485,0.1132066962576157,0.015292335228153986,0.0131729418776525,0.004273073725095999
2.528,0.04407529558886547,0.032969218157667735,0.11356337474725531,0.015654074988080247,0.013468702747077455,0.004579022326223425
2.5300000000000002,0.04437317263842666,0.033497403169524764,0.11391918340408824,0.01601512857743126,0.013763873312014896,0.0048843867106569405
2.532,0.044670419638060954,0.0340247745340827,0.11427412333200082,0.016375496689097213,0.014058454211805183,0.005189167441554066
2.5340000000000003,0.04496703740624719,0.03455133262312926,0.11462819563483051,0.016735180016271167,0.014352446085536652,0.005493365082038348
2.536,0.04526302676073035,0.03507707780980307,0.11498140141636282,0.01709417925244683,0.014645849572044733,0.005796980195198476
2.5380000000000003,0.04555838851852134,0.03560201046859146,0.11533374178032796,0.017452495091415887,0.014938665309912391,0.006100013344087163
2.54,0.04585312349589632,0.0361261309753278,0.11568521783039665,0.017810128227264688,0.015230893937468792,0.006402465091720488
2.5420000000000003,0.046147232508397584,0.03664943970718859,0.11603583067017675,0.01816707935437134,0.01552253609278953,0.006704336001076339
2.544,0.04644071637083291,0.03717193704268995,0.11638558140320998,0.018523349167402836,0.015813592413695954,0.0070056266350944085
2.5460000000000003,0.046733575897276225,0.03769362336168447,0.1167344711329672,0.018878938361311937,0.01610406353775473,0.007306337556674869
2.548,0.04702581190106736,0.03821449904535679,0.11708250096284467,0.019233847631333845,0.0163939501022774,0.007606469328677035
2.5500000000000003,0.047317425194812746,0.03873456447622048,0.1174296719961605,0.019588077672982873,0.016683252744320143,0.007906022513919142
2.552,0.04760841659038517,0.03925382003811384,0.11777598533614997,0.019941629182049336,0.01697197210068291,0.008204997675177017
2.5540000000000003,0.04789878689892424,0.039772266116195665,0.11812144208596198,0.020294502854596663,0.01726010880790918,0.008503395375183409
2.556,0.04818853693083702,0.04028990309694103,0.1184660433486544,0.0206466993869574,0.01754766350228598,0.00880121617662688
2.5580000000000003,0.04847766749579829,0.04080673136813684,0.11880979022719051,0.02099821947573033,0.017834636819842764,0.009098460642150918
2.56,0.04876617940275074,0.041322751318877415,0.11915268382443434,0.021349063817776903,0.018121029396351185,0.009395129334353047
2.562,0.049054073459905645,0.04183796333956047,0.11949472524314642,0.02169923311021793,0.018406841867325108,0.00969122281578394
2.564,0.04934135047474264,0.04235236782188201,0.11983591558598028,0.022048728050430455,0.018692074868019493,0.009986741648946973
2.566,0.049628011254011284,0.0428659651588319,0.12017625595547732,0.022397549336043987,0.018976729033430617,0.01028168639629623
2.568,0.04991405660373038,0.04337875574468941,0.12051574745406346,0.02274569766493717,0.019260804998294745,0.010576057620236723
2.57,0.05019948732918911,0.043890739975018356,0.12085439118404406,0.023093173735234673,0.01954430339708879,0.010869855883123059
2.572,0.05048430423494743,0.04440191824666284,0.12119218824760014,0.023439978245303417,0.01982722486402899,0.011163081747258108
2.574,0.05076850812483635,0.04491229095774174,0.12152913974678436,0.023786111893749684,0.020109570033071122,0.011455735774893006
2.576,0.05105209980195835,0.045421858507644464,0.1218652467835164,0.024131575379415127,0.020391339537909392,0.011747818528225595
2.578,0.05133508006868803,0.04593062129702652,0.12220051045957914,0.024476369401373654,0.020672534011976662,0.012039330569399542
2.58,0.05161744972667259,0.046438579727804186,0.1225349318766138,0.024820494658928105,0.02095315408844356,0.012330272460503888
2.582,0.05189920957683247,0.04694573420314985,0.12286851213611638,0.02516395185160647,0.021233200400218255,0.012620644763571942
2.584,0.05218036041936158,0.04745208512748733,0.12320125233943302,0.02550674167915923,0.021512673579946018,0.012910448040579947
2.586,0.05246090305372775,0.047957632906487024,0.12353315358775618,0.02584886484155513,0.02179157426000855,0.013199682853447081
2.588,0.05274083827867315,0.04846237794706143,0.12386421698212025,0.02619032203897853,0.02206990307252399,0.013488349764034124
2.59,0.05302016689221545,0.04896632065735984,0.12419444362339704,0.02653111397182517,0.022347660649346235,0.013776449334142127
2.592,0.05329888969164753,0.049469461446763896,0.1245238346122921,0.026871241340699736,0.022624847622064292,0.014063982125512409
2.594,0.05357700747353844,0.049971800725882476,0.12485239104934065,0.027210704846411637,0.022901464622002266,0.014350948699825006
2.596,0.05385452103373356,0.05047333890654726,0.12518011403490248,0.027549505189972345,0.02317751228021847,0.014637349618698003
2.598,0.054131431167355304,0.050974076401807844,0.1255070046691591,0.027887643072591395,0.02345299122750566,0.01492318544368687
2.6,0.05440773866880333,0.05147401362592685,0.1258330640521088,0.02822511919567372,0.023727902094389686,0.015208456736283349
2.602,0.05468344433175565,0.05197315099437505,0.12615829328356254,0.028561934260815658,0.02400224551112995,0.015493164057914788
2.604,0.05495854894916863,0.052471488923826914,0.12648269346314023,0.028898088969801616,0.024276022107718287,0.01577730796994281
2.606,0.055233053313277436,0.05296902783215529,0.1268062656902662,0.02923358402460141,0.024549232513879193,0.016060889033663095
2.608,0.0555069582155967,0.053465768138427405,0.1271290110641654,0.02956842012736649,0.02482187735906871,0.01634390781030426
2.61,0.055780264446920746,0.05396171026289909,0.12745093068385915,0.02990259798042616,0.025093957272474654,0.016626364861026532
2.612,0.056052972797324685,0.05445685462701122,0.12777202564816115,0.03023611828628514,0.025365472883015494,0.016908260746921755
2.614,0.05632508405616399,0.05495120165338374,0.1280922970556735,0.030568981747619794,0.025636424819340586,0.017189596029011822
2.616,0.05659659901207581,0.05544475176581165,0.12841174600478245,0.03090118906727457,0.02590681370982928,0.01747037126824802
2.618,0.05686751845297899,0.055937505389260345,0.1287303735936547,0.03123274094825934,0.026176640182590916,0.017750587025510356
2.62,0.05713784316607473,0.05642946294986051,0.12904818092023285,0.031563638093745405,0.02644590486546372,0.018030243861606676
2.622,0.05740757393784657,0.05692062487490346,0.12936516908223195,0.031893881207062824,0.02671460838601525,0.01830934233727155
2.624,0.05767671155406173,0.05741099159283625,0.1296813391771352,0.03222347099169687,0.026982751371541047,0.01858788301316583
2.626,0.05794525679977092,0.057900563533257676,0.12999669230219002,0.03255240815128446,0.027250334449065106,0.01886586644987509
2.628,0.05821321045930894,0.05838934112691274,0.13031122955440422,0.032880693389611526,0.027517358245338963,0.01914329320790986
2.63,0.05848057331629497,0.058877324805688414,0.13062495203054159,0.03320832741060942,0.027783823386841267,0.01942016384770362
2.632,0.05874734615363386,0.05936451500260875,0.13093786082711856,0.03353531091835138,0.028049730499777326,0.019696478929612793
2.634,0.05901352975351526,0.05985091215183025,0.13124995704039977,0.03386164461704988,0.028315080210079113,0.01997223901391587
2.636,0.05927912489741538,0.060336516688637376,0.1315612417663945,0.03418732921105283,0.028579873143404155,0.020247444660811853
2.638,0.05954413236609635,0.06082132904943749,0.1318717161008527,0.03451236540484093,0.02884410992513553,0.020522096430420023
2.64,0.05980855293960752,0.061305349671756604,0.1321813811392607,0.034836753903023876,0.029107791180381648,0.020796194882779284
2.642,0.060072387397285265,0.06178857899423429,0.1324902379768378,0.03516049541033772,0.02937091753397536,0.021069740577846607
2.644,0.06033563651775409,0.06227101745661945,0.13279828770853208,0.03548359063164108,0.02963348961047374,0.021342734075496805
2.646,0.060598301078926387,0.06275266549976544,0.13310553142901704,0.035806040271912476,0.02989550803415786,0.021615175935521647
2.648,0.060860381858003576,0.0632335235656254,0.13341197023268703,0.03612784503624655,0.03015697342903212,0.021887066717628523
2.65,0.06112187963147564,0.06371359209724803,0.13371760521365395,0.03644900562985165,0.030417886418823592,0.02215840698144045
2.652,0.06138279517512246,0.06419287153877251,0.13402243746574327,0.036769522758046014,0.030678247626982458,0.022429197286494285
2.654,0.06164312926401405,0.06467136233542425,0.13432646808249005,0.03708939712625492,0.030938057676680675,0.02269943819224096
2.656,0.06190288267251032,0.0651490649335098,0.13462969815713555,0.037408629440007335,0.03119731719081198,0.022969130258043702
2.658,0.0621620561742624,0.06562597978041285,0.13493212878262284,0.03772722040493304,0.031456026791991665,0.023238274043177576
2.66,0.062420650542212686,0.06610210732458932,0.13523376105159368,0.0380451707267595,0.03171418710255547,0.02350687010682906
2.662,0.06267866654859522,0.06657744801556298,0.1355345960563843,0.03836248111130813,0.03197179874456002,0.023774919008094697
2.664,0.06293610496493618,0.06705200230392028,0.1358346348890218,0.03867915226449181,0.03222886233978173,0.02404242130598022
2.666,0.06319296656205431,0.06752577064130683,0.13613387864122073,0.038995184892311796,0.03248537850971678,0.024309377559400325
2.668,0.06344925211006114,0.06799875348042206,0.13643232840437847,0.03931057970085394,0.03274134787558047,0.02457578832717755
2.67,0.0637049623783621,0.06847095127501479,0.1367299852695727,0.039625337396286486,0.03299677105830723,0.02484165416804096
2.672,0.06396009813565606,0.068942364479879,0.13702685032755668,0.039939458684856266,0.03325164867854968,0.02510697564062614
2.674,0.06421466014993626,0.0694129935508494,0.13732292466875617,0.04025294427288606,0.03350598135667848,0.025371753303474298
2.676,0.06446864918849049,0.06988283894479608,0.13761820938326585,0.040565794866771254,0.03375976971278161,0.025635987715030728
2.678,0.06472206601790198,0.07035190111962097,0.1379127055608449,0.04087801117297696,0.03401301436666482,0.025899679433644573
2.68,0.06497491140404921,0.07082018053425299,0.13820641429091407,0.04118959389803467,0.034265715937850105,0.026162829017568168
2.682,0.06522718611210654,0.0712876776486433,0.13849933666255176,0.0415005437485394,0.03451787504557613,0.026425437024956144
2.684,0.06547889090654468,0.0717543929237614,0.13879147376449064,0.041810861431146984,0.034769492308797334,0.026687504013864105
2.686,0.06573002655113136,0.07222032682158996,0.13908282668511363,0.04212054765257034,0.03502056834618372,0.026949030542248398
2.688,0.06598059380893107,0.07268547980512086,0.13937339651245062,0.042429603119577,0.035271103776120416,0.027210017167965228
2.69,0.0662305934423062,0.0731498523383507,0.1396631843341749,0.042738028538985784,0.03552109921670743,0.02747046444876977
2.692,0.06648002621291682,0.07361344488627619,0.1399521912375994,0.04304582461766415,0.03577055528575901,0.027730372942315284
2.694,0.06672889288172157,0.0740762579148897,0.14024041830967304,0.04335299206252463,0.03601947260080318,0.027989743206152662
2.696,0.06697719420897785,0.074538291891175,0.1405278666369778,0.04365953158052216,0.03626785177908176,0.028248575797729325
2.698,0.06722493095424209,0.07499954728310265,0.14081453730572413,0.04396544387865142,0.036515693437549235,0.028506871274388335
2.7,0.06747210387637059,0.07546002455962597,0.14110043140174855,0.044270729663943076,0.03676299819287321,0.028764630193368168
2.702,0.06771871373351934,0.07591972419067594,0.14138555001050923,0.04457538964346175,0.03700976666143352,0.029021853111801166
2.704,0.06796476128314466,0.07637864664715743,0.14166989421708331,0.04487942452430227,0.037255999459321565,0.02927854058671353
2.706,0.06821024728200387,0.07683679240094499,0.1419534651061627,0.045182835013587,0.037501697202340534,0.029534693175023774
2.708,0.06845517248615529,0.07729416192487748,0.1422362637620509,0.04548562181846316,0.03774686050600473,0.029790311433542938
2.71,0.06869953765095893,0.07775075569275458,0.14251829126865978,0.04578778564609931,0.03799148998553914,0.030045395918972595
2.712,0.06894334353107667,0.0782065741793323,0.1427995487095055,0.04608932720368286,0.03823558625587897,0.030299947187905074
2.714,0.06918659088047274,0.07866161786031856,0.1430800371677059,0.04639024719841722,0.03847914993166923,0.030553965796822125
2.716,0.06942928045241414,0.07911588721236851,0.14335975772597642,0.04669054633751868,0.038722181627264485,0.030807452302094473
2.718,0.06967141299947088,0.07956938271308078,0.14363871146662688,0.046990225328213286,0.03896468195672842,0.031060407259980938
2.72,0.06991298927351663,0.08002210484099281,0.14391689947155806,0.04728928487773443,0.0392066515338334,0.031312831226627535
2.722,0.07015401002572874,0.0804740540755764,0.14419432282225864,0.047587725693319705,0.039448090972060035,0.03156472475806682
2.724,0.07039447600658888,0.08092523089723391,0.1444709825998014,0.04788554848220827,0.039689000884596926,0.031816088410217214
2.726,0.0706343879658835,0.08137563578729345,0.14474687988484014,0.04818275395163729,0.039929381884340254,0.0320669227388819
2.728,0.07087374665270407,0.08182526922800482,0.1450220157576061,0.04847934280883992,0.0401692345838931,0.03231722829974859
2.73,0.07111255281544748,0.08227413170253528,0.14529639129790461,0.04877531576104177,0.04040855959556544,0.032567005648388436
2.732,0.0713508072018163,0.08272222369496518,0.14557000758511207,0.04907067351545891,0.040647357531373496,0.03281625534025512
2.734,0.07158851055881921,0.0831695456902839,0.1458428656981725,0.04936541677929385,0.04088562900303927,0.033064977930684414
2.736,0.07182566363277165,0.0836160981743852,0.14611496671559432,0.04965954625973401,0.04112337462199056,0.03331317397489353
2.738,0.07206226716929587,0.08406188163406325,0.1463863117154467,0.04995306266394772,0.04136059499936007,0.033560844027979764
2.74,0.07229832191332153,0.08450689655700838,0.1466569017753565,0.05024596669908221,0.041597290745985616,0.03380798864492052
2.742,0.07253382860908575,0.08495114343180288,0.14692673797250522,0.050538259072260505,0.04183346247240882,0.03405460838057173
2.744,0.07276878800013398,0.08539462274791654,0.14719582138362575,0.05082994049057876,0.042069110788875985,0.034300703789667875
2.746,0.07300320082931977,0.08583733499570312,0.1474641530849985,0.051121011661103166,0.04230423630533631,0.03454627542682087
2.748,0.0732370678388059,0.08627928066639501,0.1477317341524491,0.051411473290867704,0.04253883963144256,0.03479132384651917
2.75,0.0734703897700637,0.08672046025210034,0.1479985656613445,0.051701326086870836,0.0427729213765502,0.035035849603127334
2.7520000000000002,0.07370316736387461,0.08716087424579766,0.14826464868658995,0.05199057075607283,0.04300648214971714,0.03527985325088512
2.754,0.0739354013603295,0.08760052314133238,0.14852998430262598,0.05227920800539354,0.043239522559703314,0.03552333534390684
2.7560000000000002,0.07416709249883002,0.08803940743341276,0.1487945735834253,0.05256723854170886,0.043472043214970224,0.035766296436180456
2.758,0.07439824151808794,0.0884775276176053,0.14905841760248895,0.05285466307184872,0.043704044723680946,0.036008737081567155
2.7600000000000002,0.07462884915612622,0.08891488419033067,0.14932151743284416,0.05314148230259397,0.04393552769369902,0.03625065783380044
2.762,0.07485891615027906,0.08935147764885976,0.14958387414704033,0.05342769694067351,0.04416649273258866,0.03649205924648502
2.7640000000000002,0.07508844323719277,0.08978730849130945,0.14984548881714654,0.05371330769276228,0.04439694044761433,0.036732941873096614
2.766,0.0753174311528253,0.09022237721663862,0.1501063625147483,0.05399831526547749,0.044626871445739846,0.036973306266981254
2.7680000000000002,0.07554588063244716,0.09065668432464391,0.1503664963109439,0.05428272036537707,0.044856286333628814,0.03721315298135397
2.77,0.07577379241064186,0.09109023031595576,0.15062589127634207,0.05456652369895609,0.045085185717643306,0.03745248256929856
2.7720000000000002,0.07600116722130568,0.09152301569203392,0.15088454848105837,0.05484972597264437,0.04531357020384452,0.03769129558376694
2.774,0.07622800579764877,0.09195504095516371,0.1511424689947125,0.0551323278928042,0.04554144039799146,0.037929592577578
2.7760000000000002,0.07645430887219495,0.09238630660845204,0.15139965388642507,0.05541433016572728,0.04576879690554114,0.03816737410341697
2.778,0.07668007717678238,0.09281681315582313,0.15165610422481457,0.055695733497631794,0.045995640331647936,0.0384046407138352
2.7800000000000002,0.07690531144256374,0.09324656110201457,0.1519118210779944,0.05597653859466045,0.04622197128116334,0.0386413929612488
2.782,0.07713001240000672,0.09367555095257307,0.15216680551356965,0.05625674616287757,0.046447790358635554,0.038877631397938206
2.7840000000000003,0.07735418077889422,0.09410378321385049,0.15242105859863453,0.056536356908266194,0.046673098168309,0.03911335657604753
2.786,0.0775778173083248,0.09453125839300025,0.15267458139976875,0.05681537153672567,0.04689789531412414,0.03934856904758366
2.7880000000000003,0.0778009227167129,0.09495797699797248,0.15292737498303532,0.057093790754069174,0.04712218239971677,0.03958326936441581
2.79,0.07802349773178974,0.0953839395375109,0.1531794404139768,0.05737161526602108,0.04734596002841829,0.039817458078274415
2.7920000000000003,0.07824554308060261,0.09580914652114814,0.15343077875761302,0.05764884577821405,0.04756922880325454,0.04005113574075092
2.794,0.07846705948951649,0.09623359845920221,0.1536813910784376,0.05792548299618683,0.04779198932694606,0.04028430290329643
2.7960000000000003,0.07868804768421334,0.09665729586277205,0.15393127844041543,0.058201527625381555,0.0480142422019072,0.04051696011722172
2.798,0.07890850838969299,0.09708023924373377,0.15418044190697944,0.05847698037114113,0.04823598803024631,0.04074910793369635
2.8000000000000003,0.07912844233027339,0.09750242911473705,0.15442888254102782,0.05875184193870653,0.0484572274137649,0.04098074690374731
2.802,0.07934785022959079,0.09792386598920055,0.154676601404921,0.05902611303321459,0.04867796095395738,0.04121187757825906
2.8040000000000003,0.07956673281060045,0.0983445503813083,0.1549235995604794,0.059299794359695124,0.04889818925201084,0.04144250050797238
2.806,0.07978509079557661,0.09876448280600592,0.15516987806897964,0.05957288662306892,0.04911791290880463,0.041672616243484395
2.8080000000000003,0.08000292490611294,0.09918366377899623,0.15541543799115232,0.05984539052814464,0.0493371325249099,0.04190222533524679
2.81,0.08022023586312321,0.09960209381673568,0.15566028038717872,0.06011730677961635,0.049555848700589156,0.04213132833356581
2.8120000000000003,0.08043702438684108,0.10001977343643031,0.15590440631668856,0.06038863608206135,0.04977406203579626,0.04235992578860159
2.814,0.08065329119682096,0.10043670315603204,0.15614781683875645,0.060659379139937686,0.049991773130175776,0.04258801825036729
2.816,0.08086903701193782,0.10085288349423438,0.15639051301189988,0.060929536657581274,0.05020898258306272,0.04281560626872838
2.818,0.08108426255038803,0.10126831497046873,0.15663249589407569,0.061199109339203694,0.05042569099348193,0.04304269039340203
2.82,0.08129896852968965,0.101682998104901,0.1568737665426776,0.06146809788888974,0.05064189896014781,0.04326927117395618
2.822,0.08151315566668238,0.10209693341842674,0.15711432601453357,0.061736503010594745,0.050857607081464584,0.04349534915980913
2.824,0.08172682467752801,0.10251012143266802,0.15735417536590313,0.06200432540814216,0.05107281595552493,0.04372092490022905
2.826,0.08193997627771132,0.10292256266996946,0.1575933156524738,0.06227156578522153,0.051287526180110454,0.04394599894433271
2.828,0.08215261118203965,0.10333425765339421,0.1578317479293596,0.0625382248453854,0.05150173835269056,0.044170571841085415
2.83,0.08236473010464351,0.1037452069067204,0.15806947325109744,0.06280430329204756,0.05171545307042291,0.04439464413929972
2.832,0.08257633375897733,0.10415541095443692,0.15830649267164443,0.06306980182847988,0.05192867093015252,0.04461821638763519
2.834,0.08278742285781937,0.10456487032173967,0.15854280724437575,0.06333472115781058,0.052141392528411545,0.04484128913459773
2.836,0.08299799811327202,0.1049735855345284,0.15877841802208148,0.06359906198302157,0.05235361846141884,0.04506386292853848
2.838,0.0832080602367622,0.10538155711940211,0.15901332605696417,0.06386282500694573,0.052565349325079946,0.04528593831765382
2.84,0.08341760993904201,0.10578878560365546,0.15924753240063572,0.06412601093226522,0.052776585714986224,0.045507515849983804
2.842,0.08362664793018859,0.10619527151527519,0.1594810381041154,0.06438862046150828,0.05298732822641483,0.0457285960734124
2.844,0.08383517491960468,0.1066010153829362,0.15971384421782675,0.0646506542970473,0.05319757745432829,0.04594917953566657
2.846,0.08404319161601892,0.10700601773599794,0.1599459517915951,0.0649121131410968,0.05340733399337405,0.04616926678431499
2.848,0.08425069872748647,0.10741027910450063,0.1601773618746447,0.0651729976957105,0.053616598437884466,0.04638885836676798
2.85,0.08445769696138905,0.1078138000191613,0.16040807551559677,0.06543330866277919,0.05382537138187615,0.04660795483027669
2.852,0.0846641870244349,0.10821658101137022,0.1606380937624663,0.0656930467440282,0.05403365341904931,0.04682655672193281
2.854,0.08487016962266014,0.10861862261318711,0.16086741766265944,0.0659522126410157,0.05424144514278817,0.04704466458866707
2.856,0.0850756454614281,0.10901992535733762,0.1610960482629713,0.06621080705512927,0.054448747146160104,0.04726227897724944
2.858,0.08528061524542996,0.1094204897772093,0.16132398660958325,0.06646883068758491,0.054655560021915406,0.04747940043428778
2.86,0.08548507967868546,0.10982031640684808,0.16155123374806024,0.06672628423942384,0.054861884362486624,0.047696029506227644
2.862,0.08568903946454265,0.11021940578095468,0.1617777907233484,0.06698316841151031,0.055067720759989,0.04791216673935139
2.864,0.08589249530567877,0.11061775843488064,0.1620036585797726,0.0672394839045296,0.05527306980621938,0.04812781267977795
2.866,0.08609544790410029,0.11101537490462499,0.16222883836103374,0.06749523141898539,0.05547793209265617,0.048342967873461484
2.868,0.08629789796114307,0.11141225572683044,0.1624533311102061,0.0677504116551979,0.05568230821045894,0.04855763286619097
2.87,0.08649984617747308,0.11180840143877946,0.16267713786973514,0.06800502531330133,0.055886198750467964,0.04877180820359017
2.872,0.08670129325308662,0.11220381257839107,0.1629002596814353,0.06825907309324175,0.05608960430320442,0.048985494431115884
2.874,0.08690223988731005,0.11259848968421693,0.1631226975864868,0.06851255569477477,0.05629252545886909,0.04919869209405858
2.876,0.0871026867788014,0.11299243329543773,0.1633444526254335,0.06876547381746323,0.05649496280734301,0.04941140173754044
2.878,0.08730263462554921,0.1133856439518599,0.16356552583818096,0.06901782816067525,0.05669691693818635,0.04962362390651576
2.88,0.08750208412487415,0.11377812219391137,0.16378591826399336,0.06926961942358156,0.05689838844063866,0.04983535914576964
2.882,0.08770103597342849,0.11416986856263867,0.164005630941491,0.06952084830515393,0.05709937790361819,0.05004660799991778
2.884,0.08789949086719662,0.11456088359970251,0.16422466490864873,0.06977151550416227,0.05729988591572166,0.05025737101340555
2.886,0.0880974495014959,0.11495116784737536,0.16444302120279253,0.07002162171917292,0.05749991306522384,0.050467648730507575
2.888,0.08829491257097621,0.1153407218485365,0.1646607008605978,0.07027116764854613,0.0576994599400773,0.05067744169532684
2.89,0.08849188076962067,0.11572954614666964,0.16487770491808673,0.07052015399043432,0.05789852712791199,0.05088675045179425
2.892,0.08868835479074622,0.11611764128585866,0.16509403441062576,0.07076858144277942,0.058097115216035,0.05109557554366817
2.894,0.08888433532700324,0.11650500781078432,0.16530969037292387,0.07101645070331108,0.05829522479143012,0.05130391751453334
2.896,0.08907982307037643,0.11689164626672066,0.1655246738390297,0.07126376246954425,0.058492856440757635,0.0515117769078004
2.898,0.08927481871218523,0.11727755719953148,0.16573898584232905,0.07151051743877734,0.05869001075035407,0.0517191542667057
2.9,0.08946932294308385,0.11766274115566677,0.16595262741554295,0.07175671630808966,0.05888668830623156,0.05192605013430995
2.902,0.08966333645306124,0.11804719868215918,0.1661655995907254,0.07200235977433955,0.0590828896940776,0.05213246505349822
2.904,0.08985685993144243,0.11843093032662089,0.16637790339926095,0.07224744853416243,0.05927861549925506,0.05233839956697883
2.906,0.0900498940668879,0.1188139366372396,0.1665895398718622,0.07249198328396833,0.05947386630680129,0.05254385421728314
2.908,0.09024243954739442,0.11919621816277504,0.16680051003856788,0.07273596471993993,0.059668642701428354,0.05274882954676463
2.91,0.09043449706029527,0.11957777545255621,0.16701081492874015,0.07297939353803073,0.059862945267522116,0.05295332609759851
2.912,0.0906260672922603,0.11995860905647682,0.1672204555710628,0.07322227043396223,0.06005677458914249,0.05315734441178099
2.914,0.09081715092929654,0.12033871952499275,0.16742943299353885,0.07346459610322298,0.060250131250022765,0.05336088503112846
2.916,0.09100774865674865,0.12071810740911837,0.16763774822348831,0.07370637124106527,0.06044301583356937,0.053563948497277414
2.918,0.09119786115929895,0.12109677326042267,0.16784540228754596,0.07394759654250382,0.06063542892286167,0.05376653535168319
2.92,0.09138748912096784,0.12147471763102624,0.1680523962116589,0.07418827270231376,0.060827371100651506,0.05396864613561969
2.922,0.091576633225114,0.12185194107359787,0.16825873102108457,0.0744284004150284,0.06101884294936255,0.05417028139017899
2.924,0.09176529415443513,0.12222844414135081,0.16846440774038896,0.07466798037493683,0.06120984505109073,0.05437144165627039
2.926,0.09195347259096764,0.12260422738803967,0.1686694273934437,0.07490701327608251,0.06140037798760334,0.054572127474619814
2.928,0.09214116921608762,0.12297929136795682,0.16887379100342437,0.07514549981226093,0.061590442340338836,0.05477233938576931
2.93,0.09232838471051075,0.12335363663592935,0.16907749959280816,0.07538344067701752,0.0617800386904066,0.05497207793007641
2.932,0.09251511975429261,0.12372726374731524,0.16928055418337196,0.07562083656364593,0.06196916761858673,0.05517134364771348
2.934,0.09270137502682951,0.12410017325800005,0.16948295579618988,0.07585768816518579,0.062157829705329126,0.05537013707866745
2.936,0.09288715120685809,0.12447236572439402,0.1696847054516315,0.07609399617442092,0.06234602553075419,0.05556845876273897
2.938,0.09307244897245615,0.12484384170342788,0.16988580416935917,0.07632976128387692,0.06253375567465147,0.05576630923954129
2.94,0.0932572690010427,0.1252146017525506,0.1700862529683269,0.0765649841858198,0.06272102071648011,0.05596368904850069
2.942,0.09344161196937839,0.125584646429725,0.17028605286677712,0.0767996655722536,0.0629078212353682,0.05616059872885515
2.944,0.09362547855356596,0.12595397629342497,0.17048520488223962,0.0770338061349185,0.0630941578101123,0.05635703881965415
2.946,0.09380886942905042,0.12632259190263206,0.17068371003152882,0.07726740656528897,0.06328003101917767,0.05655300985975753
2.948,0.09399178527061935,0.12669049381683206,0.17088156933074194,0.07750046755457163,0.06346544144069721,0.05674851238783529
2.95,0.09417422675240328,0.12705768259601213,0.17107878379525698,0.07773298979370358,0.06365038965247183,0.05694354694236736
2.952,0.09435619454787614,0.12742415880065683,0.17127535443973052,0.07796497397335056,0.0638348762319696,0.057138114061642487
2.954,0.09453768932985529,0.1277899229917454,0.17147128227809616,0.07819642078390454,0.06401890175632619,0.057332214283757565
2.956,0.09471871177050195,0.12815497573074808,0.17166656832356186,0.07842733091548215,0.06420246680234354,0.05752584814661743
2.958,0.09489926254132164,0.1285193175796231,0.1718612135886084,0.07865770505792269,0.06438557194649053,0.05771901618793396
2.96,0.0950793423131644,0.12888294910081322,0.17205521908498733,0.07888754390078634,0.06456821776490185,0.05791171894522584
2.962,0.09525895175622523,0.12924587085724282,0.17224858582371882,0.07911684813335218,0.06475040483337824,0.058103956955817715
2.964,0.09543809154004412,0.1296080834123141,0.17244131481508962,0.07934561844461618,0.06493213372738604,0.05829573075683969
2.966,0.09561676233350691,0.1299695873299045,0.1726334070686515,0.07957385552328988,0.06511340502205676,0.058487040885226715
2.968,0.09579496480484506,0.13033038317436296,0.17282486359321902,0.07980156005779793,0.06529421929218704,0.058677887877718105
2.97,0.09597269962163635,0.13069047151050706,0.17301568539686762,0.08002873273627631,0.06547457711223803,0.05886827227085689
2.972,0.09614996745080462,0.13104985290361948,0.17320587348693173,0.08025537424657059,0.06565447905633537,0.059058194600989156
2.974,0.09632676895862113,0.13140852791944502,0.1733954288700028,0.08048148527623433,0.06583392569826851,0.05924765540426358
2.976,0.0965031048107039,0.1317664971241872,0.1735843525519276,0.0807070665125269,0.06601291761149097,0.059436655216630774
2.978,0.09667897567201833,0.1321237610845054,0.17377264553780591,0.0809321186424119,0.06619145536911963,0.059625194573842855
2.98,0.09685438220687792,0.13248032036751178,0.17396030883198899,0.08115664235255493,0.06636953954393454,0.05981327401145298
2.982,0.09702932507894402,0.1328361755407672,0.17414734343807758,0.08138063832932252,0.06654717070837868,0.060000894064814236
2.984,0.09720380495122649,0.13319132717227933,0.17433375035892018,0.08160410725877965,0.0667243494345573,0.06018805526907989
2.986,0.09737782248608395,0.13354577583049854,0.17451953059661074,0.0818270498266882,0.06690107629423814,0.06037475815920201
2.988,0.09755137834522398,0.1338995220843151,0.1747046851524876,0.08204946671850522,0.067077351858851,0.060561003269931524
2.99,0.09772447318970356,0.13425256650305606,0.17488921502713084,0.08227135861938106,0.06725317669948727,0.060746791135817046
2.992,0.09789710767992954,0.1346049096564823,0.17507312122036112,0.08249272621415771,0.06742855138689952,0.060932122291204927
2.994,0.0980692824756586,0.13495655211478508,0.17525640473123727,0.08271357018736714,0.06760347649150189,0.06111699727023856
2.996,0.09824099823599797,0.13530749444858303,0.17543906655805497,0.08293389122322892,0.06777795258336883,0.061301416606857506
2.998,0.09841225561940559,0.13565773722891938,0.17562110769834494,0.08315369000564932,0.0679519802322357,0.061485380834797265
3.0,0.09858305528369016,0.13600728102725834,0.17580252914887073,0.0833729672182193,0.0681255600074977,0.06166889048758839
3.0020000000000002,0.09875339788601178,0.13635612641548223,0.1759833319056272,0.08359172354421229,0.0682986924782103,0.06185194609855649
3.004,0.09892328408288242,0.13670427396588858,0.17616351696383914,0.08380995966658289,0.06847137821308835,0.06203454820082088
3.0060000000000002,0.09909271453016566,0.13705172425118706,0.17634308531795861,0.08402767626796548,0.06864361778050632,0.062216697327294845
3.008,0.09926168988307782,0.1373984778444961,0.17652203796166432,0.08424487403067182,0.06881541174849759,0.06239839401068448
3.0100000000000002,0.0994302107961873,0.13774453531934006,0.17670037588785892,0.08446155363668995,0.06898676068475429,0.06257963878348849
3.012,0.09959827792341591,0.13808989724964604,0.1768781000886679,0.0846777157676819,0.06915766515662725,0.06276043217799776
3.0140000000000002,0.09976589191803864,0.13843456420974132,0.17705521155543757,0.08489336110498269,0.06932812573112512,0.06294077472629422
3.016,0.09993305343268366,0.13877853677434993,0.17723171127873338,0.085108490329598,0.06949814297491486,0.06312066696025087
3.0180000000000002,0.10009976311933366,0.13912181551858938,0.17740760024833868,0.0853231041222029,0.06966771745432099,0.06330010941153086
3.02,0.10026602162932519,0.13946440101796842,0.17758287945325213,0.08553720316314029,0.06983684973532522,0.06347910261158751
3.0220000000000002,0.10043182961334929,0.13980629384838328,0.17775754988168702,0.08575078813241865,0.07000554038356666,0.063657647091663
3.024,0.10059718772145221,0.1401474945861152,0.17793161252106904,0.08596385970971121,0.07017378996434087,0.06383574338278852
3.0260000000000002,0.10076209660303515,0.14048800380782733,0.17810506835803452,0.08617641857435365,0.0703415990426004,0.06401339201578327
3.028,0.10092655690685515,0.14082782209056122,0.17827791837842932,0.08638846540534284,0.07050896818295338,0.06419059352125411
3.0300000000000002,0.10109056928102467,0.14116695001173496,0.17845016356730659,0.0866000008813348,0.07067589794966467,0.06436734842959502
3.032,0.10125413437301267,0.14150538814913904,0.17862180490892587,0.0868110256806438,0.07084238890665429,0.06454365727098654
3.0340000000000003,0.10141725282964442,0.1418431370809341,0.17879284338675072,0.08702154048124022,0.07100844161749786,0.0647195205753952
3.036,0.10157992529710214,0.14218019738564802,0.17896327998344752,0.08723154596074889,0.07117405664542598,0.06489493887257347
3.0380000000000003,0.10174215242092521,0.14251656964217263,0.1791331156808842,0.0874410427964476,0.07133923455332436,0.0650699126920582
3.04,0.10190393484601046,0.14285225442976102,0.17930235146012774,0.08765003166526597,0.07150397590373347,0.06524444256317108
3.0420000000000003,0.1020652732166123,0.14318725232802465,0.17947098830144337,0.08785851324378324,0.07166828125884761,0.06541852901501755
3.044,0.10222616817634367,0.14352156391693005,0.17963902718429292,0.08806648820822671,0.07183215118051534,0.06559217257648675
3.0460000000000003,0.1023866203681758,0.14385518977679657,0.1798064690873331,0.08827395723447085,0.07199558623023927,0.06576537377625047
3.048,0.1025466304344389,0.14418813048829304,0.17997331498841374,0.08848092099803506,0.07215858696917521,0.06593813314276287
3.0500000000000003,0.10270619901682188,0.14452038663243516,0.1801395658645768,0.0886873801740824,0.07232115395813232,0.06611045120426007
3.052,0.10286532675637305,0.1448519587905821,0.1803052226920543,0.08889333543741795,0.07248328775757273,0.06628232848875948
3.0540000000000003,0.10302401429350105,0.1451828475444341,0.18047028644626728,0.08909878746248756,0.07264498892761129,0.06645376552405913
3.056,0.10318226226797411,0.14551305347602983,0.18063475810182417,0.08930373692337579,0.07280625802801532,0.06662476283773788
3.0580000000000003,0.10334007131892098,0.14584257716774296,0.18079863863251888,0.08950818449380482,0.07296709561820447,0.0667953209571539
3.06,0.10349744208483136,0.1461714192022796,0.1809619290113298,0.08971213084713292,0.07312750225724995,0.06696544040944485
3.0620000000000003,0.1036543752035557,0.1464995801626756,0.18112463021041814,0.08991557665635286,0.07328747850387485,0.06713512172152702
3.064,0.10381087131230604,0.14682706063229323,0.18128674320112648,0.09011852259409014,0.07344702491645383,0.06730436542009488
3.0660000000000003,0.10396693104765609,0.1471538611948191,0.18144826895397737,0.09032096933260214,0.0736061420530123,0.06747317203162106
3.068,0.10412255504554158,0.14747998243426097,0.1816092084386718,0.09052291754377584,0.07376483047122684,0.06764154208235507
3.0700000000000003,0.10427774394126055,0.14780542493494453,0.18176956262408783,0.09072436789912719,0.07392309072842429,0.067809476098323
3.072,0.10443249836947377,0.14813018928151145,0.18192933247827936,0.09092532106979889,0.07408092338158223,0.06797697460532781
3.074,0.10458681896420519,0.1484542760589158,0.182088518968474,0.09112577772655928,0.0742383289873283,0.06814403812894754
3.076,0.10474070635884214,0.1487776858524219,0.1822471230610725,0.09132573853980097,0.07439530810193973,0.06831066719453571
3.078,0.10489416118613537,0.1491004192476013,0.1824051457216469,0.09152520417953935,0.07455186128134339,0.0684768623272205
3.08,0.10504718407819968,0.14942247683032983,0.1825625879149393,0.091724175315411,0.07470798908111576,0.06864262405190447
3.082,0.1051997756665144,0.14974385918678523,0.1827194506048604,0.0919226526166721,0.07486369205648225,0.06880795289326369
3.084,0.10535193658192332,0.15006456690344416,0.18287573475448804,0.09212063675219762,0.07501897076231678,0.06897284937574755
3.086,0.10550366745463546,0.15038460056707925,0.18303144132606586,0.09231812839047926,0.07517382575314224,0.06913731402357826
3.088,0.10565496891422499,0.15070396076475712,0.18318657128100235,0.09251512819962437,0.07532825758312955,0.06930134736075
3.09,0.10580584158963169,0.1510226480838346,0.18334112557986892,0.09271163684735462,0.07548226680609793,0.06946494991102892
3.092,0.10595628610916163,0.15134066311195693,0.18349510518239898,0.09290765500100417,0.07563585397551442,0.06962812219795245
3.094,0.10610630310048674,0.15165800643705474,0.18364851104748658,0.09310318332751888,0.07578901964449325,0.06979086474482887
3.096,0.10625589319064588,0.15197467864734127,0.1838013441331845,0.09329822249345443,0.07594176436579647,0.06995317807473622
3.098,0.10640505700604486,0.15229068033130955,0.1839536053967039,0.09349277316497506,0.07609408869183287,0.07011506271052292
3.1,0.10655379517245689,0.15260601207773017,0.18410529579441248,0.09368683600785266,0.07624599317465819,0.07027651917480648
3.102,0.10670210831502258,0.15292067447564817,0.18425641628183298,0.09388041168746453,0.07639747836597466,0.07043754798997304
3.104,0.1068499970582506,0.1532346681143808,0.1844069678136424,0.09407350086879274,0.07654854481713103,0.07059814967817735
3.106,0.1069974620260179,0.15354799358351423,0.18455695134367045,0.09426610421642279,0.07669919307912187,0.07075832476134192
3.108,0.10714450384157015,0.15386065147290173,0.18470636782489835,0.0944582223945416,0.07684942370258763,0.07091807376115633
3.11,0.10729112312752176,0.15417264237266015,0.18485521820945738,0.09464985606693688,0.07699923723781477,0.07107739719907769
3.112,0.10743732050585675,0.1544839668731679,0.18500350344862815,0.09484100589699529,0.0771486342347345,0.07123629559632882
3.114,0.10758309659792853,0.15479462556506207,0.18515122449283905,0.09503167254770184,0.07729761524292367,0.071394769473899
3.116,0.10772845202446057,0.15510461903923622,0.18529838229166473,0.09522185668163763,0.07744618081160382,0.07155281935254276
3.118,0.10787338740554642,0.15541394788683704,0.18544497779382518,0.09541155896097919,0.07759433148964101,0.07171044575277952
3.12,0.10801790336065054,0.15572261269926235,0.18559101194718464,0.09560078004749695,0.07774206782554605,0.07186764919489352
3.122,0.10816200050860791,0.1560306140681582,0.18573648569875023,0.09578952060255408,0.07788939036747355,0.07202443019893279
3.124,0.10830567946762537,0.15633795258541627,0.1858813999946709,0.09597778128710521,0.07803629966322223,0.07218078928470884
3.126,0.1084489408552809,0.15664462884317176,0.18602575578023606,0.09616556276169486,0.07818279626023439,0.0723367269717965
3.128,0.10859178528852476,0.15695064343380016,0.18616955399987445,0.09635286568645651,0.07832888070559596,0.07249224377953323
3.13,0.10873421338367928,0.157255996949915,0.18631279559715286,0.09653969072111113,0.07847455354603605,0.07264734022701846
3.132,0.10887622575643952,0.15756068998436557,0.18645548151477542,0.09672603852496597,0.07861981532792672,0.0728020168331136
3.134,0.10901782302187324,0.1578647231302337,0.18659761269458208,0.09691190975691333,0.07876466659728276,0.07295627411644112
3.136,0.10915900579442184,0.1581680969808319,0.18673919007754747,0.09709730507542935,0.07890910789976169,0.07311011259538414
3.138,0.10929977468790009,0.15847081212970027,0.1868802146037798,0.09728222513857276,0.0790531397806633,0.0732635327880864
3.14,0.10944013031549682,0.1587728691706043,0.18702068721251996,0.09746667060398351,0.07919676278492926,0.0734165352124514
3.142,0.10958007328977493,0.1590742686975326,0.18716060884214025,0.09765064212888164,0.07933997745714327,0.07356912038614194
3.144,0.10971960422267246,0.15937501130469367,0.18729998043014295,0.09783414037006621,0.07948278434153067,0.07372128882657969
3.146,0.10985872372550176,0.159675097586514,0.18743880291315995,0.09801716598391397,0.07962518398195817,0.07387304105094494
3.148,0.10999743240895099,0.15997452813763546,0.18757707722695094,0.09819971962637819,0.07976717692193347,0.07402437757617619
3.15,0.1101357308830837,0.16027330355291247,0.18771480430640275,0.09838180195298696,0.07990876370460542,0.07417529891896901
3.152,0.11027361975733929,0.16057142442741013,0.18785198508552803,0.09856341361884291,0.08004994487276362,0.0743258055957765
3.154,0.11041109964053364,0.16086889135640092,0.18798862049746456,0.09874455527862125,0.08019072096883817,0.07447589812280841
3.156,0.11054817114085935,0.1611657049353632,0.18812471147447396,0.0989252275865693,0.08033109253489923,0.07462557701603068
3.158,0.11068483486588576,0.161461865759978,0.1882602589479403,0.0991054311965045,0.08047106011265726,0.07477484279116475
3.16,0.11082109142255958,0.16175737442612692,0.1883952638483697,0.09928516676181376,0.08061062424346255,0.07492369596368764
3.162,0.11095694141720536,0.1620522315298898,0.18852972710538918,0.09946443493545232,0.0807497854683048,0.07507213704883142
3.164,0.11109238545552547,0.16234643766754164,0.18866364964774496,0.09964323636994243,0.08088854432781356,0.07522016656158215
3.166,0.11122742414260056,0.1626399934355509,0.18879703240330237,0.09982157171737227,0.0810269013622571,0.07536778501668029
3.168,0.11136205808289001,0.16293289943057698,0.18892987629904434,0.09999944162939456,0.08116485711154287,0.0755149929286194
3.17,0.11149628788023236,0.16322515624946732,0.1890621822610703,0.10017684675722593,0.08130241211521705,0.07566179081164681
3.172,0.11163011413784507,0.16351676448925523,0.1891939512145957,0.10035378775164538,0.08143956691246435,0.07580817917976179
3.174,0.11176353745832568,0.1638077247471581,0.1893251840839505,0.10053026526299336,0.08157632204210796,0.0759541585467165
3.176,0.11189655844365176,0.16409803762057407,0.18945588179257844,0.10070627994117065,0.08171267804260895,0.0760997294260144
3.178,0.11202917769518073,0.16438770370708,0.18958604526303624,0.10088183243563709,0.08184863545206644,0.07624489233091047
3.18,0.11216139581365137,0.16467672360442953,0.1897156754169924,0.10105692339541039,0.08198419480821739,0.07638964777441082
3.182,0.11229321339918297,0.16496509791054992,0.18984477317522597,0.10123155346906554,0.08211935664843595,0.07653399626927171
3.184,0.11242463105127642,0.1652528272235405,0.1899733394576264,0.10140572330473341,0.08225412150973366,0.07667793832799963
3.186,0.11255564936881424,0.16553991214166963,0.19010137518319192,0.10157943355009946,0.08238848992875902,0.07682147446285081
3.188,0.11268626895006117,0.1658263532633728,0.19022888127002902,0.10175268485240285,0.0825224624417975,0.07696460518583037
3.19,0.11281649039266428,0.1661121511872501,0.19035585863535132,0.10192547785843553,0.08265603958477152,0.07710733100869249
3.192,0.1129463142936531,0.16639730651206386,0.19048230819547873,0.10209781321454092,0.08278922189323934,0.07724965244293958
3.194,0.11307574124944075,0.16668181983673636,0.19060823086583634,0.10226969156661303,0.08292200990239595,0.077391569999822
3.196,0.11320477185582334,0.16696569176034792,0.19073362756095413,0.10244111356009533,0.08305440414707221,0.07753308419033766
3.198,0.11333340670798098,0.1672489228821339,0.1908584991944653,0.10261207983997966,0.08318640516173481,0.07767419552523136
3.2,0.11346164640047762,0.16753151380148257,0.19098284667910614,0.10278259105080534,0.08331801348048606,0.07781490451499473
3.202,0.11358949152726194,0.16781346511793327,0.1911066709267144,0.1029526478366578,0.0834492296370637,0.07795521166986541
3.204,0.11371694268166754,0.16809477743117385,0.19122997284822918,0.10312225084116822,0.08358005416484082,0.07809511749982723
3.206,0.11384400045641252,0.16837545134103804,0.19135275335368962,0.10329140070751164,0.08371048759682531,0.07823462251460889
3.208,0.11397066544360124,0.1686554874475037,0.19147501335223427,0.10346009807840661,0.0838405304656602,0.07837372722368463
3.21,0.11409693823472322,0.16893488635069032,0.19159675375209995,0.10362834359611384,0.08397018330362283,0.07851243213627268
3.212,0.11422281942065449,0.16921364865085686,0.1917179754606213,0.10379613790243547,0.08409944664262525,0.07865073776133591
3.214,0.11434830959165754,0.1694917749483995,0.19183867938422994,0.10396348163871405,0.08422832101421385,0.07878864460758073
3.216,0.1144734093373816,0.169769265843849,0.19195886642845306,0.10413037544583092,0.0843568069495686,0.07892615318345664
3.218,0.11459811924686325,0.17004612193786905,0.19207853749791326,0.10429681996420626,0.08448490497950378,0.07906326399715646
3.22,0.11472243990852649,0.17032234383125378,0.19219769349632787,0.10446281583379702,0.08461261563446709,0.07919997755661523
3.222,0.11484637191018332,0.17059793212492536,0.19231633532650738,0.104628363694097,0.08473993944453984,0.07933629436951017
3.224,0.11496991583903382,0.17087288741993212,0.19243446389035546,0.10479346418413527,0.08486687693943651,0.07947221494326007
3.226,0.11509307228166676,0.17114721031744606,0.1925520800888676,0.10495811794247523,0.08499342864850479,0.079607739785025
3.228,0.11521584182405964,0.17142090141876087,0.1926691848221307,0.10512232560721357,0.08511959510072509,0.07974286940170616
3.23,0.11533822505157953,0.17169396132528947,0.19278577898932237,0.10528608781597981,0.08524537682471056,0.07987760429994495
3.232,0.11546022254898314,0.17196639063856223,0.19290186348870964,0.10544940520593515,0.0853707743487071,0.08001194498612318
3.234,0.11558183490041674,0.17223818996022433,0.1930174392176489,0.10561227841377097,0.08549578820059289,0.08014589196636179
3.236,0.1157030626894171,0.17250935989203398,0.1931325070725849,0.10577470807570877,0.08562041890787797,0.08027944574652124
3.238,0.11582390649891172,0.17277990103585994,0.19324706794904967,0.10593669482749846,0.08574466699770467,0.08041260683220108
3.24,0.11594436691121923,0.17304981399367958,0.19336112274166228,0.10609823930441808,0.08586853299684694,0.0805453757287391
3.242,0.1160644445080492,0.1733190993675766,0.19347467234412785,0.10625934214127275,0.08599201743171037,0.08067775294121105
3.244,0.11618413987050324,0.1735877577597389,0.19358771764923688,0.10642000397239348,0.08611512082833195,0.08080973897443067
3.246,0.11630345357907501,0.17385578977245664,0.19370025954886505,0.10658022543163614,0.08623784371237986,0.08094133433294859
3.248,0.1164223862136502,0.17412319600811954,0.19381229893397145,0.10674000715238141,0.08636018660915346,0.08107253952105276
3.25,0.11654093835350765,0.17438997706921566,0.193923836694599,0.10689934976753279,0.08648215004358284,0.08120335504276732
3.2520000000000002,0.11665911057731915,0.17465613355832832,0.19403487371987316,0.10705825390951662,0.08660373454022885,0.08133378140185266
3.254,0.11677690346315006,0.17492166607813475,0.1941454108980012,0.10721672021028072,0.08672494062328306,0.08146381910180467
3.2560000000000002,0.11689431758845914,0.17518657523140369,0.19425544911627202,0.10737474930129376,0.08684576881656692,0.08159346864585504
3.258,0.11701135353009962,0.17545086162099288,0.19436498926105505,0.10753234181354387,0.08696621964353235,0.08172273053696988
3.2600000000000002,0.1171280118643192,0.1757145258498478,0.1944740322177998,0.1076894983775385,0.08708629362726139,0.08185160527785018
3.262,0.11724429316676033,0.175977568520999,0.19458257887103514,0.10784621962330343,0.08720599129046547,0.08198009337093115
3.2640000000000002,0.11736019801246078,0.1762399902375602,0.1946906301043687,0.1080025061803811,0.08732531315548608,0.08210819531838154
3.266,0.11747572697585351,0.17650179160272628,0.19479818680048644,0.10815835867783097,0.08744425974429393,0.08223591162210364
3.2680000000000002,0.11759088063076795,0.17676297321977086,0.19490524984115165,0.10831377774422779,0.08756283157848888,0.08236324278373264
3.27,0.11770565955042911,0.17702353569204465,0.19501182010720441,0.10846876400766137,0.08768102917930043,0.08249018930463659
3.2720000000000002,0.11782006430745917,0.17728347962297342,0.1951178984785613,0.108623318095735,0.08779885306758661,0.08261675168591576
3.274,0.11793409547387701,0.17754280561605573,0.19522348583421434,0.10877744063556571,0.08791630376383419,0.08274293042840242
3.2760000000000002,0.11804775362109887,0.17780151427486102,0.1953285830522309,0.10893113225378226,0.0880333817881589,0.08286872603265993
3.278,0.11816103931993838,0.1780596062030273,0.19543319100975287,0.10908439357652511,0.08815008766030452,0.08299413899898322
3.2800000000000002,0.11827395314060762,0.17831708200425944,0.19553731058299606,0.10923722522944557,0.08826642189964362,0.08311916982739787
3.282,0.11838649565271675,0.17857394228232737,0.1956409426472494,0.10938962783770467,0.08838238502517637,0.08324381901765987
3.2840000000000003,0.1184986674252746,0.1788301876410634,0.19574408807687482,0.10954160202597252,0.08849797755553102,0.08336808706925525
3.286,0.11861046902668937,0.1790858186843607,0.1958467477453063,0.10969314841842759,0.08861320000896367,0.08349197448139956
3.2880000000000003,0.1187219010247682,0.17934083601617123,0.19594892252504992,0.10984426763875588,0.08872805290335828,0.08361548175303768
3.29,0.1188329639867185,0.17959524024050366,0.19605061328768247,0.10999496031014999,0.08884253675622578,0.08373860938284339
3.2920000000000003,0.11894365847914745,0.17984903196142143,0.19615182090385153,0.11014522705530871,0.08895665208470471,0.08386135786921933
3.294,0.11905398506806297,0.1801022117830411,0.19625254624327493,0.11029506849643589,0.08907039940556083,0.08398372771029594
3.2960000000000003,0.11916394431887367,0.18035478030952956,0.19635279017473972,0.11044448525523998,0.08918377923518661,0.08410571940393163
3.298,0.1192735367963893,0.18060673814510286,0.19645255356610192,0.11059347795293295,0.0892967920896015,0.08422733344771238
3.3000000000000003,0.1193827630648212,0.18085808589402386,0.1965518372842865,0.11074204721022962,0.08940943848445149,0.08434857033895127
3.302,0.11949162368778277,0.18110882416060048,0.19665064219528627,0.1108901936473472,0.08952171893500926,0.08446943057468781
3.3040000000000003,0.11960011922828939,0.18135895354918374,0.1967489691641615,0.11103791788400441,0.08963363395617363,0.08458991465168819
3.306,0.1197082502487592,0.1816084746641653,0.19684681905503942,0.11118522053942037,0.0897451840624699,0.0847100230664446
3.3080000000000003,0.11981601731101343,0.18185738810997654,0.19694419273111397,0.11133210223231438,0.089856369768049,0.08482975631517453
3.31,0.1199234209762765,0.1821056944910857,0.19704109105464496,0.11147856358090502,0.08996719158668798,0.08494911489382129
3.3120000000000003,0.1200304618051764,0.1823533944119966,0.19713751488695785,0.11162460520290951,0.09007765003178969,0.08506809929805303
3.314,0.12013714035774536,0.18260048847724608,0.19723346508844353,0.11177022771554257,0.09018774561638243,0.08518671002326217
3.3160000000000003,0.12024345719342011,0.18284697729140276,0.19732894251855715,0.11191543173551621,0.09029747885312012,0.08530494756456575
3.318,0.12034941287104184,0.18309286145906478,0.19742394803581842,0.11206021787903886,0.09040685025428163,0.0854228124168046
3.3200000000000003,0.12045500794885688,0.18333814158485806,0.19751848249781068,0.11220458676181466,0.09051586033177106,0.08554030507454291
3.322,0.1205602429845174,0.18358281827343403,0.19761254676118045,0.11234853899904285,0.09062450959711765,0.08565742603206816
3.3240000000000003,0.12066511853508088,0.18382689212946857,0.19770614168163747,0.11249207520541682,0.09073279856147543,0.08577417578339075
3.326,0.12076963515701133,0.18407036375765928,0.19779926811395376,0.11263519599512373,0.0908407277356229,0.08589055482224373
3.3280000000000003,0.12087379340617921,0.18431323376272402,0.19789192691196367,0.11277790198184356,0.09094829762996337,0.08600656364208192
3.33,0.12097759383786189,0.1845555027493988,0.1979841189285627,0.11292019377874873,0.0910555087545244,0.08612220273608218
3.332,0.12108103700674411,0.18479717132243656,0.19807584501570807,0.11306207199850338,0.09116236161895785,0.08623747259714287
3.334,0.1211841234669182,0.18503824008660463,0.19816710602441767,0.11320353725326249,0.0912688567325397,0.08635237371788351
3.336,0.1212868537718843,0.18527870964668303,0.19825790280476974,0.11334459015467124,0.09137499460416976,0.08646690659064404
3.338,0.12138922847455103,0.18551858060746307,0.1983482362059028,0.11348523131386479,0.09148077574237168,0.0865810717074853
3.34,0.12149124812723566,0.18575785357374475,0.19843810707601484,0.11362546134146712,0.09158620065529299,0.08669486956018813
3.342,0.12159291328166466,0.18599652915033582,0.1985275162623632,0.11376528084759041,0.09169126985070464,0.08680830064025291
3.344,0.12169422448897382,0.18623460794204916,0.19861646461126448,0.11390469044183482,0.09179598383600096,0.08692136543889961
3.346,0.12179518229970876,0.18647209055370162,0.19870495296809332,0.11404369073328757,0.0919003431181995,0.08703406444706707
3.348,0.1218957872638251,0.18670897759011185,0.19879298217728314,0.11418228233052208,0.09200434820394099,0.08714639815541347
3.35,0.12199603993068919,0.18694526965609848,0.19888055308232477,0.11432046584159816,0.09210799959948934,0.08725836705431478
3.352,0.12209594084907827,0.1871809673564786,0.19896766652576692,0.11445824187406028,0.09221129781073079,0.0873699716338654
3.354,0.12219549056718049,0.18741607129606574,0.19905432334921525,0.11459561103493798,0.09231424334317495,0.0874812123838773
3.356,0.12229468963259604,0.1876505820796679,0.19914052439333219,0.11473257393074432,0.09241683670195355,0.08759208979388022
3.358,0.1223935385923367,0.1878845003120866,0.19922627049783714,0.11486913116747632,0.09251907839182083,0.0877026043531206
3.36,0.12249203799282671,0.18811782659811405,0.1993115625015054,0.11500528335061344,0.09262096891715355,0.08781275655056198
3.362,0.12259018837990321,0.18835056154253227,0.19939640124216806,0.11514103108511753,0.09272250878195054,0.0879225468748841
3.364,0.12268799029881605,0.1885827057501106,0.19948078755671195,0.11527637497543197,0.09282369848983274,0.08803197581448297
3.366,0.12278544429422866,0.18881425982560462,0.19956472228107947,0.11541131562548124,0.09292453854404292,0.08814104385747035
3.368,0.12288255091021805,0.18904522437375393,0.19964820625026758,0.11554585363867043,0.0930250294474455,0.08824975149167358
3.37,0.1229793106902759,0.18927559999928079,0.199731240298328,0.11567998961788417,0.09312517170252699,0.08835809920463489
3.372,0.12307572417730772,0.1895053873068877,0.19981382525836722,0.11581372416548663,0.09322496581139528,0.08846608748361162
3.374,0.12317179191363437,0.18973458690125677,0.19989596196254555,0.11594705788332083,0.09332441227577948,0.08857371681557558
3.376,0.12326751444099182,0.18996319938704698,0.19997765124207723,0.11607999137270775,0.0934235115970301,0.08868098768721278
3.378,0.12336289230053143,0.1901912253688931,0.2000588939272303,0.11621252523444614,0.09352226427611887,0.08878790058492281
3.38,0.12345792603282102,0.19041866545140373,0.20013969084732586,0.11634466006881206,0.09362067081363845,0.08889445599481927
3.382,0.12355261617784419,0.19064552023915948,0.20022004283073813,0.11647639647555774,0.09371873170980272,0.08900065440272864
3.384,0.12364696327500146,0.19087179033671164,0.2002999507048946,0.11660773505391164,0.09381644746444606,0.08910649629419054
3.386,0.12374096786311051,0.19109747634858,0.2003794152962748,0.11673867640257773,0.09391381857702341,0.08921198215445725
3.388,0.12383463048040633,0.19132257887925186,0.2004584374304108,0.11686922111973486,0.09401084554661066,0.08931711246849305
3.39,0.12392795166454174,0.19154709853317975,0.20053701793188705,0.11699936980303605,0.09410752887190399,0.08942188772097448
3.392,0.12402093195258779,0.19177103591477973,0.20061515762433957,0.11712912304960876,0.09420386905121969,0.08952630839628983
3.394,0.124113571881034,0.19199439162843035,0.20069285733045628,0.11725848145605333,0.09429986658249434,0.08963037497853854
3.396,0.12420587198578859,0.1922171662784704,0.20077011787197652,0.11738744561844316,0.09439552196328482,0.08973408795153115
3.398,0.12429783280217932,0.1924393604691974,0.20084694006969106,0.1175160161323241,0.09449083569076788,0.08983744779878933
3.4,0.12438945486495356,0.19266097480486621,0.20092332474344143,0.11764419359271372,0.0945858082617399,0.08994045500354453
3.402,0.1244807387082787,0.19288200988968685,0.20099927271211993,0.11777197859410093,0.09468044017261734,0.09004311004873888
3.404,0.1245716848657421,0.19310246632782357,0.20107478479367002,0.11789937173044551,0.09477473191943586,0.09014541341702431
3.406,0.12466229387035233,0.19332234472339271,0.20114986180508532,0.11802637359517765,0.09486868399785098,0.09024736559076207
3.408,0.12475256625453901,0.19354164568046106,0.2012245045624097,0.11815298478119751,0.09496229690313762,0.09034896705202278
3.41,0.12484250255015295,0.19376036980304479,0.2012987138807374,0.1182792058808746,0.0950555711301897,0.09045021828258593
3.412,0.12493210328846693,0.193978517695107,0.20137249057421247,0.11840503748604725,0.09514850717352052,0.0905511197639397
3.414,0.12502136900017602,0.19419608996055682,0.20144583545602868,0.11853048018802226,0.09524110552726239,0.09065167197728075
3.416,0.12511030021539793,0.19441308720324768,0.20151874933842961,0.1186555345775746,0.09533336668516679,0.0907518754035137
3.418,0.12519889746367308,0.19462951002697526,0.20159123303270832,0.11878020124494637,0.09542529114060372,0.0908517305232508
3.42,0.12528716127396544,0.19484535903547662,0.20166328734920702,0.11890448077984717,0.09551687938656195,0.0909512378168118
3.422,0.12537509217466236,0.19506063483242775,0.20173491309731717,0.11902837377145303,0.09560813191564921,0.09105039776422363
3.424,0.12546269069357563,0.19527533802144292,0.2018061110854794,0.11915188080840622,0.09569904922009131,0.09114921084522032
3.426,0.12554995735794128,0.19548946920607269,0.20187688212118338,0.11927500247881473,0.09578963179173283,0.09124767753924212
3.428,0.12563689269442002,0.19570302898980185,0.201947227010967,0.11939773937025144,0.09587988012203663,0.09134579832543577
3.43,0.12572349722909815,0.19591601797604863,0.20201714656041747,0.11952009206975456,0.09596979470208367,0.09144357368265399
3.432,0.12580977148748684,0.19612843676816305,0.20208664157417044,0.11964206116382647,0.09605937602257297,0.09154100408945531
3.434,0.12589571599452376,0.19634028596942477,0.20215571285590972,0.11976364723843358,0.0961486245738219,0.09163809002410339
3.436,0.12598133127457256,0.19655156618304215,0.2022243612083674,0.1198848508790058,0.09623754084576541,0.09173483196456722
3.438,0.1260666178514238,0.1967622780121503,0.20229258743332434,0.12000567267043638,0.09632612532795615,0.0918312303885207
3.44,0.12615157624829476,0.19697242205981014,0.20236039233160907,0.12012611319708077,0.09641437850956502,0.0919272857733422
3.442,0.12623620698783022,0.19718199892900623,0.20242777670309864,0.12024617304275731,0.09650230087938017,0.09202299859611451
3.444,0.12632051059210303,0.19739100922264563,0.20249474134671752,0.12036585279074585,0.09658989292580711,0.09211836933362427
3.446,0.12640448758261358,0.19759945354355613,0.2025612870604383,0.12048515302378804,0.09667715513686903,0.09221339846236165
3.448,0.1264881384802914,0.1978073324944849,0.20262741464128164,0.12060407432408637,0.09676408800020653,0.09230808645852062
3.45,0.12657146380549444,0.19801464667809698,0.20269312488531566,0.12072261727330402,0.09685069200307739,0.09240243379799828
3.452,0.1266544640780103,0.1982213966969737,0.2027584185876561,0.12084078245256458,0.09693696763235637,0.09249644095639442
3.454,0.1267371398170558,0.19842758315361153,0.20282329654246656,0.12095857044245162,0.09702291537453522,0.09259010840901172
3.456,0.12681949154127814,0.19863320665041995,0.20288775954295835,0.12107598182300827,0.09710853571572287,0.09268343663085488
3.458,0.12690151976875463,0.1988382677897207,0.20295180838138993,0.12119301717373676,0.09719382914164498,0.09277642609663062
3.46,0.12698322501699355,0.19904276717374536,0.20301544384906722,0.12130967707359797,0.09727879613764423,0.09286907728074789
3.462,0.12706460780293405,0.19924670540463518,0.203078666736344,0.1214259621010112,0.09736343718867957,0.09296139065731657
3.464,0.12714566864294707,0.19945008308443835,0.20314147783262104,0.12154187283385398,0.09744775277932693,0.0930533667001483
3.466,0.12722640805283536,0.1996529008151091,0.20320387792634675,0.1216574098494616,0.09753174339377835,0.09314500588275543
3.468,0.12730682654783387,0.1998551591985065,0.203265867805017,0.12177257372462647,0.09761540951584258,0.09323630867835098
3.47,0.12738692464261003,0.20005685883639268,0.20332744825517457,0.12188736503559805,0.0976987516289447,0.09332727555984843
3.472,0.1274667028512646,0.20025800033043129,0.20338862006240976,0.12200178435808251,0.09778177021612589,0.09341790699986152
3.474,0.12754616168733146,0.20045858428218621,0.20344938401136026,0.12211583226724221,0.0978644657600436,0.09350820347070399
3.476,0.12762530166377828,0.20065861129312013,0.20350974088571117,0.1222295093376955,0.09794683874297139,0.0935981654443887
3.478,0.12770412329300695,0.20085808196459332,0.2035696914681946,0.12234281614351628,0.09802888964679846,0.09368779339262856
3.48,0.12778262708685384,0.20105699689786172,0.20362923654059029,0.12245575325823377,0.0981106189530303,0.09377708778683491
3.482,0.12786081355659018,0.2012553566940758,0.203688376883725,0.12256832125483208,0.0981920271427883,0.09386604909811846
3.484,0.12793868321292234,0.20145316195427942,0.20374711327747308,0.12268052070574997,0.09827311469680922,0.09395467779728817
3.486,0.12801623656599248,0.20165041327940791,0.20380544650075594,0.12279235218288065,0.09835388209544571,0.09404297435485165
3.488,0.12809347412537875,0.2018471112702871,0.20386337733154258,0.12290381625757107,0.09843432981866584,0.09413093924101412
3.49,0.12817039640009575,0.20204325652763155,0.20392090654684947,0.12301491350062199,0.09851445834605355,0.09421857292567903
3.492,0.12824700389859478,0.2022388496520433,0.20397803492274047,0.12312564448228724,0.09859426815680772,0.09430587587844697
3.494,0.128323297128764,0.20243389124401068,0.2040347632343269,0.12323600977227422,0.0986737597297429,0.0943928485686163
3.496,0.1283992765979296,0.20262838190390675,0.2040910922557675,0.12334600993974254,0.09875293354328885,0.09447949146518186
3.498,0.12847494281285532,0.20282232223198782,0.20414702276026864,0.12345564555330468,0.0988317900754907,0.09456580503683587
3.5,0.12855029627974335,0.20301571282839248,0.2042025555200846,0.12356491718102514,0.09891032980400838,0.09465178975196653
3.5020000000000002,0.12862533750423433,0.20320855429313966,0.20425769130651683,0.12367382539041993,0.09898855320611699,0.09473744607865853
3.504,0.128700066991408,0.20340084722612772,0.2043124308899149,0.1237823707484571,0.09906646075870662,0.09482277448469278
3.5060000000000002,0.12877448524578372,0.20359259222713288,0.20436677503967604,0.12389055382155578,0.09914405293828232,0.09490777543754558
3.508,0.12884859277132032,0.20378378989580814,0.2044207245242453,0.1239983751755862,0.09922133022096391,0.094992449404389
3.5100000000000002,0.12892239007141715,0.2039744408316817,0.2044742801111159,0.12410583537586928,0.09929829308248594,0.09507679685209025
3.512,0.12899587764891374,0.2041645456341552,0.20452744256682887,0.12421293498717634,0.09937494199819774,0.0951608182472119
3.5140000000000002,0.12906905600609075,0.2043541049025035,0.20458021265697335,0.12431967457372894,0.09945127744306337,0.09524451405601075
3.516,0.12914192564466997,0.2045431192358722,0.20463259114618704,0.12442605469919865,0.09952729989166098,0.09532788474443854
3.5180000000000002,0.12921448706581495,0.20473158923327728,0.2046845787981555,0.12453207592670656,0.09960300981818371,0.09541093077814122
3.52,0.12928674077013147,0.20491951549360277,0.20473617637561303,0.12463773881882334,0.09967840769643899,0.09549365262245879
3.5220000000000002,0.12935868725766753,0.20510689861560039,0.20478738464034207,0.12474304393756852,0.09975349399984856,0.09557605074242481
3.524,0.12943032702791402,0.20529373919788751,0.204838204353174,0.12484799184441076,0.09982826920144827,0.09565812560276665
3.5260000000000002,0.12950166057980517,0.20548003783894653,0.2048886362739888,0.12495258310026736,0.09990273377388847,0.09573987766790504
3.528,0.12957268841171854,0.2056657951371228,0.2049386811617151,0.12505681826550408,0.09997688818943362,0.09582130740195383
3.5300000000000002,0.1296434110214757,0.20585101169062425,0.20498833977433062,0.1251606978999349,0.10005073291996203,0.09590241526871957
3.532,0.12971382890634264,0.20603568809751915,0.20503761286886224,0.12526422256282155,0.10012426843696631,0.09598320173170127
3.5340000000000003,0.12978394256303005,0.20621982495573543,0.20508650120138605,0.12536739281287357,0.10019749521155319,0.09606366725409066
3.536,0.1298537524876937,0.20640342286305935,0.20513500552702735,0.1254702092082478,0.10027041371444279,0.09614381229877123
3.5380000000000003,0.12992325917593472,0.20658648241713373,0.20518312659996085,0.12557267230654867,0.10034302441596954,0.09622363732831873
3.54,0.12999246312280044,0.20676900421545774,0.20523086517341094,0.12567478266482746,0.10041532778608131,0.09630314280500052
3.5420000000000003,0.1300613648227842,0.20695098885538443,0.20527822199965184,0.12577654083958212,0.10048732429434004,0.09638232919077527
3.544,0.13012996476982575,0.2071324369341201,0.2053251978300077,0.12587794738675773,0.1005590144099211,0.09646119694729283
3.5460000000000003,0.13019826345731222,0.20731334904872312,0.20537179341485245,0.12597900286174513,0.10063039860161371,0.09653974653589414
3.548,0.13026626137807806,0.20749372579610226,0.20541800950361067,0.1260797078193816,0.10070147733782031,0.09661797841761088
3.5500000000000003,0.13033395902440525,0.20767356777301593,0.20546384684475694,0.12618006281395044,0.10077225108655741,0.09669589305316495
3.552,0.130401356888024,0.20785287557607068,0.20550930618581642,0.1262800683991807,0.10084272031545427,0.09677349090296916
3.5540000000000003,0.1304684554601132,0.20803164980171984,0.20555438827336525,0.12637972512824702,0.10091288549175403,0.0968507724271257
3.556,0.1305352552313006,0.20820989104626264,0.20559909385303032,0.12647903355376955,0.10098274708231303,0.0969277380854272
3.5580000000000003,0.1306017566916633,0.20838759990584266,0.2056434236694893,0.12657799422781335,0.10105230555360101,0.09700438833735547
3.56,0.1306679603307277,0.20856477697644693,0.20568737846647145,0.12667660770188882,0.1011215613717007,0.09708072364208187
3.5620000000000003,0.13073386663747066,0.20874142285390418,0.20573095898675753,0.1267748745269508,0.10119051500230847,0.09715674445846689
3.564,0.1307994761003195,0.20891753813388414,0.20577416597217946,0.126872795253399,0.10125916691073322,0.09723245124506019
3.5660000000000003,0.13086478920715217,0.20909312341189645,0.20581700016362148,0.12697037043107784,0.1013275175618975,0.09730784446009966
3.568,0.13092980644529795,0.20926817928328867,0.2058594623010197,0.1270676006092757,0.10139556742033662,0.09738292456151232
3.5700000000000003,0.13099452830153746,0.20944270634324602,0.2059015531233621,0.12716448633672517,0.10146331695019883,0.09745769200691301
3.572,0.13105895526210354,0.20961670518678965,0.20594327336868967,0.12726102816160267,0.10153076661524563,0.09753214725360482
3.5740000000000003,0.13112308781268145,0.2097901764087753,0.20598462377409565,0.12735722663152882,0.10159791687885122,0.09760629075857863
3.576,0.1311869264384089,0.20996312060389277,0.2060256050757261,0.12745308229356733,0.10166476820400261,0.09768012297851292
3.5780000000000003,0.13125047162387715,0.2101355383666641,0.20606621800878022,0.12754859569422594,0.10173132105329952,0.09775364436977374
3.58,0.13131372385313056,0.21030743029144272,0.2061064633075107,0.12764376737945526,0.10179757588895488,0.09782685538841407
3.5820000000000003,0.13137668360966748,0.21047879697241223,0.2061463417052234,0.12773859789464947,0.10186353317279395,0.09789975649017424
3.584,0.13143935137644047,0.21064963900358524,0.20618585393427824,0.12783308778464564,0.10192919336625472,0.09797234813048128
3.586,0.131501727635857,0.21081995697880207,0.20622500072608885,0.1279272375937235,0.10199455693038795,0.09804463076444869
3.588,0.13156381286977958,0.21098975149173005,0.20626378281112334,0.12802104786560586,0.10205962432585713,0.09811660484687623
3.59,0.1316256075595259,0.21115902313586155,0.20630220091890394,0.12811451914345784,0.10212439601293788,0.09818827083225012
3.592,0.1316871121858696,0.21132777250451373,0.20634025577800785,0.12820765196988715,0.10218887245151875,0.09825962917474218
3.594,0.13174832722904029,0.21149600019082682,0.20637794811606724,0.1283004468869442,0.10225305410110042,0.09833068032821024
3.596,0.13180925316872472,0.21166370678776314,0.20641527865976927,0.12839290443612095,0.10231694142079628,0.09840142474619751
3.598,0.13186989048406605,0.21183089288810586,0.20645224813485674,0.12848502515835203,0.10238053486933207,0.09847186288193255
3.6,0.13193023965366502,0.2119975590844585,0.2064888572661281,0.12857680959401363,0.10244383490504605,0.09854199518832907
3.602,0.13199030115558008,0.21216370596924272,0.20652510677743785,0.12866825828292416,0.10250684198588833,0.09861182211798569
3.604,0.13205007546732772,0.21232933413469812,0.20656099739169664,0.12875937176434338,0.1025695565694218,0.09868134412318574
3.606,0.13210956306588306,0.21249444417288066,0.20659652983087162,0.12885015057697302,0.1026319791128214,0.09875056165589724
3.608,0.1321687644276801,0.212659036675662,0.2066317048159867,0.12894059525895618,0.10269411007287443,0.09881947516777201
3.61,0.13222768002861218,0.2128231122347275,0.20666652306712296,0.12903070634787728,0.10275594990598025,0.09888808511014657
3.612,0.13228631034403215,0.21298667144157624,0.20670098530341896,0.1291204843807623,0.10281749906815052,0.09895639193404104
3.614,0.13234465584875288,0.21314971488751921,0.20673509224307085,0.1292099298940781,0.10287875801500879,0.09902439609015934
3.616,0.13240271701704787,0.21331224316367847,0.20676884460333245,0.12929904342373288,0.10293972720179112,0.09909209802888874
3.618,0.1324604943226515,0.21347425686098576,0.2068022431005161,0.129387825505076,0.10300040708334524,0.09915949820030012
3.62,0.13251798823875904,0.21363575657018186,0.20683528844999244,0.1294762766728974,0.10306079811413116,0.09922659705414727
3.622,0.13257519923802752,0.21379674288181527,0.2068679813661911,0.129564397461428,0.10312090074822078,0.0992933950398669
3.624,0.13263212779257594,0.2139572163862411,0.2069003225626007,0.12965218840433934,0.10318071543929808,0.09935989260657885
3.626,0.13268877437398552,0.21411717767362015,0.2069323127517695,0.12973965003474408,0.1032402426406589,0.09942609020308502
3.628,0.13274513945330058,0.21427662733391784,0.20696395264530532,0.1298267828851949,0.10329948280521095,0.09949198827786976
3.63,0.1328012235010283,0.21443556595690305,0.20699524295387595,0.12991358748768533,0.10335843638547426,0.09955758727909969
3.632,0.13285702698713964,0.21459399413214708,0.20702618438720966,0.13000006437364942,0.10341710383358027,0.09962288765462368
3.634,0.13291255038106908,0.21475191244902248,0.20705677765409547,0.13008621407396137,0.10347548560127251,0.09968788985197174
3.636,0.13296779415171578,0.21490932149670217,0.2070870234623834,0.13017203711893566,0.10353358213990638,0.09975259431835615
3.638,0.1330227587674433,0.21506622186415858,0.20711692251898484,0.1302575340383274,0.10359139390044914,0.09981700150067008
3.64,0.13307744469608052,0.2152226141401623,0.20714647552987286,0.13034270536133152,0.10364892133347947,0.09988111184548809
3.642,0.13313185240492165,0.21537849891328098,0.2071756832000824,0.13042755161658315,0.10370616488918816,0.09994492579906611
3.644,0.13318598236072687,0.21553387677187885,0.20720454623371065,0.13051207333215742,0.10376312501737761,0.10000844380734031
3.646,0.13323983502972236,0.21568874830411477,0.20723306533391783,0.1305962710355697,0.10381980216746212,0.10007166631592823
3.648,0.13329341087760116,0.2158431140979422,0.2072612412029271,0.13068014525377514,0.1038761967884676,0.10013459377012723
3.65,0.13334671036952317,0.21599697474110768,0.20728907454202483,0.13076369651316888,0.10393230932903164,0.10019722661491559
3.652,0.13339973397011562,0.21615033082114987,0.20731656605156124,0.13084692533958608,0.10398814023740344,0.10025956529495117
3.654,0.13345248214347372,0.2163031829253983,0.20734371643095062,0.13092983225830146,0.10404368996144386,0.10032161025457209
3.656,0.13350495535316087,0.21645553164097286,0.20737052637867182,0.1310124177940295,0.10409895894862564,0.10038336193779629
3.658,0.13355715406220892,0.21660737755478232,0.2073969965922684,0.13109468247092493,0.10415394764603292,0.10044482078832107
3.66,0.13360907873311878,0.21675872125352402,0.20742312776834892,0.13117662681258158,0.10420865650036126,0.10050598724952353
3.662,0.13366072982786048,0.21690956332368194,0.2074489206025878,0.1312582513420335,0.10426308595791833,0.1005668617644595
3.664,0.13371210780787401,0.21705990435152644,0.20747437578972505,0.1313395565817541,0.10431723646462299,0.10062744477586416
3.666,0.13376321313406936,0.21720974492311296,0.20749949402356727,0.1314205430536568,0.10437110846600595,0.10068773672615183
3.668,0.13381404626682714,0.2173590856242813,0.2075242759969873,0.1315012112790941,0.10442470240720914,0.10074773805741488
3.67,0.13386460766599861,0.21750792704065436,0.20754872240192568,0.1315815617788585,0.10447801873298634,0.10080744921142482
3.672,0.1339148977909066,0.21765626975763697,0.20757283392938963,0.13166159507318187,0.10453105788770256,0.1008668706296314
3.674,0.13396491710034542,0.2178041143604157,0.20759661126945472,0.13174131168173586,0.10458382031533464,0.10092600275316244
3.676,0.1340146660525814,0.21795146143395727,0.20762005511126458,0.13182071212363144,0.10463630645947086,0.10098484602282398
3.678,0.1340641451053537,0.21809831156300774,0.20764316614303113,0.1318997969174196,0.10468851676331092,0.10104340087909969
3.68,0.1341133547158737,0.21824466533209153,0.20766594505203573,0.1319785665810902,0.10474045166966595,0.10110166776215102
3.682,0.13416229534082658,0.21839052332551034,0.2076883925246289,0.13205702163207333,0.10479211162095892,0.10115964711181702
3.684,0.13421096743637073,0.21853588612734276,0.20771050924623102,0.13213516258723823,0.1048434970592238,0.10121733936761412
3.686,0.13425937145813882,0.21868075432144263,0.20773229590133258,0.13221298996289366,0.10489460842610643,0.1012747449687359
3.688,0.1343075078612379,0.21882512849143865,0.20775375317349454,0.13229050427478817,0.10494544616286405,0.10133186435405284
3.69,0.13435537710024947,0.21896900922073304,0.2077748817453493,0.13236770603810966,0.10499601071036513,0.10138869796211258
3.692,0.13440297962923076,0.21911239709250085,0.20779568229860024,0.1324445957674858,0.10504630250908997,0.10144524623113926
3.694,0.13445031590171408,0.2192552926896889,0.207816155514023,0.13252117397698382,0.10509632199912988,0.10150150959903348
3.696,0.13449738637070774,0.21939769659501507,0.20783630207146508,0.1325974411801103,0.10514606962018824,0.10155748850337254
3.698,0.13454419148869667,0.21953960939096695,0.20785612264984676,0.13267339788981158,0.10519554581157942,0.10161318338140979
3.7,0.13459073170764224,0.21968103165980168,0.2078756179271617,0.1327490446184738,0.10524475101222919,0.10166859467007461
3.702,0.1346370074789831,0.21982196398354414,0.20789478858047694,0.13282438187792267,0.10529368566067521,0.1017237228059722
3.704,0.13468301925363546,0.21996240694398672,0.2079136352859332,0.13289941017942342,0.10534235019506633,0.10177856822538378
3.706,0.13472876748199325,0.220102361122688,0.20793215871874615,0.1329741300336813,0.1053907450531626,0.10183313136426597
3.708,0.13477425261392884,0.22024182710097207,0.20795035955320595,0.13304854195084093,0.10543887067233615,0.10188741265825074
3.71,0.13481947509879322,0.22038080545992766,0.2079682384626782,0.1331226464404871,0.10548672748957011,0.10194141254264566
3.712,0.13486443538541648,0.22051929678040727,0.2079857961196041,0.1331964440116442,0.10553431594145923,0.10199513145243322
3.714,0.13490913392210802,0.22065730164302622,0.20800303319550117,0.1332699351727764,0.1055816364642097,0.10204856982227084
3.716,0.13495357115665718,0.22079482062816158,0.20801995036096343,0.13334312043178786,0.10562868949363913,0.10210172808649065
3.718,0.13499774753633376,0.22093185431595153,0.20803654828566187,0.13341600029602274,0.10567547546517675,0.10215460667909992
3.72,0.13504166350788793,0.2210684032862944,0.20805282763834532,0.133488575272265,0.10572199481386324,0.10220720603377997
3.722,0.13508531951755098,0.22120446811884764,0.20806878908684046,0.133560845866739,0.1057682479743507,0.10225952658388682
3.724,0.1351287160110357,0.22134004939302754,0.20808443329805226,0.13363281258510873,0.10581423538090262,0.10231156876245051
3.726,0.13517185343353644,0.2214751476880077,0.20809976093796467,0.13370447593247836,0.10585995746739418,0.10236333300217515
3.728,0.1352147322297299,0.22160976358271856,0.20811477267164125,0.13377583641339275,0.10590541466731218,0.10241481973543887
3.73,0.13525735284377527,0.22174389765584612,0.20812946916322517,0.1338468945318363,0.10595060741375462,0.10246602939429339
3.732,0.13529971571931476,0.2218775504858317,0.20814385107594013,0.1339176507912343,0.10599553613943136,0.10251696241046448
3.734,0.13534182129947414,0.22201072265087074,0.20815791907209036,0.13398810569445185,0.10604020127666347,0.10256761921535085
3.736,0.13538367002686247,0.22214341472891186,0.20817167381306145,0.13405825974379515,0.10608460325738389,0.10261800024002499
3.738,0.13542526234357344,0.22227562729765626,0.20818511595932088,0.1341281134410104,0.10612874251313698,0.10266810591523257
3.74,0.13546659869118516,0.2224073609345567,0.20819824617041793,0.13419766728728422,0.1061726194750785,0.10271793667139195
3.742,0.13550767951076037,0.2225386162168166,0.2082110651049851,0.1342669217832444,0.10621623457397611,0.10276749293859488
3.744,0.13554850524284734,0.22266939372138972,0.20822357342073805,0.13433587742895914,0.10625958824020909,0.10281677514660559
3.746,0.1355890763274803,0.2227996940249788,0.2082357717744756,0.13440453472393754,0.10630268090376815,0.10286578372486099
3.748,0.135629393204179,0.22292951770403469,0.20824766082208135,0.13447289416712938,0.10634551299425565,0.10291451910247051
3.75,0.13566945631195027,0.22305886533475627,0.20825924121852335,0.13454095625692553,0.10638808494088559,0.10296298170821605
3.7520000000000002,0.13570926608928735,0.22318773749308862,0.20827051361785465,0.134608721491158,0.10643039717248359,0.10301117197055176
3.754,0.13574882297417123,0.22331613475472278,0.20828147867321412,0.13467619036709966,0.10647245011748718,0.10305909031760363
3.7560000000000002,0.13578812740406998,0.22344405769509512,0.20829213703682692,0.13474336338146453,0.10651424420394551,0.10310673717716967
3.758,0.13582717981594028,0.2235715068893862,0.20830248936000473,0.13481024103040817,0.10655577985951936,0.10315411297671995
3.7600000000000002,0.1358659806462268,0.22369848291251992,0.2083125362931466,0.13487682380952748,0.10659705751148141,0.10320121814339589
3.762,0.13590453033086347,0.22382498633916303,0.20832227848573903,0.13494311221386068,0.10663807758671573,0.10324805310401075
3.7640000000000002,0.13594282930527313,0.22395101774372406,0.20833171658635674,0.1350091067378878,0.1066788405117185,0.10329461828504916
3.766,0.1359808780043683,0.22407657770035283,0.20834085124266344,0.1350748078755304,0.10671934671259775,0.10334091411266688
3.7680000000000002,0.13601867686255154,0.22420166678293918,0.208349683101412,0.1351402161201516,0.10675959661507295,0.10338694101269086
3.77,0.13605622631371594,0.2243262855651127,0.2083582128084447,0.13520533196455675,0.10679959064447586,0.10343269941061939
3.7720000000000002,0.1360935267912451,0.2244504346202416,0.2083664410086945,0.135270155900993,0.1068393292257499,0.10347818973162126
3.774,0.13613057872801426,0.2245741145214324,0.20837436834618517,0.1353346884211497,0.10687881278345035,0.1035234124005362
3.7760000000000002,0.1361673825563896,0.22469732584152835,0.20838199546403158,0.13539893001615821,0.10691804174174435,0.10356836784187462
3.778,0.1362039387082299,0.22482006915310948,0.20838932300444069,0.13546288117659255,0.10695701652441114,0.10361305647981744
3.7800000000000002,0.13624024761488585,0.22494234502849153,0.20839635160871173,0.13552654239246853,0.10699573755484182,0.10365747873821585
3.782,0.13627630970720106,0.22506415403972513,0.20840308191723667,0.13558991415324528,0.10703420525603935,0.10370163504059149
3.7840000000000003,0.1363121254155124,0.22518549675859512,0.2084095145695013,0.13565299694782396,0.10707242005061901,0.10374552581013607
3.786,0.13634769516965006,0.22530637375661944,0.20841565020408548,0.13571579126454858,0.10711038236080794,0.10378915146971135
3.7880000000000003,0.13638301939893838,0.22542678560504914,0.20842148945866312,0.1357782975912063,0.10714809260844538,0.10383251244184888
3.79,0.13641809853219566,0.22554673287486682,0.20842703297000376,0.13584051641502737,0.10718555121498263,0.10387560914875005
3.7920000000000003,0.1364529329977353,0.2256662161367866,0.2084322813739723,0.13590244822268494,0.10722275860148311,0.10391844201228606
3.794,0.13648752322336555,0.22578523596125288,0.2084372353055297,0.13596409350029526,0.10725971518862254,0.1039610114539975
3.7960000000000003,0.13652186963639013,0.22590379291843954,0.20844189539873392,0.1360254527334186,0.10729642139668871,0.10400331789509432
3.798,0.13655597266360897,0.22602188757825004,0.20844626228674024,0.1360865264070581,0.10733287764558153,0.10404536175645585
3.8000000000000003,0.13658983273131797,0.2261395205103156,0.20845033660180157,0.1361473150056609,0.1073690843548134,0.10408714345863057
3.802,0.13662345026530964,0.22625669228399503,0.20845411897526955,0.13620781901311796,0.10740504194350886,0.10412866342183613
3.8040000000000003,0.13665682569087378,0.22637340346837398,0.20845761003759433,0.13626803891276418,0.10744075083040472,0.1041699220659591
3.806,0.1366899594327975,0.22648965463226434,0.20846081041832587,0.1363279751873785,0.10747621143385011,0.10421091981055475
3.8080000000000003,0.13672285191536582,0.22660544634420332,0.2084637207461142,0.13638762831918405,0.10751142417180692,0.10425165707484729
3.81,0.136755503562362,0.2267207791724526,0.20846634164871003,0.13644699878984845,0.10754638946184891,0.10429213427772943
3.8120000000000003,0.13678791479706787,0.22683565368499803,0.20846867375296507,0.13650608708048373,0.10758110772116258,0.10433235183776213
3.814,0.13682008604226414,0.22695007044954862,0.20847071768483327,0.1365648936716466,0.10761557936654675,0.10437231017317528
3.8160000000000003,0.13685201772023126,0.22706403003353604,0.20847247406937042,0.13662341904333863,0.10764980481441322,0.10441200970186659
3.818,0.13688371025274937,0.22717753300411347,0.20847394353073567,0.13668166367500634,0.10768378448078586,0.10445145084140206
3.8200000000000003,0.1369151640610986,0.2272905799281557,0.2084751266921916,0.1367396280455413,0.10771751878130109,0.10449063400901593
3.822,0.1369463795660597,0.22740317137225774,0.20847602417610456,0.13679731263328043,0.10775100813120853,0.10452955962161004
3.8240000000000003,0.1369773571879147,0.22751530790273433,0.2084766366039461,0.13685471791600623,0.10778425294536986,0.1045682280957545
3.826,0.1370080973464467,0.2276269900856196,0.20847696459629272,0.13691184437094672,0.10781725363826,0.10460663984768659
3.8280000000000003,0.13703860046094052,0.22773821848666564,0.20847700877282693,0.1369686924747755,0.10785001062396615,0.10464479529331183
3.83,0.1370688669501834,0.2278489936713426,0.20847676975233753,0.13702526270361215,0.10788252431618872,0.1046826948482027
3.8320000000000003,0.13709889723246493,0.22795931620483767,0.20847624815272026,0.13708155553302248,0.10791479512824065,0.10472033892759947
3.834,0.13712869172557784,0.22806918665205433,0.2084754445909789,0.13713757143801852,0.10794682347304785,0.10475772794640958
3.8360000000000003,0.13715825084681788,0.22817860557761205,0.20847435968322503,0.13719331089305875,0.10797860976314921,0.10479486231920787
3.838,0.13718757501298473,0.22828757354584495,0.208472994044679,0.13724877437204808,0.10801015441069661,0.10483174246023585
3.84,0.13721666464038207,0.22839609112080184,0.20847134828967095,0.1373039623483383,0.10804145782745467,0.10486836878340244
3.842,0.13724552014481817,0.2285041588662451,0.20846942303164084,0.13735887529472834,0.10807252042480164,0.10490474170228348
3.844,0.13727414194160614,0.2286117773456502,0.20846721888313935,0.137413513683464,0.10810334261372812,0.10494086163012128
3.846,0.1373025304455644,0.22871894712220509,0.20846473645582808,0.13746787798623838,0.10813392480483852,0.10497672897982513
3.848,0.13733068607101684,0.22882566875880972,0.20846197636048047,0.13752196867419197,0.10816426740835006,0.10501234416397054
3.85,0.13735860923179377,0.22893194281807494,0.20845893920698289,0.13757578621791344,0.10819437083409333,0.1050477075948002
3.852,0.1373863003412319,0.22903776986232205,0.20845562560433417,0.13762933108743858,0.10822423549151217,0.10508281968422262
3.854,0.13741375981217452,0.22914315045358236,0.208452036160647,0.13768260375225183,0.10825386178966379,0.10511768084381279
3.856,0.13744098805697247,0.2292480851535963,0.20844817148314854,0.13773560468128565,0.10828325013721862,0.10515229148481198
3.858,0.13746798548748407,0.22935257452381297,0.20844403217818042,0.1377883343429207,0.10831240094246075,0.10518665201812771
3.86,0.1374947525150756,0.2294566191253895,0.2084396188512001,0.13784079320498654,0.10834131461328766,0.10522076285433313
3.862,0.13752128955062193,0.22956021951919015,0.20843493210678088,0.13789298173476117,0.10836999155721028,0.10525462440366784
3.864,0.13754759700450658,0.22966337626578603,0.20842997254861317,0.13794490039897211,0.10839843218135337,0.10528823707603685
3.866,0.13757367528662257,0.22976608992545433,0.20842474077950435,0.1379965496637956,0.10842663689245491,0.1053216012810112
3.868,0.13759952480637216,0.22986836105817776,0.20841923740138002,0.13804792999485738,0.10845460609686697,0.10535471742782754
3.87,0.13762514597266762,0.22997019022364373,0.2084134630152843,0.13809904185723276,0.10848234020055503,0.10538758592538788
3.872,0.13765053919393178,0.2300715779812441,0.20840741822138065,0.13814988571544706,0.10850983960909866,0.10542020718225986
3.874,0.1376757048780981,0.23017252489007411,0.20840110361895237,0.13820046203347536,0.10853710472769107,0.1054525816066767
3.876,0.13770064343261135,0.23027303150893252,0.208394519806403,0.13825077127474295,0.10856413596113934,0.10548470960653655
3.878,0.13772535526442775,0.23037309839631992,0.2083876673812577,0.13830081390212556,0.10859093371386463,0.10551659158940319
3.88,0.1377498407800155,0.23047272611043912,0.20838054694016295,0.1383505903779496,0.1086174983899022,0.10554822796250529
3.882,0.1377741003853552,0.2305719152091943,0.20837315907888776,0.13840010116399237,0.10864383039290115,0.1055796191327365
3.884,0.1377981344859398,0.23067066625018984,0.20836550439232426,0.1384493467214818,0.10866993012612491,0.1056107655066556
3.886,0.137821943486776,0.23076897979073063,0.2083575834744884,0.13849832751109736,0.10869579799245077,0.10564166749048609
3.888,0.13784552779238357,0.23086685638782067,0.20834939691852017,0.1385470439929699,0.10872143439437076,0.10567232549011663
3.89,0.13786888780679618,0.2309642965981631,0.2083409453166849,0.13859549662668202,0.1087468397339908,0.10570273991110013
3.892,0.13789202393356192,0.23106130097815925,0.2083322292603731,0.1386436858712683,0.10877201441303108,0.10573291115865424
3.894,0.1379149365757435,0.2311578700839083,0.20832324934010193,0.13869161218521509,0.10879695883282658,0.10576283963766153
3.896,0.13793762613591887,0.2312540044712066,0.20831400614551532,0.1387392760264614,0.10882167339432658,0.1057925257526684
3.898,0.13796009301618106,0.23134970469554683,0.20830450026538472,0.13878667785239873,0.10884615849809487,0.10582196990788639
3.9,0.1379823376181395,0.23144497131211805,0.20829473228760986,0.13883381811987117,0.10887041454430979,0.10585117250719067
3.902,0.1380043603429193,0.2315398048758046,0.20828470279921918,0.13888069728517594,0.10889444193276443,0.1058801339541211
3.904,0.13802616159116265,0.23163420594118578,0.20827441238637112,0.1389273158040636,0.10891824106286663,0.10590885465188138
3.906,0.1380477417630288,0.23172817506253507,0.20826386163435373,0.138973674131738,0.10894181233363898,0.10593733500333946
3.908,0.13806910125819405,0.2318217127938198,0.2082530511275864,0.13901977272285682,0.10896515614371882,0.10596557541102736
3.91,0.1380902404758526,0.23191481968870065,0.20824198144961992,0.13906561203153167,0.10898827289135848,0.10599357627714112
3.912,0.1381111598147171,0.23200749630053097,0.20823065318313705,0.1391111925113282,0.10901116297442526,0.10602133800354019
3.914,0.13813185967301855,0.23209974318235616,0.2082190669099535,0.13915651461526646,0.10903382679040141,0.10604886099174804
3.916,0.138152340448507,0.23219156088691317,0.2082072232110186,0.13920157879582118,0.10905626473638441,0.10607614564295198
3.918,0.13817260253845198,0.2322829499666299,0.2081951226664156,0.1392463855049222,0.10907847720908692,0.10610319235800292
3.92,0.1381926463396428,0.23237391097362492,0.20818276585536277,0.13929093519395397,0.1091004646048368,0.10613000153741514
3.922,0.13821247224838884,0.23246444445970682,0.20817015335621414,0.13933522831375655,0.10912222731957733,0.10615657358136676
3.924,0.13823208066051995,0.23255455097637356,0.20815728574645953,0.13937926531462574,0.10914376574886697,0.10618290888969883
3.926,0.1382514719713872,0.23264423107481202,0.2081441636027257,0.1394230466463129,0.10916508028787963,0.10620900786191623
3.928,0.13827064657586252,0.23273348530589733,0.20813078750077696,0.13946657275802576,0.10918617133140485,0.10623487089718675
3.93,0.13828960486833997,0.23282231422019262,0.2081171580155161,0.13950984409842815,0.10920703927384756,0.1062604983943416
3.932,0.13830834724273577,0.2329107183679482,0.20810327572098464,0.13955286111564047,0.1092276845092286,0.10628589075187511
3.934,0.13832687409248834,0.23299869829910125,0.20808914119036337,0.13959562425724026,0.1092481074311844,0.1063110483679448
3.936,0.1383451858105591,0.23308625456327525,0.20807475499597383,0.1396381339702617,0.10926830843296731,0.10633597164037112
3.938,0.13836328278943277,0.2331733877097797,0.20806011770927824,0.13968039070119675,0.10928828790744527,0.10636066096663721
3.94,0.13838116542111778,0.23326009828760896,0.20804522990088037,0.1397223948959947,0.10930804624710255,0.10638511674388962
3.942,0.1383988340971467,0.2333463868454424,0.20803009214052648,0.13976414700006257,0.10932758384403907,0.10640933936893715
3.944,0.1384162892085763,0.23343225393164357,0.20801470499710573,0.13980564745826585,0.1093469010899708,0.106433329238252
3.946,0.13843353114598855,0.23351770009425987,0.20799906903865106,0.13984689671492823,0.10936599837623029,0.10645708674796839
3.948,0.13845056029949032,0.23360272588102182,0.20798318483233968,0.13988789521383183,0.1093848760937659,0.10648061229388373
3.95,0.13846737705871437,0.23368733183934265,0.2079670529444939,0.13992864339821787,0.10940353463314234,0.10650390627145767
3.952,0.1384839818128194,0.23377151851631806,0.20795067394058164,0.13996914171078667,0.10942197438454104,0.1065269690758126
3.954,0.1385003749504905,0.23385528645872533,0.20793404838521767,0.14000939059369788,0.10944019573775954,0.10654980110173318
3.956,0.13851655685993935,0.23393863621302335,0.2079171768421635,0.1400493904885709,0.1094581990822121,0.10657240274366675
3.958,0.13853252792890514,0.23402156832535126,0.2079000598743288,0.14008914183648513,0.10947598480692955,0.10659477439572251
3.96,0.1385482885446545,0.2341040833415291,0.20788269804377157,0.14012864507798017,0.10949355330055943,0.10661691645167237
3.962,0.13856383909398207,0.2341861818070563,0.2078650919116991,0.14016790065305607,0.10951090495136584,0.1066388293049505
3.964,0.138579179963211,0.23426786426711188,0.20784724203846872,0.14020690900117372,0.10952804014723005,0.1066605133486529
3.966,0.13859431153819268,0.23434913126655355,0.20782914898358817,0.1402456705612547,0.10954495927565011,0.10668196897553783
3.968,0.13860923420430815,0.23442998334991771,0.20781081330571705,0.14028418577168233,0.10956166272374102,0.10670319657802585
3.97,0.13862394834646796,0.2345104210614184,0.20779223556266646,0.14032245507030128,0.10957815087823497,0.10672419654819909
3.972,0.13863845434911215,0.2345904449449474,0.20777341631140067,0.14036047889441816,0.10959442412548115,0.10674496927780197
3.974,0.13865275259621135,0.23467005554407327,0.20775435610803705,0.1403982576808016,0.10961048285144614,0.10676551515824073
3.976,0.138666843471267,0.23474925340204122,0.20773505550784765,0.14043579186568267,0.10962632744171374,0.10678583458058344
3.978,0.13868072735731163,0.23482803906177274,0.20771551506525898,0.14047308188475527,0.10964195828148537,0.10680592793555999
3.98,0.13869440463690896,0.23490641306586446,0.20769573533385333,0.1405101281731762,0.10965737575557966,0.10682579561356187
3.982,0.1387078756921547,0.2349843759565886,0.2076757168663692,0.14054693116556538,0.10967258024843307,0.10684543800464263
3.984,0.1387211409046769,0.2350619282758919,0.2076554602147025,0.14058349129600645,0.10968757214409952,0.10686485549851721
3.986,0.13873420065563624,0.2351390705653955,0.20763496592990638,0.14061980899804682,0.10970235182625077,0.10688404848456212
3.988,0.1387470553257264,0.23521580336639447,0.20761423456219275,0.14065588470469792,0.10971691967817665,0.10690301735181551
3.99,0.13875970529517434,0.23529212721985693,0.20759326666093258,0.1406917188484358,0.10973127608278443,0.10692176248897711
3.992,0.13877215094374118,0.23536804266642397,0.2075720627746569,0.1407273118612009,0.10974542142259969,0.10694028428440783
3.994,0.13878439265072195,0.23544355024640962,0.20755062345105735,0.14076266417439887,0.10975935607976606,0.10695858312613038
3.996,0.13879643079494652,0.23551865049979948,0.20752894923698673,0.14079777621890055,0.10977308043604528,0.10697665940182866
3.998,0.13880826575477934,0.23559334396625098,0.20750704067846004,0.1408326484250424,0.10978659487281739,0.10699451349884792
4.0,0.13881989790812055,0.23566763118509293,0.20748489832065498,0.1408672812226266,0.10979989977108073,0.10701214580419482
4.002,0.13883132763240602,0.23574151269532462,0.207462522707913,0.14090167504092155,0.10981299551145218,0.10702955670453695
4.0040000000000004,0.13884255530460776,0.23581498903561604,0.20743991438373954,0.1409358303086623,0.10982588247416691,0.10704674658620328
4.006,0.13885358130123415,0.23588806074430657,0.20741707389080544,0.14096974745405055,0.10983856103907907,0.10706371583518393
4.008,0.1388644059983306,0.23596072835940562,0.20739400177094658,0.14100342690475465,0.10985103158566134,0.10708046483713018
4.01,0.13887502977148003,0.23603299241859155,0.20737069856516577,0.1410368690879109,0.10986329449300514,0.1070969939773545
4.0120000000000005,0.1388854529958028,0.23610485345921117,0.2073471648136327,0.14107007443012298,0.10987535013982086,0.10711330364083005
4.014,0.1388956760459572,0.2361763120182796,0.20732340105568525,0.1411030433574625,0.10988719890443788,0.10712939421219136
4.016,0.1389056992961406,0.2362473686324802,0.2072994078298298,0.14113577629546925,0.10989884116480453,0.10714526607573371
4.018,0.1389155231200887,0.23631802383816325,0.20727518567374204,0.14116827366915174,0.10991027729848857,0.1071609196154133
4.0200000000000005,0.13892514789107646,0.23638827817134622,0.20725073512426784,0.1412005359029873,0.1099215076826765,0.10717635521484747
4.022,0.13893457398191877,0.2364581321677135,0.20722605671742378,0.14123256342092239,0.10993253269417469,0.1071915732573141
4.024,0.13894380176497045,0.23652758636261528,0.20720115098839798,0.14126435664637293,0.10994335270940891,0.10720657412575196
4.026,0.13895283161212668,0.23659664129106783,0.2071760184715512,0.1412959160022247,0.10995396810442415,0.1072213582027608
4.0280000000000005,0.13896166389482367,0.236665297487753,0.2071506597004169,0.14132724191083357,0.10996437925488523,0.10723592587060082
4.03,0.13897029898403845,0.23673355548701713,0.20712507520770274,0.14135833479402593,0.10997458653607683,0.1072502775111932
4.032,0.13897873725028975,0.23680141582287195,0.20709926552529034,0.14138919507309877,0.10998459032290331,0.1072644135061196
4.034,0.13898697906363844,0.23686887902899278,0.20707323118423715,0.14141982316881996,0.10999439098988884,0.10727833423662259
4.0360000000000005,0.13899502479368753,0.23693594563871923,0.20704697271477635,0.1414502195014291,0.11000398891117769,0.10729204008360504
4.038,0.13900287480958284,0.23700261618505403,0.207020490646318,0.14148038449063716,0.11001338446053421,0.10730553142763055
4.04,0.13901052948001347,0.23706889120066355,0.2069937855074495,0.14151031855562746,0.1100225780113433,0.1073188086489234
4.042,0.13901798917321195,0.2371347712178764,0.2069668578259367,0.14154002211505512,0.11003156993660967,0.10733187212736817
4.0440000000000005,0.13902525425695456,0.23720025676868373,0.20693970812872453,0.14156949558704812,0.11004036060895883,0.10734472224251013
4.046,0.13903232509856212,0.23726534838473867,0.20691233694193745,0.14159873938920753,0.11004895040063656,0.10735735937355506
4.048,0.13903920206490006,0.23733004659735601,0.2068847447908806,0.1416277539386075,0.11005733968350939,0.10736978389936902
4.05,0.13904588552237862,0.23739435193751168,0.2068569322000402,0.1416565396517957,0.1100655288290644,0.10738199619847855
4.0520000000000005,0.13905237583695396,0.23745826493584232,0.2068288996930847,0.14168509694479403,0.1100735182084096,0.10739399664907046
4.054,0.1390586733741277,0.23752178612264552,0.20680064779286522,0.14171342623309857,0.11008130819227402,0.10740578562899228
4.056,0.13906477849894783,0.23758491602787846,0.20677217702141637,0.1417415279316796,0.11008889915100739,0.10741736351575137
4.058,0.13907069157600893,0.2376476551811586,0.20674348789995722,0.14176940245498248,0.11009629145458089,0.10742873068651582
4.0600000000000005,0.1390764129694524,0.23771000411176235,0.2067145809488915,0.14179705021692812,0.11010348547258686,0.10743988751811395
4.062,0.1390819430429675,0.2377719633486255,0.20668545668780913,0.1418244716309125,0.11011048157423864,0.10745083438703418
4.064,0.13908728215979083,0.23783353342034252,0.20665611563548625,0.1418516671098078,0.11011728012837141,0.10746157166942538
4.066,0.13909243068270727,0.23789471485516622,0.20662655830988652,0.14187863706596215,0.11012388150344177,0.1074720997410965
4.0680000000000005,0.13909738897405033,0.2379555081810072,0.2065967852281616,0.1419053819112004,0.11013028606752773,0.10748241897751676
4.07,0.1391021573957023,0.23801591392543409,0.20656679690665203,0.14193190205682416,0.11013649418832916,0.1074925297538154
4.072,0.13910673630909498,0.2380759326156725,0.20653659386088785,0.14195819791361242,0.11014250623316779,0.10750243244478219
4.074,0.1391111260752098,0.2381355647786052,0.20650617660558934,0.14198426989182145,0.11014832256898743,0.10751212742486671
4.0760000000000005,0.1391153270545782,0.23819481094077144,0.20647554565466808,0.1420101184011855,0.11015394356235397,0.10752161506817881
4.078,0.13911933960728207,0.23825367162836697,0.2064447015212274,0.14203574385091722,0.11015936957945516,0.1075308957484884
4.08,0.13912316409295444,0.23831214736724338,0.20641364471756352,0.1420611466497077,0.11016460098610104,0.10753996983922565
4.082,0.1391268008707791,0.23837023868290808,0.20638237575516594,0.1420863272057269,0.1101696381477244,0.10754883771348056
4.0840000000000005,0.139130250299492,0.23842794610052342,0.20635089514471816,0.1421112859266238,0.11017448142938013,0.1075574997440032
4.086,0.13913351273738073,0.23848527014490672,0.20631920339609855,0.14213602321952723,0.11017913119574607,0.10756595630320387
4.088,0.1391365885422855,0.23854221134053044,0.20628730101838166,0.14216053949104568,0.11018358781112236,0.10757420776315296
4.09,0.1391394780715991,0.23859877021152087,0.20625518851983804,0.14218483514726832,0.11018785163943234,0.10758225449558045
4.0920000000000005,0.13914218168226755,0.23865494728165837,0.20622286640793575,0.1422089105937645,0.11019192304422187,0.10759009687187682
4.094,0.1391446997307908,0.23871074307437712,0.20619033518934082,0.14223276623558445,0.11019580238866022,0.10759773526309235
4.096,0.13914703257322225,0.23876615811276447,0.20615759536991818,0.14225640247726012,0.11019949003553964,0.10760517003993697
4.098,0.13914918056516967,0.23882119291956094,0.20612464745473202,0.1422798197228048,0.11020298634727554,0.10761240157278129
4.1,0.13915114406179585,0.23887584801716,0.206091491948047,0.14230301837571369,0.11020629168590701,0.1076194302316551
4.102,0.1391529234178186,0.23893012392760693,0.206058129353329,0.14232599883896446,0.11020940641309629,0.10762625638624868
4.104,0.13915451898751097,0.23898402117259954,0.20602456017324555,0.14234876151501763,0.11021233089012927,0.10763288040591212
4.106,0.13915593112470193,0.23903754027348745,0.20599078490966716,0.14237130680581633,0.11021506547791571,0.10763930265965516
4.108,0.13915716018277702,0.23909068175127168,0.20595680406366745,0.14239363511278724,0.11021761053698897,0.10764552351614776
4.11,0.13915820651467814,0.2391434461266042,0.20592261813552448,0.14241574683684077,0.11021996642750653,0.10765154334371974
4.112,0.1391590704729042,0.23919583391978838,0.20588822762472114,0.1424376423783713,0.11022213350924992,0.10765736251036073
4.114,0.13915975240951162,0.2392478456507776,0.2058536330299463,0.14245932213725787,0.11022411214162475,0.10766298138372044
4.116,0.13916025267611443,0.23929948183917604,0.20581883484909502,0.14248078651286433,0.11022590268366095,0.10766840033110836
4.118,0.13916057162388507,0.23935074300423742,0.2057838335792701,0.14250203590403943,0.11022750549401272,0.10767361971949363
4.12,0.1391607096035543,0.23940162966486556,0.2057486297167821,0.1425230707091174,0.11022892093095904,0.10767863991550564
4.122,0.13916066696541196,0.23945214233961343,0.20571322375715062,0.1425438913259185,0.11023014935240316,0.10768346128543338
4.124,0.13916044405930728,0.23950228154668318,0.20567761619510505,0.1425644981517491,0.11023119111587332,0.10768808419522591
4.126,0.13916004123464898,0.23955204780392592,0.20564180752458494,0.14258489158340204,0.11023204657852248,0.1076925090104921
4.128,0.13915945884040615,0.23960144162884123,0.20560579823874114,0.14260507201715722,0.11023271609712881,0.10769673609650066
4.13,0.13915869722510799,0.239650463538577,0.2055695888299367,0.14262503984878183,0.11023320002809522,0.10770076581818011
4.132,0.13915775673684472,0.23969911404992894,0.20553317978974728,0.1426447954735306,0.11023349872745025,0.10770459854011882
4.134,0.13915663772326803,0.2397473936793404,0.2054965716089623,0.1426643392861464,0.1102336125508474,0.1077082346265652
4.136,0.13915534053159084,0.23979530294290252,0.20545976477758532,0.14268367168086038,0.11023354185356582,0.10771167444142749
4.138,0.13915386550858844,0.23984284235635345,0.20542275978483548,0.14270279305139244,0.11023328699051027,0.10771491834827351
4.14,0.139152213000598,0.23989001243507824,0.2053855571191474,0.1427217037909514,0.11023284831621116,0.1077179667103314
4.142,0.13915038335351992,0.23993681369410846,0.20534815726817257,0.14274040429223578,0.11023222618482476,0.10772081989048865
4.144,0.13914837691281767,0.2399832466481222,0.20531056071877996,0.14275889494743388,0.11023142095013294,0.10772347825129303
4.146,0.13914619402351813,0.24002931181144338,0.20527276795705696,0.14277717614822394,0.11023043296554413,0.10772594215495213
4.148,0.1391438350302121,0.24007500969804196,0.20523477946831026,0.14279524828577528,0.11022926258409282,0.10772821196333315
4.15,0.13914130027705496,0.24012034082153355,0.20519659573706606,0.14281311175074762,0.11022791015843958,0.10773028803796336
4.152,0.1391385901077662,0.2401653056951787,0.20515821724707117,0.142830766933292,0.11022637604087149,0.10773217074002983
4.154,0.13913570486563076,0.24020990483188331,0.20511964448129438,0.1428482142230516,0.11022466058330216,0.10773386043037969
4.156,0.13913264489349908,0.24025413874419788,0.2050808779219262,0.14286545400916095,0.11022276413727217,0.1077353574695199
4.158,0.13912941053378725,0.24029800794431755,0.20504191805038063,0.1428824866802476,0.11022068705394839,0.10773666221761724
4.16,0.13912600212847748,0.2403415129440818,0.20500276534729522,0.14289931262443156,0.1102184296841251,0.10773777503449833
4.162,0.1391224200191188,0.2403846542549739,0.20496342029253234,0.14291593222932608,0.11021599237822355,0.10773869627964983
4.164,0.13911866454682698,0.24042743238812103,0.20492388336517964,0.14293234588203774,0.11021337548629173,0.10773942631221822
4.166,0.1391147360522853,0.24046984785429393,0.20488415504355095,0.14294855396916706,0.11021057935800549,0.10773996549101028
4.168,0.1391106348757447,0.24051190116390653,0.2048442358051874,0.14296455687680898,0.11020760434266763,0.10774031417449215
4.17,0.13910636135702426,0.24055359282701616,0.20480412612685783,0.14298035499055306,0.11020445078920904,0.10774047272079046
4.172,0.13910191583551157,0.24059492335332244,0.2047638264845597,0.14299594869548393,0.11020111904618779,0.10774044148769124
4.174,0.13909729865016307,0.24063589325216794,0.20472333735351955,0.1430113383761813,0.11019760946179002,0.10774022083264123
4.176,0.1390925101395044,0.2406765030325373,0.20468265920819473,0.1430265244167208,0.11019392238382975,0.10773981111274633
4.178,0.1390875506416307,0.2407167532030574,0.204641792522273,0.14304150720067432,0.11019005815974903,0.10773921268477316
4.18,0.13908242049420738,0.24075664427199706,0.2046007377686745,0.14305628711111007,0.11018601713661802,0.10773842590514793
4.182,0.13907712003447026,0.2407961767472664,0.20455949541955154,0.14307086453059337,0.11018179966113562,0.10773745112995692
4.184,0.1390716495992257,0.2408353511364172,0.20451806594628996,0.14308523984118682,0.11017740607962856,0.10773628871494667
4.186,0.13906600952485149,0.24087416794664263,0.20447644981950974,0.14309941342445054,0.11017283673805278,0.10773493901552333
4.188,0.1390602001472967,0.2409126276847764,0.20443464750906615,0.1431133856614426,0.11016809198199251,0.10773340238675377
4.19,0.13905422180208227,0.24095073085729313,0.20439265948404994,0.1431271569327197,0.11016317215666094,0.10773167918336424
4.192,0.1390480748243017,0.24098847797030776,0.2043504862127885,0.1431407276183374,0.11015807760690022,0.10772976975974169
4.194,0.13904175954862086,0.24102586952957572,0.20430812816284694,0.1431540980978503,0.11015280867718169,0.1077276744699327
4.196,0.13903527630927903,0.24106290604049252,0.20426558580102827,0.1431672687503125,0.11014736571160588,0.10772539366764433
4.198,0.13902862544008854,0.2410995880080935,0.20422285959337438,0.1431802399542781,0.11014174905390273,0.1077229277062437
4.2,0.1390218072744358,0.2411359159370534,0.20417995000516753,0.14319301208780177,0.11013595904743156,0.10772027693875796
4.202,0.13901482214528116,0.24117189033168684,0.20413685750093014,0.14320558552843865,0.11012999603518159,0.10771744171787456
4.204,0.13900767038515993,0.24120751169594712,0.2040935825444261,0.1432179606532451,0.1101238603597714,0.10771442239594142
4.206,0.1390003523261818,0.24124278053342696,0.20405012559866154,0.14323013783877903,0.11011755236344989,0.10771121932496608
4.208,0.13899286830003232,0.2412776973473576,0.20400648712588576,0.14324211746110005,0.11011107238809581,0.107707832856617
4.21,0.1389852186379723,0.241312262640609,0.20396266758759185,0.1432538998957702,0.11010442077521798,0.10770426334222227
4.212,0.1389774036708391,0.24134647691568945,0.20391866744451748,0.14326548551785412,0.11009759786595574,0.1077005111327709
4.214,0.1389694237290462,0.24138034067474545,0.20387448715664558,0.14327687470191974,0.11009060400107873,0.10769657657891174
4.216,0.13896127914258383,0.24141385441956165,0.20383012718320592,0.14328806782203807,0.11008343952098731,0.10769246003095412
4.218,0.1389529702410197,0.24144701865156004,0.20378558798267465,0.14329906525178404,0.11007610476571261,0.10768816183886787
4.22,0.138944497353499,0.24147983387180072,0.2037408700127763,0.143309867364237,0.11006860007491626,0.1076836823522831
4.222,0.13893586080874476,0.24151230058098072,0.20369597373048376,0.1433204745319807,0.11006092578789128,0.10767902192049039
4.224,0.13892706093505858,0.2415444192794347,0.20365089959201943,0.14333088712710418,0.1100530822435617,0.10767418089244063
4.226,0.13891809806032063,0.24157619046713408,0.2036056480528563,0.1433411055212015,0.11004506978048267,0.10766915961674517
4.228,0.1389089725119903,0.24160761464368696,0.20356021956771797,0.14335113008537292,0.11003688873684081,0.10766395844167609
4.23,0.13889968461710622,0.24163869230833845,0.2035146145905804,0.14336096119022446,0.11002853945045432,0.10765857771516574
4.232,0.13889023470228712,0.2416694239599697,0.20346883357467216,0.14337059920586914,0.11002002225877328,0.10765301778480696
4.234,0.13888062309373206,0.2416998100970984,0.20342287697247508,0.14338004450192665,0.11001133749887915,0.10764727899785353
4.236,0.13887085011722022,0.24172985121787827,0.20337674523572558,0.14338929744752438,0.11000248550748593,0.10764136170121952
4.238,0.13886091609811224,0.2417595478200989,0.20333043881541513,0.143398358411297,0.10999346662093923,0.10763526624147968
4.24,0.13885082136134996,0.24178890040118572,0.20328395816179134,0.1434072277613878,0.10998428117521697,0.1076289929648695
4.242,0.1388405662314569,0.24181790945819936,0.20323730372435822,0.1434159058654485,0.1099749295059298,0.10762254221728496
4.244,0.1388301510325387,0.24184657548783606,0.20319047595187767,0.1434243930906396,0.10996541194832044,0.10761591434428297
4.246,0.13881957608828355,0.24187489898642744,0.20314347529236998,0.14343268980363133,0.10995572883726479,0.1076091096910814
4.248,0.1388088417219624,0.24190288044993968,0.20309630219311448,0.14344079637060347,0.10994588050727105,0.10760212860255836
4.25,0.13879794825642966,0.2419305203739741,0.20304895710065063,0.14344871315724572,0.10993586729248062,0.10759497142325292
4.252,0.13878689601412297,0.24195781925376658,0.2030014404607785,0.14345644052875883,0.10992568952666804,0.1075876384973653
4.2540000000000004,0.1387756853170643,0.24198477758418768,0.2029537527185601,0.14346397884985418,0.10991534754324106,0.10758013016875645
4.256,0.13876431648685994,0.2420113958597423,0.20290589431831973,0.14347132848475463,0.10990484167524062,0.10757244678094824
4.258,0.13875278984470074,0.24203767457456915,0.20285786570364484,0.14347848979719457,0.10989417225534148,0.10756458867712348
4.26,0.138741105711363,0.2420636142224415,0.20280966731738737,0.143485463150421,0.10988333961585184,0.10755655620012594
4.2620000000000005,0.138729264407208,0.24208921529676597,0.20276129960166367,0.14349224890719325,0.10987234408871394,0.1075483496924603
4.264,0.1387172662521834,0.24211447829058308,0.20271276299785623,0.14349884742978358,0.10986118600550387,0.10753996949629241
4.266,0.13870511156582288,0.24213940369656717,0.20266405794661368,0.14350525907997747,0.1098498656974316,0.10753141595344928
4.268,0.13869280066724654,0.24216399200702554,0.20261518488785213,0.14351148421907456,0.10983838349534181,0.10752268940541887
4.2700000000000005,0.13868033387516188,0.2421882437138989,0.2025661442607558,0.14351752320788846,0.10982673972971324,0.1075137901933505
4.272,0.1386677115078634,0.24221215930876094,0.202516936503778,0.1435233764067474,0.10981493473065917,0.10750471865805467
4.274,0.13865493388323347,0.2422357392828185,0.2024675620546419,0.1435290441754946,0.10980296882792784,0.10749547514000302
4.276,0.1386420013187426,0.24225898412691094,0.20241802135034082,0.14353452687348867,0.10979084235090197,0.10748605997932859
4.2780000000000005,0.13862891413144984,0.2422818943315106,0.20236831482714002,0.14353982485960404,0.1097785556285995,0.10747647351582557
4.28,0.13861567263800278,0.24230447038672187,0.20231844292057666,0.14354493849223138,0.10976610898967354,0.10746671608894975
4.282,0.1386022771546387,0.24232671278228168,0.20226840606546093,0.14354986812927795,0.10975350276241236,0.10745678803781811
4.284,0.13858872799718425,0.24234862200755902,0.20221820469587715,0.14355461412816806,0.10974073727473965,0.10744668970120919
4.2860000000000005,0.13857502548105605,0.2423701985515554,0.202167839245184,0.1435591768458433,0.10972781285421473,0.10743642141756293
4.288,0.138561169921261,0.2423914429029037,0.20211731014601586,0.1435635566387634,0.10971472982803254,0.1074259835249809
4.29,0.138547161632397,0.24241235554986873,0.20206661783028346,0.1435677538629061,0.1097014885230243,0.10741537636122622
4.292,0.13853300092865273,0.24243293698034707,0.20201576272917432,0.14357176887376788,0.10968808926565665,0.10740460026372367
4.2940000000000005,0.13851868812380852,0.24245318768186652,0.20196474527315433,0.14357560202636455,0.10967453238203273,0.1073936555695596
4.296,0.13850422353123637,0.24247310814158674,0.20191356589196796,0.14357925367523094,0.1096608181978922,0.10738254261548197
4.298,0.13848960746390082,0.2424926988462981,0.20186222501463913,0.14358272417442186,0.10964694703861078,0.10737126173790079
4.3,0.13847484023435852,0.2425119602824224,0.20181072306947212,0.1435860138775129,0.10963291922920115,0.10735981327288746
4.3020000000000005,0.13845992215475955,0.24253089293601215,0.20175906048405268,0.14358912313759986,0.10961873509431275,0.10734819755617564
4.304,0.138444853536847,0.24254949729275088,0.20170723768524845,0.14359205230729977,0.10960439495823171,0.1073364149231606
4.306,0.1384296346919578,0.24256777383795303,0.20165525509921012,0.1435948017387514,0.10958989914488138,0.10732446570889942
4.308,0.13841426593102302,0.24258572305656334,0.20160311315137158,0.1435973717836152,0.10957524797782248,0.1073123502481117
4.3100000000000005,0.13839874756456805,0.2426033454331571,0.20155081226645177,0.1435997627930743,0.10956044178025293,0.10730006887517862
4.312,0.13838307990271304,0.24262064145193984,0.2014983528684544,0.14360197511783435,0.10954548087500848,0.10728762192414343
4.314,0.13836726325517357,0.24263761159674768,0.2014457353806698,0.14360400910812454,0.10953036558456208,0.10727500972871162
4.316,0.13835129793126044,0.24265425635104632,0.20139296022567477,0.1436058651136971,0.10951509623102496,0.10726223262225099
4.3180000000000005,0.13833518423988056,0.24267057619793198,0.2013400278253341,0.14360754348382887,0.10949967313614639,0.10724929093779156
4.32,0.13831892248953737,0.24268657162013052,0.20128693860080138,0.14360904456732082,0.10948409662131331,0.10723618500802523
4.322,0.1383025129883304,0.24270224309999744,0.20123369297251914,0.143610368712499,0.10946836700755158,0.10722291516530658
4.324,0.13828595604395688,0.2427175911195183,0.20118029136022053,0.14361151626721425,0.10945248461552515,0.10720948174165246
4.3260000000000005,0.13826925196371098,0.2427326161603076,0.20112673418292948,0.14361248757884382,0.10943644976553668,0.10719588506874222
4.328,0.13825240105448477,0.24274731870360977,0.20107302185896203,0.14361328299429044,0.10942026277752781,0.10718212547791772
4.33,0.13823540362276865,0.24276169923029833,0.20101915480592658,0.14361390285998366,0.1094039239710789,0.10716820330018328
4.332,0.1382182599746511,0.24277575822087605,0.20096513344072497,0.14361434752187985,0.10938743366540948,0.10715411886620574
4.3340000000000005,0.13820097041582002,0.24278949615547485,0.20091095817955384,0.14361461732546288,0.10937079217937828,0.10713987250631463
4.336,0.13818353525156235,0.24280291351385563,0.2008566294379046,0.14361471261574432,0.10935399983148342,0.1071254645505022
4.338,0.1381659547867644,0.24281601077540826,0.2008021476305648,0.14361463373726413,0.10933705693986262,0.10711089532842344
4.34,0.13814822932591286,0.24282878841915134,0.20074751317161854,0.1436143810340904,0.1093199638222937,0.10709616516939624
4.3420000000000005,0.13813035917309469,0.2428412469237322,0.20069272647444758,0.14361395484982076,0.10930272079619363,0.10708127440240123
4.344,0.1381123446319974,0.24285338676742674,0.20063778795173226,0.14361335552758203,0.10928532817862013,0.10706622335608218
4.346,0.13809418600590972,0.2428652084281393,0.20058269801545192,0.14361258341003103,0.10926778628627076,0.10705101235874537
4.348,0.13807588359772205,0.2428767123834028,0.20052745707688624,0.14361163883935468,0.10925009543548336,0.10703564173836067
4.3500000000000005,0.13805743770992618,0.24288789911037845,0.20047206554661545,0.143610522157271,0.10923225594223651,0.10702011182256044
4.352,0.13803884864461646,0.2428987690858555,0.2004165238345219,0.14360923370502876,0.10921426812214952,0.10700442293864088
4.354,0.1380201167034898,0.24290932278625155,0.20036083234978985,0.1436077738234085,0.1091961322904822,0.10698857541356088
4.356,0.13800124218784604,0.242919560687612,0.20030499150090741,0.14360614285272266,0.10917784876213577,0.10697256957394274
4.358,0.13798222539858807,0.24292948326561037,0.20024900169566684,0.14360434113281606,0.1091594178516524,0.10695640574607213
4.36,0.1379630666362226,0.24293909099554822,0.20019286334116493,0.14360236900306633,0.10914083987321566,0.10694008425589807
4.362,0.13794376620086068,0.24294838435235455,0.2001365768438046,0.14360022680238438,0.10912211514065051,0.10692360542903301
4.364,0.13792432439221747,0.2429573638105862,0.20008014260929552,0.14359791486921503,0.10910324396742377,0.10690696959075296
4.366,0.13790474150961285,0.2429660298444276,0.2000235610426544,0.1435954335415368,0.10908422666664364,0.10689017706599757
4.368,0.13788501785197194,0.2429743829276909,0.19996683254820646,0.14359278315686308,0.10906506355106083,0.10687322817937006
4.37,0.13786515371782548,0.24298242353381538,0.19990995752958596,0.14358996405224178,0.1090457549330679,0.10685612325513727
4.372,0.13784514940531012,0.24299015213586772,0.199852936389737,0.14358697656425656,0.10902630112469969,0.10683886261722986
4.374,0.13782500521216856,0.24299756920654225,0.1997957695309145,0.14358382102902678,0.10900670243763355,0.10682144658924209
4.376,0.13780472143575007,0.24300467521816027,0.19973845735468498,0.14358049778220794,0.10898695918318935,0.10680387549443249
4.378,0.13778429837301132,0.24301147064267026,0.19968100026192714,0.14357700715899235,0.1089670716723301,0.10678614965572342
4.38,0.13776373632051575,0.24301795595164766,0.19962339865283285,0.14357334949410894,0.10894704021566137,0.10676826939570128
4.382,0.1377430355744349,0.24302413161629488,0.1995656529269081,0.14356952512182475,0.10892686512343208,0.10675023503661629
4.384,0.1377221964305484,0.24302999810744152,0.1995077634829736,0.1435655343759441,0.10890654670553435,0.10673204690038318
4.386,0.13770121918424394,0.24303555589554393,0.19944973071916583,0.14356137758981036,0.10888608527150367,0.10671370530858071
4.388,0.13768010413051845,0.24304080545068496,0.19939155503293748,0.143557055096305,0.10886548113051941,0.1066952105824519
4.39,0.13765885156397784,0.24304574724257466,0.19933323682105897,0.14355256722784904,0.10884473459140453,0.10667656304290407
4.392,0.13763746177883762,0.24305038174054938,0.19927477647961833,0.14354791431640312,0.10882384596262584,0.106657763010509
4.394,0.137615935068923,0.2430547094135722,0.19921617440402284,0.14354309669346788,0.10880281555229443,0.10663881080550319
4.396,0.1375942717276697,0.24305873073023276,0.1991574309889994,0.14353811469008426,0.10878164366816567,0.1066197067477872
4.398,0.13757247204812395,0.24306244615874695,0.19909854662859527,0.1435329686368345,0.10876033061763923,0.10660045115692673
4.4,0.137550536322943,0.2430658561669572,0.19903952171617956,0.1435276588638419,0.10873887670775972,0.10658104435215199
4.402,0.13752846484439551,0.24306896122233246,0.19898035664444325,0.14352218570077135,0.10871728224521604,0.10656148665235765
4.404,0.137506257904362,0.24307176179196777,0.19892105180540032,0.14351654947683024,0.10869554753634247,0.10654177837610357
4.406,0.1374839157943346,0.24307425834258423,0.19886160759038884,0.14351075052076867,0.10867367288711827,0.10652191984161452
4.408,0.13746143880541828,0.24307645134052946,0.19880202439007122,0.1435047891608794,0.10865165860316783,0.10650191136678
4.41,0.13743882722833067,0.24307834125177696,0.19874230259443548,0.1434986657249988,0.1086295049897612,0.10648175326915488
4.412,0.13741608135340289,0.2430799285419265,0.19868244259279622,0.1434923805405075,0.10860721235181403,0.10646144586595874
4.414,0.13739320147057899,0.24308121367620372,0.19862244477379454,0.14348593393432996,0.1085847809938878,0.10644098947407654
4.416,0.13737018786941757,0.2430821971194601,0.1985623095254001,0.1434793262329357,0.10856221122018983,0.10642038441005885
4.418,0.1373470408390911,0.24308287933617323,0.1985020372349109,0.14347255776233925,0.10853950333457352,0.10639963099012095
4.42,0.13732376066838659,0.2430832607904465,0.19844162828895473,0.1434656288481011,0.10851665764053875,0.10637872953014393
4.422,0.13730034764570642,0.24308334194600922,0.19838108307348978,0.1434585398153274,0.1084936744412317,0.10635768034567428
4.424,0.13727680205906823,0.24308312326621628,0.1983204019738054,0.14345129098867093,0.1084705540394455,0.10633648375192406
4.426,0.13725312419610503,0.24308260521404845,0.19825958537452282,0.14344388269233144,0.10844729673761955,0.10631514006377096
4.428,0.13722931434406638,0.24308178825211213,0.19819863365959622,0.14343631525005596,0.10842390283784087,0.10629364959575827
4.43,0.13720537278981793,0.24308067284263934,0.1981375472123137,0.14342858898513944,0.10840037264184321,0.1062720126620953
4.432,0.13718129981984228,0.24307925944748754,0.1980763264152976,0.14342070422042497,0.10837670645100794,0.1062502295766572
4.434,0.13715709572023926,0.24307754852814023,0.19801497165050552,0.1434126612783042,0.1083529045663636,0.10622830065298472
4.436,0.1371327607767261,0.2430755405457059,0.19795348329923113,0.14340446048071787,0.10832896728858676,0.1062062262042851
4.438,0.13710829527463786,0.2430732359609189,0.19789186174210527,0.14339610214915632,0.10830489491800166,0.10618400654343141
4.44,0.13708369949892796,0.24307063523413874,0.19783010735909645,0.14338758660465967,0.10828068775458033,0.10616164198296296
4.442,0.1370589737341683,0.2430677388253506,0.19776822052951193,0.14337891416781856,0.10825634609794355,0.10613913283508514
4.444,0.13703411826455003,0.24306454719416482,0.19770620163199792,0.14337008515877447,0.10823187024735992,0.10611647941167002
4.446,0.13700913337388343,0.24306106079981715,0.1976440510445412,0.1433610998972199,0.108207260501747,0.10609368202425573
4.448,0.13698401934559823,0.24305728010116878,0.19758176914446945,0.14335195870239925,0.10818251715967064,0.10607074098404712
4.45,0.13695877646274468,0.24305320555670606,0.1975193563084523,0.14334266189310885,0.10815764051934607,0.10604765660191573
4.452,0.13693340500799311,0.24304883762454055,0.19745681291250183,0.1433332097876978,0.10813263087863723,0.10602442918839938
4.454,0.13690790526363483,0.2430441767624092,0.19739413933197403,0.14332360270406785,0.10810748853505747,0.10600105905370305
4.456,0.13688227751158188,0.24303922342767414,0.1973313359415687,0.14331384095967437,0.10808221378576932,0.1059775465076982
4.458,0.1368565220333684,0.24303397807732252,0.1972684031153309,0.14330392487152666,0.10805680692758535,0.10595389185992343
4.46,0.13683063911014992,0.24302844116796685,0.19720534122665168,0.14329385475618794,0.10803126825696752,0.10593009541958409
4.462,0.1368046290227043,0.2430226131558446,0.1971421506482689,0.14328363092977647,0.10800559807002763,0.10590615749555288
4.464,0.1367784920514319,0.2430164944968185,0.19707883175226804,0.1432732537079655,0.107979796662528,0.10588207839636943
4.466,0.13675222847635604,0.24301008564637594,0.19701538491008264,0.14326272340598378,0.10795386432988119,0.10585785843024076
4.468,0.13672583857712328,0.24300338705962998,0.19695181049249566,0.14325204033861616,0.10792780136714986,0.10583349790504126
4.47,0.136699322633004,0.24299639919131844,0.19688810886964014,0.14324120482020408,0.10790160806904758,0.10580899712831249
4.472,0.13667268092289242,0.24298912249580407,0.19682428041099964,0.14323021716464557,0.1078752847299389,0.10578435640726358
4.474,0.1366459137253071,0.2429815574270746,0.19676032548540978,0.14321907768539632,0.10784883164383907,0.10575957604877129
4.476,0.13661902131839154,0.24297370443874322,0.19669624446105827,0.14320778669546952,0.10782224910441474,0.10573465635938017
4.478,0.136592003979914,0.24296556398404734,0.1966320377054862,0.14319634450743646,0.10779553740498371,0.10570959764530219
4.48,0.13656486198726814,0.24295713651585005,0.19656770558558878,0.14318475143342724,0.10776869683851564,0.10568440021241754
4.482,0.1365375956174737,0.24294842248663895,0.19650324846761613,0.14317300778513098,0.10774172769763157,0.10565906436627426
4.484,0.1365102051471765,0.24293942234852683,0.19643866671717403,0.14316111387379604,0.1077146302746046,0.1056335904120882
4.486,0.13648269085264864,0.24293013655325146,0.19637396069922475,0.14314907001023114,0.10768740486135986,0.10560797865474347
4.488,0.13645505300978922,0.24292056555217512,0.19630913077808798,0.1431368765048051,0.1076600517494748,0.10558222939879225
4.49,0.1364272918941245,0.24291070979628548,0.19624417731744148,0.14312453366744782,0.10763257123017933,0.10555634294845517
4.492,0.1363994077808084,0.24290056973619478,0.19617910068032218,0.14311204180764991,0.10760496359435567,0.10553031960762094
4.494,0.13637140094462286,0.2428901458221404,0.19611390122912664,0.14309940123446396,0.10757722913253942,0.10550415967984716
4.496,0.13634327165997773,0.2428794385039843,0.1960485793256117,0.14308661225650487,0.10754936813491867,0.10547786346835974
4.498,0.1363150202009118,0.24286844823121378,0.19598313533089629,0.1430736751819497,0.10752138089133467,0.10545143127605328
4.5,0.13628664684109282,0.24285717545294072,0.19591756960546092,0.14306059031853846,0.10749326769128231,0.10542486340549106
4.502,0.13625815185381773,0.24284562061790194,0.19585188250914953,0.14304735797357515,0.10746502882390985,0.10539816015890513
4.5040000000000004,0.13622953551201333,0.24283378417445922,0.19578607440116969,0.14303397845392696,0.10743666457801915,0.10537132183819664
4.506,0.13620079808823626,0.24282166657059934,0.19572014564009343,0.14302045206602587,0.10740817524206614,0.1053443487449357
4.508,0.1361719398546739,0.24280926825393379,0.19565409658385868,0.14300677911586823,0.10737956110416058,0.10531724118036134
4.51,0.1361429610831444,0.24279658967169881,0.19558792758976962,0.14299295990901584,0.10735082245206673,0.10528999944538198
4.5120000000000005,0.13611386204509657,0.24278363127075586,0.19552163901449693,0.14297899475059572,0.10732195957320312,0.10526262384057539
4.514,0.13608464301161116,0.2427703934975911,0.19545523121407982,0.14296488394530127,0.107292972754643,0.10523511466618851
4.516,0.1360553042534005,0.2427568767983157,0.19538870454392598,0.14295062779739243,0.10726386228311435,0.10520747222213789
4.518,0.13602584604080925,0.24274308161866576,0.19532205935881253,0.14293622661069572,0.10723462844499987,0.10517969680800965
4.5200000000000005,0.1359962686438143,0.24272900840400213,0.19525529601288705,0.1429216806886051,0.10720527152633785,0.10515178872305952
4.522,0.13596657233202603,0.24271465759931088,0.1951884148596681,0.1429069903340825,0.107175791812822,0.10512374826621307
4.524,0.13593675737468747,0.2427000296492028,0.19512141625204626,0.14289215584965786,0.10714618958980093,0.10509557573606565
4.526,0.13590682404067556,0.24268512499791361,0.1950543005422849,0.14287717753743,0.10711646514227957,0.10506727143088268
4.5280000000000005,0.13587677259850106,0.2426699440893041,0.19498706808202093,0.14286205569906674,0.10708661875491843,0.10503883564859962
4.53,0.13584660331630927,0.2426544873668599,0.19491971922226559,0.14284679063580552,0.1070566507120343,0.10501026868682195
4.532,0.13581631646187975,0.24263875527369194,0.19485225431340503,0.14283138264845352,0.10702656129760002,0.10498157084282567
4.534,0.13578591230262727,0.24262274825253605,0.19478467370520192,0.14281583203738846,0.10699635079524494,0.10495274241355679
4.5360000000000005,0.1357553911056022,0.2426064667457528,0.19471697774679542,0.14280013910255906,0.10696601948825513,0.10492378369563204
4.538,0.13572475313749033,0.24258991119532802,0.1946491667867023,0.1427843041434853,0.10693556765957357,0.10489469498533843
4.54,0.1356939986646135,0.24257308204287242,0.1945812411728176,0.1427683274592586,0.1069049955918,0.10486547657863388
4.542,0.13566312795293012,0.24255597972962217,0.19451320125241578,0.1427522093485427,0.10687430356719152,0.10483612877114701
4.5440000000000005,0.13563214126803524,0.24253860469643818,0.1944450473721513,0.14273595010957418,0.10684349186766262,0.10480665185817717
4.546,0.13560103887516117,0.24252095738380652,0.19437677987805935,0.14271955004016257,0.10681256077478518,0.10477704613469463
4.548,0.13556982103917758,0.2425030382318385,0.19430839911555675,0.14270300943769065,0.10678151056978913,0.10474731189534081
4.55,0.135538488024592,0.24248484768027057,0.1942399054294428,0.14268632859911512,0.106750341533562,0.10471744943442851
4.5520000000000005,0.13550704009555026,0.2424663861684644,0.19417129916389997,0.14266950782096743,0.10671905394664982,0.10468745904594123
4.554,0.13547547751583644,0.2424476541354068,0.19410258066249497,0.1426525473993534,0.10668764808925646,0.1046573410235343
4.556,0.13544380054887384,0.24242865201970987,0.19403375026817904,0.14263544762995428,0.10665612424124493,0.10462709566053419
4.558,0.1354120094577247,0.24240938025961078,0.19396480832328922,0.14261820880802722,0.10662448268213631,0.10459672324993918
4.5600000000000005,0.13538010450509086,0.2423898392929722,0.19389575516954904,0.14260083122840506,0.10659272369111084,0.10456622408441918
4.562,0.13534808595331427,0.24237002955728193,0.19382659114806922,0.14258331518549738,0.1065608475470079,0.10453559845631566
4.564,0.1353159540643769,0.24234995148965321,0.19375731659934847,0.14256566097329082,0.10652885452832606,0.10450484665764193
4.566,0.1352837090999015,0.2423296055268247,0.1936879318632747,0.14254786888534943,0.10649674491322325,0.10447396898008376
4.5680000000000005,0.13525135132115196,0.24230899210516044,0.19361843727912498,0.14252993921481494,0.10646451897951725,0.10444296571499856
4.57,0.13521888098903334,0.2422881116606499,0.19354883318556726,0.14251187225440765,0.10643217700468544,0.10441183715341595
4.572,0.13518629836409213,0.24226696462890818,0.19347911992066047,0.1424936682964264,0.10639971926586522,0.10438058358603786
4.574,0.1351536037065173,0.24224555144517557,0.19340929782185579,0.14247532763274928,0.10636714603985409,0.10434920530323888
4.5760000000000005,0.1351207972761399,0.242223872544318,0.1933393672259971,0.14245685055483426,0.10633445760311044,0.10431770259506568
4.578,0.1350878793324337,0.24220192836082677,0.1932693284693221,0.14243823735371897,0.10630165423175275,0.10428607575123805
4.58,0.13505485013451568,0.24217971932881932,0.193199181887463,0.1424194883200216,0.10626873620156041,0.10425432506114785
4.582,0.13502170994114593,0.24215724588203846,0.1931289278154471,0.1424006037439416,0.10623570378797376,0.10422245081386028
4.5840000000000005,0.13498845901072887,0.24213450845385243,0.19305856658769804,0.14238158391525957,0.10620255726609429,0.1041904532981135
4.586,0.13495509760131252,0.24211150747725574,0.1929880985380359,0.14236242912333785,0.10616929691068511,0.10415833280231812
4.588,0.13492162597058943,0.24208824338486812,0.19291752399967876,0.1423431396571213,0.10613592299617047,0.1041260896145586
4.59,0.1348880443758973,0.24206471660893536,0.19284684330524304,0.14232371580513714,0.10610243579663647,0.10409372402259232
4.5920000000000005,0.13485435307421856,0.2420409275813291,0.19277605678674448,0.142304157855496,0.10606883558583124,0.10406123631384978
4.594,0.13482055232218126,0.24201687673354688,0.19270516477559885,0.14228446609589196,0.10603512263716497,0.10402862677543556
4.596,0.13478664237605953,0.24199256449671203,0.19263416760262286,0.14226464081360324,0.1060012972237101,0.10399589569412737
4.598,0.13475262349177353,0.24196799130157398,0.1925630655980346,0.14224468229549214,0.10596735961820158,0.10396304335637652
4.6000000000000005,0.13471849592488994,0.24194315757850804,0.19249185909145483,0.14222459082800643,0.10593331009303708,0.10393007004830856
4.602,0.13468425993062216,0.2419180637575158,0.1924205484119077,0.14220436669717862,0.10589914892027719,0.10389697605572268
4.604,0.13464991576383123,0.2418927102682249,0.19234913388782093,0.14218401018862759,0.10586487637164543,0.10386376166409228
4.606,0.13461546367902555,0.2418670975398891,0.19227761584702763,0.14216352158755785,0.10583049271852873,0.10383042715856461
4.6080000000000005,0.13458090393036137,0.24184122600138847,0.19220599461676602,0.14214290117876094,0.10579599823197738,0.10379697282396139
4.61,0.13454623677164324,0.2418150960812291,0.19213427052368126,0.14212214924661515,0.1057613931827055,0.10376339894477882
4.612,0.1345114624563244,0.2417887082075434,0.19206244389382543,0.14210126607508666,0.1057266778410908,0.10372970580518714
4.614,0.13447658123750705,0.24176206280809054,0.1919905150526584,0.14208025194772955,0.10569185247717505,0.10369589368903154
4.616,0.1344415933679426,0.24173516031025577,0.19191848432504943,0.142059107147686,0.10565691736066452,0.10366196287983187
4.618,0.13440649910003222,0.24170800114105084,0.1918463520352769,0.14203783195768738,0.10562187276092971,0.10362791366078272
4.62,0.13437129868582698,0.24168058572711404,0.19177411850702963,0.1420164266600541,0.10558671894700589,0.1035937463147536
4.622,0.13433599237702842,0.24165291449471016,0.19170178406340788,0.14199489153669642,0.10555145618759298,0.10355946112428938
4.624,0.13430058042498882,0.24162498786973097,0.19162934902692386,0.14197322686911473,0.1055160847510559,0.10352505837160964
4.626,0.13426506308071118,0.2415968062776943,0.19155681371950228,0.14195143293839996,0.10548060490542488,0.10349053833860933
4.628,0.1342294405948501,0.24156837014374544,0.19148417846248145,0.14192951002523402,0.10544501691839558,0.103455901306859
4.63,0.13419371321771179,0.2415396798926559,0.19141144357661433,0.1419074584098905,0.10540932105732925,0.10342114755760456
4.632,0.13415788119925454,0.24151073594882444,0.1913386093820686,0.14188527837223464,0.10537351758925273,0.10338627737176753
4.634,0.13412194478908912,0.24148153873627654,0.19126567619842838,0.14186297019172422,0.10533760678085913,0.10335129102994545
4.636,0.13408590423647904,0.24145208867866463,0.19119264434469407,0.14184053414740982,0.1053015888985076,0.10331618881241122
4.638,0.13404975979034073,0.24142238619926815,0.19111951413928363,0.1418179705179352,0.10526546420822358,0.10328097099911426
4.64,0.13401351169924425,0.2413924317209939,0.19104628590003347,0.1417952795815376,0.10522923297569942,0.10324563786967955
4.642,0.13397716021141326,0.24136222566637566,0.19097295994419916,0.1417724616160485,0.10519289546629396,0.10321018970340878
4.644,0.1339407055747257,0.24133176845757442,0.19089953658845582,0.14174951689889403,0.1051564519450332,0.10317462677927969
4.646,0.13390414803671402,0.24130106051637856,0.1908260161488995,0.14172644570709525,0.10511990267661009,0.10313894937594648
4.648,0.13386748784456515,0.24127010226420365,0.19075239894104756,0.14170324831726866,0.10508324792538493,0.10310315777174006
4.65,0.1338307252451214,0.24123889412209287,0.19067868527983967,0.14167992500562643,0.10504648795538607,0.10306725224466784
4.652,0.1337938604848805,0.24120743651071685,0.19060487547963834,0.14165647604797704,0.10500962303030903,0.10303123307241435
4.654,0.133756893809996,0.24117572985037383,0.19053096985423013,0.14163290171972576,0.10497265341351758,0.10299510053234062
4.656,0.1337198254662777,0.24114377456098945,0.19045696871682605,0.14160920229587526,0.10493557936804354,0.10295885490148504
4.658,0.1336826556991919,0.241111571062117,0.19038287238006246,0.14158537805102545,0.10489840115658722,0.10292249645656315
4.66,0.13364538475386167,0.24107911977293783,0.19030868115600197,0.14156142925937454,0.1048611190415174,0.10288602547396763
4.662,0.13360801287506718,0.24104642111226116,0.19023439535613407,0.14153735619471908,0.1048237332848716,0.10284944222976877
4.664,0.13357054030724624,0.2410134754985238,0.19016001529137605,0.1415131591304546,0.10478624414835624,0.10281274699971421
4.666,0.1335329672944945,0.2409802833497907,0.19008554127207344,0.14148883833957582,0.10474865189334714,0.10277594005922941
4.668,0.13349529408056582,0.24094684508375486,0.19001097360800134,0.14146439409467737,0.10471095678088926,0.10273902168341742
4.67,0.13345752090887264,0.24091316111773753,0.18993631260836485,0.1414398266679544,0.10467315907169716,0.10270199214705955
4.672,0.1334196480224863,0.24087923186868787,0.18986155858179976,0.14141513633120217,0.104635259026155,0.1026648517246147
4.674,0.13338167566413728,0.24084505775318354,0.18978671183637386,0.14139032335581758,0.1045972569043172,0.10262760069022026
4.676,0.1333436040762157,0.2408106391874303,0.18971177267958694,0.14136538801279874,0.10455915296590823,0.10259023931769162
4.678,0.1333054335007715,0.24077597658726257,0.18963674141837217,0.14134033057274564,0.10452094747032259,0.1025527678805227
4.68,0.1332671641795149,0.24074107036814318,0.18956161835909668,0.14131515130586103,0.10448264067662572,0.10251518665188608
4.682,0.1332287963538168,0.24070592094516363,0.18948640380756232,0.14128985048195042,0.10444423284355375,0.10247749590463284
4.684,0.13319033026470883,0.24067052873304395,0.18941109806900625,0.1412644283704223,0.10440572422951355,0.10243969591129276
4.686,0.13315176615288404,0.24063489414613315,0.18933570144810252,0.14123888524028927,0.10436711509258334,0.10240178694407476
4.688,0.13311310425869705,0.24059901759840852,0.18926021424896167,0.141213221360168,0.10432840569051272,0.10236376927486646
4.69,0.1330743448221643,0.24056289950347676,0.18918463677513242,0.14118743699827951,0.10428959628072243,0.10232564317523507
4.692,0.1330354880829645,0.24052654027457354,0.18910896932960197,0.14116153242245022,0.1042506871203055,0.10228740891642674
4.694,0.13299653428043934,0.24048994032456328,0.18903321221479708,0.14113550790011153,0.10421167846602675,0.10224906676936696
4.696,0.13295748365359294,0.24045310006593956,0.1889573657325847,0.1411093636983014,0.10417257057432305,0.10221061700466105
4.698,0.13291833644109285,0.2404160199108254,0.1888814301842725,0.14108310008366365,0.10413336370130377,0.10217205989259392
4.7,0.13287909288127042,0.2403787002709732,0.18880540587061012,0.14105671732244907,0.10409405810275052,0.10213339570313007
4.702,0.13283975321212083,0.24034114155776432,0.18872929309178943,0.14103021568051544,0.10405465403411807,0.10209462470591424
4.704,0.1328003176713035,0.24030334418221,0.18865309214744608,0.1410035954233284,0.10401515175053411,0.10205574717027077
4.706,0.13276078649614265,0.2402653085549511,0.18857680333665927,0.14097685681596173,0.10397555150679927,0.10201676336520471
4.708,0.13272115992362732,0.24022703508625765,0.18850042695795333,0.14095000012309766,0.10393585355738755,0.10197767355940113
4.71,0.13268143819041178,0.24018852418602998,0.18842396330929811,0.14092302560902725,0.10389605815644676,0.10193847802122535
4.712,0.13264162153281633,0.24014977626379785,0.18834741268810995,0.14089593353765117,0.10385616555779831,0.10189917701872364
4.714,0.13260171018682665,0.24011079172872107,0.18827077539125203,0.14086872417247975,0.10381617601493787,0.1018597708196225
4.716,0.13256170438809511,0.24007157098958953,0.18819405171503556,0.14084139777663363,0.1037760897810347,0.1018202596913298
4.718,0.13252160437194083,0.2400321144548232,0.18811724195522084,0.14081395461284418,0.10373590710893299,0.10178064390093411
4.72,0.13248141037334937,0.23999242253247233,0.18804034640701706,0.1407863949434538,0.10369562825115142,0.10174092371520493
4.722,0.13244112262697416,0.23995249563021703,0.18796336536508385,0.14075871903041648,0.10365525345988336,0.10170109940059313
4.724,0.13240074136713598,0.2399123341553684,0.18788629912353194,0.14073092713529833,0.10361478298699733,0.10166117122323093
4.726,0.13236026682782365,0.23987193851486732,0.18780914797592363,0.14070301951927777,0.1035742170840368,0.10162113944893214
4.728,0.1323196992426945,0.23983130911528594,0.18773191221527386,0.1406749964431464,0.10353355600222058,0.10158100434319195
4.73,0.13227903884507408,0.23979044636282643,0.1876545921340509,0.1406468581673086,0.10349279999244354,0.10154076617118735
4.732,0.13223828586795738,0.23974935066332215,0.187577188024177,0.1406186049517828,0.10345194930527613,0.10150042519777736
4.734,0.13219744054400828,0.2397080224222372,0.18749970017702933,0.14059023705620155,0.10341100419096483,0.10145998168750303
4.736,0.1321565031055607,0.23966646204466646,0.18742212888344056,0.14056175473981214,0.10336996489943218,0.10141943590458724
4.738,0.1321154737846182,0.23962466993533615,0.18734447443369984,0.14053315826147683,0.1033288316802774,0.10137878811293555
4.74,0.13207435281285496,0.23958264649860328,0.18726673711755337,0.1405044478796731,0.10328760478277621,0.10133803857613577
4.742,0.1320331404216155,0.23954039213845624,0.18718891722420516,0.14047562385249468,0.10324628445588102,0.10129718755745798
4.744,0.1319918368419155,0.23949790725851483,0.18711101504231786,0.14044668643765146,0.10320487094822162,0.10125623531985539
4.746,0.13195044230444197,0.23945519226203027,0.18703303086001366,0.14041763589247025,0.10316336450810493,0.10121518212596392
4.748,0.13190895703955352,0.23941224755188517,0.18695496496487496,0.14038847247389485,0.10312176538351525,0.10117402823810218
4.75,0.13186738127728082,0.23936907353059378,0.18687681764394504,0.1403591964384867,0.1030800738221147,0.10113277391827213
4.752,0.13182571524732656,0.2393256706003024,0.1867985891837287,0.14032980804242579,0.10303829007124321,0.10109141942815891
4.7540000000000004,0.13178395917906638,0.23928203916278878,0.18672027987019346,0.1403003075415099,0.10299641437791851,0.101049965029131
4.756,0.1317421133015486,0.23923817961946292,0.18664188998877007,0.1402706951911563,0.10295444698883705,0.10100841098224045
4.758,0.1317001778434952,0.23919409237136646,0.1865634198243531,0.14024097124640145,0.10291238815037351,0.10096675754822271
4.76,0.13165815303330164,0.2391497778191738,0.18648486966130173,0.14021113596190138,0.10287023810858131,0.10092500498749746
4.7620000000000005,0.13161603909903707,0.23910523636319092,0.18640623978344095,0.1401811895919327,0.10282799710919277,0.10088315356016775
4.764,0.13157383626844532,0.2390604684033566,0.18632753047406192,0.14015113239039279,0.10278566539761913,0.10084120352602088
4.766,0.13153154476894469,0.23901547433924186,0.18624874201592267,0.14012096461079948,0.10274324321895145,0.10079915514452864
4.768,0.13148916482762818,0.2389702545700505,0.18616987469124924,0.14009068650629297,0.10270073081795994,0.1007570086748466
4.7700000000000005,0.13144669667126463,0.2389248094946188,0.18609092878173583,0.14006029832963462,0.10265812843909461,0.10071476437581528
4.772,0.131404140526298,0.23887913951141582,0.18601190456854644,0.14002980033320878,0.10261543632648551,0.10067242250595942
4.774,0.13136149661884833,0.23883324501854375,0.18593280233231457,0.1399991927690225,0.10257265472394272,0.10062998332348894
4.776,0.13131876517471186,0.23878712641373756,0.18585362235314484,0.13996847588870587,0.10252978387495659,0.10058744708629819
4.7780000000000005,0.1312759464193618,0.23874078409436517,0.1857743649106134,0.13993764994351277,0.10248682402269815,0.10054481405196691
4.78,0.13123304057794782,0.2386942184574281,0.18569503028376855,0.13990671518432118,0.10244377541001937,0.10050208447775977
4.782,0.1311900478752972,0.23864742989956111,0.18561561875113175,0.13987567186163385,0.1024006382794529,0.10045925862062677
4.784,0.13114696853591457,0.2386004188170323,0.1855361305906984,0.13984452022557825,0.10235741287321298,0.10041633673720352
4.7860000000000005,0.13110380278398237,0.23855318560574323,0.1854565660799381,0.13981326052590726,0.1023140994331948,0.10037331908381097
4.788,0.13106055084336155,0.23850573066122926,0.18537692549579599,0.13978189301199961,0.10227069820097534,0.10033020591645592
4.79,0.13101721293759172,0.2384580543786594,0.18529720911469338,0.13975041793286058,0.10222720941781338,0.10028699749083114
4.792,0.130973789289891,0.23841015715283675,0.18521741721252827,0.13971883553712172,0.10218363332464975,0.10024369406231526
4.7940000000000005,0.1309302801231571,0.23836203937819822,0.18513755006467614,0.139687146073042,0.10213997016210752,0.10020029588597312
4.796,0.13088668565996686,0.23831370144881503,0.1850576079459909,0.13965534978850802,0.10209622017049225,0.10015680321655562
4.798,0.13084300612257738,0.23826514375839247,0.18497759113080536,0.139623446931034,0.10205238358979218,0.10011321630850056
4.8,0.130799241732926,0.23821636670027035,0.18489749989293247,0.13959143774776295,0.10200846065967806,0.100069535415932
4.8020000000000005,0.13075539271263015,0.23816737066742277,0.1848173345056654,0.13955932248546632,0.10196445161950418,0.1000257607926609
4.804,0.13071145928298855,0.23811815605245834,0.18473709524177861,0.13952710139054525,0.10192035670830801,0.09998189269218472
4.806,0.1306674416649809,0.23806872324762063,0.184656782373529,0.13949477470903027,0.10187617616481037,0.09993793136768847
4.808,0.13062334007926846,0.23801907264478772,0.18457639617265587,0.13946234268658242,0.10183191022741567,0.09989387707204389
4.8100000000000005,0.1305791547461943,0.2379692046354729,0.18449593691038224,0.13942980556849283,0.10178755913421256,0.09984973005781028
4.812,0.13053488588578377,0.23791911961082457,0.18441540485741537,0.13939716359968402,0.10174312312297373,0.09980549057723431
4.814,0.13049053371774444,0.23786881796162596,0.18433480028394733,0.1393644170247097,0.10169860243115592,0.09976115888225001
4.816,0.13044609846146704,0.23781830007829563,0.18425412345965642,0.1393315660877552,0.10165399729590074,0.09971673522447944
4.8180000000000005,0.130401580336025,0.23776756635088803,0.1841733746537073,0.13929861103263863,0.10160930795403456,0.09967221985523245
4.82,0.13035697956017578,0.23771661716909254,0.18409255413475156,0.13926555210281055,0.10156453464206838,0.09962761302550693
4.822,0.1303122963523602,0.23766545292223462,0.18401166217092912,0.13923238954135453,0.10151967759619884,0.09958291498598881
4.824,0.1302675309307031,0.23761407399927514,0.1839306990298688,0.13919912359098796,0.10147473705230747,0.09953812598705247
4.8260000000000005,0.13022268351301403,0.23756248078881126,0.18384966497868827,0.1391657544940621,0.10142971324596184,0.099493246278761
4.828,0.13017775431678746,0.23751067367907597,0.18376856028399602,0.13913228249256226,0.10138460641241509,0.09944827611086549
4.83,0.13013274355920235,0.23745865305793834,0.1836873852118912,0.13909870782810918,0.1013394167866064,0.0994032157328062
4.832,0.13008765145712364,0.23740641931290374,0.18360614002796494,0.1390650307419583,0.10129414460316122,0.09935806539371228
4.8340000000000005,0.1300424782271017,0.23735397283111404,0.1835248249973005,0.13903125147500117,0.10124879009639165,0.09931282534240182
4.836,0.12999722408537306,0.2373013139993474,0.18344344038447424,0.13899737026776515,0.10120335350029608,0.09926749582738226
4.838,0.1299518892478606,0.23724844320401894,0.18336198645355695,0.13896338736041436,0.10115783504856002,0.09922207709685038
4.84,0.12990647393017385,0.23719536083118054,0.18328046346811355,0.13892930299274986,0.10111223497455613,0.09917656939869213
4.8420000000000005,0.12986097834760946,0.23714206726652076,0.18319887169120452,0.1388951174042099,0.10106655351134397,0.09913097298048368
4.844,0.12981540271515146,0.23708856289536517,0.1831172113853865,0.1388608308338708,0.10102079089167093,0.09908528808949035
4.846,0.12976974724747126,0.23703484810267672,0.18303548281271298,0.1388264435204467,0.10097494734797219,0.09903951497266794
4.848,0.12972401215892848,0.2369809232730553,0.18295368623473496,0.13879195570229075,0.10092902311237073,0.09899365387666204
4.8500000000000005,0.12967819766357103,0.23692678879073847,0.18287182191250184,0.1387573676173952,0.10088301841667757,0.0989477050478087
4.852,0.12963230397513548,0.23687244503960136,0.1827898901065621,0.13872267950339157,0.10083693349239242,0.09890166873213402
4.854,0.1295863313070471,0.23681789240315676,0.18270789107696395,0.13868789159755157,0.10079076857070324,0.09885554517535522
4.856,0.12954027987242078,0.23676313126455506,0.1826258250832562,0.13865300413678705,0.10074452388248667,0.09880933462287955
4.8580000000000005,0.12949414988406094,0.23670816200658473,0.18254369238448875,0.13861801735765078,0.10069819965830895,0.09876303731980562
4.86,0.1294479415544616,0.2366529850116723,0.18246149323921368,0.13858293149633671,0.10065179612842479,0.09871665351092274
4.862,0.12940165509580748,0.23659760066188262,0.18237922790548544,0.1385477467886802,0.1006053135227789,0.09867018344071155
4.864,0.12935529071997354,0.23654200933891856,0.18229689664086246,0.1385124634701589,0.1005587520710054,0.09862362735334385
4.866,0.12930884863852565,0.23648621142412152,0.18221449970240688,0.1384770817758929,0.10051211200242816,0.09857698549268301
4.868,0.12926232906272084,0.23643020729847164,0.18213203734668593,0.13844160194064514,0.10046539354606132,0.098530258102284
4.87,0.1292157322035079,0.2363739973425878,0.1820495098297723,0.1384060241988221,0.10041859693060928,0.09848344542539333
4.872,0.12916905827152725,0.23631758193672758,0.18196691740724513,0.1383703487844734,0.1003717223844669,0.0984365477049498
4.874,0.1291223074771113,0.23626096146078757,0.1818842603341908,0.1383345759312935,0.10032477013571972,0.098389565183584
4.876,0.12907548003028535,0.2362041362943037,0.18180153886520345,0.13829870587262083,0.10027774041214421,0.09834249810361873
4.878,0.12902857614076702,0.2361471068164509,0.18171875325438558,0.13826273884143947,0.10023063344120797,0.0982953467070693
4.88,0.12898159601796766,0.23608987340604348,0.181635903755349,0.13822667507037822,0.10018344945006996,0.09824811123564348
4.882,0.12893453987099135,0.2360324364415356,0.18155299062121544,0.1381905147917124,0.10013618866558072,0.09820079193074172
4.884,0.1288874079086364,0.2359747963010208,0.18147001410461727,0.13815425823736316,0.10008885131428236,0.09815338903345738
4.886,0.12884020033939492,0.2359169533622325,0.18138697445769858,0.13811790563889836,0.10004143762240947,0.09810590278457654
4.888,0.12879291737145349,0.23585890800254417,0.1813038719321156,0.13808145722753307,0.09999394781588866,0.09805833342457881
4.89,0.1287455592126936,0.2358006605989691,0.181220706779037,0.13804491323412993,0.09994638212033857,0.09801068119363676
4.892,0.12869812607069142,0.23574221152816133,0.18113747924914536,0.13800827388919945,0.09989874076107119,0.09796294633161651
4.894,0.1286506181527185,0.23568356116641453,0.18105418959263764,0.13797153942290064,0.09985102396309076,0.09791512907807798
4.896,0.12860303566574238,0.23562470988966355,0.18097083805922565,0.137934710065041,0.09980323195109486,0.09786722967227468
4.898,0.12855537881642598,0.2355656580734835,0.18088742489813692,0.13789778604507763,0.09975536494947423,0.09781924835315414
4.9,0.1285076478111291,0.23550640609309026,0.18080395035811536,0.13786076759211685,0.0997074231823134,0.09777118535935769
4.902,0.12845984285590784,0.23544695432334084,0.1807204146874224,0.13782365493491522,0.09965940687339025,0.09772304092922113
4.904,0.12841196415651535,0.23538730313873324,0.18063681813383714,0.1377864483018798,0.09961131624617692,0.09767481530077471
4.906,0.12836401191840174,0.23532745291340662,0.18055316094465734,0.1377491479210684,0.09956315152383954,0.09762650871174294
4.908,0.12831598634671493,0.23526740402114132,0.1804694433667,0.1377117540201902,0.09951491292923853,0.09757812139954547
4.91,0.1282678876463006,0.23520715683535953,0.1803856656463021,0.13767426682660622,0.09946660068492919,0.0975296536012964
4.912,0.12821971602170268,0.23514671172912482,0.18030182802932182,0.1376366865673293,0.09941821501316128,0.09748110555380496
4.914,0.12817147167716358,0.23508606907514285,0.18021793076113823,0.13759901346902526,0.09936975613587973,0.09743247749357553
4.916,0.12812315481662462,0.23502522924576064,0.180133974086653,0.13756124775801237,0.09932122427472478,0.09738376965680806
4.918,0.12807476564372577,0.23496419261296775,0.18004995825029058,0.13752338966026278,0.09927261965103185,0.09733498227939763
4.92,0.12802630436180706,0.23490295954839557,0.17996588349599896,0.137485439401402,0.09922394248583233,0.09728611559693534
4.922,0.12797777117390785,0.23484153042331823,0.1798817500672505,0.13744739720671006,0.09917519299985345,0.09723716984470787
4.924,0.12792916628276796,0.23477990560865236,0.17979755820704257,0.13740926330112146,0.09912637141351865,0.09718814525769792
4.926,0.127880489890827,0.23471808547495687,0.17971330815789832,0.1373710379092259,0.09907747794694721,0.09713904207058421
4.928,0.12783174220022597,0.23465607039243364,0.17962900016186722,0.1373327212552684,0.0990285128199555,0.09708986051774193
4.93,0.12778292341280628,0.23459386073092747,0.17954463446052604,0.13729431356315014,0.09897947625205616,0.09704060083324273
4.932,0.12773403373011094,0.23453145685992638,0.17946021129497947,0.13725581505642803,0.09893036846245917,0.0969912632508545
4.934,0.12768507335338453,0.23446885914856153,0.1793757309058608,0.1372172259583162,0.09888118967007165,0.09694184800404249
4.936,0.12763604248357385,0.23440606796560726,0.17929119353333234,0.13717854649168593,0.09883194009349805,0.0968923553259684
4.938,0.12758694132132753,0.23434308367948176,0.1792065994170864,0.13713977687906564,0.09878261995104021,0.0968427854494911
4.94,0.12753777006699685,0.23427990665824683,0.17912194879634624,0.13710091734264185,0.09873322946069818,0.09679313860716698
4.942,0.12748852892063622,0.2342165372696079,0.17903724190986647,0.13706196810425952,0.09868376884017005,0.09674341503124939
4.944,0.1274392180820032,0.23415297588091466,0.17895247899593358,0.13702292938542238,0.09863423830685192,0.09669361495368967
4.946,0.12738983775055868,0.23408922285916067,0.17886766029236711,0.1369838014072935,0.09858463807783857,0.09664373860613673
4.948,0.12734038812546755,0.23402527857098376,0.1787827860365201,0.13694458439069535,0.09853496836992348,0.0965937862199373
4.95,0.12729086940559875,0.2339611433826665,0.1786978564652797,0.13690527855611045,0.0984852293995988,0.09654375802613635
4.952,0.12724128178952565,0.2338968176601357,0.1786128718150679,0.1368658841236816,0.09843542138305628,0.09649365425547685
4.954,0.12719162547552632,0.23383230176896297,0.17852783232184222,0.13682640131321278,0.09838554453618675,0.09644347513840046
4.956,0.12714190066158393,0.23376759607436504,0.1784427382210969,0.13678683034416905,0.09833559907458067,0.0963932209050471
4.958,0.12709210754538702,0.23370270094120338,0.17835758974786287,0.13674717143567738,0.09828558521352848,0.09634289178525535
4.96,0.12704224632432992,0.23363761673398464,0.1782723871367089,0.1367074248065263,0.09823550316802021,0.09629248800856294
4.962,0.12699231719551296,0.2335723438168611,0.17818713062174218,0.13666759067516732,0.09818535315274657,0.09624200980420627
4.964,0.1269423203557427,0.2335068825536304,0.17810182043660872,0.1366276692597146,0.0981351353820985,0.09619145740112134
4.966,0.1268922560015322,0.23344123330773559,0.17801645681449485,0.1365876607779457,0.09808485007016787,0.09614083102794324
4.968,0.12684212432910158,0.2333753964422658,0.17793103998812687,0.13654756544730184,0.09803449743074699,0.09609013091300689
4.97,0.12679192553437835,0.23330937231995597,0.17784557018977276,0.13650738348488844,0.09798407767732975,0.09603935728434654
4.972,0.12674165981299734,0.23324316130318712,0.17776004765124198,0.13646711510747545,0.09793359102311094,0.09598851036969647
4.974,0.1266913273603012,0.23317676375398677,0.1776744726038868,0.13642676053149771,0.09788303768098738,0.09593759039649075
4.976,0.12664092837134078,0.2331101800340285,0.17758884527860275,0.13638631997305573,0.09783241786355723,0.09588659759186413
4.978,0.1265904630408754,0.23304341050463284,0.17750316590582926,0.13634579364791533,0.0977817317831211,0.09583553218265117
4.98,0.1265399315633733,0.23297645552676682,0.1774174347155506,0.13630518177150885,0.0977309796516812,0.09578439439538733
4.982,0.12648933413301178,0.2329093154610442,0.17733165193729628,0.13626448455893514,0.09768016168094285,0.09573318445630852
4.984,0.12643867094367733,0.23284199066772615,0.1772458178001417,0.13622370222495994,0.09762927808231359,0.09568190259135156
4.986,0.12638794218896643,0.23277448150672098,0.17715993253270934,0.13618283498401662,0.09757832906690367,0.09563054902615442
4.988,0.12633714806218532,0.23270678833758396,0.17707399636316867,0.13614188305020614,0.0975273148455269,0.09557912398605617
4.99,0.12628628875635073,0.23263891151951843,0.17698800951923777,0.1361008466372977,0.09747623562870023,0.09552762769609702
4.992,0.12623536446418981,0.23257085141137512,0.17690197222818305,0.1360597259587295,0.09742509162664414,0.09547606038101897
4.994,0.12618437537814087,0.23250260837165238,0.17681588471682086,0.13601852122760816,0.09737388304928274,0.0954244222652656
4.996,0.1261333216903533,0.23243418275849703,0.17672974721151746,0.13597723265671036,0.0973226101062441,0.09537271357298227
4.998,0.12608220359268807,0.23236557492970378,0.17664355993819014,0.13593586045848216,0.09727127300686056,0.09532093452801638
5.0,0.12603102127671817,0.23229678524271558,0.17655732312230743,0.13589440484504034,0.09721987196016912,0.09526908535391776
5.002,0.12597977493372836,0.2322278140546239,0.17647103698889044,0.13585286602817193,0.09716840717491082,0.09521716627393806
5.0040000000000004,0.1259284647547163,0.23215866172216892,0.17638470176251309,0.1358112442193351,0.09711687885953224,0.09516517751103182
5.006,0.12587709093039212,0.2320893286017396,0.17629831766730297,0.13576953962965965,0.09706528722218444,0.09511311928785626
5.008,0.12582565365117904,0.23201981504937375,0.17621188492694184,0.1357277524699474,0.09701363247072403,0.09506099182677152
5.01,0.12577415310721385,0.23195012142075822,0.17612540376466645,0.13568588295067197,0.09696191481271321,0.09500879534984041
5.0120000000000005,0.12572258948834691,0.23188024807122942,0.17603887440326926,0.13564393128198016,0.09691013445541974,0.09495653007882932
5.014,0.1256709629841426,0.23181019535577319,0.17595229706509907,0.13560189767369168,0.0968582916058176,0.09490419623520774
5.016,0.1256192737838795,0.23173996362902471,0.1758656719720615,0.13555978233529964,0.09680638647058659,0.09485179404014876
5.018,0.12556752207655064,0.23166955324526906,0.17577899934562025,0.13551758547597137,0.09675441925611317,0.09479932371452904
5.0200000000000005,0.12551570805086443,0.2315989645584411,0.175692279406797,0.13547530730454804,0.09670239016849003,0.09474678547892945
5.022,0.12546383189524413,0.23152819792212598,0.17560551237617283,0.13543294802954597,0.09665029941351722,0.09469417955363468
5.024,0.12541189379782858,0.23145725368955916,0.17551869847388835,0.1353905078591564,0.09659814719670168,0.09464150615863365
5.026,0.1253598939464724,0.23138613221362614,0.17543183791964467,0.13534798700124617,0.09654593372325748,0.0945887655136195
5.0280000000000005,0.12530783252874644,0.23131483384686335,0.17534493093270376,0.13530538566335792,0.09649365919810626,0.09453595783799029
5.03,0.12525570973193778,0.23124335894145776,0.17525797773188967,0.13526270405271057,0.09644132382587722,0.09448308335084832
5.032,0.1252035257430506,0.23117170784924745,0.17517097853558883,0.13521994237620016,0.0963889278109078,0.09443014227100122
5.034,0.12515128074880555,0.2310998809217215,0.17508393356175045,0.13517710084039924,0.09633647135724366,0.0943771348169613
5.0360000000000005,0.12509897493564104,0.23102787851002016,0.17499684302788787,0.1351341796515586,0.09628395466863848,0.09432406120694647
5.038,0.12504660848971283,0.230955700964935,0.174909707151079,0.1350911790156064,0.09623137794855463,0.09427092165887974
5.04,0.1249941815968949,0.2308833486369093,0.17482252614796634,0.1350480991381493,0.09617874140016358,0.0942177163903899
5.042,0.12494169444277925,0.23081082187603807,0.1747353002347587,0.13500494022447285,0.09612604522634549,0.09416444561881132
5.0440000000000005,0.12488914721267652,0.23073812103206826,0.17464802962723125,0.13496170247954153,0.09607328962969008,0.0941111095611844
5.046,0.12483654009161604,0.2306652464543988,0.1745607145407262,0.13491838610799944,0.09602047481249643,0.09405770843425576
5.048,0.12478387326434626,0.23059219849208068,0.1744733551901536,0.13487499131417047,0.09596760097677337,0.0940042424544778
5.05,0.12473114691533538,0.23051897749381767,0.17438595178999194,0.1348315183020592,0.09591466832423956,0.09395071183800985
5.0520000000000005,0.12467836122877118,0.23044558380796598,0.17429850455428886,0.1347879672753507,0.09586167705632387,0.09389711680071766
5.054,0.12462551638856145,0.23037201778253458,0.17421101369666192,0.13474433843741118,0.09580862737416584,0.09384345755817369
5.056,0.12457261257833419,0.23029827976518513,0.17412347943029927,0.13470063199128823,0.09575551947861505,0.09378973432565751
5.058,0.12451964998143805,0.2302243701032325,0.17403590196795982,0.13465684813971168,0.09570235357023238,0.09373594731815582
5.0600000000000005,0.12446662878094283,0.23015028914364488,0.17394828152197483,0.13461298708509362,0.09564912984928964,0.09368209675036221
5.062,0.12441354915963965,0.2300760372330437,0.17386061830424748,0.1345690490295286,0.09559584851576974,0.09362818283667829
5.064,0.12436041130004072,0.23000161471770442,0.1737729125262546,0.13452503417479456,0.0955425097693674,0.093574205791213
5.066,0.1243072153843805,0.22992702194355563,0.17368516439904647,0.134480942722353,0.09548911380948866,0.09352016582778333
5.0680000000000005,0.12425396159461544,0.22985225925618025,0.17359737413324794,0.13443677487334904,0.09543566083525179,0.09346606315991401
5.07,0.12420065011242465,0.229777327000815,0.1735095419390591,0.13439253082861247,0.09538215104548708,0.09341189800083805
5.072,0.12414728111920947,0.2297022255223513,0.1734216680262557,0.13434821078865733,0.09532858463873706,0.09335767056349686
5.074,0.12409385479609458,0.2296269551653347,0.17333375260419004,0.13430381495368326,0.09527496181325734,0.09330338106054037
5.0760000000000005,0.12404037132392798,0.22955151627396542,0.17324579588179145,0.13425934352357527,0.0952212827670158,0.09324902970432714
5.078,0.12398683088328144,0.22947590919209837,0.17315779806756715,0.13421479669790393,0.09516754769769387,0.09319461670692442
5.08,0.12393323365445053,0.22940013426324346,0.1730697593696029,0.1341701746759265,0.09511375680268586,0.0931401422801088
5.082,0.12387957981745479,0.22932419183056574,0.17298167999556324,0.134125477656587,0.09505991027909966,0.09308560663536602
5.0840000000000005,0.12382586955203867,0.22924808223688564,0.17289356015269264,0.13408070583851606,0.09500600832375694,0.09303100998389113
5.086,0.12377210303767128,0.22917180582467878,0.17280540004781586,0.13403585942003193,0.09495205113319338,0.09297635253658898
5.088,0.12371828045354683,0.2290953629360768,0.1727171998873389,0.13399093859914113,0.09489803890365867,0.09292163450407376
5.09,0.12366440197858508,0.22901875391286697,0.17262895987724947,0.13394594357353795,0.09484397183111715,0.09286685609666989
5.0920000000000005,0.12361046779143137,0.2289419790964924,0.17254068022311753,0.13390087454060562,0.09478985011124741,0.09281201752441182
5.094,0.123556478070457,0.22886503882805243,0.1724523611300961,0.13385573169741627,0.09473567393944315,0.0927571189970442
5.096,0.12350243299375974,0.22878793344830295,0.17236400280292208,0.13381051524073162,0.09468144351081276,0.09270216072402215
5.098,0.123448332739164,0.2287106632976561,0.17227560544591625,0.1337652253670032,0.09462715902018037,0.09264714291451148
5.1000000000000005,0.12339417748422066,0.22863322871618097,0.17218716926298483,0.13371986227237254,0.0945728206620855,0.09259206577738888
5.102,0.12333996740620834,0.22855563004360313,0.1720986944576195,0.1336744261526721,0.09451842863078319,0.09253692952124193
5.104,0.12328570268213279,0.22847786761930555,0.17201018123289824,0.1336289172034253,0.09446398312024451,0.09248173435436935
5.106,0.12323138348872753,0.22839994178232792,0.17192162979148606,0.1335833356198466,0.09440948432415674,0.09242648048478119
5.1080000000000005,0.12317701000245451,0.22832185287136797,0.17183304033563518,0.13353768159684276,0.09435493243592341,0.09237116812019908
5.11,0.12312258239950369,0.22824360122478038,0.17174441306718657,0.13349195532901237,0.09430032764866492,0.0923157974680564
5.112,0.12306810085579367,0.22816518718057788,0.1716557481875698,0.13344615701064688,0.09424567015521834,0.09226036873549814
5.114,0.1230135655469724,0.22808661107643102,0.17156704589780403,0.13340028683573046,0.0941909601481381,0.09220488212938172
5.1160000000000005,0.12295897664841693,0.22800787324966842,0.1714783063984986,0.13335434499794063,0.09413619781969551,0.09214933785627633
5.118,0.12290433433523362,0.22792897403727697,0.17138952988985356,0.1333083316906487,0.09408138336187943,0.09209373612246408
5.12,0.12284963878225885,0.22784991377590202,0.17130071657166068,0.13326224710692047,0.09402651696639674,0.0920380771339393
5.122,0.12279489016405898,0.22777069280184747,0.17121186664330357,0.13321609143951574,0.09397159882467188,0.09198236109640923
5.124,0.12274008865493102,0.22769131145107613,0.17112298030375883,0.13316986488088944,0.09391662912784793,0.09192658821529398
5.126,0.12268523442890267,0.22761177005920952,0.1710340577515963,0.13312356762319166,0.09386160806678623,0.0918707586957268
5.128,0.1226303276597327,0.22753206896152856,0.1709450991849799,0.1330771998582685,0.09380653583206655,0.09181487274255451
5.13,0.122575368520911,0.22745220849297354,0.17085610480166835,0.13303076177766182,0.09375141261398756,0.09175893056033702
5.132,0.12252035718565901,0.22737218898814393,0.17076707479901532,0.13298425357261,0.09369623860256726,0.09170293235334803
5.134,0.12246529382693039,0.22729201078129901,0.17067800937397082,0.13293767543404855,0.09364101398754276,0.09164687832557505
5.136,0.12241017861741077,0.22721167420635813,0.1705889087230814,0.13289102755260984,0.09358573895837075,0.0915907686807198
5.138,0.12235501172951824,0.22713117959690043,0.17049977304249087,0.13284431011862408,0.09353041370422766,0.09153460362219801
5.14,0.12229979333540353,0.22705052728616537,0.17041060252794082,0.13279752332211925,0.09347503841400973,0.09147838335313985
5.142,0.12224452360695093,0.22696971760705265,0.17032139737477148,0.13275066735282204,0.09341961327633364,0.09142210807639017
5.144,0.12218920271577738,0.22688875089212268,0.170232157777922,0.1327037424001578,0.09336413847953651,0.09136577799450851
5.146,0.12213383083323404,0.22680762747359684,0.17014288393193144,0.13265674865325083,0.09330861421167591,0.09130939330976928
5.148,0.12207840813040582,0.22672634768335698,0.1700535760309394,0.1326096863009254,0.0932530406605303,0.0912529542241618
5.15,0.12202293477811188,0.2266449118529461,0.16996423426868645,0.13256255553170537,0.09319741801359949,0.09119646093939116
5.152,0.12196741094690555,0.22656332031356885,0.16987485883851483,0.13251535653381485,0.09314174645810414,0.09113991365687757
5.154,0.12191183680707551,0.2264815733960912,0.16978544993336908,0.13246808949517908,0.09308602618098694,0.09108331257775681
5.156,0.12185621252864509,0.22639967143104056,0.16969600774579674,0.13242075460342395,0.09303025736891213,0.09102665790288089
5.158,0.12180053828137338,0.22631761474860657,0.1696065324679492,0.1323733520458772,0.09297444020826595,0.09096994983281759
5.16,0.1217448142347548,0.22623540367864048,0.16951702429158155,0.13232588200956807,0.09291857488515709,0.09091318856785069
5.162,0.12168904055801999,0.22615303855065605,0.16942748340805425,0.13227834468122834,0.09286266158541623,0.09085637430798088
5.164,0.12163321742013578,0.22607051969382908,0.16933791000833276,0.13223074024729198,0.09280670049459694,0.09079950725292485
5.166,0.12157734498980544,0.22598784743699807,0.1692483042829891,0.13218306889389653,0.0927506917979759,0.0907425876021164
5.168,0.12152142343546912,0.22590502210866448,0.1691586664222018,0.13213533080688245,0.09269463568055247,0.090685615554706
5.17,0.12146545292530408,0.22582204403699246,0.16906899661575658,0.1320875261717942,0.09263853232704977,0.09062859130956147
5.172,0.12140943362722512,0.22573891354980935,0.16897929505304754,0.13203965517388028,0.09258238192191426,0.09057151506526795
5.174,0.12135336570888433,0.22565563097460561,0.16888956192307725,0.13199171799809362,0.09252618464931617,0.0905143870201277
5.176,0.12129724933767227,0.22557219663853534,0.1687997974144575,0.13194371482909228,0.09246994069314995,0.09045720737216101
5.178,0.1212410846807177,0.22548861086841643,0.16871000171540995,0.13189564585123947,0.09241365023703407,0.09039997631910568
5.18,0.12118487190488758,0.22540487399073017,0.16862017501376658,0.13184751124860394,0.09235731346431142,0.090342694058418
5.182,0.12112861117678797,0.22532098633162212,0.16853031749697078,0.1317993112049609,0.09230093055804978,0.090285360787272
5.184,0.12107230266276403,0.2252369482169021,0.16844042935207781,0.1317510459037916,0.09224450170104181,0.09022797670256044
5.186,0.12101594652890046,0.2251527599720442,0.1683505107657548,0.13170271552828416,0.09218802707580531,0.09017054200089447
5.188,0.12095954294102151,0.22506842192218723,0.16826056192428207,0.13165432026133406,0.09213150686458338,0.09011305687860416
5.19,0.12090309206469141,0.2249839343921345,0.1681705830135538,0.1316058602855441,0.09207494124934468,0.09005552153173824
5.192,0.12084659406521481,0.22489929770635442,0.16808057421907807,0.13155733578322493,0.09201833041178364,0.089997936156065
5.194,0.12079004910763658,0.2248145121889804,0.16799053572597789,0.13150874693639603,0.09196167453332094,0.08994030094707162
5.196,0.1207334573567429,0.22472957816381123,0.1679004677189917,0.13146009392678515,0.09190497379510343,0.08988261609996506
5.198,0.12067681897706084,0.22464449595431124,0.16781037038247426,0.13141137693582916,0.09184822837800444,0.08982488180967163
5.2,0.12062013413285877,0.22455926588361041,0.16772024390039686,0.13136259614467427,0.09179143846262394,0.08976709827083806
5.202,0.12056340298814705,0.22447388827450454,0.1676300884563482,0.13131375173417692,0.09173460422928903,0.08970926567783066
5.204,0.12050662570667803,0.22438836344945545,0.1675399042335346,0.13126484388490334,0.09167772585805367,0.08965138422473617
5.206,0.12044980245194603,0.22430269173059125,0.16744969141478117,0.13121587277713043,0.09162080352869939,0.08959345410536179
5.208,0.12039293338718804,0.22421687343970653,0.16735945018253218,0.1311668385908462,0.09156383742073548,0.08953547551323537
5.21,0.12033601867538413,0.22413090889826215,0.16726918071885177,0.13111774150574984,0.0915068277133988,0.08947744864160523
5.212,0.12027905847925724,0.22404479842738612,0.1671788832054244,0.13106858170125224,0.0914497745856544,0.08941937368344122
5.214,0.12022205296127386,0.22395854234787338,0.16708855782355525,0.13101935935647635,0.09139267821619557,0.08936125083143387
5.216,0.12016500228364402,0.2238721409801856,0.16699820475417138,0.13097007465025756,0.09133553878344425,0.08930308027799527
5.218,0.12010790660832193,0.22378559464445247,0.16690782417782213,0.13092072776114416,0.09127835646555105,0.08924486221525907
5.22,0.12005076609700582,0.22369890366047063,0.1668174162746796,0.13087131886739756,0.09122113144039545,0.08918659683508046
5.222,0.11999358091113876,0.22361206834770475,0.16672698122453933,0.13082184814699294,0.09116386388558628,0.08912828432903686
5.224,0.11993635121190849,0.22352508902528712,0.16663651920682065,0.13077231577761905,0.09110655397846168,0.08906992488842769
5.226,0.11987907716024782,0.22343796601201849,0.16654603040056815,0.13072272193667933,0.09104920189608956,0.08901151870427437
5.228,0.11982175891683511,0.22335069962636767,0.1664555149844511,0.13067306680129165,0.09099180781526739,0.08895306596732122
5.23,0.11976439664209404,0.22326329018647195,0.1663649731367649,0.13062335054828877,0.09093437191252307,0.08889456686803521
5.232,0.11970699049619471,0.22317573801013735,0.16627440503543123,0.13057357335421949,0.09087689436411472,0.08883602159660575
5.234,0.1196495406390532,0.22308804341483857,0.16618381085799916,0.13052373539534767,0.0908193753460309,0.0887774303429456
5.236,0.11959204723033223,0.22300020671771947,0.16609319078164542,0.1304738368476539,0.09076181503399106,0.08871879329669063
5.238,0.11953451042944119,0.2229122282355933,0.1660025449831748,0.13042387788683518,0.0907042136034455,0.08866011064720003
5.24,0.11947693039553653,0.22282410828494226,0.16591187363902105,0.1303738586883052,0.09064657122957587,0.08860138258355699
5.242,0.11941930728752226,0.2227358471819183,0.16582117692524756,0.13032377942719497,0.09058888808729537,0.08854260929456803
5.244,0.11936164126404991,0.22264744524234348,0.1657304550175478,0.1302736402783533,0.09053116435124853,0.08848379096876413
5.246,0.11930393248351878,0.22255890278170942,0.16563970809124573,0.13022344141634723,0.09047340019581229,0.08842492779440003
5.248,0.11924618110407681,0.22247022011517803,0.16554893632129675,0.13017318301546155,0.09041559579509517,0.08836601995945492
5.25,0.11918838728362013,0.22238139755758146,0.1654581398822883,0.1301228652497004,0.0903577513229381,0.08830706765163243
5.252,0.11913055117979354,0.2222924354234228,0.16536731894844015,0.13007248829278684,0.09029986695291514,0.0882480710583613
5.2540000000000004,0.11907267294999113,0.22220333402687542,0.1652764736936052,0.13002205231816322,0.09024194285833254,0.08818903036679471
5.256,0.11901475275135609,0.2221140936817838,0.16518560429127005,0.12997155749899214,0.09018397921222987,0.08812994576381139
5.258,0.11895679074078136,0.2220247147016634,0.16509471091455552,0.12992100400815598,0.09012597618737983,0.08807081743601519
5.26,0.11889878707490986,0.22193519739970102,0.1650037937362172,0.12987039201825823,0.09006793395628865,0.08801164556973529
5.2620000000000005,0.1188407419101345,0.22184554208875507,0.16491285292864677,0.12981972170162281,0.0900098526911961,0.08795243035102662
5.264,0.11878265540259858,0.22175574908135554,0.16482188866387126,0.12976899323029523,0.08995173256407618,0.08789317196567015
5.266,0.1187245277081963,0.22166581868970425,0.1647309011135547,0.12971820677604273,0.08989357374663687,0.0878338705991728
5.268,0.11866635898257272,0.22157575122567508,0.16463989044899852,0.1296673625103546,0.08983537641032058,0.08777452643676775
5.2700000000000005,0.1186081493811244,0.22148554700081413,0.16454885684114173,0.12961646060444232,0.08977714072630438,0.0877151396634146
5.272,0.11854989905899904,0.22139520632634002,0.1644578004605619,0.1295655012292405,0.08971886686550001,0.08765571046379961
5.274,0.11849160817109672,0.22130472951314384,0.16436672147747577,0.1295144845554066,0.0896605549985543,0.08759623902233571
5.276,0.11843327687206906,0.2212141168717896,0.16427562006173968,0.12946341075332168,0.08960220529584939,0.08753672552316294
5.2780000000000005,0.11837490531632056,0.22112336871251426,0.16418449638284982,0.1294122799930908,0.08954381792750299,0.08747717015014866
5.28,0.11831649365800812,0.22103248534522812,0.1640933506099438,0.1293610924445432,0.08948539306336856,0.08741757308688736
5.282,0.11825804205104151,0.22094146707951468,0.16400218291180013,0.1293098482772328,0.08942693087303533,0.08735793451670149
5.284,0.11819955064908405,0.22085031422463097,0.16391099345683946,0.1292585476604382,0.08936843152582896,0.08729825462264085
5.2860000000000005,0.11814101960555212,0.22075902708950812,0.16381978241312511,0.12920719076316378,0.08930989519081134,0.08723853358748324
5.288,0.11808244907361631,0.22066760598275081,0.1637285499483634,0.129155777754139,0.08925132203678099,0.08717877159373488
5.29,0.11802383920620074,0.22057605121263824,0.16363729622990464,0.12910430880182,0.08919271223227332,0.08711896882363024
5.292,0.11796519015598439,0.2204843630871236,0.16354602142474328,0.12905278407438892,0.08913406594556106,0.08705912545913219
5.2940000000000005,0.11790650207540065,0.22039254191383484,0.1634547256995187,0.129001203739755,0.08907538334465381,0.0869992416819323
5.296,0.11784777511663758,0.22030058800007435,0.16336340922051584,0.12894956796555435,0.08901666459729918,0.08693931767345142
5.298,0.1177890094316385,0.2202085016528199,0.16327207215366557,0.12889787691915067,0.08895790987098207,0.08687935361483912
5.3,0.11773020517210231,0.22011628317872423,0.16318071466454565,0.1288461307676354,0.08889911933292582,0.08681934968697425
5.3020000000000005,0.11767136248948362,0.22002393288411493,0.163089336918381,0.12879432967782845,0.08884029315009156,0.08675930607046545
5.304,0.1176124815349926,0.21993145107499568,0.16299793908004423,0.12874247381627812,0.08878143148917927,0.08669922294565069
5.306,0.11755356245959625,0.21983883805704552,0.16290652131405658,0.12869056334926166,0.08872253451662737,0.08663910049259815
5.308,0.11749460541401757,0.21974609413561952,0.1628150837845881,0.1286385984427858,0.08866360239861315,0.08657893889110602
5.3100000000000005,0.11743561054873664,0.21965321961574857,0.16272362665545836,0.12858657926258665,0.08860463530105323,0.08651873832070245
5.312,0.1173765780139906,0.21956021480214005,0.16263215009013732,0.12853450597413052,0.0885456333896033,0.08645849896064628
5.314,0.11731750795977391,0.2194670799991778,0.16254065425174558,0.12848237874261392,0.08848659682965865,0.086398220989927
5.316,0.11725840053583858,0.21937381551092217,0.1624491393030547,0.1284301977329645,0.08842752578635471,0.08633790458726476
5.3180000000000005,0.11719925589169455,0.2192804216411106,0.16235760540648858,0.1283779631098403,0.0883684204245665,0.08627754993111103
5.32,0.11714007417660977,0.21918689869315733,0.1622660527241233,0.1283256750376316,0.08830928090890944,0.08621715719964818
5.322,0.117080855539611,0.21909324697015364,0.1621744814176882,0.1282733336804598,0.08825010740373962,0.0861567265707901
5.324,0.11702160012948326,0.2189994667748687,0.16208289164856593,0.1282209392021787,0.08819090007315356,0.08609625822218248
5.3260000000000005,0.11696230809477104,0.218905558409749,0.16199128357779324,0.1281684917663748,0.08813165908098886,0.08603575233120253
5.328,0.11690297958377749,0.2188115221769189,0.16189965736606204,0.1281159915363672,0.088072384590824,0.0859752090749597
5.33,0.11684361474456595,0.21871735837818096,0.16180801317371918,0.12806343867520842,0.08801307676597925,0.08591462863029542
5.332,0.11678421372495906,0.21862306731501557,0.16171635116076755,0.12801083334568442,0.08795373576951637,0.08585401117378355
5.3340000000000005,0.11672477667253967,0.21852864928858162,0.16162467148686654,0.1279581757103152,0.0878943617642387,0.08579335688173062
5.336,0.11666530373465078,0.2184341045997169,0.1615329743113323,0.12790546593135477,0.087834954912692,0.08573266593017559
5.338,0.11660579505839652,0.21833943354893748,0.16144125979313895,0.1278527041707922,0.08777551537716377,0.08567193849489096
5.34,0.1165462507906414,0.21824463643643877,0.16134952809091851,0.12779989059035124,0.08771604331968463,0.08561117475138191
5.3420000000000005,0.11648667107801125,0.21814971356209534,0.1612577793629617,0.12774702535149118,0.08765653890202763,0.08555037487488693
5.344,0.11642705606689341,0.2180546652254609,0.16116601376721884,0.12769410861540686,0.08759700228570866,0.08548953904037848
5.346,0.11636740590343675,0.21795949172576878,0.16107423146129962,0.1276411405430291,0.08753743363198718,0.08542866742256239
5.348,0.11630772073355211,0.2178641933619323,0.1609824326024747,0.1275881212950254,0.08747783310186552,0.08536776019587866
5.3500000000000005,0.11624800070291275,0.2177687704325444,0.16089061734767518,0.12753505103179963,0.0874182008560902,0.08530681753450109
5.352,0.11618824595695432,0.21767322323587823,0.16079878585349405,0.12748192991349305,0.08735853705515129,0.08524583961233811
5.354,0.11612845664087512,0.2175775520698875,0.16070693827618654,0.12742875809998444,0.08729884185928283,0.0851848266030324
5.356,0.11606863289963654,0.21748175723220609,0.16061507477167014,0.1273755357508901,0.08723911542846352,0.08512377867996146
5.3580000000000005,0.11600877487796346,0.21738583902014885,0.16052319549552596,0.12732226302556482,0.08717935792241627,0.08506269601623795
5.36,0.11594888272034409,0.21728979773071155,0.1604313006029987,0.12726894008310152,0.08711956950060906,0.08500157878470915
5.362,0.11588895657103082,0.2171936336605711,0.16033939024899735,0.12721556708233228,0.08705975032225455,0.08494042715795813
5.364,0.11582899657403978,0.21709734710608553,0.16024746458809624,0.12716214418182847,0.08699990054631068,0.08487924130830282
5.3660000000000005,0.11576900287315173,0.21700093836329448,0.16015552377453468,0.12710867153990058,0.08694002033148118,0.0848180214077976
5.368,0.11570897561191185,0.2169044077279194,0.1600635679622182,0.12705514931459927,0.08688010983621508,0.08475676762823192
5.37,0.11564891493363039,0.21680775549536357,0.1599715973047191,0.12700157766371545,0.08682016921870717,0.08469548014113193
5.372,0.1155888209813829,0.21671098196071226,0.15987961195527656,0.12694795674478065,0.08676019863689888,0.08463415911775973
5.3740000000000006,0.11552869389801002,0.216614087418733,0.1597876120667978,0.1268942867150673,0.08670019824847741,0.0845728047291141
5.376,0.11546853382611855,0.21651707216387583,0.15969559779185794,0.12684056773158914,0.08664016821087706,0.08451141714593025
5.378,0.11540834090808105,0.2164199364902737,0.15960356928270114,0.12678679995110143,0.08658010868127852,0.08444999653868024
5.38,0.11534811528603628,0.21632268069174243,0.1595115266912408,0.12673298353010165,0.08652001981660962,0.08438854307757326
5.382,0.1152878571018896,0.2162253050617804,0.15941947016906033,0.1266791186248295,0.08645990177354568,0.08432705693255582
5.384,0.11522756649731303,0.21612780989356994,0.15932739986741384,0.12662520539126731,0.08639975470850891,0.08426553827331174
5.386,0.11516724361374586,0.21603019547997637,0.15923531593722595,0.12657124398514052,0.08633957877766996,0.08420398726926259
5.388,0.11510688859239471,0.21593246211354877,0.1591432185290933,0.12651723456191788,0.08627937413694675,0.08414240408956775
5.39,0.11504650157423346,0.21583461008652005,0.15905110779328457,0.1264631772768119,0.08621914094200567,0.08408078890312454
5.392,0.11498608270000421,0.21573663969080736,0.15895898387974094,0.12640907228477904,0.0861588793482615,0.08401914187856874
5.394,0.114925632110217,0.2156385512180119,0.15886684693807696,0.1263549197405205,0.08609858951087745,0.0839574631842741
5.396,0.11486514994515007,0.21554034495941954,0.15877469711758097,0.1263007197984818,0.08603827158476562,0.0838957529883535
5.398,0.1148046363448505,0.21544202120600064,0.15868253456721582,0.12624647261285382,0.0859779257245874,0.08383401145865821
5.4,0.11474409144913444,0.21534358024841027,0.15859035943561883,0.12619217833757257,0.08591755208475305,0.08377223876277884
5.402,0.11468351539758692,0.21524502237698862,0.15849817187110316,0.1261378371263202,0.08585715081942258,0.0837104350680451
5.404,0.11462290832956268,0.21514634788176124,0.15840597202165752,0.1260834491325249,0.08579672208250555,0.08364860054152579
5.406,0.11456227038418598,0.21504755705243905,0.15831376003494757,0.12602901450936121,0.08573626602766171,0.08358673535002992
5.408,0.11450160170035084,0.21494865017841858,0.15822153605831568,0.12597453340975062,0.0856757828083008,0.0835248396601056
5.41,0.11444090241672189,0.21484962754878234,0.1581293002387818,0.12592000598636166,0.08561527257758317,0.08346291363804159
5.412,0.11438017267173417,0.21475048945229847,0.15803705272304436,0.1258654323916102,0.08555473548841941,0.08340095744986642
5.414,0.11431941260359335,0.21465123617742154,0.1579447936574805,0.12581081277766026,0.0854941716934714,0.08333897126134926
5.416,0.11425862235027617,0.21455186801229265,0.15785252318814602,0.12575614729642393,0.08543358134515189,0.08327695523799972
5.418,0.11419780204953067,0.2144523852447393,0.15776024146077705,0.12570143609956164,0.08537296459562493,0.08321490954506805
5.42,0.1141369518388764,0.214352788162276,0.15766794862078992,0.12564667933848273,0.0853123215968059,0.08315283434754583
5.422,0.11407607185560464,0.21425307705210428,0.15757564481328146,0.12559187716434583,0.08525165250036237,0.08309072981016574
5.424,0.1140151622367791,0.21415325220111248,0.1574833301830303,0.12553702972805914,0.08519095745771366,0.08302859609740154
5.426,0.11395422311923542,0.2140533138958769,0.15739100487449686,0.12548213718028034,0.08513023662003127,0.08296643337346876
5.428,0.11389325463958189,0.213953262422661,0.1572986690318241,0.1254271996714178,0.08506949013823917,0.08290424180232492
5.43,0.11383225693419985,0.21385309806741626,0.15720632279883784,0.1253722173516303,0.08500871816301392,0.08284202154766906
5.432,0.1137712301392435,0.21375282111578198,0.1571139663190475,0.12531719037082745,0.08494792084478497,0.0827797727729429
5.434,0.11371017439064057,0.2136524318530859,0.15702159973564656,0.12526211887867,0.08488709833373487,0.08271749564133013
5.436,0.1136490898240925,0.21355193056434407,0.15692922319151315,0.12520700302457022,0.08482625077979966,0.08265519031575708
5.438,0.11358797657507447,0.21345131753426094,0.15683683682921057,0.12515184295769233,0.08476537833266873,0.08259285695889296
5.44,0.11352683477883585,0.21335059304722992,0.15674444079098748,0.125096638826953,0.08470448114178541,0.08253049573314986
5.442,0.11346566457040064,0.21324975738733332,0.15665203521877924,0.12504139078102128,0.08464355935634682,0.08246810680068295
5.444,0.11340446608456722,0.21314881083834258,0.15655962025420767,0.12498609896831891,0.08458261312530468,0.08240569032339096
5.446,0.11334323945590885,0.21304775368371875,0.15646719603858195,0.12493076353702137,0.08452164259736472,0.08234324646291613
5.448,0.1132819848187745,0.21294658620661222,0.15637476271289885,0.12487538463505721,0.08446064792098773,0.08228077538064427
5.45,0.11322070230728798,0.21284530868986318,0.15628232041784362,0.12481996241010918,0.08439962924438915,0.08221827723770536
5.452,0.1131593920553493,0.21274392141600185,0.15618986929379064,0.124764497009614,0.08433858671553973,0.0821557521949734
5.454,0.11309805419663421,0.21264242466724892,0.1560974094808032,0.12470898858076329,0.0842775204821653,0.082093200413067
5.456,0.11303668886459461,0.2125408187255149,0.15600494111863483,0.12465343727050349,0.08421643069174745,0.08203062205234879
5.458,0.11297529619245905,0.21243910387240117,0.15591246434672934,0.12459784322553591,0.08415531749152372,0.08196801727292669
5.46,0.11291387631323291,0.21233728038919963,0.15581997930422165,0.12454220659231807,0.08409418102848742,0.08190538623465327
5.462,0.11285242935969841,0.21223534855689352,0.15572748612993825,0.1244865275170628,0.08403302144938851,0.08184272909712642
5.464,0.11279095546441509,0.2121333086561572,0.15563498496239725,0.12443080614573954,0.0839718389007329,0.08178004601968913
5.466,0.11272945475971996,0.21203116096735597,0.15554247593980963,0.12437504262407417,0.08391063352878336,0.08171733716143037
5.468,0.1126679273777278,0.21192890577054713,0.15544995920007953,0.12431923709754944,0.08384940547955977,0.08165460268118441
5.47,0.11260637345033175,0.21182654334547957,0.15535743488080445,0.12426338971140538,0.08378815489883928,0.08159184273753173
5.472,0.11254479310920296,0.2117240739715942,0.15526490311927588,0.12420750061063979,0.08372688193215594,0.0815290574887988
5.474,0.11248318648579114,0.21162149792802376,0.15517236405248025,0.12415156994000776,0.08366558672480173,0.0814662470930585
5.476,0.11242155371132467,0.21151881549359386,0.15507981781709912,0.12409559784402324,0.08360426942182642,0.08140341170813015
5.478,0.11235989491681142,0.21141602694682238,0.15498726454950962,0.1240395844669584,0.08354293016803771,0.08134055149158015
5.48,0.11229821023303832,0.21131313256591988,0.15489470438578512,0.12398352995284445,0.08348156910800175,0.08127766660072133
5.482,0.11223649979057182,0.21121013262879007,0.1548021374616957,0.12392743444547172,0.08342018638604332,0.08121475719261428
5.484,0.11217476371975832,0.21110702741302956,0.15470956391270874,0.12387129808839004,0.08335878214624537,0.08115182342406646
5.486,0.1121130021507244,0.21100381719592853,0.15461698387398926,0.12381512102490899,0.0832973565324504,0.08108886545163285
5.488,0.1120512152133768,0.21090050225447055,0.15452439748040048,0.12375890339809881,0.08323590968825978,0.08102588343161665
5.49,0.11198940303740312,0.21079708286533316,0.15443180486650476,0.12370264535078968,0.08317444175703415,0.08096287752006859
5.492,0.11192756575227136,0.21069355930488753,0.15433920616656338,0.12364634702557309,0.08311295288189413,0.08089984787278759
5.494,0.11186570348723124,0.21058993184919927,0.1542466015145374,0.12359000856480162,0.08305144320571989,0.08083679464532101
5.496,0.11180381637131331,0.21048620077402824,0.15415399104408856,0.12353363011058915,0.08298991287115198,0.08077371799296462
5.498,0.11174190453332988,0.21038236635482854,0.1540613748885793,0.1234772118048113,0.08292836202059073,0.0807106180707633
5.5,0.11167996810187542,0.2102784288667494,0.1539687531810734,0.12342075378910633,0.08286679079619752,0.08064749503351054
5.502,0.11161800720532633,0.210174388584635,0.15387612605433643,0.12336425620487468,0.08280519933989439,0.08058434903574896
5.5040000000000004,0.11155602197184145,0.21007024578302436,0.15378349364083643,0.12330771919327965,0.08274358779336399,0.08052118023177068
5.506,0.1114940125293622,0.2099660007361519,0.15369085607274413,0.12325114289524741,0.08268195629805053,0.08045798877561716
5.508,0.11143197900561286,0.20986165371794785,0.15359821348193403,0.12319452745146808,0.08262030499515949,0.08039477482108004
5.51,0.11136992152810099,0.20975720500203776,0.15350556599998444,0.12313787300239509,0.08255863402565788,0.0803315385217005
5.5120000000000005,0.11130784022411722,0.20965265486174345,0.15341291375817767,0.1230811796882465,0.0824969435302747,0.08026828003076991
5.514,0.11124573522073633,0.20954800357008274,0.15332025688750162,0.12302444764900433,0.08243523364950112,0.08020499950133031
5.516,0.11118360664481686,0.20944325139976994,0.15322759551864906,0.12296767702441547,0.08237350452359049,0.08014169708617391
5.518,0.11112145462300127,0.20933839862321557,0.15313492978201904,0.12291086795399186,0.08231175629255882,0.08007837293784381
5.5200000000000005,0.11105927928171644,0.2092334455125271,0.1530422598077168,0.122854020577011,0.08224998909618475,0.08001502720863418
5.522,0.11099708074717429,0.20912839233950886,0.15294958572555473,0.12279713503251588,0.08218820307400998,0.07995166005059007
5.524,0.11093485914537138,0.20902323937566236,0.15285690766505278,0.1227402114593159,0.0821263983653393,0.07988827161550827
5.526,0.11087261460208953,0.20891798689218644,0.15276422575543847,0.12268324999598645,0.08206457510924103,0.07982486205493688
5.5280000000000005,0.11081034724289585,0.20881263515997728,0.1526715401256482,0.12262625078086975,0.08200273344454723,0.07976143152017579
5.53,0.11074805719314318,0.2087071844496291,0.1525788509043271,0.1225692139520751,0.08194087350985368,0.0796979801622768
5.532,0.11068574457797031,0.20860163503143392,0.1524861582198298,0.12251213964747887,0.0818789954435204,0.07963450813204398
5.534,0.11062340952230221,0.20849598717538176,0.15239346220022099,0.12245502800472541,0.08181709938367154,0.07957101558003377
5.5360000000000005,0.11056105215085021,0.20839024115116112,0.15230076297327555,0.1223978791612268,0.08175518546819593,0.07950750265655526
5.538,0.1104986725881123,0.20828439722815895,0.15220806066647974,0.12234069325416352,0.08169325383474724,0.07944396951166999
5.54,0.11043627095837372,0.2081784556754609,0.15211535540703114,0.12228347042048449,0.08163130462074397,0.07938041629519277
5.542,0.11037384738570633,0.20807241676185173,0.15202264732183912,0.12222621079690787,0.08156933796336996,0.0793168431566913
5.5440000000000005,0.11031140199396994,0.20796628075581491,0.1519299365375255,0.12216891451992073,0.08150735399957454,0.07925325024548702
5.546,0.11024893490681165,0.2078600479255337,0.15183722318042547,0.12211158172577985,0.08144535286607257,0.07918963771065468
5.548,0.11018644624766671,0.20775371853889046,0.1517445073765873,0.12205421255051174,0.08138333469934489,0.0791260057010228
5.55,0.11012393613975857,0.20764729286346784,0.15165178925177325,0.12199680712991356,0.0813212996356385,0.07906235436517406
5.5520000000000005,0.11006140470609882,0.2075407711665478,0.15155906893146032,0.12193936559955243,0.0812592478109666,0.07899868385144515
5.554,0.10999885206948812,0.20743415371511253,0.15146634654084012,0.12188188809476652,0.08119717936110882,0.07893499430792716
5.556,0.10993627835251574,0.20732744077584497,0.15137362220481987,0.1218243747506651,0.08113509442161204,0.07887128588246584
5.558,0.10987368367756001,0.20722063261512824,0.15128089604802253,0.12176682570212916,0.0810729931277896,0.07880755872266176
5.5600000000000005,0.1098110681667892,0.20711372949904616,0.15118816819478775,0.12170924108381098,0.08101087561472253,0.07874381297587041
5.562,0.10974843194216088,0.20700673169338346,0.15109543876917209,0.12165162103013549,0.08094874201725921,0.07868004878920232
5.564,0.10968577512542232,0.206899639463626,0.1510027078949494,0.12159396567529956,0.0808865924700155,0.07861626630952379
5.566,0.10962309783811142,0.2067924530749612,0.15090997569561138,0.12153627515327292,0.08082442710737525,0.0785524656834562
5.5680000000000005,0.10956040020155622,0.20668517279227783,0.1508172422943681,0.12147854959779836,0.08076224606349047,0.07848864705737735
5.57,0.10949768233687562,0.20657779888016625,0.1507245078141486,0.12142078914239218,0.08070004947228138,0.07842481057742057
5.572,0.10943494436497914,0.20647033160291883,0.1506317723776014,0.121362993920344,0.08063783746743702,0.07836095638947538
5.574,0.10937218640656776,0.20636277122453017,0.15053903610709463,0.12130516406471781,0.08057561018241488,0.07829708463918816
5.5760000000000005,0.10930940858213356,0.2062551180086969,0.15044629912471685,0.12124729970835157,0.08051336775044193,0.0782331954719615
5.578,0.10924661101196032,0.20614737221881851,0.15035356155227753,0.12118940098385789,0.0804511103045138,0.07816928903295484
5.58,0.10918379381612398,0.2060395341179968,0.15026082351130743,0.12113146802362462,0.08038883797739604,0.07810536546708469
5.582,0.10912095711449221,0.2059316039690371,0.1501680851230589,0.12107350095981428,0.08032655090162377,0.07804142491902466
5.5840000000000005,0.10905810102672531,0.20582358203444717,0.15007534650850696,0.12101549992436533,0.08026424920950204,0.07797746753320611
5.586,0.10899522567227637,0.2057154685764384,0.14998260778834904,0.12095746504899196,0.08020193303310585,0.0779134934538177
5.588,0.10893233117039092,0.20560726385692574,0.14988986908300617,0.12089939646518455,0.08013960250428065,0.07784950282480607
5.59,0.10886941764010793,0.20549896813752766,0.14979713051262267,0.12084129430420987,0.08007725775464247,0.07778549578987581
5.5920000000000005,0.1088064852002597,0.20539058167956692,0.14970439219706755,0.12078315869711154,0.080014898915578,0.07772147249248995
5.594,0.108743533969472,0.20528210474406983,0.14961165425593403,0.12072498977471025,0.07995252611824522,0.07765743307586948
5.596,0.10868056406616455,0.20517353759176737,0.1495189168085409,0.12066678766760419,0.07989013949357315,0.07759337768299468
5.598,0.10861757560855123,0.20506488048309524,0.14942617997393248,0.12060855250616909,0.07982773917226238,0.07752930645660405
5.6000000000000005,0.10855456871464009,0.20495613367819332,0.1493334438708791,0.1205502844205586,0.07976532528478497,0.07746521953919538
5.602,0.108491543502234,0.20484729743690666,0.14924070861787797,0.120491983540705,0.07970289796138519,0.07740111707302577
5.604,0.10842850008893046,0.20473837201878542,0.14914797433315297,0.120433649996319,0.07964045733207925,0.07733699920011183
5.606,0.108365438592122,0.2046293576830851,0.14905524113465596,0.12037528391689034,0.07957800352665556,0.07727286606222972
5.6080000000000005,0.10830235912899666,0.20452025468876656,0.1489625091400668,0.12031688543168806,0.07951553667467537,0.07720871780091532
5.61,0.10823926181653798,0.20441106329449665,0.1488697784667936,0.12025845466976048,0.07945305690547277,0.07714455455746472
5.612,0.1081761467715252,0.20430178375864783,0.14877704923197377,0.12019999175993612,0.0793905643481545,0.0770803764729342
5.614,0.10811301411053376,0.20419241633929874,0.14868432155247402,0.12014149683082342,0.07932805913160101,0.07701618368814067
5.6160000000000005,0.10804986394993521,0.20408296129423453,0.1485915955448911,0.12008297001081147,0.07926554138446584,0.07695197634366169
5.618,0.10798669640589775,0.20397341888094656,0.14849887132555195,0.12002441142806997,0.07920301123517626,0.07688775457983543
5.62,0.10792351159438662,0.20386378935663285,0.14840614901051463,0.11996582121054988,0.07914046881193348,0.07682351853676139
5.622,0.10786030963116344,0.20375407297819859,0.14831342871556852,0.1199071994859835,0.07907791424271293,0.07675926835430014
5.6240000000000006,0.10779709063178755,0.20364427000225604,0.14822071055623476,0.11984854638188458,0.07901534765526441,0.07669500417207398
5.626,0.10773385471161578,0.20353438068512464,0.14812799464776694,0.11978986202554931,0.07895276917711191,0.07663072612946675
5.628,0.10767060198580247,0.20342440528283157,0.1480352811051513,0.11973114654405581,0.07889017893555472,0.07656643436562405
5.63,0.10760733256930033,0.20331434405111115,0.1479425700431074,0.11967240006426483,0.07882757705766696,0.07650212901945386
5.632,0.10754404657685979,0.20320419724540617,0.1478498615760886,0.11961362271282039,0.07876496367029784,0.07643781022962637
5.634,0.1074807441230301,0.20309396512086741,0.14775715581828197,0.11955481461614914,0.07870233890007206,0.07637347813457418
5.636,0.10741742532215914,0.20298364793235368,0.14766445288360996,0.1194959759004619,0.07863970287339006,0.07630913287249275
5.638,0.1073540902883936,0.20287324593443268,0.14757175288572943,0.11943710669175278,0.07857705571642803,0.07624477458134016
5.64,0.10729073913567966,0.20276275938138033,0.14747905593803323,0.11937820711580027,0.07851439755513856,0.07618040339883803
5.642,0.10722737197776255,0.20265218852718192,0.1473863621536502,0.11931927729816727,0.0784517285152504,0.07611601946247082
5.644,0.10716398892818746,0.2025415336255314,0.1472936716454456,0.11926031736420128,0.07838904872226893,0.07605162290948697
5.646,0.10710059010029926,0.2024307949298323,0.14720098452602182,0.11920132743903489,0.07832635830147616,0.07598721387689822
5.648,0.10703717560724324,0.20231997269319768,0.14710830090771854,0.11914230764758593,0.07826365737793117,0.07592279250148048
5.65,0.10697374556196482,0.20220906716845,0.14701562090261344,0.11908325811455822,0.07820094607647032,0.07585835891977388
5.652,0.10691030007721025,0.2020980786081219,0.14692294462252242,0.11902417896444084,0.07813822452170749,0.07579391326808271
5.654,0.1068468392655264,0.20198700726445606,0.14683027217900047,0.11896507032150971,0.07807549283803383,0.07572945568247569
5.656,0.10678336323926141,0.2018758533894054,0.14673760368334143,0.11890593230982693,0.07801275114961892,0.0756649862987866
5.658,0.10671987211056488,0.20176461723463324,0.1466449392465794,0.11884676505324165,0.07794999958041005,0.07560050525261408
5.66,0.10665636599138772,0.20165329905151363,0.1465522789794882,0.11878756867538987,0.0778872382541329,0.07553601267932164
5.662,0.10659284499348276,0.20154189909113174,0.14645962299258275,0.11872834329969528,0.07782446729429182,0.07547150871403852
5.664,0.10652930922840476,0.20143041760428337,0.14636697139611865,0.11866908904936913,0.07776168682416973,0.07540699349165925
5.666,0.10646575880751108,0.20131885484147616,0.14627432430009368,0.11860980604741056,0.07769889696682886,0.07534246714684456
5.668,0.10640219384196148,0.20120721105292882,0.14618168181424696,0.11855049441660714,0.07763609784511027,0.07527792981402048
5.67,0.10633861444271853,0.2010954864885719,0.14608904404806067,0.11849115427953527,0.07757328958163479,0.07521338162737967
5.672,0.10627502072054762,0.20098368139804768,0.14599641111075967,0.11843178575855995,0.0775104722988027,0.07514882272088119
5.674,0.10621141278601742,0.2008717960307107,0.14590378311131214,0.11837238897583546,0.07744764611879407,0.07508425322825052
5.676,0.10614779074950009,0.20075983063562775,0.1458111601584302,0.1183129640533056,0.0773848111635691,0.07501967328297998
5.678,0.10608415472117172,0.20064778546157802,0.14571854236057047,0.11825351111270388,0.07732196755486864,0.07495508301832876
5.68,0.1060205048110121,0.20053566075705342,0.14562592982593414,0.1181940302755542,0.07725911541421349,0.07489048256732356
5.682,0.10595684112880543,0.20042345677025897,0.14553332266246777,0.1181345216631704,0.07719625486290571,0.07482587206275815
5.684,0.10589316378414004,0.20031117374911234,0.14544072097786342,0.11807498539665717,0.07713338602202802,0.07476125163719405
5.686,0.10582947288640931,0.20019881194124478,0.1453481248795594,0.11801542159691025,0.07707050901244439,0.07469662142296052
5.688,0.10576576854481101,0.20008637159400067,0.14525553447474038,0.11795583038461666,0.0770076239548001,0.074631981552155
5.69,0.10570205086834861,0.1999738529544386,0.14516294987033818,0.1178962118802549,0.07694473096952237,0.07456733215664291
5.692,0.1056383199658304,0.1998612562693305,0.14507037117303234,0.11783656620409522,0.07688183017681993,0.07450267336805849
5.694,0.10557457594587061,0.19974858178516275,0.14497779848924996,0.11777689347620002,0.07681892169668392,0.0744380053178042
5.696,0.10551081891688918,0.19963582974813576,0.14488523192516656,0.11771719381642454,0.0767560056488874,0.07437332813705133
5.698,0.10544704898711221,0.1995230004041646,0.14479267158670672,0.11765746734441618,0.07669308215298609,0.07430864195674047
5.7,0.10538326626457217,0.19941009399887877,0.14470011757954393,0.11759771417961562,0.07663015132831852,0.07424394690758152
5.702,0.10531947085710791,0.1992971107776229,0.14460757000910163,0.11753793444125682,0.07656721329400606,0.07417924312005342
5.704,0.10525566287236487,0.19918405098545633,0.14451502898055324,0.11747812824836745,0.07650426816895317,0.0741145307244051
5.706,0.105191842417796,0.19907091486715411,0.14442249459882306,0.11741829571976892,0.07644131607184801,0.07404980985065523
5.708,0.10512800960066104,0.19895770266720647,0.14432996696858624,0.11735843697407677,0.07637835712116203,0.07398508062859244
5.71,0.10506416452802747,0.19884441462981917,0.14423744619426926,0.1172985521297012,0.07631539143515043,0.07392034318777574
5.712,0.10500030730677046,0.1987310509989142,0.14414493238005077,0.11723864130484718,0.07625241913185277,0.0738555976575348
5.714,0.10493643804357289,0.19861761201812933,0.14405242562986187,0.11717870461751456,0.0761894403290928,0.07379084416696968
5.716,0.10487255684492602,0.19850409793081858,0.14395992604738606,0.11711874218549845,0.07612645514447847,0.0737260828449513
5.718,0.10480866381712928,0.19839050898005262,0.1438674337360606,0.11705875412638989,0.07606346369540273,0.07366131382012187
5.72,0.1047447590662911,0.19827684540861856,0.14377494879907604,0.11699874055757564,0.0760004660990432,0.07359653722089465
5.722,0.10468084269832856,0.19816310745902044,0.14368247133937717,0.11693870159623865,0.075937462472363,0.07353175317545468
5.724,0.10461691481896795,0.19804929537347937,0.14359000145966339,0.11687863735935844,0.07587445293211004,0.07346696181175871
5.726,0.10455297553374465,0.19793540939393361,0.14349753926238917,0.11681854796371116,0.07581143759481845,0.07340216325753501
5.728,0.10448902494800394,0.19782144976203897,0.14340508484976433,0.11675843352587023,0.07574841657680764,0.07333735764028426
5.73,0.10442506316690059,0.1977074167191688,0.14331263832375463,0.11669829416220634,0.07568538999418317,0.07327254508727954
5.732,0.10436109029539975,0.1975933105064145,0.14322019978608203,0.11663812998888767,0.075622357962837,0.07320772572556611
5.734,0.1042971064382765,0.1974791313645854,0.14312776933822557,0.1165779411218808,0.07555932059844728,0.07314289968196208
5.736,0.10423311170011629,0.19736487953420867,0.14303534708142096,0.11651772767694979,0.07549627801647918,0.07307806708305886
5.738,0.10416910618531583,0.1972505552555306,0.14294293311666206,0.11645748976965775,0.0754332303321843,0.07301322805522048
5.74,0.10410508999808243,0.19713615876851565,0.1428505275447005,0.11639722751536641,0.0753701776606015,0.07294838272458448
5.742,0.10404106324243445,0.19702169031284722,0.14275813046604635,0.11633694102923653,0.07530712011655716,0.07288353121706215
5.744,0.10397702602220216,0.1969071501279278,0.1426657419809687,0.11627663042622838,0.07524405781466514,0.07281867365833827
5.746,0.10391297844102687,0.1967925384528788,0.14257336218949623,0.11621629582110149,0.07518099086932684,0.07275381017387161
5.748,0.10384892060236206,0.1966778555265416,0.14248099119141688,0.11615593732841578,0.07511791939473178,0.0726889408888951
5.75,0.10378485260947334,0.1965631015874767,0.14238862908627947,0.11609555506253089,0.0750548435048577,0.0726240659284163
5.752,0.10372077456543871,0.1964482768739646,0.14229627597339278,0.11603514913760726,0.07499176331347046,0.07255918541721695
5.7540000000000004,0.10365668657314853,0.19633338162400604,0.14220393195182712,0.1159747196676062,0.07492867893412503,0.07249429947985386
5.756,0.10359258873530597,0.19621841607532153,0.14211159712041432,0.11591426676628958,0.07486559048016495,0.07242940824065869
5.758,0.10352848115442748,0.19610338046535225,0.14201927157774796,0.11585379054722122,0.07480249806472261,0.07236451182373838
5.76,0.10346436393284231,0.19598827503125982,0.14192695542218403,0.11579329112376602,0.07473940180072014,0.07229961035297494
5.7620000000000005,0.10340023717269342,0.19587310000992697,0.14183464875184137,0.11573276860909099,0.07467630180086893,0.07223470395202636
5.764,0.1033361009759377,0.19575785563795733,0.14174235166460192,0.11567222311616532,0.07461319817766987,0.07216979274432633
5.766,0.10327195544434553,0.19564254215167542,0.14165006425811133,0.11561165475776058,0.07455009104341426,0.07210487685308453
5.768,0.10320780067950186,0.19552715978712754,0.14155778662977947,0.11555106364645118,0.0744869805101831,0.0720399564012868
5.7700000000000005,0.1031436367828058,0.1954117087800813,0.14146551887678038,0.11549044989461454,0.07442386668984802,0.07197503151169538
5.772,0.10307946385547107,0.19529618936602633,0.14137326109605342,0.11542981361443116,0.07436074969407125,0.07191010230684913
5.774,0.10301528199852616,0.19518060178017405,0.14128101338430277,0.11536915491788546,0.07429762963430542,0.07184516890906378
5.776,0.10295109131281466,0.19506494625745807,0.14118877583799883,0.11530847391676535,0.07423450662179465,0.07178023144043211
5.7780000000000005,0.1028868918989958,0.1949492230325347,0.14109654855337816,0.11524777072266312,0.07417138076757412,0.07171529002282417
5.78,0.1028226838575439,0.19483343233978245,0.14100433162644355,0.11518704544697544,0.07410825218247052,0.07165034477788734
5.782,0.10275846728874916,0.19471757441330273,0.14091212515296525,0.11512629820090359,0.07404512097710203,0.0715853958270467
5.784,0.10269424229271773,0.19460164948692005,0.14081992922848063,0.11506552909545387,0.07398198726187877,0.07152044329150531
5.7860000000000005,0.10263000896937191,0.1944856577941818,0.14072774394829524,0.11500473824143764,0.07391885114700303,0.07145548729224416
5.788,0.10256576741845058,0.19436959956835898,0.14063556940748256,0.11494392574947221,0.07385571274246927,0.07139052795002221
5.79,0.10250151773950922,0.19425347504244606,0.14054340570088497,0.11488309172998012,0.07379257215806478,0.07132556538537749
5.792,0.10243726003192011,0.19413728444916134,0.1404512529231141,0.11482223629319033,0.07372942950336947,0.0712605997186262
5.7940000000000005,0.1023729943948728,0.1940210280209469,0.14035911116855093,0.11476135954913813,0.07366628488775606,0.07119563106986382
5.796,0.10230872092737386,0.19390470598996923,0.14026698053134634,0.11470046160766523,0.07360313842039035,0.07113065955896447
5.798,0.10224443972824782,0.19378831858811907,0.14017486110542166,0.11463954257842057,0.07353999021023205,0.071065685305582
5.8,0.10218015089613641,0.1936718660470116,0.14008275298446926,0.11457860257085994,0.07347684036603397,0.07100070842914952
5.8020000000000005,0.1021158545295,0.19355534859798684,0.1399906562619524,0.11451764169424683,0.07341368899634304,0.07093572904887968
5.804,0.10205155072661687,0.19343876647210978,0.1398985710311058,0.1144566600576522,0.07335053620950016,0.0708707472837653
5.806,0.10198723958558342,0.19332211990017023,0.13980649738493667,0.1143956577699552,0.07328738211364039,0.07080576325257937
5.808,0.10192292120431534,0.1932054091126838,0.13971443541622452,0.11433463493984308,0.07322422681669338,0.07074077707387505
5.8100000000000005,0.10185859568054689,0.19308863433989143,0.13962238521752157,0.11427359167581197,0.07316107042638342,0.07067578886598591
5.812,0.1017942631118316,0.1929717958117596,0.1395303468811533,0.11421252808616633,0.07309791305022961,0.07061079874702636
5.814,0.101729923595542,0.19285489375798104,0.1394383204992189,0.11415144427901991,0.07303475479554633,0.07054580683489164
5.816,0.1016655772288706,0.19273792840797443,0.13934630616359178,0.11409034036229615,0.07297159576944345,0.0704808132472583
5.8180000000000005,0.10160122410882932,0.19262089999088472,0.13925430396591976,0.11402921644372754,0.07290843607882591,0.07041581810158437
5.82,0.10153686433225051,0.19250380873558326,0.13916231399762546,0.11396807263085695,0.07284527583039502,0.07035082151510896
5.822,0.10147249799578617,0.1923866548706683,0.13907033634990706,0.11390690903103717,0.07278211513064758,0.07028582360485336
5.824,0.10140812519590936,0.192269438624465,0.13897837111373823,0.11384572575143159,0.07271895408587659,0.07022082448762035
5.8260000000000005,0.1013437460289135,0.19215216022502557,0.13888641837986881,0.11378452289901397,0.07265579280217183,0.07015582427999556
5.828,0.10127936059091303,0.1920348199001296,0.1387944782388253,0.11372330058056956,0.07259263138541949,0.07009082309834636
5.83,0.10121496897784343,0.19191741787728378,0.13870255078091098,0.11366205890269465,0.07252946994130283,0.07002582105882293
5.832,0.10115057128546145,0.191799954383723,0.1386106360962065,0.11360079797179679,0.07246630857530167,0.06996081827735812
5.8340000000000005,0.10108616760934552,0.1916824296464097,0.13851873427457062,0.11353951789409567,0.0724031473926936,0.069895814869668
5.836,0.10102175804489599,0.19156484389203454,0.13842684540563965,0.11347821877562292,0.07233998649855344,0.06983081095125154
5.838,0.10095734268733492,0.1914471973470162,0.13833496957882896,0.11341690072222255,0.07227682599775376,0.0697658066373914
5.84,0.10089292163170671,0.19132949023750223,0.13824310688333252,0.11335556383955114,0.07221366599496504,0.06970080204315354
5.8420000000000005,0.10082849497287816,0.1912117227893686,0.13815125740812406,0.11329420823307812,0.07215050659465572,0.06963579728338809
5.844,0.10076406280553885,0.19109389522821996,0.1380594212419568,0.11323283400808615,0.07208734790109306,0.06957079247272868
5.846,0.10069962522420117,0.19097600777939028,0.13796759847336415,0.11317144126967116,0.07202419001834248,0.06950578772559357
5.848,0.10063518232320079,0.19085806066794286,0.13787578919066013,0.11311003012274279,0.07196103305026846,0.0694407831561854
5.8500000000000005,0.10057073419669638,0.19074005411867012,0.13778399348193981,0.1130486006720246,0.07189787710053408,0.06937577887849122
5.852,0.10050628093867031,0.19062198835609445,0.13769221143507937,0.11298715302205431,0.0718347222726019,0.06931077500628313
5.854,0.10044182264292889,0.19050386360446758,0.13760044313773712,0.11292568727718422,0.071771568669734,0.06924577165311807
5.856,0.1003773594031021,0.1903856800877719,0.13750868867735333,0.11286420354158144,0.0717084163949917,0.06918076893233827
5.8580000000000005,0.10031289131264454,0.19026743802971957,0.1374169481411509,0.11280270191922792,0.07164526555123651,0.06911576695707167
5.86,0.10024841846483468,0.1901491376537532,0.13732522161613558,0.11274118251392085,0.07158211624113009,0.06905076584023129
5.862,0.10018394095277605,0.19003077918304623,0.1372335091890966,0.11267964542927311,0.0715189685671338,0.06898576569451653
5.864,0.100119458869397,0.18991236284050284,0.1371418109466067,0.11261809076871332,0.07145582263151007,0.06892076663241276
5.8660000000000005,0.10005497230745086,0.18979388884875803,0.13705012697502328,0.11255651863548599,0.0713926785363217,0.06885576876619148
5.868,0.09999048135951627,0.18967535743017816,0.13695845736048784,0.11249492913265224,0.07132953638343276,0.06879077220791063
5.87,0.0999259861179973,0.1895567688068609,0.13686680218892677,0.11243332236308956,0.07126639627450793,0.06872577706941496
5.872,0.09986148667512373,0.18943812320063547,0.13677516154605218,0.11237169842949246,0.0712032583110136,0.06866078346233584
5.8740000000000006,0.09979698312295171,0.18931942083306308,0.13668353551736168,0.1123100574343725,0.07114012259421765,0.06859579149809214
5.876,0.09973247555336306,0.1892006619254365,0.13659192418813904,0.11224839948005827,0.07107698922518946,0.06853080128788958
5.878,0.09966796405806622,0.18908184669878114,0.13650032764345443,0.1121867246686965,0.071013858304801,0.0684658129427218
5.88,0.09960344872859617,0.18896297537385465,0.1364087459681651,0.11212503310225164,0.07095072993372575,0.06840082657336977
5.882000000000001,0.09953892965631472,0.18884404817114686,0.13631717924691555,0.11206332488250625,0.07088760421244,0.06833584229040257
5.884,0.0994744069324105,0.18872506531088074,0.1362256275641378,0.11200160011106153,0.07082448124122243,0.0682708602041775
5.886,0.0994098806478998,0.1886060270130121,0.13613409100405205,0.111939858889337,0.07076136112015474,0.06820588042483977
5.888,0.09934535089362617,0.1884869334972299,0.13604256965066686,0.11187810131857123,0.07069824394912172,0.06814090306232368
5.89,0.09928081776026088,0.18836778498295637,0.13595106358777986,0.11181632749982229,0.07063512982781117,0.06807592822635167
5.892,0.09921628133830307,0.18824858168934733,0.13585957289897777,0.11175453753396725,0.07057201885571462,0.06801095602643548
5.894,0.09915174171808006,0.18812932383529213,0.13576809766763676,0.11169273152170334,0.07050891113212687,0.06794598657187567
5.896,0.09908719898974727,0.18801001163941433,0.13567663797692342,0.11163090956354726,0.07044580675614709,0.06788101997176255
5.898,0.09902265324328874,0.18789064532007127,0.1355851939097943,0.11156907175983655,0.07038270582667838,0.06781605633497567
5.9,0.0989581045685175,0.18777122509535493,0.13549376554899717,0.11150721821072884,0.07031960844242802,0.06775109577018457
5.902,0.09889355305507541,0.18765175118309174,0.1354023529770707,0.11144534901620284,0.07025651470190786,0.06768613838584847
5.904,0.09882899879243356,0.18753222380084233,0.13531095627634504,0.11138346427605783,0.07019342470343481,0.0676211842902168
5.906,0.0987644418698923,0.1874126431659029,0.13521957552894226,0.11132156408991478,0.07013033854513018,0.06755623359132956
5.908,0.0986998823765819,0.18729300949530425,0.13512821081677706,0.11125964855721593,0.07006725632492095,0.06749128639701718
5.91,0.09863532040146206,0.18717332300581258,0.13503686222155653,0.11119771777722542,0.07000417814053916,0.0674263428149009
5.912,0.09857075603332266,0.18705358391392957,0.1349455298247808,0.11113577184902934,0.06994110408952259,0.06736140295239279
5.914,0.09850618936078415,0.18693379243589248,0.13485421370774375,0.11107381087153612,0.06987803426921468,0.06729646691669622
5.916,0.09844162047229688,0.18681394878767432,0.13476291395153295,0.111011834943477,0.06981496877676507,0.06723153481480604
5.918,0.09837704945614245,0.18669405318498455,0.13467163063703014,0.11094984416340559,0.06975190770912931,0.06716660675350838
5.92,0.09831247640043306,0.1865741058432684,0.13458036384491168,0.11088783862969898,0.06968885116306978,0.06710168283938156
5.922,0.09824790139311212,0.18645410697770792,0.13448911365564897,0.11082581844055728,0.06962579923515544,0.06703676317879581
5.924,0.09818332452195433,0.18633405680322146,0.1343978801495087,0.1107637836940043,0.06956275202176165,0.06697184787791333
5.926,0.09811874587456604,0.18621395553446418,0.1343066634065535,0.11070173448788756,0.06949970961907148,0.06690693704268891
5.928,0.09805416553838509,0.18609380338582837,0.1342154635066417,0.11063967091987892,0.0694366721230748,0.06684203077886997
5.93,0.09798958360068144,0.18597360057144363,0.13412428052942826,0.11057759308747439,0.06937363962956922,0.06677712919199652
5.932,0.0979250001485572,0.18585334730517666,0.1340331145543654,0.11051550108799457,0.0693106122341598,0.06671223238740209
5.934,0.09786041526894684,0.18573304380063194,0.13394196566070193,0.11045339501858509,0.06924759003225978,0.06664734047021281
5.936,0.09779582904861761,0.18561269027115168,0.13385083392748487,0.11039127497621637,0.06918457311909032,0.06658245354534875
5.938,0.09773124157416935,0.18549228692981612,0.1337597194335589,0.11032914105768454,0.06912156158968119,0.06651757171752326
5.94,0.09766665293203491,0.18537183398944346,0.13366862225756693,0.11026699335961099,0.0690585555388703,0.06645269509124385
5.942,0.09760206320848064,0.18525133166259034,0.13357754247795106,0.11020483197844322,0.06899555506130461,0.06638782377081176
5.944,0.09753747248960609,0.18513078016155182,0.13348648017295206,0.11014265701045489,0.0689325602514399,0.06632295786032283
5.946,0.09747288086134454,0.1850101796983621,0.1333954354206104,0.11008046855174558,0.0688695712035412,0.06625809746366706
5.948,0.09740828840946314,0.18488953048479395,0.13330440829876644,0.1100182666982421,0.06880658801168305,0.06619324268452931
5.95,0.09734369521956299,0.1847688327323591,0.13321339888506056,0.10995605154569743,0.06874361076974922,0.066128393626389
5.952,0.09727910137707951,0.18464808665230903,0.13312240725693392,0.10989382318969221,0.06868063957143344,0.06606355039252088
5.954,0.09721450696728295,0.18452729245563448,0.1330314334916285,0.10983158172563434,0.06861767451023959,0.06599871308599492
5.956,0.0971499120752779,0.18440645035306602,0.13294047766618755,0.10976932724875921,0.06855471567948168,0.06593388180967663
5.958,0.09708531678600374,0.18428556055507372,0.1328495398574563,0.1097070598541301,0.06849176317228411,0.06586905666622722
5.96,0.09702072118423555,0.1841646232718681,0.13275862014208184,0.10964477963663821,0.0684288170815821,0.06580423775810362
5.962,0.09695612535458298,0.1840436387133999,0.13266771859651372,0.10958248669100357,0.06836587750012146,0.06573942518755893
5.964,0.09689152938149204,0.18392260708936004,0.13257683529700426,0.10952018111177453,0.06830294452045904,0.0656746190566424
5.966,0.09682693334924375,0.18380152860918053,0.13248597031960907,0.10945786299332805,0.0682400182349634,0.06560981946720013
5.968,0.0967623373419555,0.18368040348203385,0.13239512374018725,0.10939553242987077,0.0681770987358139,0.06554502652087457
5.97,0.09669774144358079,0.18355923191683354,0.1323042956344016,0.10933318951543813,0.0681141861150023,0.06548024031910527
5.972,0.09663314573790949,0.1834380141222347,0.13221348607771954,0.1092708343438955,0.06805128046433162,0.06541546096312878
5.974,0.09656855030856804,0.18331675030663352,0.13212269514541264,0.10920846700893794,0.06798838187541745,0.06535068855397896
5.976,0.09650395523901967,0.18319544067816773,0.13203192291255794,0.10914608760409061,0.06792549043968732,0.06528592319248738
5.978,0.09643936061256464,0.18307408544471704,0.13194116945403755,0.10908369622270908,0.06786260624838159,0.0652211649792831
5.98,0.09637476651234023,0.18295268481390314,0.1318504348445393,0.10902129295797947,0.06779972939255319,0.06515641401479333
5.982,0.09631017302132139,0.18283123899308973,0.13175971915855733,0.1089588779029187,0.06773685996306811,0.06509167039924302
5.984,0.09624558022232055,0.18270974818938313,0.1316690224703918,0.10889645115037494,0.06767399805060537,0.06502693423265593
5.986,0.09618098819798804,0.18258821260963187,0.1315783448541501,0.1088340127930274,0.06761114374565746,0.06496220561485422
5.988,0.0961163970308121,0.1824666324604276,0.13148768638374642,0.10877156292338697,0.06754829713853017,0.06489748464545841
5.99,0.09605180680311931,0.1823450079481046,0.13139704713290268,0.10870910163379621,0.06748545831934338,0.06483277142388855
5.992,0.09598721759707463,0.18222333927874046,0.13130642717514873,0.10864662901643007,0.06742262737803073,0.06476806604936347
5.994,0.09592262949468178,0.1821016266581561,0.13121582658382236,0.10858414516329562,0.0673598044043402,0.06470336862090154
5.996,0.0958580425777833,0.18197987029191576,0.13112524543207016,0.10852165016623228,0.06729698948783414,0.06463867923732036
5.998,0.09579345692806074,0.18185807038532742,0.13103468379284777,0.10845914411691271,0.06723418271788928,0.06457399799723773
6.0,0.09572887262703511,0.18173622714344329,0.13094414173891988,0.10839662710684195,0.06717138418369739,0.06450932499907114
6.002,0.09566428975606667,0.1816143407710591,0.1308536193428611,0.10833409922735893,0.06710859397426527,0.06444466034103824
6.0040000000000004,0.09559970839635534,0.18149241147271522,0.13076311667705576,0.10827156056963583,0.06704581217841499,0.06438000412115708
6.006,0.09553512862894098,0.18137043945269649,0.13067263381369876,0.1082090112246783,0.06698303888478385,0.06431535643724628
6.008,0.09547055053470377,0.18124842491503212,0.13058217082479562,0.10814645128332656,0.06692027418182489,0.06425071738692556
6.01,0.09540597419436403,0.18112636806349647,0.1304917277821629,0.10808388083625453,0.06685751815780683,0.0641860870676152
6.0120000000000005,0.09534139968848243,0.1810042691016085,0.13040130475742884,0.10802129997397092,0.06679477090081476,0.06412146557653675
6.014,0.09527682709746044,0.18088212823263294,0.13031090182203342,0.10795870878681924,0.06673203249874993,0.06405685301071307
6.016,0.09521225650154053,0.18075994565957942,0.13022051904722853,0.10789610736497757,0.06666930303932994,0.06399224946696891
6.018,0.0951476879808062,0.18063772158520353,0.13013015650407866,0.10783349579845947,0.06660658261008923,0.06392765504193076
6.0200000000000005,0.0950831216151824,0.18051545621200638,0.13003981426346112,0.10777087417711373,0.0665438712983788,0.06386306983202683
6.022,0.09501855748443533,0.18039314974223508,0.12994949239606624,0.10770824259062528,0.06648116919136715,0.06379849393348769
6.024,0.09495399566817331,0.18027080237788318,0.1298591909723983,0.10764560112851429,0.06641847637603981,0.06373392744234652
6.026,0.09488943624584611,0.18014841432069018,0.12976891006277524,0.1075829498801375,0.06635579293920002,0.06366937045443866
6.0280000000000005,0.0948248792967461,0.18002598577214246,0.12967864973732923,0.10752028893468824,0.06629311896746848,0.06360482306540272
6.03,0.09476032490000774,0.17990351693347284,0.12958841006600696,0.10745761838119594,0.06623045454728382,0.0635402853706799
6.032,0.09469577313460786,0.1797810080056612,0.1294981911185702,0.10739493830852709,0.06616779976490306,0.06347575746551493
6.034,0.0946312240793663,0.17965845918943457,0.12940799296459593,0.10733224880538561,0.06610515470640133,0.06341123944495597
6.0360000000000005,0.09456667781294592,0.179535870685267,0.1293178156734769,0.10726954996031224,0.06604251945767237,0.06334673140385472
6.038,0.09450213441385236,0.17941324269338033,0.12922765931442148,0.10720684186168561,0.0659798941044285,0.06328223343686656
6.04,0.09443759396043494,0.17929057541374416,0.12913752395645473,0.10714412459772227,0.06591727873220132,0.06321774563845106
6.042,0.09437305653088646,0.17916786904607562,0.129047409668418,0.10708139825647645,0.06585467342634121,0.06315326810287192
6.0440000000000005,0.09430852220324315,0.17904512378983983,0.1289573165189699,0.10701866292584117,0.06579207827201827,0.06308880092419744
6.046,0.09424399105538561,0.17892233984425054,0.1288672445765866,0.10695591869354737,0.06572949335422185,0.06302434419630054
6.048,0.09417946316503856,0.1787995174082695,0.12877719390956144,0.10689316564716522,0.0656669187577612,0.06295989801285873
6.05,0.0941149386097706,0.1786766566806075,0.12868716458600615,0.10683040387410392,0.06560435456726554,0.06289546246735478
6.0520000000000005,0.0940504174669956,0.1785537578597236,0.12859715667385085,0.10676763346161144,0.0655418008671842,0.06283103765307674
6.054,0.09398589981397154,0.17843082114382636,0.12850717024084424,0.10670485449677547,0.06547925774178687,0.06276662366311792
6.056,0.09392138572780184,0.1783078467308732,0.12841720535455425,0.10664206706652357,0.06541672527516407,0.06270222059037733
6.058,0.09385687528543474,0.17818483481857106,0.1283272620823679,0.10657927125762301,0.06535420355122668,0.06263782852756017
6.0600000000000005,0.09379236856366391,0.17806178560437624,0.12823734049149227,0.1065164671566814,0.06529169265370705,0.06257344756717731
6.062,0.09372786563912872,0.177938699285495,0.12814744064895445,0.10645365485014646,0.06522919266615856,0.0625090778015458
6.064,0.09366336658831398,0.17781557605888332,0.12805756262160184,0.10639083442430675,0.06516670367195587,0.0624447193227895
6.066,0.09359887148755086,0.17769241612124742,0.12796770647610267,0.1063280059652918,0.06510422575429531,0.062380372222838876
6.0680000000000005,0.09353438041301643,0.1775692196690437,0.12787787227894643,0.10626516955907195,0.06504175899619513,0.06231603659343099
6.07,0.09346989344073431,0.17744598689847924,0.12778806009644383,0.10620232529145901,0.06497930348049552,0.06225171252611039
6.072,0.09340541064657448,0.17732271800551147,0.12769826999472733,0.10613947324810646,0.0649168592898588,0.06218740011222845
6.074,0.09334093210625372,0.17719941318584898,0.1276085020397515,0.10607661351450948,0.06485442650676987,0.06212309944294425
6.0760000000000005,0.09327645789533556,0.1770760726349514,0.12751875629729348,0.10601374617600512,0.06479200521353623,0.06205881060922458
6.078,0.09321198808923103,0.17695269654802925,0.12742903283295326,0.10595087131777303,0.06472959549228818,0.061994533701843935
6.08,0.0931475227631986,0.1768292851200448,0.12733933171215384,0.10588798902483498,0.06466719742497906,0.06193026881138519
6.082,0.09308306199234373,0.17670583854571187,0.12724965300014146,0.10582509938205575,0.06460481109338545,0.06186601602823916
6.0840000000000005,0.09301860585162003,0.17658235701949598,0.12715999676198653,0.1057622024741427,0.06454243657910741,0.061801775442605233
6.086,0.092954154415829,0.17645884073561469,0.12707036306258335,0.10569929838564684,0.0644800739635687,0.061737547144491645
6.088,0.09288970775962024,0.1763352898880377,0.1269807519666506,0.10563638720096225,0.06441772332801676,0.061673331223715655
6.09,0.09282526595749174,0.17621170467048697,0.12689116353873198,0.10557346900432663,0.0643553847535232,0.06160912776990313
6.0920000000000005,0.0927608290837898,0.17608808527643705,0.12680159784319622,0.10551054387982184,0.06429305832098398,0.06154493687248941
6.094,0.09269639721270972,0.17596443189911537,0.12671205494423732,0.10544761191137364,0.0642307441111194,0.061480758620719556
6.096,0.09263197041829563,0.17584074473150202,0.12662253490587516,0.10538467318275191,0.06416844220447437,0.06141659310364811
6.098,0.09256754877444084,0.17571702396633038,0.1265330377919558,0.10532172777757132,0.06410615268141884,0.061352440410139764
6.1000000000000005,0.09250313235488794,0.17559326979608714,0.12644356366615161,0.10525877577929132,0.06404387562214775,0.06128830062886892
6.102,0.09243872123322872,0.17546948241301208,0.12635411259196205,0.10519581727121641,0.06398161110668132,0.06122417384832057
6.104,0.09237431548290531,0.17534566200909918,0.12626468463271312,0.10513285233649605,0.06391935921486525,0.061160060156789875
6.106,0.0923099151772091,0.17522180877609572,0.12617527985155852,0.10506988105812542,0.0638571200263709,0.061095959642383235
6.1080000000000005,0.09224552038928224,0.1750979229055034,0.12608589831147987,0.10500690351894515,0.06379489362069535,0.06103187239301766
6.11,0.09218113119211657,0.17497400458857792,0.1259965400752865,0.10494391980164197,0.06373268007716204,0.0609677984964212
6.112,0.09211674765855471,0.17485005401632958,0.1259072052056165,0.10488092998874876,0.06367047947492077,0.06090373804013316
6.114,0.09205236986129006,0.1747260713795229,0.12581789376493635,0.10481793416264473,0.06360829189294748,0.06083969111150456
6.1160000000000005,0.09198799787286682,0.17460205686867747,0.1257286058155418,0.10475493240555545,0.06354611741004512,0.06077565779769811
6.118,0.09192363176568019,0.17447801067406776,0.12563934141955801,0.10469192479955347,0.06348395610484325,0.06071163818568848
6.12,0.0918592716119766,0.17435393298572333,0.12555010063893968,0.10462891142655861,0.06342180805579889,0.06064763236226223
6.122,0.09179491748385415,0.174229823993429,0.12546088353547158,0.10456589236833747,0.06335967334119585,0.060583640414018314
6.1240000000000006,0.09173056945326241,0.1741056838867252,0.12537169017076888,0.10450286770650452,0.06329755203914589,0.06051966242736828
6.126,0.09166622759200305,0.17398151285490804,0.12528252060627731,0.10443983752252173,0.0632354442275882,0.06045569848853649
6.128,0.09160189197172941,0.1738573110870294,0.12519337490327365,0.10437680189769893,0.06317334998429014,0.0603917486835599
6.13,0.09153756266394764,0.17373307877189736,0.1251042531228661,0.10431376091319455,0.06311126938684697,0.06032781309828894
6.132000000000001,0.09147323974001575,0.173608816098076,0.12501515532599417,0.1042507146500149,0.06304920251268231,0.060263891818387094
6.134,0.09140892327114458,0.1734845232538862,0.12492608157342966,0.10418766318901507,0.06298714943904815,0.06019998492933154
6.136,0.09134461332839794,0.17336020042740508,0.12483703192577655,0.10412460661089895,0.06292511024302527,0.06013609251641294
6.138,0.09128030998269265,0.17323584780646684,0.1247480064434714,0.10406154499621945,0.06286308500152371,0.060072214664736334
6.140000000000001,0.09121601330479856,0.17311146557866253,0.12465900518678352,0.1039984784253789,0.06280107379128208,0.060008351459220455
6.142,0.09115172336533894,0.17298705393134028,0.12457002821581575,0.10393540697862891,0.06273907668886847,0.05994450298459841
6.144,0.09108744023479076,0.17286261305160577,0.12448107559050436,0.10387233073607094,0.06267709377068065,0.059880669325418134
6.146,0.09102316398348487,0.17273814312632196,0.12439214737061932,0.10380924977765615,0.06261512511294587,0.05981685056604191
6.148,0.09095889468160578,0.1726136443421098,0.12430324361576472,0.10374616418318627,0.06255317079172151,0.0597530467906473
6.15,0.0908946323991926,0.17248911688534796,0.1242143643853797,0.10368307403231292,0.06249123088289488,0.05968925808322667
6.152,0.09083037720613851,0.17236456094217312,0.12412550973873748,0.10361997940453871,0.062429305462183615,0.05962548452758787
6.154,0.09076612917219107,0.17223997669848035,0.12403667973494703,0.10355688037921684,0.062367394605136184,0.05956172620735445
6.156,0.09070188836695303,0.17211536433992314,0.12394787443295252,0.10349377703555152,0.062305498387131175,0.05949798320596544
6.158,0.09063765485988196,0.17199072405191362,0.1238590938915336,0.10343066945259816,0.06224361688337865,0.05943425560667559
6.16,0.0905734287202904,0.1718660560196228,0.12377033816930649,0.10336755770926387,0.06218175016891947,0.05937054349255644
6.162,0.09050921001734635,0.1717413604279805,0.12368160732472355,0.10330444188430743,0.062119898318625744,0.05930684694649524
6.164,0.09044499882007329,0.17161663746167588,0.12359290141607371,0.10324132205633929,0.06205806140720149,0.05924316605119606
6.166,0.09038079519735032,0.1714918873051574,0.12350422050148313,0.10317819830382202,0.06199623950918198,0.05917950088917956
6.168,0.09031659921791246,0.17136711014263306,0.12341556463891523,0.10311507070507075,0.061934432698934616,0.059115851542783426
6.17,0.09025241095035086,0.17124230615807057,0.12332693388617089,0.10305193933825296,0.06187264105065893,0.05905221809416261
6.172,0.09018823046311297,0.17111747553519763,0.12323832830088932,0.10298880428138912,0.06181086463838659,0.0589886006252891
6.174,0.09012405782450261,0.17099261845750213,0.12314974794054745,0.1029256656123525,0.061749103535982064,0.05892499921795258
6.176,0.09005989310268014,0.17086773510823194,0.1230611928624612,0.10286252340886959,0.061687357817142185,0.05886141395376021
6.178,0.08999573636566316,0.17074282567039556,0.1229726631237853,0.10279937774852033,0.06162562755539702,0.05879784491413753
6.18,0.08993158768132603,0.1706178903267621,0.12288415878151349,0.10273622870873833,0.061563912824109446,0.058734292180327996
6.182,0.08986744711740036,0.1704929292598616,0.12279567989247919,0.10267307636681111,0.061502213696475794,0.05867075583339343
6.184,0.08980331474147518,0.17036794265198485,0.12270722651335553,0.10260992079988007,0.06144053024552609,0.05860723595421402
6.186,0.089739190620997,0.17024293068518426,0.12261879870065573,0.10254676208494096,0.061378862544123614,0.058543732623488776
6.188,0.08967507482327042,0.17011789354127327,0.12253039651073339,0.10248360029884429,0.06131721066496576,0.05848024592173551
6.19,0.08961096741545771,0.16999283140182686,0.12244201999978288,0.10242043551829472,0.06125557468058407,0.05841677592929151
6.192,0.08954686846457949,0.16986774444818176,0.12235366922383961,0.10235726781985255,0.06119395466334421,0.058353322726313106
6.194,0.0894827780375147,0.16974263286143687,0.12226534423878022,0.10229409727993266,0.061132350685446646,0.0582898863927761
6.196,0.08941869620100062,0.16961749682245286,0.12217704510032323,0.10223092397480538,0.061070762818926205,0.058226467008476446
6.198,0.08935462302163355,0.16949233651185303,0.12208877186402867,0.10216774798059669,0.06100919113565273,0.05816306465302934
6.2,0.08929055856586854,0.16936715211002262,0.12200052458529931,0.10210456937328849,0.060947635707331305,0.058099679405870575
6.202,0.08922650290001966,0.16924194379711,0.12191230331938008,0.10204138822871855,0.06088609660550204,0.05803631134625631
6.204,0.08916245609026063,0.16911671175302612,0.12182410812135891,0.10197820462258056,0.0608245739015405,0.057972960553263064
6.206,0.08909841820262421,0.16899145615744504,0.12173593904616675,0.10191501863042518,0.06076306766665818,0.05790962710578795
6.208,0.089034389303003,0.1688661771898039,0.12164779614857824,0.10185183032765921,0.060701577971902454,0.05784631108254912
6.21,0.08897036945714953,0.16874087502930335,0.12155967948321167,0.10178863978954666,0.06064010488815641,0.057783012562085734
6.212,0.08890635873067643,0.16861554985490756,0.12147158910452927,0.10172544709120834,0.0605786484861397,0.057719731622758674
6.214,0.0888423571890562,0.16849020184534425,0.1213835250668378,0.10166225230762227,0.06051720883640854,0.057656468342749845
6.216,0.08877836489762214,0.16836483117910528,0.12129548742428842,0.10159905551362436,0.060455786009355306,0.05759322280006307
6.218,0.08871438192156789,0.1682394380344463,0.12120747623087769,0.10153585678390775,0.06039438007520981,0.0575299950725241
6.22,0.08865040832594784,0.16811402258938757,0.12111949154044677,0.10147265619302348,0.06033299110403867,0.057466785237780815
6.222,0.08858644417567763,0.16798858502171354,0.12103153340668293,0.10140945381538113,0.06027161916574553,0.057403593373303474
6.224,0.08852248953553388,0.16786312550897353,0.12094360188311915,0.1013462497252482,0.06021026433007193,0.05734041955638447
6.226,0.08845854447015467,0.16773764422848125,0.12085569702313448,0.10128304399675092,0.06014892666659666,0.05727726386413945
6.228,0.08839460904403929,0.16761214135731595,0.12076781887995436,0.10121983670387413,0.060087606244736635,0.057214126373506424
6.23,0.08833068332154892,0.1674866170723217,0.120679967506651,0.10115662792046143,0.060026303133746683,0.05715100716124688
6.232,0.08826676736690686,0.16736107155010793,0.12059214295614362,0.10109341772021607,0.059965017402719756,0.057087906303945335
6.234,0.08820286124419807,0.16723550496704975,0.12050434528119891,0.10103020617670033,0.05990374912058738,0.05702482387801
6.236,0.08813896501737006,0.16710991749928805,0.120416574534431,0.10096699336333592,0.059842498356119656,0.056961759959672786
6.238,0.08807507875023268,0.16698430932272923,0.12032883076830214,0.10090377935340467,0.05978126517792548,0.0568987146249893
6.24,0.08801120250645833,0.1668586806130461,0.1202411140351225,0.10084056422004806,0.05972004965445299,0.05683568794983951
6.242,0.0879473363495824,0.16673303154567742,0.12015342438705101,0.10077734803626792,0.059658851853989114,0.05677268000992752
6.244,0.08788348034300308,0.16660736229582884,0.12006576187609541,0.10071413087492664,0.05959767184466047,0.056709690880781816
6.246,0.08781963454998198,0.16648167303847217,0.11997812655411244,0.10065091280874694,0.05953650969443336,0.05664672063775589
6.248,0.08775579903364394,0.16635596394834629,0.11989051847280807,0.10058769391031253,0.05947536547111354,0.056583769356027824
6.25,0.08769197385697725,0.16623023519995672,0.11980293768373818,0.1005244742520679,0.0594142392423469,0.05652083711060074
6.252,0.08762815908283406,0.16610448696757651,0.11971538423830852,0.10046125390631899,0.05935313107561968,0.056457923976303226
6.2540000000000004,0.08756435477393043,0.16597871942524578,0.11962785818777522,0.10039803294523297,0.05929204103825847,0.05639503002778934
6.256,0.08750056099284653,0.16585293274677237,0.1195403595832445,0.10033481144083889,0.059230969197430205,0.056332155339538836
6.258,0.08743677780202685,0.16572712710573168,0.11945288847567404,0.10027158946502746,0.05916991562014284,0.05626929998585717
6.26,0.08737300526378,0.1656013026754668,0.11936544491587231,0.10020836708955128,0.05910888037324513,0.056206464040875925
6.2620000000000005,0.0873092434402798,0.16547545962908905,0.11927802895449902,0.10014514438602573,0.059047863523426836,0.056143647578552835
6.264,0.08724549239356438,0.16534959813947792,0.11919064064206597,0.10008192142592787,0.0589868651372194,0.05608085067267243
6.266,0.08718175218553692,0.1652237183792813,0.11910328002893666,0.10001869828059817,0.05892588528099574,0.056018073396845613
6.268,0.08711802287796622,0.1650978205209157,0.11901594716532715,0.09995547502123947,0.05886492402097043,0.0559553158245103
6.2700000000000005,0.08705430453248608,0.16497190473656653,0.1189286421013056,0.0998922517189178,0.05880398142319998,0.05589257802893144
6.272,0.08699059721059577,0.16484597119818756,0.11884136488679342,0.09982902844456243,0.05874305755358322,0.05582986008320101
6.274,0.08692690097366063,0.1647200200775023,0.11875411557156501,0.09976580526896606,0.058682152477860905,0.055767162060238684
6.276,0.08686321588291168,0.16459405154600337,0.11866689420524823,0.09970258226278506,0.05862126626161657,0.05570448403279182
6.2780000000000005,0.08679954199944606,0.16446806577495265,0.11857970083732461,0.0996393594965399,0.05856039897027632,0.05564182607343526
6.28,0.08673587938422722,0.16434206293538178,0.11849253551712957,0.09957613704061496,0.0584995506691095,0.0555791882545722
6.282,0.08667222809808517,0.16421604319809213,0.11840539829385288,0.09951291496525871,0.058438721423228035,0.05551657064843396
6.284,0.08660858820171624,0.16409000673365548,0.11831828921653909,0.09944969334058418,0.058377911297587515,0.05545397332708024
6.2860000000000005,0.08654495975568399,0.16396395371241312,0.11823120833408707,0.09938647223656938,0.058317120356986996,0.055391396362399536
6.288,0.08648134282041853,0.1638378843044772,0.11814415569525138,0.09932325172305667,0.05825634866606899,0.055328839826109144
6.29,0.08641773745621761,0.1637117986797303,0.1180571313486416,0.09926003186975407,0.05819559628931992,0.05526630378975517
6.292,0.08635414372324579,0.16358569700782555,0.11797013534272294,0.09919681274623438,0.058134863291070316,0.055203788324712955
6.2940000000000005,0.0862905616815357,0.16345957945818723,0.11788316772581697,0.09913359442193603,0.05807414973549507,0.05514129350218755
6.296,0.08622699139098744,0.16333344620001045,0.11779622854610117,0.09907037696616339,0.058013455686613424,0.05507881939321324
6.298,0.08616343291136874,0.1632072974022616,0.11770931785160954,0.09900716044808622,0.05795278120828917,0.05501636606865423
6.3,0.08609988630231591,0.16308113323367834,0.11762243569023312,0.09894394493674064,0.05789212636423113,0.05495393359920486
6.3020000000000005,0.08603635162333312,0.16295495386277037,0.11753558210971993,0.09888073050102908,0.057831491217992914,0.05489152205538961
6.304,0.08597282893379332,0.1628287594578186,0.11744875715767522,0.09881751720972054,0.05777087583297358,0.0548291315075633
6.306,0.08590931829293758,0.1627025501868764,0.11736196088156192,0.09875430513145034,0.057710280272417425,0.05476676202591135
6.308,0.08584581975987615,0.16257632621776885,0.11727519332870084,0.09869109433472079,0.05764970459941421,0.05470441368044976
6.3100000000000005,0.0857823333935881,0.16245008771809366,0.11718845454627114,0.0986278848879012,0.05758914887689981,0.05464208654102598
6.312,0.08571885925292144,0.16232383485522073,0.11710174458131051,0.09856467685922854,0.057528613167655784,0.05457978067731828
6.314,0.08565539739659389,0.1621975677962928,0.117015063480715,0.09850147031680678,0.057468097534310036,0.054517496158836165
6.316,0.08559194788319258,0.16207128670822524,0.1169284112912401,0.09843826532860778,0.057407602039336814,0.05445523305492106
6.3180000000000005,0.08552851077117407,0.1619449917577065,0.1168417880595003,0.09837506196247103,0.05734712674505693,0.054392991434746074
6.32,0.08546508611886483,0.1618186831111985,0.11675519383196975,0.09831186028610439,0.05728667171363777,0.05433077136731601
6.322,0.08540167398446163,0.1616923609349361,0.11666862865498251,0.0982486603670838,0.05722623700709373,0.05426857292146803
6.324,0.08533827442603092,0.16156602539492781,0.11658209257473295,0.09818546227285374,0.05716582268728643,0.05420639616587164
6.3260000000000005,0.08527488750151013,0.16143967665695613,0.11649558563727536,0.09812226607072705,0.05710542881592495,0.05414424116902894
6.328,0.0852115132687068,0.16131331488657685,0.11640910788852499,0.09805907182788576,0.057045055454565397,0.0540821079992746
6.33,0.08514815178529944,0.1611869402491204,0.1163226593742579,0.09799587961138045,0.056984702664611975,0.05401999672477609
6.332,0.08508480310883737,0.16106055290969112,0.11623624014011158,0.09793268948813161,0.05692437050731658,0.053957907413534345
6.3340000000000005,0.08502146729674087,0.16093415303316783,0.11614985023158475,0.09786950152492846,0.056864059043779225,0.053895840133383555
6.336,0.08495814440630167,0.16080774078420412,0.11606348969403801,0.09780631578843013,0.05680376833494827,0.05383379495199114
6.338,0.08489483449468294,0.16068131632722804,0.11597715857269408,0.09774313234516563,0.05674349844162063,0.05377177193685845
6.34,0.08483153761891926,0.16055487982644268,0.11589085691263779,0.09767995126153406,0.056683249424441584,0.05370977115532072
6.3420000000000005,0.08476825383591735,0.1604284314458262,0.1158045847588165,0.09761677260380419,0.05662302134390518,0.053647792674547334
6.344,0.08470498320245556,0.16030197134913204,0.1157183421560406,0.09755359643811579,0.05656281426035492,0.05358583656154181
6.346,0.08464172577518436,0.1601754996998892,0.11563212914898346,0.09749042283047893,0.05650262823398311,0.05352390288314224
6.348,0.08457848161062675,0.16004901666140237,0.11554594578218169,0.09742725184677425,0.056442463324831715,0.053461991706021506
6.3500000000000005,0.08451525076517807,0.15992252239675175,0.11545979210003599,0.09736408355275383,0.056382319592792385,0.05340010309668708
6.352,0.08445203329510642,0.15979601706879376,0.11537366814681049,0.0973009180140405,0.056322197097606,0.05333823712148167
6.354,0.08438882925655267,0.15966950084016074,0.1152875739666337,0.09723775529612855,0.056262095898863995,0.053276393846583225
6.356,0.08432563870553067,0.15954297387326188,0.1152015096034984,0.0971745954643839,0.05620201605600794,0.05321457333800517
6.3580000000000005,0.0842624616979275,0.15941643633028213,0.11511547510126241,0.09711143858404414,0.0561419576283293,0.053152775661596596
6.36,0.08419929828950345,0.1592898883731837,0.11502947050364809,0.09704828472021876,0.05608192067497053,0.053091000883042305
6.362,0.08413614853589269,0.15916333016370543,0.11494349585424346,0.09698513393788932,0.05602190525492445,0.053029249067863216
6.364,0.08407301249260257,0.15903676186336324,0.11485755119650198,0.09692198630190973,0.055961911427035105,0.0529675202814166
6.3660000000000005,0.08400989021501482,0.1589101836334501,0.11477163657374256,0.09685884187700644,0.055901939249997534,0.05290581458889587
6.368,0.08394678175838477,0.15878359563503675,0.11468575202915021,0.09679570072777843,0.05584198878235802,0.05284413205533123
6.37,0.08388368717784234,0.15865699802897093,0.11459989760577649,0.09673256291869792,0.055782060082514295,0.05278247274558989
6.372,0.08382060652839174,0.1585303909758784,0.11451407334653929,0.09666942851410965,0.05572215320871576,0.052720836724375664
6.3740000000000006,0.08375753986491152,0.15840377463616262,0.1144282792942235,0.09660629757823203,0.05566226821906395,0.05265922405622958
6.376,0.08369448724215545,0.15827714917000546,0.114342515491481,0.0965431701751569,0.05560240517151205,0.05259763480553037
6.378,0.08363144871475159,0.15815051473736674,0.11425678198083089,0.09648004636884933,0.0555425641238656,0.052536069036494215
6.38,0.08356842433720368,0.1580238714979847,0.11417107880465993,0.09641692622314868,0.05548274513378271,0.05247452681317499
6.382000000000001,0.08350541416389023,0.15789721961137637,0.11408540600522277,0.09635380980176822,0.05542294825877403,0.052413008199464706
6.384,0.0834424182490654,0.15777055923683725,0.11399976362464237,0.09629069716829508,0.055363173556203016,0.05235151325909326
6.386,0.08337943664685898,0.15764389053344208,0.11391415170490982,0.09622758838619117,0.0553034210832859,0.05229004205562915
6.388,0.08331646941127624,0.15751721366004445,0.11382857028788496,0.0961644835187927,0.05524369089709236,0.0522285946524792
6.390000000000001,0.08325351659619895,0.15739052877527748,0.11374301941529663,0.09610138262931067,0.055183983054545305,0.052167171112889266
6.392,0.08319057825538434,0.15726383603755334,0.11365749912874246,0.09603828578083129,0.0551242976124211,0.052105771499943776
6.394,0.08312765444246639,0.15713713560506415,0.11357200946968993,0.09597519303631552,0.055064634627350006,0.05204439587656662
6.396,0.08306474521095542,0.15701042763578177,0.11348655047947598,0.09591210445859977,0.055004994155815945,0.0519830443055207
6.398000000000001,0.08300185061423826,0.156883712287458,0.11340112219930742,0.09584902011039609,0.05494537625415741,0.05192171684940883
6.4,0.08293897070557876,0.15675698971762464,0.11331572467026141,0.0957859400542922,0.054885780978566556,0.05186041357067306
6.402,0.0828761055381173,0.15663026008359404,0.11323035793328562,0.09572286435275168,0.05482620838509056,0.05179913453159535
6.404,0.08281325516487192,0.15650352354245878,0.11314502202919807,0.09565979306811401,0.05476665852963114,0.051737879794298225
6.406,0.08275041963873742,0.15637678025109225,0.113059716998688,0.09559672626259497,0.05470713146794459,0.051676649420744125
6.408,0.08268759901248668,0.15625003036614848,0.11297444288231606,0.09553366399828667,0.05464762725564243,0.051615443472735834
6.41,0.0826247933387696,0.156123274044063,0.11288919972051392,0.0954706063371582,0.05458814594819139,0.05155426201191715
6.412,0.08256200267011438,0.15599651144105176,0.11280398755358512,0.09540755334105522,0.05452868760091367,0.05149310509977245
6.414,0.08249922705892687,0.1558697427131126,0.11271880642170551,0.09534450507170011,0.05446925226898691,0.051431972797627123
6.416,0.08243646655749126,0.15574296801602494,0.11263365636492262,0.09528146159069295,0.05440984000744442,0.051370865166648016
6.418,0.08237372121797004,0.15561618750534922,0.11254853742315696,0.09521842295951077,0.05435045087117585,0.05130978226784344
6.42,0.08231099109240403,0.15548940133642852,0.11246344963620136,0.09515538923950828,0.054291084914926735,0.05124872416206294
6.422,0.08224827623271302,0.15536260966438742,0.11237839304372188,0.09509236049191783,0.05423174219329918,0.051187690909998196
6.424,0.08218557669069515,0.1552358126441329,0.11229336768525777,0.09502933677784986,0.054172422760751404,0.05112668257218278
6.426,0.08212289251802818,0.15510901043035408,0.11220837360022173,0.0949663181582927,0.05411312667159862,0.0510656992089924
6.428,0.08206022376626843,0.15498220317752298,0.11212341082790034,0.09490330469411301,0.054053853980012834,0.05100474088064533
6.43,0.08199757048685186,0.1548553910398942,0.11203847940745404,0.09484029644605574,0.053994604740023266,0.05094380764720219
6.432,0.08193493273109365,0.15472857417150498,0.11195357937791739,0.09477729347474484,0.05393537900551615,0.05088289956856662
6.434,0.08187231055018906,0.15460175272617582,0.11186871077819971,0.09471429584068258,0.053876176830235156,0.05082201670448483
6.436,0.08180970399521303,0.15447492685751052,0.11178387364708464,0.09465130360425067,0.05381699826778186,0.050761159114546484
6.438,0.08174711311712013,0.15434809671889616,0.11169906802323148,0.09458831682570978,0.053757843371615266,0.050700326858184486
6.44,0.08168453796674569,0.15422126246350332,0.11161429394517408,0.09452533556519982,0.053698712195052956,0.05063951999467542
6.442,0.08162197859480491,0.15409442424428632,0.11152955145132215,0.09446235988274054,0.053639604791269946,0.050578738583139105
6.444,0.08155943505189378,0.15396758221398343,0.11144484057996107,0.09439938983823115,0.05358052121330026,0.05051798268253993
6.446,0.0814969073884888,0.15384073652511687,0.11136016136925209,0.09433642549145071,0.05352146151403603,0.050457252351685744
6.448,0.08143439565494726,0.15371388732999347,0.11127551385723278,0.09427346690205862,0.05346242574622817,0.050396547649229184
6.45,0.0813718999015074,0.153587034780704,0.11119089808181704,0.09421051412959436,0.05340341396248682,0.050335868633667014
6.452,0.0813094201782889,0.15346017902912412,0.11110631408079574,0.09414756723347772,0.053344426215280905,0.05027521536334101
6.454,0.08124695653529246,0.15333332022691404,0.11102176189183655,0.09408462627300951,0.053285462556938556,0.05021458789643729
6.456,0.0811845090224006,0.15320645852551906,0.1109372415524843,0.09402169130737081,0.05322652303964781,0.05015398629098744
6.458,0.08112207768937707,0.15307959407616933,0.1108527531001613,0.09395876239562395,0.05316760771545592,0.05009341060486827
6.46,0.08105966258586794,0.15295272702988072,0.11076829657216747,0.09389583959671266,0.05310871663627004,0.050032860895801834
6.462,0.0809972637614007,0.15282585753745392,0.11068387200568086,0.09383292296946144,0.05304984985385741,0.049972337221355856
6.464,0.08093488126538562,0.1526989857494756,0.11059947943775783,0.09377001257257667,0.052991007419845415,0.04991183963894397
6.466,0.0808725151471148,0.15257211181631813,0.11051511890533261,0.09370710846464614,0.05293218938572197,0.049851368205825475
6.468,0.08081016545576314,0.15244523588813985,0.11043079044521842,0.09364421070413975,0.05287339580283534,0.049790922979106256
6.47,0.08074783224038784,0.15231835811488503,0.11034649409410746,0.0935813193494095,0.052814626722394564,0.04973050401573853
6.472,0.08068551554992931,0.15219147864628435,0.11026222988857093,0.09351843445868924,0.052755882195469894,0.049670111372520864
6.474,0.08062321543321072,0.15206459763185487,0.11017799786505966,0.09345555609009537,0.05269716227299215,0.04960974510609861
6.476,0.08056093193893821,0.15193771522090027,0.11009379805990371,0.09339268430162706,0.05263846700575381,0.04954940527296392
6.478,0.08049866511570158,0.15181083156251107,0.11000963050931323,0.093329819151166,0.05257979644440858,0.04948909192945661
6.48,0.08043641501197407,0.15168394680556463,0.10992549524937845,0.09326696069647689,0.05252115063947227,0.049428805131763065
6.482,0.0803741816761121,0.15155706109872535,0.10984139231607015,0.09320410899520737,0.05246252964132192,0.0493685449359178
6.484,0.08031196515635641,0.1514301745904454,0.10975732174523922,0.09314126410488854,0.0524039335001969,0.049308311397802784
6.486,0.08024976550083163,0.1513032874289637,0.10967328357261774,0.09307842608293493,0.0523453622661989,0.04924810457314788
6.488,0.08018758275754623,0.15117639976230723,0.10958927783381878,0.09301559498664447,0.052286815989291746,0.04918792451753107
6.49,0.08012541697439302,0.15104951173829062,0.10950530456433683,0.09295277087319898,0.05222829471930179,0.04912777128637846
6.492,0.08006326819914933,0.15092262350451646,0.10942136379954759,0.09288995379966436,0.052169798505918186,0.04906764493496474
6.494,0.08000113647947726,0.15079573520837553,0.10933745557470864,0.09282714382299062,0.052111327398693064,0.04900754551841313
6.496,0.07993902186292368,0.15066884699704675,0.10925357992495988,0.09276434100001207,0.05205288144704179,0.04894747309169567
6.498,0.07987692439691996,0.15054195901749767,0.10916973688532305,0.09270154538744735,0.05199446070024272,0.04888742770963361
6.5,0.07981484412878292,0.15041507141648425,0.10908592649070248,0.09263875704190006,0.051936065207437876,0.04882740942689723
6.502,0.07975278110571482,0.15028818434055147,0.10900214877588521,0.09257597601985834,0.05187769501763273,0.04876741829800624
6.5040000000000004,0.07969073537480287,0.15016129793603317,0.10891840377554152,0.09251320237769556,0.05181935017969663,0.04870745437732982
6.506,0.07962870698302016,0.15003441234905224,0.10883469152422443,0.09245043617167004,0.051761030742363046,0.04864751771908704
6.508,0.07956669597722543,0.14990752772552085,0.10875101205637061,0.09238767745792553,0.05170273675422932,0.04858760837734688
6.51,0.07950470240416352,0.1497806442111409,0.1086673654063004,0.09232492629249145,0.05164446826375757,0.048527726406028426
6.5120000000000005,0.0794427263104649,0.14965376195140356,0.10858375160821798,0.09226218273128284,0.05158622531927426,0.04846787185890111
6.514,0.07938076774264657,0.14952688109158996,0.10850017069621165,0.09219944683010062,0.05152800796897039,0.048408044789584936
6.516,0.0793188267471121,0.14940000177677115,0.108416622704254,0.09213671864463158,0.05146981626090219,0.04834824525155046
6.518,0.07925690337015134,0.14927312415180838,0.10833310766620219,0.09207399823044882,0.05141165024299066,0.04828847329811925
6.5200000000000005,0.07919499765794069,0.14914624836135326,0.10824962561579832,0.09201128564301198,0.05135350996302246,0.04822872898246411
6.522,0.07913310965654374,0.1490193745498476,0.1081661765866695,0.091948580937667,0.05129539546864925,0.04816901235760862
6.524,0.07907123941191108,0.148892502861524,0.10808276061232802,0.09188588416964683,0.05123730680738836,0.04810932347642827
6.526,0.07900938696988025,0.14876563344040594,0.10799937772617163,0.09182319539407091,0.051179244026623216,0.04804966239164998
6.5280000000000005,0.07894755237617646,0.1486387664303075,0.10791602796148392,0.09176051466594615,0.05112120717360291,0.0479900291558526
6.53,0.0788857356764121,0.14851190197483422,0.10783271135143457,0.0916978420401664,0.05106319629544265,0.04793042382146684
6.532,0.07882393691608747,0.14838504021738297,0.10774942792907916,0.09163517757151318,0.0510052114391244,0.04787084644077577
6.534,0.07876215614059068,0.14825818130114188,0.10766617772735998,0.09157252131465543,0.05094725265149602,0.04781129706591458
6.5360000000000005,0.07870039339519752,0.14813132536909057,0.10758296077910567,0.09150987332414973,0.050889319979272596,0.04775177574887124
6.538,0.07863864872507254,0.14800447256400084,0.10749977711703207,0.09144723365444052,0.05083141346903597,0.0476922825414865
6.54,0.0785769221752679,0.147877623028436,0.10741662677374175,0.09138460235986057,0.05077353316723476,0.047632817495454116
6.542,0.07851521379072457,0.1477507769047519,0.10733350978172496,0.09132197949463094,0.05071567912018482,0.04757338066232064
6.5440000000000005,0.07845352361627222,0.14762393433509646,0.10725042617335934,0.09125936511286081,0.05065785137406986,0.04751397209348607
6.546,0.07839185169662932,0.1474970954614101,0.10716737598091042,0.09119675926854809,0.05060004997494061,0.04745459184020406
6.548,0.07833019807640285,0.14737026042542567,0.10708435923653137,0.09113416201557945,0.05054227496871588,0.04739523995358175
6.55,0.07826856280008943,0.14724342936866885,0.10700137597226411,0.09107157340773053,0.05048452640118217,0.047335916484580354
6.5520000000000005,0.07820694591207467,0.1471166024324586,0.10691842622003866,0.09100899349866576,0.05042680431799429,0.04727662148401501
6.554,0.07814534745663337,0.14698977975790672,0.10683551001167402,0.09094642234193917,0.050369108764675374,0.047217355002555195
6.556,0.07808376747793044,0.14686296148591804,0.1067526273788777,0.09088385999099424,0.050311439786616674,0.04715811709072448
6.558,0.07802220602001997,0.14673614775719135,0.10666977835324665,0.09082130649916365,0.05025379742907843,0.04709890779890147
6.5600000000000005,0.07796066312684635,0.1466093387122187,0.10658696296626724,0.09075876191967014,0.05019618173718965,0.0470397271773193
6.562,0.07789913884224386,0.1464825344912859,0.10650418124931504,0.09069622630562613,0.05013859275594812,0.04698057527606636
6.564,0.07783763320993686,0.14635573523447287,0.10642143323365572,0.09063369971003432,0.05008103053022106,0.04692145214508581
6.566,0.07777614627354024,0.14622894108165352,0.106338718950445,0.09057118218578775,0.05002349510474491,0.04686235783417647
6.5680000000000005,0.07771467807655918,0.1461021521724961,0.1062560384307285,0.09050867378566951,0.04996598652412554,0.046803292392992635
6.57,0.07765322866238988,0.1459753686464631,0.10617339170544282,0.09044617456235371,0.04990850483283871,0.04674425587104425
6.572,0.07759179807431904,0.14584859064281175,0.10609077880541484,0.09038368456840473,0.04985105007522983,0.04668524831769716
6.574,0.07753038635552434,0.14572181830059394,0.10600819976136244,0.09032120385627818,0.04979362229551465,0.046626269782173324
6.5760000000000005,0.07746899354907488,0.1455950517586566,0.10592565460389469,0.09025873247832061,0.04973622153777879,0.04656732031355082
6.578,0.07740761969793075,0.14546829115564153,0.10584314336351208,0.09019627048677004,0.049678847845978424,0.0465083999607645
6.58,0.07734626484494367,0.14534153662998595,0.10576066607060652,0.09013381793375541,0.04962150126394049,0.046449508772605785
6.582,0.077284929032857,0.14521478831992263,0.10567822275546179,0.0900713748712978,0.049564181835362264,0.04639064679772287
6.5840000000000005,0.07722361230430574,0.14508804636347938,0.10559581344825353,0.09000894135130943,0.04950688960381244,0.046331814084620726
6.586,0.07716231470181678,0.1449613108984804,0.1055134381790499,0.0899465174255949,0.0494496246127305,0.046273010681661786
6.588,0.07710103626780906,0.1448345820625454,0.10543109697781117,0.0898841031458506,0.04939238690542713,0.04621423663706592
6.59,0.07703977704459408,0.14470785999309,0.10534878987439034,0.08982169856366529,0.04933517652508468,0.046155491998910225
6.5920000000000005,0.07697853707437519,0.14458114482732642,0.10526651689853361,0.08975930373051999,0.049277993514757146,0.046096776815129914
6.594,0.07691731639924848,0.1444544367022631,0.10518427807987996,0.08969691869778806,0.049220837917369975,0.04603809113351809
6.596,0.07685611506120305,0.14432773575470503,0.10510207344796152,0.08963454351673605,0.049163709775721154,0.04597943500172552
6.598,0.07679493310212049,0.14420104212125384,0.10501990303220432,0.08957217823852304,0.04910660913248033,0.045920808467261764
6.6000000000000005,0.0767337705637754,0.1440743559383082,0.10493776686192802,0.08950982291420106,0.04904953603018969,0.045862211577494705
6.602,0.07667262748783554,0.1439476773420636,0.10485566496634613,0.08944747759471561,0.048992490511263975,0.04580364437965101
6.604,0.07661150391586213,0.1438210064685128,0.10477359737456649,0.08938514233090533,0.04893547261799025,0.0457451069208159
6.606,0.07655039988930978,0.14369434345344612,0.10469156411559122,0.08932281717350254,0.04887848239252879,0.045686599247933835
6.6080000000000005,0.07648931544952653,0.14356768843245127,0.10460956521831699,0.08926050217313297,0.048821519876912856,0.045628121407808475
6.61,0.07642825063775449,0.14344104154091353,0.10452760071153544,0.08919819738031642,0.04876458511304893,0.04556967344710272
6.612,0.07636720549512943,0.1433144029140161,0.10444567062393295,0.08913590284546657,0.04870767814271648,0.045511255412339136
6.614,0.0763061800626812,0.14318777268674032,0.10436377498409155,0.08907361861889118,0.04865079900756908,0.04545286734990017
6.6160000000000005,0.07624517438133394,0.14306115099386552,0.10428191382048824,0.08901134475079253,0.048593947749133504,0.045394509306028175
6.618,0.07618418849190634,0.14293453796996958,0.10420008716149609,0.08894908129126722,0.04853712440881064,0.045336181326825375
6.62,0.07612322243511138,0.14280793374942857,0.10411829503538406,0.08888682829030636,0.04848032902787547,0.045277883458254564
6.622,0.07606227625155682,0.14268133846641762,0.10403653747031671,0.08882458579779606,0.0484235616474773,0.045219615746139086
6.6240000000000006,0.07600134998174535,0.1425547522549102,0.1039548144943554,0.08876235386351738,0.048366822308639534,0.04516137823616262
6.626,0.07594044366607422,0.14242817524867912,0.10387312613545796,0.08870013253714637,0.048310111052260574,0.045103170973870066
6.628,0.07587955734483631,0.14230160758129617,0.10379147242147857,0.08863792186825425,0.048253427919113134,0.045044994004667105
6.63,0.07581869105821948,0.14217504938613268,0.1037098533801688,0.08857572190630791,0.048196772949845146,0.04498684737382086
6.632000000000001,0.07575784484630721,0.142048500796359,0.10362826903917699,0.08851353270066964,0.048140146184979526,0.044928731126459676
6.634,0.07569701874907864,0.14192196194494566,0.10354671942604887,0.08845135430059736,0.048083547664914406,0.04487064530757334
6.636,0.07563621280640831,0.14179543296466246,0.10346520456822805,0.08838918675524532,0.048026977429923345,0.04481258996201376
6.638,0.07557542705806686,0.14166891398807935,0.10338372449305555,0.08832703011366339,0.047970435520155785,0.04475456513449472
6.640000000000001,0.075514661543721,0.14154240514756666,0.10330227922777047,0.08826488442479774,0.04791392197563682,0.04469657086959189
6.642,0.07545391630293374,0.14141590657529446,0.1032208687995102,0.08820274973749109,0.04785743683626742,0.044638607211743286
6.644,0.07539319137516398,0.1412894184032336,0.10313949323531046,0.08814062610048246,0.047800980141824656,0.04458067420524947
6.646,0.07533248679976778,0.1411629407631556,0.10305815256210549,0.08807851356240759,0.04774455193196192,0.04452277189427378
6.648000000000001,0.07527180261599731,0.14103647378663253,0.10297684680672847,0.08801641217179923,0.04768815224620915,0.04446490032284234
6.65,0.07521113886300168,0.14091001760503752,0.10289557599591137,0.08795432197708686,0.047631781123972816,0.04440705953484447
6.652,0.075150495579827,0.14078357234954453,0.10281434015628554,0.08789224302659737,0.04757543860453639,0.0443492495740323
6.654,0.07508987280541657,0.140657138151129,0.10273313931438177,0.08783017536855464,0.0475191247270601,0.0442914704840216
6.656000000000001,0.07502927057861064,0.14053071514056747,0.10265197349663047,0.0877681190510804,0.04746283953058139,0.04423372230829181
6.658,0.07496868893814734,0.14040430344843857,0.10257084272936168,0.08770607412219356,0.04740658305401513,0.04417600509018582
6.66,0.07490812792266177,0.140277903205122,0.10248974703880576,0.08764404062981113,0.047350355336153616,0.04411831887291062
6.662,0.0748475875706871,0.14015151454079988,0.10240868645109291,0.08758201862174775,0.04729415641566703,0.04406066369953754
6.664,0.07478706792065415,0.14002513758545598,0.10232766099225432,0.08752000814571659,0.04723798633110299,0.04400303961300178
6.666,0.07472656901089203,0.1398987724688765,0.10224667068822146,0.08745800924932845,0.04718184512088741,0.04394544665610334
6.668,0.0746660908796275,0.13977241932064977,0.10216571556482679,0.08739602198009311,0.04712573282332411,0.043887884871506744
6.67,0.07460563356498606,0.13964607827016695,0.1020847956478037,0.08733404638541842,0.04706964947659564,0.043830354301741314
6.672,0.07454519710499152,0.1395197494466216,0.10200391096278683,0.08727208251261098,0.04701359511876291,0.04377285498920136
6.674,0.07448478153756621,0.13939343297901008,0.10192306153531239,0.0872101304088766,0.04695756978776533,0.04371538697614663
6.676,0.07442438690053121,0.13926712899613203,0.10184224739081826,0.08714819012131958,0.046901573521421325,0.043657950304701876
6.678,0.07436401323160635,0.1391408376265899,0.10176146855464396,0.08708626169694389,0.04684560635742829,0.04360054501685773
6.68,0.07430366056841065,0.1390145589987899,0.1016807250520313,0.08702434518265223,0.046789668333362844,0.043543171154470484
6.682,0.0742433289484623,0.1388882932409412,0.10160001690812415,0.08696244062524716,0.04673375948668124,0.0434858287592621
6.684,0.07418301840917896,0.13876204048105678,0.10151934414796915,0.08690054807143088,0.04667787985471872,0.04342851787282087
6.686,0.07412272898787742,0.1386358008469537,0.10143870679651523,0.086838667567805,0.04662202947469063,0.04337123853660119
6.688,0.07406246072177436,0.13850957446625256,0.10135810487861452,0.08677679916087144,0.046566208383691965,0.04331399079192422
6.69,0.07400221364798609,0.13838336146637809,0.10127753841902187,0.08671494289703197,0.046510416618698036,0.04325677467997746
6.692,0.07394198780352879,0.13825716197455962,0.10119700744239557,0.08665309882258843,0.04645465421656403,0.04319959024181519
6.694,0.07388178322531891,0.13813097611783043,0.10111651197329752,0.0865912669837432,0.04639892121402589,0.04314243751835867
6.696,0.07382159995017301,0.13800480402302884,0.10103605203619281,0.08652944742659918,0.046343217647699664,0.0430853165503966
6.698,0.07376143801480772,0.13787864581679754,0.10095562765545085,0.08646764019716002,0.0462875435540826,0.043028227378584694
6.7,0.07370129745584064,0.1377525016255845,0.10087523885534488,0.08640584534133011,0.046231898969552265,0.04297117004344653
6.702,0.07364117830978989,0.13762637157564228,0.10079488566005224,0.08634406290491459,0.04617628393036788,0.042914144585373126
6.704,0.07358108061307411,0.13750025579302916,0.10071456809365498,0.08628229293362,0.04612069847266942,0.0428571510446234
6.706,0.07352100440201315,0.13737415440360823,0.1006342861801397,0.08622053547305386,0.046065142632478295,0.042800189461324134
6.708,0.0734609497128278,0.13724806753304852,0.10055403994339795,0.08615879056872533,0.04600961644569779,0.042743259875470896
6.71,0.07340091658164005,0.13712199530682478,0.10047382940722605,0.08609705826604519,0.045954119948112604,0.04268636232692713
6.712,0.07334090504447333,0.13699593785021724,0.10039365459532545,0.08603533861032586,0.04589865317538955,0.04262949685542505
6.714,0.07328091513725288,0.13686989528831228,0.10031351553130352,0.08597363164678162,0.045843216163077294,0.042572663500565655
6.716,0.07322094689580494,0.13674386774600267,0.10023341223867277,0.0859119374205286,0.04578780894660661,0.04251586230181892
6.718,0.07316100035585826,0.1366178553479871,0.1001533447408518,0.08585025597658524,0.04573243156129103,0.04245909329852404
6.72,0.07310107555304302,0.13649185821877108,0.10007331306116507,0.08578858735987227,0.04567708404232662,0.04240235652988922
6.722,0.07304117252289166,0.13636587648266651,0.0999933172228431,0.08572693161521294,0.045621766424791765,0.0423456520349923
6.724,0.07298129130083919,0.13623991026379234,0.09991335724902295,0.08566528878733282,0.04556647874364805,0.042288979852780795
6.726,0.07292143192222245,0.13611395968607432,0.0998334331627484,0.08560365892086064,0.04551122103374006,0.04223234002207188
6.728,0.07286159442228124,0.13598802487324502,0.09975354498696976,0.0855420420603279,0.04545599332979555,0.04217573258155283
6.73,0.0728017788361579,0.13586210594884474,0.09967369274454452,0.08548043825016882,0.045400795666425964,0.04211915756978124
6.732,0.0727419851988973,0.13573620303622103,0.09959387645823714,0.08541884753472129,0.0453456280781257,0.042062615025185046
6.734,0.0726822135454479,0.1356103162585287,0.09951409615071949,0.08535726995822612,0.04529049059927348,0.0420061049860625
6.736,0.07262246391066074,0.13548444573873075,0.09943435184457083,0.08529570556482802,0.04523538326413146,0.04194962749058262
6.738,0.07256273632929022,0.13535859159959784,0.0993546435622783,0.08523415439857507,0.04518030610684631,0.041893182576785426
6.74,0.07250303083599419,0.1352327539637086,0.09927497132623708,0.08517261650341901,0.04512525916144838,0.041836770282581925
6.742,0.0724433474653341,0.13510693295345,0.09919533515875023,0.08511109192321586,0.04507024246185276,0.04178039064575456
6.744,0.07238368625177505,0.13498112869101742,0.09911573508202909,0.08504958070172552,0.045015256041859075,0.04172404370395699
6.746,0.07232404722968577,0.13485534129841437,0.09903617111819352,0.08498808288261195,0.04496029993515149,0.04166772949471431
6.748,0.0722644304333393,0.1347295708974534,0.09895664328927234,0.08492659850944362,0.044905374175299384,0.041611448055423716
6.75,0.07220483589691251,0.13460381760975593,0.0988771516172029,0.08486512762569376,0.044850478795756654,0.04155519942335428
6.752,0.07214526365448659,0.13447808155675212,0.09879769612383149,0.08480367027473967,0.04479561382986286,0.04149898363564697
6.7540000000000004,0.07208571374004702,0.13435236285968122,0.09871827683091405,0.08474222649986407,0.04474077931084275,0.041442800729315055
6.756,0.07202618618748402,0.13422666163959196,0.0986388937601157,0.08468079634425418,0.04468597527180651,0.04138665074124459
6.758,0.07196668103059256,0.13410097801734255,0.09855954693301117,0.08461937985100243,0.044631201745750415,0.04133053370819417
6.76,0.07190719830307213,0.1339753121136007,0.09848023637108505,0.08455797706310642,0.04457645876555616,0.041274449666795165
6.7620000000000005,0.0718477380385274,0.13384966404884358,0.09840096209573179,0.08449658802346938,0.044521746363991754,0.0412183986535517
6.764,0.07178830027046801,0.13372403394335874,0.09832172412825613,0.08443521277489974,0.04446706457371108,0.04116238070484135
6.766,0.07172888503230879,0.1335984219172437,0.09824252248987309,0.084373851360112,0.04441241342725477,0.04110639585691511
6.768,0.07166949235736997,0.13347282809040606,0.09816335720170843,0.08431250382172584,0.04435779295705,0.0410504441458972
6.7700000000000005,0.07161012227887764,0.13334725258256364,0.09808422828479824,0.08425117020226747,0.04430320319541026,0.040994525607785715
6.772,0.07155077482996308,0.13322169551324525,0.09800513576008996,0.08418985054416872,0.044248644174536,0.0409386402784524
6.774,0.07149145004366386,0.13309615700179012,0.0979260796484418,0.08412854488976818,0.0441941159265149,0.04088278819364355
6.776,0.07143214795292296,0.13297063716734803,0.09784705997062337,0.08406725328131026,0.0441396184833216,0.04082696938897912
6.7780000000000005,0.07137286859058989,0.13284513612888027,0.09776807674731591,0.08400597576094637,0.04408515187681794,0.04077118389995382
6.78,0.07131361198941999,0.13271965400515917,0.09768912999911206,0.0839447123707342,0.04403071613875387,0.04071543176193693
6.782,0.07125437818207536,0.1325941909147681,0.09761021974651629,0.0838834631526384,0.04397631130076629,0.040659713010172016
6.784,0.0711951672011244,0.13246874697610211,0.09753134600994517,0.08382222814853058,0.04392193739438044,0.04060402767977811
6.7860000000000005,0.07113597907904223,0.13234332230736778,0.09745250880972756,0.08376100740018932,0.043867594451009406,0.04054837580574899
6.788,0.07107681384821074,0.13221791702658336,0.09737370816610436,0.08369980094930063,0.043813282501954154,0.040492757422953884
6.79,0.07101767154091876,0.13209253125157927,0.09729494409922945,0.08363860883745766,0.0437590015784044,0.040437172566137436
6.792,0.07095855218936187,0.13196716509999784,0.09721621662916924,0.08357743110616123,0.04370475171143817,0.04038162126991973
6.7940000000000005,0.07089945582564328,0.1318418186892938,0.09713752577590307,0.08351626779681975,0.043650532932022035,0.040326103568796956
6.796,0.0708403824817736,0.13171649213673375,0.09705887155932325,0.08345511895074931,0.043596345271011305,0.040270619497140725
6.798,0.07078133218967042,0.13159118555939764,0.09698025399923571,0.08339398460917402,0.0435421887591505,0.04021516908919942
6.8,0.07072230498115939,0.13146589907417727,0.09690167311535958,0.0833328648132261,0.04348806342707312,0.04015975237909708
6.8020000000000005,0.07066330088797379,0.13134063279777797,0.09682312892732758,0.08327175960394606,0.04343396930530208,0.04010436940083473
6.804,0.07060431994175476,0.13121538684671763,0.09674462145468632,0.08321066902228247,0.04337990642424949,0.04004902018828993
6.806,0.0705453621740515,0.13109016133732765,0.09666615071689666,0.08314959310909265,0.04332587481421735,0.0399937047752168
6.808,0.07048642761632129,0.13096495638575223,0.0965877167333331,0.08308853190514243,0.04327187450539727,0.039938423195246875
6.8100000000000005,0.07042751629992994,0.1308397721079495,0.09650931952328512,0.08302748545110639,0.04321790552787075,0.039883175481888467
6.812,0.07036862825615176,0.1307146086196911,0.09643095910595623,0.08296645378756784,0.04316396791160959,0.03982796166852731
6.814,0.07030976351616913,0.13058946603656207,0.09635263550046491,0.08290543695501951,0.04311006168647569,0.0397727817884268
6.816,0.07025092211107364,0.13046434447396194,0.09627434872584462,0.08284443499386329,0.04305618688222146,0.039717635874727764
6.8180000000000005,0.0701921040718656,0.13033924404710406,0.09619609880104352,0.08278344794441006,0.04300234352848964,0.039662523960449336
6.82,0.0701333094294545,0.13021416487101578,0.09611788574492519,0.0827224758468803,0.04294853165481416,0.039607446078488096
6.822,0.07007453821465859,0.130089107060539,0.09603970957626884,0.08266151874140415,0.04289475129061926,0.03955240226161938
6.824,0.07001579045820572,0.12996407073033045,0.09596157031376906,0.08260057666802134,0.04284100246522082,0.0394973925424964
6.8260000000000005,0.06995706619073294,0.129839055994861,0.09588346797603631,0.08253964966668148,0.04278728520782549,0.03944241695365114
6.828,0.06989836544278694,0.1297140629684166,0.09580540258159687,0.08247873777724446,0.04273359954753175,0.03938747552749455
6.83,0.06983968824482423,0.12958909176509836,0.0957273741488931,0.08241784103948002,0.0426799455133291,0.03933256829631593
6.832,0.06978103462721075,0.12946414249882232,0.09564938269628387,0.0823569594930682,0.04262632313409909,0.039277695292283976
6.8340000000000005,0.06972240462022294,0.12933921528331993,0.09557142824204434,0.08229609317759978,0.042572732438615146,0.039222856547446616
6.836,0.0696637982540469,0.12921431023213792,0.09549351080436663,0.0822352421325756,0.04251917345554235,0.039168052093730976
6.838,0.06960521555877919,0.12908942745863872,0.09541563040135914,0.08217440639740747,0.04246564621343851,0.03911328196294406
6.84,0.06954665656442649,0.12896456707600046,0.09533778705104767,0.08211358601141794,0.04241215074075311,0.03905854618677229
6.8420000000000005,0.06948812130090642,0.1288397291972172,0.09525998077137521,0.08205278101384073,0.04235868706582879,0.039003844796782206
6.844,0.06942960979804669,0.12871491393509915,0.09518221158020168,0.0819919914438203,0.04230525521690032,0.03894917782442042
6.846,0.06937112208558616,0.12859012140227266,0.0951044794953051,0.08193121734041275,0.042251855222095624,0.03889454530101344
6.848,0.06931265819317445,0.12846535171118023,0.09502678453438063,0.08187045874258514,0.042198487109435634,0.03883994725776874
6.8500000000000005,0.06925421815037236,0.12834060497408117,0.09494912671504152,0.08180971568921613,0.04214515090683402,0.038785383725774114
6.852,0.06919580198665187,0.1282158813030514,0.09487150605481909,0.08174898821909626,0.042091846642098085,0.03873085473599813
6.854,0.06913740973139593,0.12809118080998338,0.09479392257116293,0.08168827637092768,0.04203857434292835,0.03867636031929034
6.856,0.06907904141389931,0.1279665036065869,0.0947163762814407,0.08162758018332439,0.041985334036919175,0.03862190050638126
6.8580000000000005,0.06902069706336822,0.12784184980438873,0.09463886720293901,0.08156689969481246,0.04193212575155858,0.03856747532788263
6.86,0.06896237670892069,0.1277172195147327,0.09456139535286279,0.08150623494383002,0.041878949514228436,0.03851308481428806
6.862,0.0689040803795864,0.1275926128487801,0.09448396074833587,0.08144558596872775,0.041825805352204704,0.03845872899597236
6.864,0.06884580810430707,0.12746802991751016,0.09440656340640152,0.0813849528077688,0.04177269329265765,0.03840440790319222
6.8660000000000005,0.06878755991193675,0.12734347083171937,0.09432920334402173,0.08132433549912865,0.04171961336265184,0.038350121566086415
6.868,0.06872933583124152,0.12721893570202236,0.09425188057807832,0.08126373408089549,0.04166656558914661,0.038295870014675604
6.87,0.06867113589089979,0.1270944246388519,0.0941745951253723,0.08120314859107047,0.0416135499989958,0.038241653278862975
6.872,0.06861296011950269,0.12696993775245846,0.09409734700262473,0.08114257906756772,0.04156056661894825,0.038187471388433814
6.8740000000000006,0.06855480854555407,0.1268454751529111,0.09402013622647631,0.08108202554821453,0.04150761547564774,0.03813332437305661
6.876,0.06849668119747032,0.1267210369500975,0.09394296281348802,0.08102148807075116,0.041454696595633056,0.03807921226228217
6.878,0.06843857810358078,0.12659662325372367,0.09386582678014088,0.08096096667283148,0.041401810005338824,0.03802513508554428
6.88,0.06838049929212797,0.12647223417331466,0.09378872814283623,0.08090046139202278,0.04134895573109465,0.03797109287216016
6.882000000000001,0.06832244479126737,0.12634786981821433,0.09371166691789634,0.08083997226580619,0.041296133799126,0.03791708565133023
6.884,0.06826441462906829,0.12622353029758537,0.093634643121564,0.08077949933157624,0.0412433442355542,0.03786311345213811
6.886,0.06820640883351281,0.12609921572041016,0.09355765677000272,0.08071904262664154,0.04119058706639622,0.037809176303551295
6.888,0.06814842743249705,0.1259749261954901,0.09348070787929719,0.08065860218822474,0.041137862317565776,0.037755274234421154
6.890000000000001,0.06809047045383076,0.1258506618314461,0.09340379646545349,0.08059817805346281,0.04108517001487222,0.03770140727348292
6.892,0.06803253792523756,0.12572642273671897,0.0933269225443989,0.08053777025940656,0.04103251018402165,0.03764757544935593
6.894,0.06797462987435487,0.1256022090195692,0.09325008613198249,0.08047737884302175,0.04097988285061671,0.03759377879054404
6.896,0.06791674632873446,0.12547802078807724,0.09317328724397478,0.08041700384118822,0.04092728804015677,0.037540017325435215
6.898000000000001,0.06785888731584211,0.12535385815014366,0.09309652589606832,0.08035664529070075,0.04087472577803819,0.03748629108230239
6.9,0.06780105286305793,0.1252297212134894,0.0930198021038775,0.08029630322826908,0.040822196089554286,0.03743260008930305
6.902,0.06774324299767698,0.1251056100856558,0.09294311588293946,0.08023597769051749,0.040769698999895576,0.03737894437448008
6.904,0.06768545774690837,0.12498152487400471,0.09286646724871317,0.08017566871398563,0.04071723453414999,0.03732532396576094
6.906000000000001,0.06762769713787664,0.12485746568571865,0.09278985621658031,0.08011537633512833,0.040664802717302884,0.037271738890958916
6.908,0.0675699611976206,0.1247334326278009,0.09271328280184532,0.08005510059031562,0.040612403574237455,0.03721818917777253
6.91,0.06751224995309424,0.12460942580707601,0.09263674701973534,0.07999484151583292,0.04056003712973455,0.03716467485378594
6.912,0.06745456343116696,0.12448544533018979,0.09256024888540093,0.07993459914788148,0.040507703408473095,0.037111195946469167
6.914,0.06739690165862333,0.12436149130360907,0.09248378841391536,0.0798743735225782,0.0404554024350301,0.03705775248317811
6.916,0.06733926466216333,0.12423756383362217,0.09240736562027574,0.07981416467595581,0.04040313423388109,0.037004344491155194
6.918,0.06728165246840256,0.12411366302633908,0.09233098051940214,0.07975397264396311,0.040350898829399684,0.036950971997528725
6.92,0.06722406510387202,0.12398978898769153,0.09225463312613891,0.07969379746246474,0.040298696245858245,0.036897635029313536
6.922,0.06716650259501877,0.12386594182343336,0.09217832345525379,0.07963363916724164,0.040246526507428104,0.03684433361341144
6.924,0.06710896496820595,0.12374212163914011,0.09210205152143858,0.07957349779399125,0.04019438963817912,0.036791067776610786
6.926,0.06705145224971232,0.12361832854020993,0.09202581733930937,0.07951337337832753,0.04014228566208056,0.036737837545586904
6.928,0.06699396446573314,0.12349456263186287,0.09194962092340653,0.07945326595578095,0.04009021460300066,0.036684642946902546
6.93,0.06693650164237996,0.12337082401914179,0.09187346228819493,0.0793931755617987,0.04003817648470709,0.03663148400700722
6.932,0.06687906380568087,0.12324711280691214,0.09179734144806395,0.07933310223174495,0.039986171330867126,0.036578360752238526
6.934,0.06682165098158044,0.12312342909986218,0.09172125841732792,0.07927304600090057,0.0399341991650477,0.036525273208821485
6.936,0.06676426319593998,0.1229997730025032,0.09164521321022612,0.07921300690446409,0.0398822600107156,0.036472221402868765
6.938,0.06670690047453776,0.12287614461916929,0.09156920584092276,0.07915298497755074,0.03983035389123746,0.036419205360381124
6.94,0.06664956284306878,0.12275254405401803,0.09149323632350748,0.0790929802551934,0.03977848082988,0.03636622510724741
6.942,0.06659225032714522,0.12262897141103024,0.09141730467199527,0.07903299277234255,0.03972664084981048,0.036313280669244774
6.944,0.06653496295229666,0.12250542679401044,0.09134141090032677,0.07897302256386607,0.03967483397409666,0.03626037207203914
6.946,0.06647770074396986,0.12238191030658685,0.09126555502236822,0.0789130696645497,0.03962306022570661,0.0362074993411845
6.948,0.06642046372752897,0.12225842205221116,0.09118973705191191,0.078853134109097,0.03957131962750915,0.03615466250212429
6.95,0.0663632519282562,0.12213496213415942,0.09111395700267622,0.07879321593212962,0.03951961220227407,0.036101861580190464
6.952,0.06630606537135098,0.12201153065553183,0.09103821488830577,0.07873331516818727,0.03946793797267234,0.03604909660060418
6.954,0.06624890408193096,0.1218881277192525,0.09096251072237127,0.07867343185172793,0.03941629696127591,0.0359963675884758
6.956,0.06619176808503169,0.12176475342807036,0.09088684451837037,0.0786135660171281,0.039364689190558355,0.03594367456880554
6.958,0.06613465740560676,0.12164140788455868,0.09081121628972699,0.07855371769868258,0.03931311468289467,0.03589101756648283
6.96,0.06607757206852805,0.12151809119111534,0.09073562604979202,0.07849388693060488,0.03926157346056125,0.03583839660628696
6.962,0.06602051209858595,0.12139480344996345,0.09066007381184349,0.07843407374702727,0.03921006554573658,0.035785811712887305
6.964,0.06596347752048937,0.12127154476315072,0.0905845595890864,0.07837427818200093,0.039158590960501005,0.03573326291084333
6.966,0.06590646835886549,0.12114831523255032,0.09050908339465336,0.07831450026949605,0.03910714972683693,0.03568075022460482
6.968,0.06584948463826068,0.12102511495986068,0.09043364524160391,0.07825474004340194,0.03905574186662908,0.035628273678511624
6.97,0.06579252638313982,0.12090194404660548,0.09035824514292545,0.0781949975375269,0.039004367401664686,0.03557583329679481
6.972,0.06573559361788717,0.1207788025941341,0.09028288311153343,0.07813527278559906,0.03895302635363351,0.035523429103575754
6.974,0.06567868636680596,0.12065569070362181,0.09020755916027068,0.07807556582126574,0.038901718744127844,0.0354710611228668
6.976,0.0656218046541186,0.12053260847606961,0.09013227330190854,0.07801587667809406,0.03885044459464293,0.03541872937857149
6.978,0.0655649485039671,0.12040955601230441,0.09005702554914641,0.0779562053895706,0.03879920392657721,0.035366433894484794
6.98,0.06550811794041289,0.12028653341297968,0.08998181591461196,0.07789655198910217,0.038747996761232084,0.03531417469429288
6.982,0.06545131298743678,0.12016354077857483,0.0899066444108616,0.07783691651001545,0.038696823119812374,0.03526195180157332
6.984,0.06539453366893988,0.12004057820939606,0.08983151105038023,0.07777729898555696,0.0386456830234263,0.03520976523979602
6.986,0.06533778000874269,0.11991764580557596,0.0897564158455817,0.07771769944889373,0.03859457649308573,0.035157615032322065
6.988,0.06528105203058598,0.11979474366707388,0.08968135880880856,0.07765811793311328,0.03854350354970637,0.0351055012024053
6.99,0.06522434975813063,0.11967187189367623,0.08960633995233303,0.07759855447122321,0.03849246421410757,0.035053423773191206
6.992,0.06516767321495798,0.11954903058499644,0.08953135928835598,0.07753900909615208,0.03844145850701319,0.035001382767718026
6.994,0.06511102242456923,0.11942621984047497,0.08945641682900818,0.07747948184074893,0.03839048644905074,0.034949378208916526
6.996,0.06505439741038677,0.11930343975937996,0.08938151258634974,0.07741997273778356,0.03833954806075268,0.03489741011961023
6.998,0.06499779819575302,0.11918069044080659,0.08930664657237064,0.07736048181994715,0.03828864336255555,0.03484547852251518
7.0,0.06494122480393161,0.11905797198367818,0.08923181879899067,0.0773010091198516,0.03823777237480086,0.03479358344024108
7.002,0.06488467725810709,0.11893528448674529,0.08915702927805969,0.07724155467003024,0.038186935117734855,0.03474172489529015
7.0040000000000004,0.06482815558138455,0.11881262804858705,0.0890822780213576,0.07718211850293755,0.03813613161150853,0.03468990291005847
7.006,0.06477165979679067,0.1186900027676101,0.08900756504059482,0.0771227006509494,0.03808536187617806,0.03463811750683554
7.008,0.06471518992727332,0.11856740874204941,0.08893289034741203,0.0770633011463635,0.038034625931705035,0.034586368707804294
7.01,0.06465874599570154,0.11844484606996875,0.08885825395338087,0.077003920021399,0.037983923797956454,0.03453465653504195
7.0120000000000005,0.06460232802486598,0.11832231484925981,0.08878365587000325,0.07694455730819705,0.03793325549470472,0.03448298101051939
7.014,0.06454593603747916,0.11819981517764311,0.08870909610871247,0.07688521303882068,0.03788262104162787,0.034431342156101774
7.016,0.06448957005617495,0.11807734715266838,0.08863457468087277,0.07682588724525474,0.03783202045831002,0.0343797399935486
7.018,0.06443323010350954,0.11795491087171373,0.08856009159777933,0.07676657995940661,0.037781453764241135,0.03432817454451409
7.0200000000000005,0.06437691620196073,0.1178325064319865,0.08848564687065896,0.07670729121310571,0.03773092097881747,0.03427664583054657
7.022,0.0643206283739286,0.11771013393052354,0.08841124051067006,0.07664802103810375,0.03768042212134137,0.034225153873089775
7.024,0.06426436664173574,0.11758779346419068,0.08833687252890243,0.0765887694660754,0.03762995721102169,0.03417369869348197
7.026,0.06420813102762679,0.11746548512968369,0.0882625429363777,0.0765295365286176,0.03757952626697403,0.03412228031295683
7.0280000000000005,0.06415192155376892,0.11734320902352757,0.08818825174404954,0.07647032225725026,0.0375291293082205,0.03407089875264324
7.03,0.06409573824225201,0.11722096524207748,0.0881139989628037,0.07641112668341599,0.03747876635369041,0.03401955403356549
7.032,0.06403958111508867,0.11709875388151825,0.08803978460345818,0.07635194983848037,0.037428437422219574,0.03396824617664351
7.034,0.06398345019421425,0.11697657503786507,0.08796560867676328,0.07629279175373238,0.03737814253255145,0.0339169752026931
7.0360000000000005,0.06392734550148749,0.11685442880696328,0.08789147119340202,0.07623365246038394,0.037327881703336674,0.03386574113242591
7.038,0.06387126705868962,0.11673231528448857,0.08781737216398966,0.07617453198957036,0.03727765495313329,0.033814543986449674
7.04,0.0638152148875255,0.11661023456594721,0.08774331159907467,0.0761154303723508,0.037227462300406966,0.03376338378526844
7.042,0.06375918900962341,0.11648818674667583,0.08766928950913844,0.07605634763970737,0.03717730376353123,0.03371226054928256
7.0440000000000005,0.06370318944653497,0.11636617192184251,0.0875953059045953,0.07599728382254645,0.037127179360787466,0.0336611742987889
7.046,0.06364721621973524,0.11624419018644572,0.08752136079579276,0.07593823895169782,0.03707708911036511,0.03361012505398131
7.048,0.06359126935062309,0.11612224163531515,0.08744745419301192,0.07587921305791556,0.03702703303036192,0.03355911283495039
7.05,0.06353534886052148,0.11600032636311197,0.08737358610646728,0.07582020617187757,0.03697701113878371,0.03350813766168392
7.0520000000000005,0.06347945477067696,0.1158784444643286,0.08729975654630717,0.07576121832418581,0.036927023453544816,0.033457199554066674
7.054,0.06342358710226037,0.11575659603328892,0.08722596552261352,0.07570224954536697,0.036877069992468536,0.03340629853188104
7.056,0.06336774587636662,0.11563478116414849,0.08715221304540233,0.0756432998658716,0.03682715077328669,0.03335543461480661
7.058,0.06331193111401512,0.11551299995089481,0.08707849912462362,0.07558436931607515,0.03677726581364027,0.03330460782242084
7.0600000000000005,0.06325614283614955,0.11539125248734727,0.08700482377016172,0.07552545792627763,0.03672741513107902,0.033253818174199035
7.062,0.06320038106363834,0.11526953886715718,0.08693118699183522,0.07546656572670374,0.03667759874306209,0.03320306568951459
7.064,0.06314464581727419,0.11514785918380865,0.08685758879939742,0.07540769274750292,0.0366278166669578,0.03315235038763875
7.066,0.06308893711777519,0.11502621353061748,0.08678402920253614,0.07534883901875,0.03657806892004434,0.033101672287741524
7.0680000000000005,0.06303325498578394,0.11490460200073249,0.08671050821087412,0.07529000457044432,0.03652835551950928,0.033051031408890985
7.07,0.0629775994418682,0.11478302468713508,0.08663702583396882,0.07523118943251106,0.03647867648245007,0.033000427770053964
7.072,0.06292197050652071,0.11466148168263945,0.08656358208131287,0.0751723936348001,0.03642903182587398,0.03294986139009626
7.074,0.06286636820015978,0.11453997307989261,0.0864901769623343,0.07511361720708742,0.0363794215666986,0.03289933228778241
7.0760000000000005,0.06281079254312916,0.1144184989713748,0.08641681048639627,0.07505486017907392,0.036329845721751575,0.032848840481776165
7.078,0.06275524355569773,0.1142970594493995,0.08634348266279734,0.07499612258038657,0.03628030430777107,0.032798385990640444
7.08,0.06269972125806023,0.11417565460611345,0.08627019350077214,0.07493740444057817,0.03623079734140555,0.03274796883283759
7.082,0.06264422567033723,0.11405428453349731,0.08619694300949066,0.07487870578912692,0.03618132483921421,0.03269758902672981
7.0840000000000005,0.06258875681257514,0.11393294932336495,0.08612373119805894,0.07482002665543752,0.036131886817667214,0.032647246590578494
7.086,0.06253331470474621,0.11381164906736418,0.08605055807551909,0.07476136706884073,0.03608248329314567,0.03259694154254533
7.088,0.06247789936674897,0.11369038385697694,0.08597742365084926,0.07470272705859338,0.03603311428194145,0.0325466739006921
7.09,0.062422510818407995,0.11356915378351906,0.0859043279329641,0.07464410665387877,0.03598377980025802,0.032496443682980436
7.0920000000000005,0.062367149079474604,0.11344795893814097,0.08583127093071474,0.07458550588380675,0.035934479864210056,0.03244625090727249
7.094,0.06231181416962617,0.113326799411827,0.08575825265288883,0.0745269247774134,0.03588521448982385,0.032396095591331164
7.096,0.06225650610846656,0.11320567529539627,0.08568527310821072,0.0744683633636618,0.03583598369303709,0.032345977752819666
7.098,0.06220122491552682,0.1130845866795025,0.08561233230534149,0.07440982167144194,0.03578678748969977,0.03229589740930239
7.1000000000000005,0.0621459706102645,0.11296353365463419,0.08553943025287958,0.07435129972957033,0.03573762589557328,0.03224585457824425
7.102,0.06209074321206409,0.11284251631111464,0.08546656695936039,0.07429279756679064,0.035688498926331524,0.0321958492770118
7.104,0.06203554274023726,0.11272153473910262,0.08539374243325648,0.07423431521177393,0.035639406597560486,0.032145881522872344
7.106,0.061980369214022835,0.11260058902859194,0.08532095668297779,0.07417585269311822,0.03559034892475843,0.032095951332995254
7.1080000000000005,0.06192522265258682,0.11247967926941183,0.08524820971687208,0.07411741003934913,0.035541325923336364,0.0320460587244511
7.11,0.06187010307502283,0.11235880555122679,0.08517550154322473,0.07405898727891946,0.03549233760861781,0.0319962037142123
7.112,0.06181501050035165,0.11223796796353724,0.08510283217025871,0.07400058444020985,0.03544338399583902,0.03194638631915314
7.114,0.06175994494752213,0.1121171665956795,0.08503020160613528,0.07394220155152875,0.03539446510014943,0.03189660655604998
7.1160000000000005,0.06170490643541049,0.11199640153682533,0.08495760985895329,0.07388383864111203,0.03534558093661144,0.03184686444158147
7.118,0.06164989498282103,0.11187567287598288,0.0848850569367503,0.0738254957371236,0.03529673152020063,0.031797159992328794
7.12,0.061594910608485876,0.11175498070199663,0.08481254284750195,0.07376717286765566,0.03524791686580575,0.031747493224775436
7.122,0.061539953331065655,0.1116343251035472,0.08474006759912256,0.07370887006072824,0.03519913698822963,0.0316978641553074
7.1240000000000006,0.061485023169148834,0.1115137061691518,0.08466763119946474,0.07365058734428986,0.03515039190218827,0.031648272800214095
7.126,0.061430120141252376,0.11139312398716439,0.08459523365632005,0.07359232474621735,0.03510168162231153,0.03159871917568724
7.128,0.06137524426582153,0.11127257864577556,0.08452287497741895,0.0735340822943158,0.03505300616314333,0.031549203297822404
7.13,0.061320395561230256,0.11115207023301266,0.0844505551704311,0.073475860016319,0.03500436553914166,0.0314997251826179
7.132000000000001,0.06126557404578126,0.1110315988367403,0.08437827424296485,0.07341765793988975,0.034955759764678795,0.03145028484597567
7.134,0.061210779737705945,0.11091116454466032,0.08430603220256816,0.07335947609261906,0.034907188854041094,0.03140088230370153
7.136,0.06115601265516468,0.11079076744431204,0.08423382905672816,0.07330131450202737,0.034858652821429637,0.03135151757150467
7.138,0.06110127281624678,0.11067040762307179,0.0841616648128718,0.07324317319556384,0.03481015168096002,0.03130219066499862
7.140000000000001,0.061046560238970704,0.11055008516815379,0.08408953947836562,0.073185052200607,0.03476168544666258,0.03125290159970051
7.142,0.06099187494128433,0.11042980016661019,0.08401745306051578,0.07312695154446436,0.03471325413248283,0.031203650391032012
7.144,0.06093721694106469,0.11030955270533083,0.08394540556656849,0.073068871254373,0.03466485775228101,0.031154437054319084
7.146,0.06088258625611864,0.11018934287104343,0.08387339700370999,0.0730108113574992,0.03461649631983299,0.03110526160479221
7.148000000000001,0.06082798290418223,0.1100691707503143,0.08380142737906682,0.07295277188093907,0.03456816984882938,0.03105612405758662
7.15,0.060773406902921545,0.10994903642954768,0.08372949669970575,0.07289475285171831,0.03451987835287684,0.031007024427742502
7.152,0.06071885826993251,0.10982893999498655,0.08365760497263408,0.07283675429679248,0.034471621845497236,0.03095796273020479
7.154,0.060664337022740655,0.1097088815327123,0.08358575220479936,0.07277877624304674,0.034423400340128474,0.030908938979823608
7.156000000000001,0.0606098431788018,0.10958886112864508,0.0835139384030903,0.07272081871729652,0.0343752138501241,0.03085995319135426
7.158,0.060555376755502044,0.10946887886854406,0.08344216357433631,0.07266288174628732,0.03432706238875394,0.030811005379457912
7.16,0.060500937770157526,0.10934893483800723,0.08337042772530756,0.0726049653566947,0.03427894596920389,0.030762095558700908
7.162,0.06044652624001512,0.10922902912247179,0.08329873086271555,0.07254706957512491,0.03423086460457592,0.030713223743555673
7.164000000000001,0.06039214218225197,0.10910916180721442,0.08322707299321297,0.07248919442811408,0.03418281830788894,0.030664389948400483
7.166,0.060337785613975736,0.10898933297735103,0.08315545412339365,0.07243133994212925,0.034134807092077946,0.030615594187519246
7.168,0.06028345655222522,0.108869542717837,0.08308387425979324,0.07237350614356819,0.034086830969994875,0.03056683647510261
7.17,0.06022915501396975,0.10874979111346761,0.08301233340888858,0.07231569305875918,0.034038889954408624,0.03051811682524752
7.172,0.06017488101610957,0.10863007824887783,0.08294083157709853,0.07225790071396121,0.03399098405800505,0.030469435251957222
7.174,0.06012063457547634,0.10851040420854297,0.08286936877078377,0.07220012913536467,0.03394311329338695,0.030420791769141697
7.176,0.06006641570883264,0.10839076907677803,0.08279794499624704,0.07214237834909087,0.033895277673074764,0.030372186390617673
7.178,0.060012224432872685,0.10827117293773836,0.0827265602597329,0.0720846483811921,0.03384747720950587,0.030323619130108836
7.18,0.05995806076422161,0.10815161587541988,0.08265521456742841,0.07202693925765202,0.0337997119150355,0.030275090001246285
7.182,0.0599039247194364,0.10803209797365909,0.08258390792546288,0.07196925100438567,0.033751981801936726,0.03022659901756808
7.184,0.05984981631500563,0.10791261931613283,0.0825126403399079,0.07191158364723993,0.033704286882400014,0.030178146192519906
7.186,0.05979573556734974,0.10779317998635918,0.08244141181677822,0.07185393721199262,0.033656627168534126,0.030129731539454863
7.188,0.05974168249282075,0.10767378006769679,0.08237022236203084,0.07179631172435386,0.033609002672365884,0.030081355071633897
7.19,0.05968765710770296,0.10755441964334556,0.08229907198156572,0.07173870720996534,0.0335614134058404,0.030033016802225587
7.192,0.05963365942821275,0.10743509879634683,0.08222796068122595,0.0716811236944006,0.033513859380820854,0.029984716744306805
7.194,0.05957968947049852,0.10731581760958298,0.0821568884667978,0.07162356120316526,0.03346634060908915,0.029936454910862498
7.196,0.05952574725064097,0.10719657616577805,0.08208585534401047,0.07156601976169719,0.033418857102345934,0.029888231314785907
7.198,0.05947183278465329,0.10707737454749755,0.08201486131853675,0.0715084993953663,0.03337140887221035,0.029840045968878792
7.2,0.05941794608848139,0.10695821283714912,0.08194390639599258,0.07145100012947503,0.03332399593022073,0.029791898885851653
7.202,0.05936408717800368,0.10683909111698187,0.08187299058193798,0.07139352198925808,0.03327661828783435,0.029743790078323507
7.204,0.059310256069031286,0.10672000946908744,0.08180211388187653,0.07133606499988265,0.033229275956427884,0.02969571955882233
7.206,0.059256452777308066,0.10660096797539942,0.08173127630125543,0.07127862918644867,0.03318196894729697,0.02964768733978529
7.208,0.059202677318511254,0.10648196671769372,0.08166047784546615,0.071221214573989,0.033134697271656854,0.029599693433558727
7.21,0.05914892970825103,0.10636300577758862,0.08158971851984398,0.071163821187469,0.03308746094064263,0.029551737852398396
7.212,0.059095209962070516,0.10624408523654516,0.08151899832966869,0.07110644905178742,0.033040259965308794,0.029503820608469455
7.214,0.059041518095446444,0.10612520517586721,0.08144831728016433,0.07104909819177574,0.03299309435662967,0.02945594171384691
7.216,0.05898785412378871,0.10600636567670119,0.0813776753764992,0.07099176863219858,0.032945964125500105,0.0294081011805154
7.218,0.058934218062441035,0.10588756682003697,0.08130707262378656,0.0709344603977542,0.03289886928273433,0.02936029902036985
7.22,0.05888060992668054,0.10576880868670724,0.0812365090270839,0.07087717351307377,0.03285180983906755,0.02931253524521482
7.222,0.05882702973171838,0.10565009135738812,0.08116598459139412,0.07081990800272231,0.032804785805155,0.029264809866765384
7.224,0.058773477492699344,0.10553141491259899,0.08109549932166438,0.07076266389119801,0.03275779719157268,0.02921712289664713
7.226,0.058719953224702026,0.10541277943270311,0.08102505322278741,0.0707054412029331,0.03271084400881685,0.02916947434639594
7.228,0.05866645694273953,0.10529418499790699,0.08095464629960092,0.07064823996229364,0.03266392626730519,0.02912186422745866
7.23,0.05861298866175879,0.1051756316882615,0.08088427855688818,0.07059106019357908,0.03261704397737586,0.02907429255119287
7.232,0.05855954839664124,0.10505711958366115,0.08081394999937741,0.07053390192102338,0.032570197149288216,0.029026759328867113
7.234,0.05850613616220279,0.10493864876384462,0.08074366063174288,0.07047676516879453,0.032523385793223,0.028979264571661112
7.236,0.05845275197319366,0.10482021930839491,0.08067341045860421,0.07041964996099437,0.03247660991928214,0.028931808290665995
7.238,0.05839939584429876,0.10470183129673916,0.08060319948452688,0.07036255632165922,0.03242986953748894,0.028884390496884293
7.24,0.058346067790137734,0.10458348480814927,0.08053302771402215,0.07030548427475991,0.032383164657788566,0.028837011201230167
7.242,0.05829276782526516,0.10446517992174198,0.08046289515154759,0.07024843384420154,0.032336495290048006,0.028789670414529178
7.244,0.05823949596417055,0.10434691671647833,0.08039280180150676,0.07019140505382415,0.03228986144405588,0.028742368147519404
7.246,0.058186252221278156,0.10422869527116463,0.08032274766824932,0.07013439792740206,0.03224326312952286,0.028695104410850325
7.248,0.05813303661094782,0.10411051566445217,0.08025273275607159,0.07007741248864452,0.03219670035608191,0.028647879215083938
7.25,0.05807984914747455,0.10399237797483729,0.08018275706921618,0.07002044876119595,0.03215017313328805,0.02860069257069453
7.252,0.05802668984508874,0.10387428228066198,0.08011282061187242,0.06996350676863528,0.03210368147061904,0.028553544488068905
7.2540000000000004,0.057973558717956175,0.10375622866011325,0.08004292338817631,0.06990658653447701,0.03205722537747491,0.02850643497750638
7.256,0.05792045578017824,0.10363821719122424,0.07997306540221083,0.06984968808217062,0.032010804863178643,0.028459364049219005
7.258,0.05786738104579214,0.10352024795187353,0.07990324665800563,0.06979281143510097,0.03196441993697574,0.028412331713331795
7.26,0.05781433452877094,0.10340232101978541,0.07983346715953776,0.06973595661658805,0.031918070608034865,0.028365337979883165
7.2620000000000005,0.057761316243023275,0.10328443647253072,0.07976372691073119,0.06967912364988771,0.03187175688544763,0.028318382858824043
7.264,0.0577083262023943,0.10316659438752596,0.07969402591545727,0.06962231255819118,0.03182547877822883,0.028271466360019426
7.266,0.05765536442066499,0.103048794842034,0.07962436417753493,0.06956552336462551,0.03177923629531687,0.02822458849324727
7.268,0.05760243091155259,0.10293103791316427,0.07955474170073074,0.0695087560922536,0.031733029445573546,0.02817774926819938
7.2700000000000005,0.057549525688710634,0.10281332367787277,0.07948515848875837,0.06945201076407415,0.031686858237784055,0.028130948694481628
7.272,0.05749664876572935,0.10269565221296206,0.07941561454528001,0.0693952874030217,0.03164072268065743,0.028084186781613285
7.274,0.05744380015613548,0.1025780235950815,0.079346109873905,0.06933858603196708,0.031594622782826765,0.028037463539027918
7.276,0.057390979873392256,0.10246043790072745,0.07927664447819138,0.06928190667371736,0.03154855855284877,0.027990778976073605
7.2780000000000005,0.05733818793089962,0.10234289520624351,0.0792072183616448,0.0692252493510157,0.03150252999920489,0.02794413310201249
7.28,0.057285424341994684,0.10222539558782029,0.07913783152771914,0.06916861408654174,0.031456537130300166,0.027897525926021238
7.282,0.057232689119951496,0.10210793912149585,0.07906848397981703,0.06911200090291181,0.03141057995446439,0.02785095745719124
7.284,0.057179982277981045,0.10199052588315594,0.07899917572128934,0.06905540982267855,0.03136465847995207,0.027804427704528845
7.2860000000000005,0.0571273038292317,0.10187315594853352,0.07892990675543543,0.06899884086833152,0.03131877271494199,0.02775793667695514
7.288,0.057074653786789,0.1017558293932097,0.07886067708550337,0.0689422940622968,0.031272922667537895,0.027711484383306395
7.29,0.05702203216367585,0.10163854629261326,0.07879148671469016,0.06888576942693758,0.031227108345768473,0.02766507083233405
7.292,0.05696943897285278,0.10152130672202109,0.0787223356461415,0.06882926698455383,0.03118132975758736,0.027618696032704948
7.2940000000000005,0.05691687422721792,0.10140411075655842,0.07865322388295248,0.06877278675738285,0.03113558691087337,0.02757235999300134
7.296,0.05686433793960699,0.1012869584711984,0.07858415142816688,0.06871632876759892,0.03108987981343092,0.027526062721721534
7.298,0.05681183012279378,0.10116984994076295,0.07851511828477808,0.06865989303731346,0.03104420847298961,0.027479804227279248
7.3,0.056759350789489904,0.10105278523992256,0.07844612445572863,0.06860347958857571,0.030998572897204646,0.027433584518004483
7.3020000000000005,0.05670689995234501,0.1009357644431963,0.07837716994391064,0.0685470884433721,0.030952973093656855,0.02738740360214309
7.304,0.05665447762394682,0.100818787624952,0.07830825475216585,0.0684907196236264,0.03090740906985312,0.027341261487857427
7.306,0.0566020838168213,0.10070185485940653,0.07823937888328558,0.06843437315120049,0.030861880833226163,0.02729515818322592
7.308,0.05654971854343316,0.10058496622062596,0.07817054234001097,0.0683780490478938,0.030816388391134764,0.02724909369624373
7.3100000000000005,0.05649738181618491,0.1004681217825254,0.0781017451250332,0.0683217473354436,0.030770931750863983,0.02720306803482253
7.312,0.05644507364741824,0.10035132161886962,0.0780329872409935,0.06826546803552502,0.030725510919625165,0.027157081206791167
7.314,0.05639279404941311,0.10023456580327283,0.0779642686904829,0.06820921116975143,0.030680125904556155,0.027111133219895
7.316,0.0563405430343884,0.10011785440919874,0.07789558947604314,0.06815297675967424,0.030634776712721523,0.02706522408179679
7.3180000000000005,0.05628832061450195,0.1000011875099609,0.077826949600166,0.06809676482678317,0.030589463351112345,0.027019353800076473
7.32,0.056236126801850306,0.0998845651787228,0.07775834906529377,0.06804057539250596,0.030544185826646864,0.026973522382231385
7.322,0.05618396160846939,0.0997679874884978,0.07768978787381964,0.0679844084782093,0.03049894414617005,0.026927729835676262
7.324,0.05613182504633407,0.09965145451214985,0.07762126602808705,0.06792826410519792,0.030453738316454038,0.026881976167743682
7.3260000000000005,0.0560797171273586,0.09953496632239278,0.07755278353039041,0.0678721422947155,0.03040856834419836,0.026836261385684068
7.328,0.05602763786339682,0.09941852299179099,0.07748434038297525,0.06781604306794442,0.030363434236029718,0.026790585496665686
7.33,0.055975587266241744,0.09930212459275944,0.0774159365880378,0.06775996644600557,0.030318335998502643,0.02674494850777487
7.332,0.055923565347626214,0.09918577119756389,0.0773475721477257,0.06770391244995899,0.030273273638099063,0.026699350426016455
7.3340000000000005,0.05587157211922267,0.09906946287832108,0.07727924706413769,0.06764788110080366,0.030228247161228516,0.02665379125831313
7.336,0.05581960759264315,0.09895319970699834,0.0772109613393237,0.06759187241947773,0.030183256574228823,0.026608271011506757
7.338,0.055767671779439976,0.09883698175541422,0.07714271497528546,0.06753588642685848,0.030138301883365637,0.02656278969235748
7.34,0.05571576469110551,0.09872080909523873,0.07707450797397586,0.06747992314376239,0.03009338309483267,0.02651734730754418
7.3420000000000005,0.05566388633907193,0.09860468179799331,0.0770063403372998,0.06742398259094529,0.030048500214751916,0.026471943863664915
7.344,0.05561203673471149,0.09848859993505044,0.07693821206711382,0.06736806478910284,0.03000365324917409,0.02642657936723669
7.346,0.05556021588933735,0.09837256357763446,0.07687012316522646,0.06731216975886989,0.029958842204077962,0.026381253824695916
7.348,0.05550842381420251,0.09825657279682187,0.07680207363339786,0.06725629752082107,0.029914067085371254,0.026335967242398173
7.3500000000000005,0.05545666052050091,0.09814062766354037,0.07673406347334066,0.06720044809547066,0.029869327898890408,0.026290719626618664
7.352,0.05540492601936675,0.09802472824857023,0.07666609268671976,0.06714462150327294,0.02982462465040059,0.02624551098355221
7.354,0.055353220321875174,0.0979088746225436,0.07659816127515184,0.06708881776462206,0.029779957345596353,0.02620034131931348
7.356,0.055301543439042034,0.09779306685594524,0.07653026924020656,0.0670330368998524,0.029735325990101202,0.026155210639936977
7.3580000000000005,0.05524989538182434,0.09767730501911198,0.07646241658340602,0.066977278929238,0.02969073058946803,0.026110118951377492
7.36,0.05519827616111983,0.09756158918223345,0.0763946033062246,0.06692154387299354,0.02964617114917889,0.02606506625950966
7.362,0.0551466857877676,0.09744591941535186,0.07632682941008961,0.06686583175127403,0.02960164767464568,0.02602005257012885
7.364,0.055095124272547924,0.09733029578836216,0.0762590948963815,0.0668101425841745,0.029557160171209684,0.025975077888950704
7.3660000000000005,0.05504359162618222,0.09721471837101259,0.07619139976643319,0.06675447639173071,0.02951270864414246,0.025930142221611607
7.368,0.054992087859333516,0.09709918723290412,0.07612374402153077,0.06669883319391912,0.02946829309864496,0.02588524557366867
7.37,0.05494061298260644,0.09698370244349097,0.0760561276629137,0.06664321301065668,0.02942391353984819,0.02584038795059973
7.372,0.054889167006547,0.09686826407208105,0.07598855069177435,0.06658761586180106,0.02937956997281388,0.025795569357804027
7.3740000000000006,0.05483774994164303,0.09675287218783546,0.07592101310925892,0.0665320417671511,0.02933526240253337,0.025750789800601748
7.376,0.05478636179832441,0.09663752685976901,0.07585351491646652,0.06647649074644635,0.029290990833928943,0.025706049284234478
7.378,0.05473500258696262,0.09652222815675038,0.07578605611445033,0.06642096281936749,0.029246755271853164,0.0256613478138652
7.38,0.05468367231787141,0.09640697614750171,0.07571863670421708,0.06636545800553639,0.02920255572108932,0.02561668539457873
7.382000000000001,0.0546323710013068,0.0962917709005997,0.07565125668672712,0.06630997632451607,0.02915839218635141,0.025572062031381515
7.384,0.05458109864746663,0.09617661248447473,0.07558391606289461,0.06625451779581071,0.029114264672284618,0.02552747772920161
7.386,0.054529855266491234,0.09606150096741173,0.07551661483358796,0.0661990824388663,0.02907017318346483,0.025482932492889576
7.388,0.054478640868463435,0.09594643641754996,0.07544935299962963,0.06614367027307,0.029026117724399336,0.025438426327217822
7.390000000000001,0.05442745546340877,0.09583141890288305,0.0753821305617961,0.0660882813177508,0.028982098299526582,0.025393959236881036
7.392,0.05437629906129504,0.0957164484912596,0.07531494752081835,0.06603291559217928,0.028938114913216628,0.025349531226496635
7.394,0.05432517167203299,0.09560152525038279,0.07524780387738139,0.06597757311556762,0.028894167569770923,0.025305142300604322
7.396,0.05427407330547607,0.09548664924781103,0.07518069963212515,0.06592225390707007,0.028850256273422525,0.025260792463666526
7.398000000000001,0.05422300397142088,0.09537182055095728,0.07511363478564403,0.0658669579857829,0.028806381028336325,0.02521648172006863
7.4,0.05417196367960697,0.09525703922708995,0.07504660933848717,0.06581168537074422,0.028762541838609046,0.025172210074119183
7.402,0.05412095243971682,0.0951423053433329,0.07497962329115815,0.0657564360809344,0.028718738708269687,0.025127977530049472
7.404,0.05406997026137628,0.09502761896666523,0.07491267664411594,0.06570121013527608,0.0286749716412793,0.025083784092014172
7.406000000000001,0.05401901715415436,0.09491298016392169,0.07484576939777421,0.06564600755263417,0.02863124064153122,0.025039629764091575
7.408,0.0539680931275639,0.09479838900179294,0.074778901552502,0.06559082835181607,0.028587545712851048,0.02499551455028337
7.41,0.05391719819106089,0.09468384554682507,0.07471207310862327,0.06553567255157144,0.028543886858997114,0.024951438454514863
7.412,0.05386633235404492,0.09456934986542054,0.07464528406641735,0.06548054017059268,0.028500264083660243,0.024907401480635194
7.414000000000001,0.05381549562585963,0.09445490202383766,0.07457853442611917,0.0654254312275151,0.028456677390464202,0.02486340363241757
7.416,0.05376468801579226,0.09434050208819111,0.0745118241879188,0.06537034574091627,0.02841312678296548,0.02481944491355903
7.418,0.05371390953307387,0.09422615012445168,0.07444515335196233,0.06531528372931694,0.028369612264653732,0.024775525327681125
7.42,0.05366316018687978,0.09411184619844715,0.07437852191835148,0.06526024521118101,0.02832613383895155,0.024731644878329684
7.422000000000001,0.05361243998632914,0.09399759037586142,0.07431192988714352,0.06520523020491487,0.02828269150921514,0.02468780356897482
7.424,0.053561748940485376,0.0938833827222354,0.07424537725835179,0.06515023872886849,0.02823928527873365,0.024644001403011595
7.426,0.05351108705835639,0.09376922330296678,0.07417886403194562,0.06509527080133481,0.028195915150730277,0.024600238383759576
7.428,0.05346045434889435,0.09365511218331024,0.07411239020785043,0.06504032644055013,0.028152581128361165,0.0245565145144635
7.43,0.05340985082099592,0.09354104942837771,0.07404595578594786,0.06498540566469413,0.02810928321471695,0.024512829798292834
7.432,0.05335927648350225,0.09342703510313832,0.07397956076607581,0.06493050849189008,0.02806602141282144,0.024469184238342434
7.434,0.05330873134519942,0.09331306927241867,0.0739132051480289,0.06487563494020465,0.028022795725633154,0.02442557783763233
7.436,0.05325821541481823,0.09319915200090279,0.07384688893155777,0.06482078502764832,0.027979606156044,0.02438201059910794
7.438,0.053207728701034185,0.0930852833531326,0.07378061211636977,0.06476595877217517,0.02793645270688061,0.024338482525640526
7.44,0.05315727121246794,0.09297146339350748,0.07371437470212916,0.0647111561916831,0.027893335380903883,0.02429499362002696
7.442,0.05310684295768531,0.09285769218628492,0.07364817668845669,0.06465637730401386,0.02785025418080922,0.024251543884989957
7.444,0.05305644394519704,0.0927439697955803,0.07358201807493026,0.06460162212695364,0.027807209109226516,0.02420813332317806
7.446,0.05300607418345926,0.09263029628536734,0.0735158988610849,0.06454689067823227,0.027764200168720388,0.0241647619371661
7.448,0.052955733680873474,0.09251667171947808,0.07344981904641212,0.06449218297552384,0.027721227361790612,0.02412142972945519
7.45,0.052905422445786554,0.09240309616160292,0.07338377863036127,0.06443749903644669,0.027678290690871465,0.02407813670247272
7.452,0.0528551404864912,0.09228956967529056,0.0733177776123386,0.06438283887856366,0.027635390158332385,0.02403488285857258
7.454,0.0528048878112255,0.09217609232394897,0.07325181599170771,0.0643282025193821,0.027592525766478415,0.0239916682000354
7.456,0.05275466442817334,0.09206266417084463,0.07318589376778983,0.06427358997635335,0.027549697517549543,0.023948492729068516
7.458,0.05270447034546444,0.09194928527910284,0.07312001093986376,0.06421900126687397,0.02750690541372114,0.023905356447806225
7.46,0.052654305571174564,0.0918359557117081,0.07305416750716587,0.06416443640828495,0.027464149457104625,0.02386225935830999
7.462,0.0526041701133253,0.09172267553150415,0.07298836346889037,0.06410989541787226,0.027421429649746587,0.02381920146256844
7.464,0.05255406397988471,0.09160944480119393,0.07292259882418906,0.06405537831286634,0.02737874599362966,0.023776182762497378
7.466,0.0525039871787667,0.09149626358334007,0.07285687357217219,0.064000885110443,0.027336098490672534,0.023733203259940217
7.468,0.05245393971783163,0.09138313194036463,0.07279118771190762,0.06394641582772276,0.027293487142729722,0.023690262956667985
7.47,0.052403921604886605,0.09127004993454957,0.07272554124242148,0.06389197048177153,0.027250911951591794,0.023647361854379323
7.472,0.05235393284768475,0.09115701762803652,0.07265993416269811,0.06383754908960015,0.027208372918986035,0.02360449995470071
7.474,0.0523039734539259,0.09104403508282699,0.07259436647168016,0.06378315166816506,0.02716587004657578,0.023561677259186675
7.476,0.052254043431256836,0.09093110236078283,0.07252883816826894,0.06372877823436784,0.02712340333596086,0.023518893769319815
7.478,0.052204142787271035,0.09081821952362601,0.07246334925132403,0.06367442880505592,0.027080972788678048,0.023476149486511222
7.48,0.05215427152950869,0.09070538663293881,0.0723978997196637,0.06362010339702162,0.02703857840620061,0.023433444412100046
7.482,0.05210442966545714,0.09059260375016409,0.07233248957206473,0.06356580202700357,0.026996220189938747,0.023390778547354163
7.484,0.05205461720255067,0.09047987093660548,0.072267118807263,0.06351152471168575,0.02695389814123983,0.02334815189346995
7.486,0.05200483414817092,0.09036718825342693,0.07220178742395311,0.06345727146769797,0.02691161226138794,0.023305564451572947
7.488,0.05195508050964648,0.09025455576165364,0.07213649542078882,0.06340304231161631,0.02686936255160499,0.023263016222717203
7.49,0.051905356294253746,0.09014197352217157,0.07207124279638255,0.06334883725996221,0.02682714901304961,0.023220507207885932
7.492,0.05185566150921628,0.09002944159572812,0.07200602954930635,0.06329465632920361,0.02678497164681848,0.023178037407991514
7.494,0.051805996161705004,0.08991696004293148,0.07194085567809139,0.0632404995357545,0.026742830453945432,0.02313560682387572
7.496,0.051756360258838896,0.08980452892425173,0.07187572118122798,0.0631863668959749,0.02670072543540214,0.023093215456309713
7.498,0.0517067538076843,0.08969214830002015,0.07181062605716626,0.06313225842617154,0.026658656592098096,0.023050863305994262
7.5,0.051657176815255834,0.08957981823042949,0.0717455703043155,0.0630781741425972,0.026616623924880844,0.023008550373559977
7.502,0.05160762928851548,0.08946753877553482,0.071680553921045,0.06302411406145114,0.02657462743453598,0.022966276659567075
7.5040000000000004,0.05155811123437348,0.08935530999525265,0.07161557690568343,0.06297007819887956,0.026532667121787146,0.02292404216450583
7.506,0.05150862265968836,0.08924313194936162,0.0715506392565195,0.06291606657097493,0.026490742987296256,0.022881846888796575
7.508,0.05145916357126645,0.08913100469750246,0.07148574097180194,0.06286207919377662,0.02644885503166372,0.022839690832789916
7.51,0.05140973397586279,0.08901892829917846,0.07142088204973907,0.06280811608327075,0.02640700325542844,0.022797573996766962
7.5120000000000005,0.051360333880180464,0.08890690281375502,0.07135606248849946,0.06275417725539034,0.026365187659068035,0.0227554963809391
7.514,0.05131096329087126,0.0887949283004601,0.07129128228621218,0.06270026272601537,0.026323408242998836,0.02271345798544866
7.516,0.05126162221453523,0.08868300481838443,0.07122654144096607,0.06264637251097316,0.026281665007576116,0.02267145881036825
7.518,0.05121231065772136,0.08857113242648129,0.07116183995081071,0.06259250662603777,0.026239957953093862,0.02262949885570187
7.5200000000000005,0.05116302862692734,0.0884593111835672,0.07109717781375591,0.06253866508693062,0.026198287079785665,0.02258757812138401
7.522,0.0511137761285998,0.08834754114832166,0.07103255502777217,0.06248484790932074,0.02615665238782383,0.022545696607280785
7.524,0.05106455316913405,0.08823582237928695,0.07096797159079071,0.062431055108824074,0.026115053877320493,0.022503854313189464
7.526,0.05101535975487437,0.08812415493486925,0.07090342750070322,0.0623772867010044,0.02607349154832672,0.022462051238838487
7.5280000000000005,0.050966195892114374,0.08801253887333749,0.0708389227553623,0.06232354270137286,0.026031965400833634,0.022420287383888127
7.53,0.05091706158709686,0.0879009742528245,0.07077445735258125,0.062269823125388424,0.02599047543477173,0.022378562747930042
7.532,0.05086795684601397,0.08778946113132702,0.07071003129013476,0.06221612798845766,0.02594902165001134,0.022336877330487948
7.534,0.05081888167500703,0.08767799956670497,0.07064564456575839,0.06216245730593495,0.025907604046363053,0.022295231131017168
7.5360000000000005,0.05076983608016716,0.08756658961668284,0.0705812971771489,0.062108811093122496,0.025866222623577073,0.022253624148905526
7.538,0.050720820067534644,0.08745523133884858,0.07051698912196436,0.06205518936527055,0.02582487738134387,0.022212056383472678
7.54,0.05067183364309957,0.08734392479065467,0.07045272039782402,0.06200159213757761,0.02578356831929418,0.022170527833970777
7.542,0.05062287681280209,0.08723267002941792,0.0703884910023087,0.061948019425190015,0.02574229543699924,0.022129038499584253
7.5440000000000005,0.050573949582531696,0.0871214671123195,0.0703243009329606,0.061894471243202354,0.025701058733970772,0.022087588379430034
7.546,0.050525051958128175,0.08701031609640486,0.07026015018728371,0.06184094760665748,0.02565985820966099,0.022046177472558215
7.548,0.05047618394538134,0.0868992170385845,0.0701960387627436,0.06178744853054674,0.02561869386346305,0.022004805777951164
7.55,0.05042734555003081,0.08678816999563344,0.07013196665676769,0.06173397402980996,0.02557756569471059,0.021963473294524638
7.5520000000000005,0.050378536777766714,0.08667717502419192,0.07006793386674537,0.061680524119335445,0.02553647370267864,0.021922180021127113
7.554,0.05032975763422942,0.08656623218076498,0.07000394039002766,0.061627098813960224,0.02549541788658294,0.021880925956540453
7.556,0.050281008125009574,0.08645534152172285,0.06993998622392805,0.0615736981284698,0.02545439824558038,0.021839711099479908
7.558,0.050232288255648294,0.08634450310330122,0.06987607136572183,0.06152032207759861,0.02541341477876946,0.021798535448594114
7.5600000000000005,0.05018359803163741,0.0862337169816012,0.06981219581264653,0.06146697067603002,0.025372467485190064,0.021757399002465316
7.562,0.05013493745841924,0.08612298321258938,0.06974835956190217,0.0614136439383961,0.025331556363823227,0.02171630175960959
7.564,0.050086306541386794,0.08601230185209796,0.06968456261065126,0.06136034187927808,0.02529068141359203,0.021675243718476622
7.566,0.05003770528588425,0.08590167295582507,0.06962080495601852,0.06130706451320633,0.025249842633361164,0.02163422487745037
7.5680000000000005,0.049989133697206256,0.0857910965793347,0.06955708659509119,0.06125381185466039,0.025209040021937135,0.021593245234848624
7.57,0.04994059178059884,0.08568057277805696,0.06949340752491961,0.06120058391806893,0.0251682735780685,0.02155230478892345
7.572,0.04989207954125896,0.08557010160728806,0.06942976774251619,0.06114738071781023,0.025127543300445865,0.021511403537861407
7.574,0.04984359698433494,0.08545968312219077,0.06936616724485689,0.06109420226821172,0.025086849187702098,0.021470541479783556
7.5760000000000005,0.04979514411492603,0.08534931737779394,0.06930260602887994,0.06104104858355042,0.02504619123841212,0.021429718612745452
7.578,0.04974672093808308,0.08523900442899301,0.06923908409148716,0.06098791967805273,0.02500556945109378,0.02138893493473737
7.58,0.04969832745880853,0.0851287443305504,0.06917560142954282,0.060934815565895084,0.024964983824206977,0.0213481904436843
7.582,0.049649963682055986,0.08501853713709506,0.0691121580398748,0.06088173626120352,0.024924434356154546,0.021307485137446625
7.5840000000000005,0.04960162961273107,0.08490838290312297,0.06904875391927412,0.06082868177805367,0.02488392104528203,0.02126681901381966
7.586,0.04955332525569078,0.0847982816829973,0.06898538906449514,0.060775652130471425,0.024843443889877914,0.02122619207053389
7.588,0.04950505061574417,0.08468823353094823,0.06892206347225582,0.06072264733243227,0.02480300288817361,0.02118560430525518
7.59,0.049456805697652095,0.08457823850107316,0.06885877713923727,0.06066966739786195,0.024762598038343686,0.021145055715585004
7.5920000000000005,0.04940859050612745,0.08446829664733713,0.06879553006208416,0.06061671234063626,0.024722229338505874,0.021104546299060445
7.594,0.04936040504583494,0.08435840802357242,0.06873232223740522,0.06056378217458147,0.024681896786721058,0.02106407605315419
7.596,0.049312249321392,0.0842485726834794,0.06866915366177273,0.06051087691347368,0.024641600380993944,0.021023644975274758
7.598,0.04926412333736763,0.08413879068062613,0.0686060243317228,0.060457996571039674,0.02460134011927262,0.020983253062766938
7.6000000000000005,0.049216027098283766,0.08402906206844851,0.06854293424375557,0.06040514116095652,0.024561115999448768,0.02094290031291135
7.602,0.04916796060861439,0.08391938690025036,0.06847988339433497,0.060352310696851985,0.0245209280193579,0.02090258672292511
7.604,0.049119923872786186,0.08380976522920403,0.0684168717798892,0.060299505192304315,0.02448077617677935,0.020862312289961382
7.606,0.04907191689517809,0.08370019710834975,0.06835389939681047,0.060246724660842466,0.024440660469436493,0.020822077011110274
7.6080000000000005,0.0490239396801222,0.08359068259059654,0.06829096624145548,0.06019396911594588,0.02440058089499697,0.020781880883398163
7.61,0.048975992231903076,0.08348122172872174,0.06822807231014516,0.06014123857104536,0.02436053745107225,0.020741723903788145
7.612,0.04892807455475823,0.08337181457537146,0.06816521759916472,0.06008853303952222,0.024320530135218732,0.020701606069180478
7.614,0.0488801866528783,0.08326246118306035,0.06810240210476426,0.06003585253470867,0.024280558944936637,0.02066152737641236
7.6160000000000005,0.04883232853040664,0.08315316160417252,0.06803962582315792,0.05998319706988853,0.02424062387767112,0.0206214878222577
7.618,0.04878450019143976,0.0830439158909606,0.06797688875052499,0.0599305666582961,0.024200724930811823,0.020581487403428245
7.62,0.048736701640027524,0.0829347240955467,0.0679141908830092,0.05987796131311729,0.024160862101693326,0.020541526116572673
7.622,0.04868893288017295,0.08282558626992231,0.06785153221671925,0.05982538104748936,0.024121035387595136,0.02050160395827727
7.6240000000000006,0.04864119391583266,0.08271650246594775,0.06778891274772869,0.0597728258745005,0.024081244785741474,0.02046172092506615
7.626,0.048593484750916405,0.08260747273535363,0.06772633247207627,0.05972029580719074,0.024041490293301715,0.020421877013400813
7.628,0.048545805389287766,0.08249849712973956,0.06766379138576539,0.05966779085855167,0.024001771907390612,0.020382072219680802
7.63,0.04849815583476391,0.08238957570057548,0.06760128948476507,0.05961531104152629,0.023962089625068073,0.020342306540243715
7.632000000000001,0.048450536091115604,0.08228070849920077,0.06753882676500922,0.059562856369009154,0.023922443443339825,0.020302579971364976
7.634,0.04840294616206764,0.08217189557682536,0.06747640322239734,0.05951042685384689,0.02388283335915653,0.0202628925092585
7.636,0.04835538605129841,0.08206313698452883,0.06741401885279408,0.05945802250883769,0.023843259369415115,0.020223244150076702
7.638,0.048307855762440344,0.08195443277326131,0.06735167365202988,0.05940564334673182,0.02380372147095766,0.02018363488991004
7.640000000000001,0.04826035529908013,0.08184578299384326,0.06728936761590032,0.05935328938023132,0.02376421966057274,0.020144064724787913
7.642,0.04821288466475848,0.08173718769696547,0.0672271007401668,0.05930096062199053,0.02372475393499429,0.020104533650678214
7.644,0.04816544386297039,0.08162864693318972,0.06716487302055674,0.0592486570846158,0.023685324290902754,0.02006504166348777
7.646,0.0481180328971651,0.08152016075294855,0.0671026844527629,0.05919637878066575,0.023645930724924824,0.020025588759062574
7.648000000000001,0.04807065177074632,0.08141172920654505,0.06704053503244412,0.05914412572265104,0.02360657323363302,0.01998617493318733
7.65,0.04802330048707226,0.08130335234415376,0.0669784247552252,0.05909189792303504,0.023567251813546797,0.019946800181586344
7.652,0.04797597904945561,0.08119503021581997,0.06691635361669701,0.05903969539423315,0.023527966461131866,0.019907464499922867
7.654,0.047928687461163744,0.08108676287146022,0.06685432161241645,0.05898751814861369,0.023488717172800655,0.01986816788379997
7.656000000000001,0.04788142572541876,0.08097855036086288,0.06679232873790686,0.05893536619849726,0.023449503944912298,0.019828910328760108
7.658,0.047834193845397666,0.08087039273368735,0.06673037498865741,0.058883239556157374,0.02341032677377286,0.01978969183028534
7.66,0.047786991824232405,0.08076229003946489,0.06666846036012397,0.058831138233820024,0.02337118565563512,0.01975051238379777
7.662,0.04773981966500984,0.08065424232759866,0.06660658484772863,0.05877906224366414,0.023332080586699222,0.01971137198465911
7.664000000000001,0.04769267737077176,0.08054624964736323,0.0665447484468602,0.058727011597821344,0.023293011563112254,0.019672270628171562
7.666,0.04764556494451555,0.08043831204790552,0.06648295115287395,0.05867498630837642,0.02325397858096867,0.019633208309577377
7.668,0.047598482389193286,0.08033042957824454,0.06642119296109184,0.05862298638736729,0.023214981636310306,0.019594185024058852
7.67,0.04755142970771287,0.0802226022872714,0.06635947386680274,0.05857101184678459,0.023176020725126367,0.019555200766739
7.672000000000001,0.047504406902937335,0.08011483022374977,0.06629779386526202,0.058519062698572544,0.023137095843353883,0.019516255532681326
7.674,0.047457413977685325,0.08000711343631561,0.06623615295169194,0.058467138954628295,0.02309820698687748,0.019477349316890047
7.676,0.04741045093473084,0.07989945197347748,0.06617455112128212,0.05841524062680259,0.0230593541515296,0.019438482114309874
7.678,0.04736351777680392,0.07979184588361687,0.06611298836918889,0.05836336772689932,0.02302053733309073,0.019399653919826676
7.68,0.04731661450659019,0.07968429521498788,0.06605146469053591,0.058311520266675965,0.022981756527289177,0.01936086472826748
7.682,0.0472697411267311,0.07957680001571776,0.06598998008041401,0.058259698257843606,0.02294301172980151,0.019322114534400026
7.684,0.0472228976398239,0.0794693603338068,0.06592853453388114,0.05820790171206691,0.02290430293625234,0.019283403332933657
7.686,0.047176084048421885,0.07936197621712848,0.06586712804596284,0.05815613064096414,0.022865630142214988,0.0192447311185191
7.688,0.0471293003550346,0.07925464771342972,0.065805760611652,0.05810438505610738,0.02282699334321081,0.019206097885748452
7.69,0.047082546562127625,0.07914737487033063,0.06574443222590887,0.058052664969022505,0.0227883925347101,0.019167503629155647
7.692,0.047035822672122585,0.07904015773532502,0.0656831428836615,0.058000970391189455,0.02274982771213163,0.019128948343216212
7.694,0.046989128687397796,0.07893299635578055,0.06562189257980555,0.05794930133404197,0.02271129887084289,0.019090432022347503
7.696,0.04694246461028784,0.07882589077893853,0.06556068130920445,0.05789765780896805,0.022672806006160284,0.0190519546609087
7.698,0.046895830443083986,0.0787188410519144,0.06549950906668922,0.057846039827309514,0.022634349113349383,0.01901351625320169
7.7,0.046849226188033555,0.07861184722169745,0.06543837584705914,0.05779444740036266,0.02259592818762468,0.01897511679346997
7.702,0.046802651847341004,0.07850490933515131,0.06537728164508128,0.05774288053937804,0.022557543224149823,0.018936756275899524
7.704,0.04675610742316727,0.07839802743901392,0.06531622645549051,0.05769133925556025,0.02251919421803783,0.01889843469461905
7.706,0.04670959291763044,0.07829120157989755,0.0652552102729902,0.057639823560068804,0.022480881164351096,0.018860152043699507
7.708,0.04666310833280507,0.07818443180428902,0.0651942330922517,0.05758833346401726,0.022442604058101612,0.0188219083171548
7.71,0.046616653670722874,0.07807771815854969,0.06513329490791486,0.057536868978473876,0.02240436289425074,0.01878370350894154
7.712,0.046570228933372704,0.07797106068891613,0.06507239571458756,0.05748543011446161,0.022366157667709885,0.018745537612959495
7.714,0.04652383412270056,0.07786445944149945,0.06501153550684635,0.05743401688295813,0.02232798837334027,0.018707410623050924
7.716,0.0464774692406098,0.07775791446228575,0.06495071427923604,0.057382629294896015,0.022289855005952708,0.01866932253300191
7.718,0.04643113428896073,0.07765142579713658,0.06488993202627014,0.05733126736116234,0.022251757560308283,0.018631273336541465
7.72,0.046384829269571215,0.07754499349178867,0.06482918874243082,0.05727993109259932,0.022213696031118113,0.01859326302734199
7.722,0.04633855418421673,0.077438617591854,0.06476848442216898,0.0572286205000041,0.022175670413043802,0.018555291599019474
7.724,0.04629230903463011,0.07733229814282017,0.06470781905990419,0.057177335594128964,0.022137680700696993,0.01851735904513352
7.726,0.046246093822502,0.07722603519005045,0.06464719265002516,0.057126076385681124,0.022099726888639815,0.018479465359187763
7.728,0.04619990854948064,0.07711982877878376,0.06458660518688908,0.057074842885323385,0.0220618089713851,0.01844161053462945
7.73,0.04615375321717208,0.07701367895413513,0.06452605666482247,0.057023635103673476,0.022023926943396388,0.01840379456484964
7.732,0.046107627827140396,0.07690758576109524,0.0644655470781208,0.05697245305130472,0.021986080799087926,0.01836601744318389
7.734,0.046061532380907266,0.07680154924453109,0.06440507642104887,0.056921296738745575,0.021948270532824443,0.01832827916291202
7.736,0.04601546687995284,0.07669556944918576,0.06434464468784062,0.05687016617648011,0.021910496138922264,0.01829057971725767
7.738,0.04596943132571507,0.07658964641967914,0.06428425187269915,0.05681906137494819,0.02187275761164842,0.018252919099389642
7.74,0.04592342571959018,0.07648378020050695,0.0642238979697971,0.056767982344545054,0.02183505494522109,0.018215297302420774
7.742,0.045877450062932645,0.07637797083604192,0.06416358297327651,0.05671692909562154,0.021797388133810047,0.018177714319408622
7.744,0.04583150435705541,0.07627221837053333,0.06410330687724897,0.056665901638484506,0.021759757171536,0.018140170143355894
7.746,0.0457855886032299,0.07616652284810743,0.06404306967579565,0.05661489998339664,0.02172216205247146,0.01810266476721001
7.748,0.04573970280268602,0.07606088431276747,0.06398287136296732,0.05656392414057643,0.02168460277064055,0.01806519818386354
7.75,0.04569384695661216,0.07595530280839347,0.06392271193278432,0.0565129741201984,0.021647079320018747,0.018027770386153996
7.752,0.0456480210661554,0.07584977837874285,0.06386259137923722,0.05646204993239312,0.021609591694533803,0.017990381366864483
7.7540000000000004,0.045602225132421514,0.0757443110674505,0.0638025096962862,0.05641115158724719,0.021572139888064834,0.01795303111872326
7.756,0.04555645915647544,0.0756389009180285,0.06374246687786123,0.056360279094803456,0.02153472389444344,0.017915719634404192
7.758,0.04551072313934057,0.07553354797386658,0.06368246291786273,0.05630943246506104,0.02149734370745282,0.017878446906526735
7.76,0.04546501708199968,0.07542825227823213,0.06362249781016094,0.056258611707975525,0.02145999932082887,0.01784121292765617
7.7620000000000005,0.04541934098539446,0.07532301387427043,0.06356257154859635,0.05620781683345877,0.02142269072825953,0.017804017690303375
7.764,0.04537369485042575,0.07521783280500438,0.06350268412697946,0.05615704785137887,0.02138541792338522,0.017766861186925498
7.766,0.04532807867795374,0.07511270911333523,0.06344283553909125,0.056106304771560866,0.02134818089979884,0.017729743409925502
7.768,0.045282492468797564,0.07500764284204231,0.06338302577868316,0.05605558760378626,0.021310979651046003,0.017692664351652843
7.7700000000000005,0.045236936223736146,0.07490263403378306,0.0633232548394771,0.056004896357793044,0.021273814170624794,0.017655624004403236
7.772,0.04519140994350779,0.07479768273109366,0.06326352271516522,0.05595423104327635,0.021236684451986232,0.017618622360418668
7.774,0.045145913628810375,0.0746927889763882,0.06320382939941038,0.055903591669887565,0.02119959048853426,0.017581659411887607
7.776,0.04510044728030116,0.07458795281196018,0.06314417488584634,0.05585297824723545,0.021162532273625745,0.017544735150945456
7.7780000000000005,0.0450550108985972,0.07448317427998119,0.06308455916807731,0.05580239078488547,0.02112550980057093,0.017507849569674105
7.78,0.0450096044842756,0.07437845342250182,0.06302498223967823,0.05575182929236022,0.02108852306263298,0.017471002660102597
7.782,0.04496422803787303,0.07427379028145209,0.06296544409419513,0.05570129377913946,0.021051572053028655,0.017434194414206683
7.784,0.044918881559886215,0.07416918489864055,0.06290594472514477,0.05565078425465986,0.021014656764927864,0.01739742482390949
7.7860000000000005,0.04487356505077167,0.07406463731575519,0.06284648412601523,0.05560030072831523,0.020977777191454106,0.0173606938810813
7.788,0.044828278510946395,0.07396014757436342,0.06278706229026532,0.05554984320945722,0.020940933325684474,0.01732400157753955
7.79,0.044783021940787426,0.0738557157159121,0.06272767921132516,0.055499411707394364,0.0209041251606501,0.017287347905049488
7.792,0.044737795340631825,0.07375134178172749,0.06266833488259604,0.05544900623139282,0.020867352689335483,0.017250732855323525
7.7940000000000005,0.04469259871077713,0.07364702581301596,0.0626090292974506,0.055398626790676087,0.02083061590467916,0.01721415642002211
7.796,0.04464743205148136,0.07354276785086311,0.0625497624492326,0.055348273394425274,0.02079391479957393,0.017177618590753285
7.798,0.04460229536296301,0.07343856793623504,0.06249053433125762,0.05529794605177929,0.020757249366866626,0.017141119359073143
7.8,0.044557188645400814,0.07333442610997754,0.06243134493681235,0.055247644771834636,0.020720619599357892,0.017104658716485588
7.8020000000000005,0.04451211189893467,0.07323034241281667,0.06237219425915508,0.055197369563645404,0.020684025489803304,0.017068236654443014
7.804,0.04446706512366472,0.07312631688535864,0.06231308229151611,0.05514712043622372,0.02064746703091247,0.017031853164345634
7.806,0.04442204831965224,0.0730223495680904,0.06225400902709688,0.055096897398539735,0.02061094421534948,0.016995508237542145
7.808,0.044377061486919,0.07291844050137919,0.06219497445907085,0.0550467004595212,0.02057445703573335,0.01695920186532973
7.8100000000000005,0.0443321046254479,0.07281458972547283,0.062135978580583506,0.05499652962805435,0.020538005484637578,0.016922934038954507
7.812,0.04428717773518298,0.07271079728050012,0.062077021384751685,0.05494638491298298,0.020501589554590582,0.016886704749610848
7.814,0.04424228081602943,0.07260706320647081,0.062018102864664915,0.05489626632310962,0.020465209238075488,0.01685051398844184
7.816,0.04419741386785314,0.07250338754327523,0.06195922301338408,0.05484617386719459,0.020428864527530788,0.01681436174653994
7.8180000000000005,0.0441525768904818,0.07239977033068512,0.06190038182394253,0.0547961075539567,0.0203925554153499,0.01677824801494654
7.82,0.04410776988370402,0.07229621160835342,0.06184157928934564,0.05474606739207322,0.020356281893881167,0.016742172784651954
7.822,0.04406299284727,0.07219271141581429,0.06178281540257102,0.05469605339017969,0.020320043955428746,0.016706136046595654
7.824,0.04401824578089153,0.07208926979248376,0.061724090156568545,0.05464606555687013,0.02028384159225194,0.016670137791666928
7.8260000000000005,0.043973528684241536,0.07198588677765883,0.061665403544260755,0.054596103900697246,0.020247674796565418,0.016634178010704215
7.828,0.04392884155695498,0.07188256241051882,0.061606755558542226,0.05454616843017246,0.02021154356053989,0.01659825669449555
7.83,0.0438841843986284,0.07177929673012429,0.06154814619228022,0.05449625915376566,0.02017544787630121,0.016562373833778787
7.832,0.043839557208819935,0.07167608977541828,0.06148957543831446,0.054446376079905656,0.02013938773593149,0.016526529419241598
7.8340000000000005,0.043794959987049964,0.07157294158522554,0.061431043289457365,0.054396519216979966,0.020103363131468655,0.01649072344152147
7.836,0.04375039273280046,0.07146985219825308,0.06137254973849404,0.054346688573335244,0.02006737405490644,0.016454955891206158
7.838,0.04370585544551542,0.07136682165309027,0.06131409477818228,0.05429688415727685,0.02003142049819462,0.016419226758833227
7.84,0.043661348124601096,0.07126384998820878,0.06125567840125301,0.054247105977069277,0.019995502453239444,0.01638353603489051
7.8420000000000005,0.043616870769425775,0.07116093724196282,0.06119730060040962,0.054197354040936174,0.019959619911903426,0.016347883709816546
7.844,0.04357242337931977,0.07105808345258935,0.06113896136832864,0.05414762835706011,0.019923772866005107,0.016312269774000132
7.846,0.04352800595357631,0.0709552886582081,0.06108066069765972,0.05409792893358323,0.019887961307319957,0.016276694217780552
7.848,0.04348361849145044,0.07085255289682135,0.06102239858102543,0.05404825577860661,0.0198521852275797,0.016241157031448017
7.8500000000000005,0.04343926099215967,0.07074987620631479,0.06096417501102147,0.05399860890019115,0.01981644461847276,0.016205658205243445
7.852,0.04339493345488443,0.07064725862445709,0.0609059899802169,0.05394898830635664,0.019780739471644715,0.01617019772935846
7.854,0.04335063587876742,0.07054470018890013,0.06084784348115413,0.0538993940050827,0.01974506977869761,0.016134775593936057
7.856,0.04330636826291423,0.07044220093717901,0.0607897355063487,0.05384982600430832,0.019709435531190422,0.01609939178907016
7.8580000000000005,0.043262130606392946,0.07033976090671246,0.0607316660482895,0.05380028431193207,0.019673836720639493,0.016064046304806068
7.86,0.04321792290823456,0.07023738013480263,0.06067363509943924,0.05375076893581254,0.019638273338518086,0.016028739131140224
7.862,0.04317374516743322,0.07013505865863556,0.06061564265223396,0.053701279883767716,0.019602745376256836,0.015993470258020892
7.864,0.04312959738294575,0.07003279651528094,0.06055768869908329,0.05365181716357559,0.01956725282524374,0.015958239675347485
7.8660000000000005,0.04308547955369213,0.06993059374169253,0.060499773232370435,0.05360238078297397,0.01953179567682417,0.015923047372971233
7.868,0.043041391678555474,0.06982845037470797,0.06044189624445262,0.05355297074966048,0.01949637392230108,0.015887893340695403
7.87,0.04299733375638204,0.06972636645104924,0.060384057727660645,0.05350358707129299,0.019460987552935016,0.015852777568274856
7.872,0.042953305785981444,0.06962434200732237,0.06032625767429911,0.05345422975548919,0.019425636559944337,0.015817700045416494
7.8740000000000006,0.04290930776612645,0.06952237708001796,0.06026849607664686,0.05340489880982702,0.01939032093450499,0.015782660761779477
7.876,0.042865339695553395,0.06942047170551113,0.06021077292695631,0.05335559424184466,0.019355040667751178,0.015747659706975226
7.878,0.042821401572962214,0.06931862592006133,0.06015308821745413,0.05330631605904035,0.019319795750775137,0.0157126968705672
7.88,0.0427774933970162,0.06921683975981319,0.06009544194034122,0.05325706426887278,0.019284586174626916,0.015677772242071564
7.882000000000001,0.04273361516634244,0.06911511326079611,0.060037834087792286,0.05320783887876113,0.01924941193031504,0.015642885810956964
7.884,0.04268976687953141,0.06901344645892404,0.059980264651956716,0.05315863989608505,0.01921427300880607,0.01560803756664475
7.886,0.04264594853513781,0.06891183938999657,0.059922733624957925,0.053109467328184445,0.019179169401025264,0.01557322749850898
7.888,0.042602160131679945,0.06881029208969824,0.05986524099889379,0.053060321182359926,0.019144101097856137,0.015538455595876632
7.890000000000001,0.04255840166764013,0.06870880459359885,0.059807786765836646,0.05301120146587279,0.0191090680901409,0.015503721848027396
7.892,0.04251467314146451,0.0686073769371538,0.059750370917833084,0.05296210818594482,0.019074070368680474,0.015469026244194328
7.894,0.042470974551563456,0.0685060091557037,0.059692993446904374,0.05291304134975894,0.019039107924234466,0.015434368773563634
7.896,0.042427305896311385,0.06840470128447529,0.059635654345046696,0.05286400096445876,0.019004180747521637,0.015399749425274889
7.898000000000001,0.04238366717404718,0.0683034533585809,0.05957835360423047,0.0528149870371486,0.018969288829219222,0.015365168188421041
7.9,0.04234005838307353,0.06820226541301877,0.059521091216401034,0.05276599957489392,0.018934432159964043,0.015330625052048408
7.902,0.04229647952165805,0.06810113748267321,0.0594638671734784,0.0527170385847211,0.018899610730351624,0.015296120005156899
7.904,0.04225293058803237,0.06800006960231442,0.059406681467357725,0.05266810407361744,0.018864824530937074,0.015261653036700462
7.906000000000001,0.04220941158039304,0.0678990618065991,0.05934953408990884,0.052619196048531824,0.01883007355223465,0.015227224135586415
7.908,0.042165922496900654,0.06779811413007009,0.05929242503297649,0.05257031451637406,0.01879535778471797,0.015192833290676555
7.91,0.042122463335680704,0.06769722660715694,0.05923535428838078,0.05252145948401532,0.018760677218820465,0.015158480490786275
7.912,0.04207903409482361,0.06759639927217576,0.059178321847916715,0.052472630958287914,0.018726031844935154,0.015124165724685446
7.914000000000001,0.042035634772384256,0.06749563215932919,0.05912132770335443,0.05242382894598574,0.01869142165341464,0.015089888981097976
7.916,0.041992265366382675,0.06739492530270685,0.05906437184643942,0.05237505345386406,0.018656846634571123,0.015055650248702257
7.918,0.04194892587480359,0.06729427873628513,0.05900745426889231,0.05232630448863951,0.018622306778677045,0.015021449516131158
7.92,0.04190561629559686,0.06719369249392781,0.058950574962409075,0.052277582056990735,0.018587802075964888,0.01498728677197203
7.922000000000001,0.041862336626677266,0.06709316660938547,0.058893733918661484,0.05222888616555754,0.01855333251662694,0.014953162004766929
7.924,0.04181908686592517,0.06699270111629607,0.05883693112929622,0.05218021682094176,0.01851889809081597,0.014919075203012833
7.926,0.04177586701118563,0.06689229604818525,0.05878016658593577,0.05213157402970703,0.018484498788644554,0.014885026355161424
7.928,0.041732677060269285,0.06679195143846584,0.058723440280178174,0.05208295779837835,0.018450134600186185,0.014851015449619531
7.930000000000001,0.041689517010951915,0.0666916673204383,0.05866675220359707,0.0520343681334432,0.018415805515474615,0.01481704247474891
7.932,0.041646386860975104,0.06659144372729098,0.05861010234774211,0.05198580504135042,0.018381511524503846,0.014783107418866681
7.934,0.041603286608045575,0.06649128069210009,0.05855349070413829,0.05193726852851133,0.018347252617229026,0.014749210270245339
7.936,0.04156021624983586,0.0663911782478297,0.05849691726428641,0.05188875860129927,0.018313028783565555,0.014715351017112743
7.938,0.04151717578398406,0.06629113642733198,0.05844038201966373,0.051840275266049396,0.018278840013390196,0.014681529647652125
7.94,0.04147416520809388,0.0661911552633474,0.058383884961722865,0.05179181852905934,0.01824468629654019,0.014647746150002305
7.942,0.04143118451973504,0.06609123478850454,0.058327426081892675,0.05174338839658876,0.018210567622813922,0.01461400051225814
7.944,0.041388233716442846,0.06599137503532071,0.05827100537157803,0.05169498487486002,0.018176483981970692,0.0145802927224703
7.946,0.041345312795718625,0.06589157603620155,0.058214622822160056,0.05164660797005749,0.018142435363731613,0.014546622768645046
7.948,0.04130242175502996,0.06579183782344145,0.05815827842499588,0.05159825768832804,0.01810842175777827,0.014512990638744894
7.95,0.04125956059181002,0.06569216042922355,0.0581019721714191,0.05154993403578101,0.018074443153754283,0.01447939632068862
7.952,0.041216729303458655,0.06559254388561975,0.058045704052739344,0.051501637018488644,0.01804049954126441,0.014445839802351035
7.954,0.04117392788734131,0.06549298822459115,0.05798947406024291,0.051453366642485454,0.018006590909874998,0.014412321071563428
7.956,0.04113115634079034,0.06539349347798784,0.057933282185192114,0.05140512291376864,0.0179727172491142,0.014378840116113567
7.958,0.04108841466110391,0.06529405967754909,0.057877128418825974,0.051356905838298106,0.01793887854847176,0.014345396923745923
7.96,0.04104570284554687,0.06519468685490382,0.05782101275236018,0.05130871542199689,0.017905074797399223,0.014311991482161224
7.962,0.04100302089135077,0.06509537504156993,0.057764935176986665,0.0512605516707505,0.01787130598531017,0.014278623779017341
7.964,0.04096036879571319,0.06499612426895518,0.057708895683874495,0.051212414590407596,0.01783757210157999,0.014245293801928849
7.966,0.040917746555798606,0.06489693456835699,0.057652894264168975,0.05116430418677975,0.017803873135546544,0.014212001538467245
7.968,0.040875154168738215,0.06479780597096263,0.057596930908992316,0.05111622046564168,0.017770209076509502,0.014178746976161172
7.97,0.04083259163162989,0.06469873850784924,0.05754100560944386,0.051068163432730795,0.017736579913731232,0.01414553010249664
7.972,0.04079005894153842,0.06459973220998383,0.05748511835659942,0.05102013309374831,0.01770298563643613,0.014112350904916582
7.974,0.04074755609549552,0.06450078710822371,0.057429269141511696,0.05097212945435814,0.01766942623381107,0.014079209370821744
7.976,0.04070508309049958,0.06440190323331652,0.05737345795521098,0.05092415252018756,0.017635901695005618,0.014046105487570015
7.978,0.040662639923516375,0.06430308061590018,0.057317684788704026,0.05087620229682743,0.01760241200913204,0.014013039242476877
7.98,0.04062022659147879,0.06420431928650294,0.05726194963297493,0.05082827878983176,0.017568957165265298,0.013980010622815842
7.982,0.04057784309128665,0.06410561927554359,0.05720625247898492,0.05078038200471813,0.017535537152442826,0.01394701961581779
7.984,0.04053548941980689,0.0640069806133321,0.05715059331767236,0.05073251194696771,0.017502151959665646,0.01391406620867186
7.986,0.04049316557387428,0.06390840333006875,0.05709497213995318,0.05068466862202503,0.01746880157589703,0.013881150388524999
7.988,0.04045087155029048,0.06380988745584504,0.05703938893672045,0.05063685203529844,0.017435485990063837,0.01384827214248241
7.99,0.040408607345824965,0.06371143302064342,0.05698384369884457,0.05058906219215964,0.017402205191056064,0.013815431457607108
7.992,0.04036637295721435,0.06361304005433754,0.05692833641717332,0.05054129909794458,0.01736895916772685,0.013782628320920809
7.994,0.04032416838116304,0.06351470858669228,0.056872867082532474,0.0504935627579528,0.017335747908892696,0.013749862719403483
7.996,0.04028199361434326,0.06341643864736368,0.056817435685724726,0.05044585317744765,0.01730257140333369,0.0137171346399938
7.998,0.04023984865339458,0.06331823026589989,0.056762042217530784,0.0503981703616565,0.017269429639793277,0.013684444069588686
8.0,0.040197733494924615,0.06322008347174002,0.05670668666870915,0.050350514315770756,0.017236322606978716,0.013651790995043989
8.002,0.04015564813550876,0.06312199829421528,0.05665136902999568,0.05030288504494562,0.017203250293560846,0.013619175403174477
8.004,0.040113592571690226,0.06302397476254851,0.056596089292104024,0.05025528255430056,0.01717021268817409,0.01358659728075362
8.006,0.04007156679998025,0.06292601290585464,0.05654084744572607,0.05020770684891929,0.01713720977941735,0.01355405661451381
8.008000000000001,0.04002957081685832,0.06282811275314071,0.05648564348153129,0.050160157933849536,0.017104241555852884,0.013521553391146801
8.01,0.03998760461877193,0.0627302743333058,0.056430477390167155,0.05011263581410352,0.017071308006007424,0.013489087597303495
8.012,0.03994566820213663,0.06263249767514134,0.05637534916225939,0.05006514049465771,0.017038409118371733,0.013456659219594158
8.014,0.039903761563336415,0.06253478280733105,0.05632025878841129,0.050017671980452816,0.017005544881400603,0.013424268244588422
8.016,0.03986188469872354,0.06243712975845117,0.056265206259204836,0.049970230276394245,0.016972715283513518,0.013391914658815285
8.018,0.03982003760461872,0.06233953855697072,0.056210191565199574,0.04992281538735188,0.016939920313094214,0.013359598448763554
8.02,0.03977822027731093,0.06224200923125145,0.056155214696933964,0.04987542731815986,0.016907159958490903,0.013327319600881404
8.022,0.0397364327130576,0.06214454180954787,0.056100275644924036,0.04982806607361745,0.016874434208016487,0.013295078101577484
8.024000000000001,0.03969467490808509,0.06204713632000747,0.05604537439966473,0.049780731658488175,0.016841743049948343,0.013262873937219588
8.026,0.03965294685858822,0.0619497927906707,0.05599051095162921,0.04973342407750048,0.01680908647252899,0.013230707094136207
8.028,0.03961124856073073,0.06185251124947122,0.05593568529126891,0.04968614333534771,0.016776464463965413,0.01319857755861542
8.03,0.03956958001064481,0.061755291724236105,0.05588089740901392,0.049638889436687705,0.01674387701242952,0.013166485316905785
8.032,0.039527941204431816,0.06165813424268585,0.0558261472952728,0.04959166238614365,0.016711324106058578,0.013134430355216109
8.034,0.03948633213816177,0.06156103883243458,0.05577143494043302,0.04954446218830344,0.01667880573295477,0.013102412659715457
8.036,0.03944475280787385,0.06146400552098963,0.05571676033486028,0.04949728884772009,0.016646321881185422,0.013070432216533812
8.038,0.03940320320957613,0.06136703433575241,0.055662123468899205,0.04945014236891154,0.016613872538783436,0.013038489011761412
8.040000000000001,0.039361683339245834,0.06127012530401821,0.055607524332873304,0.049403022756361104,0.016581457693746637,0.013006583031449193
8.042,0.039320193192829755,0.061173278452976154,0.05555296291708456,0.04935593001451721,0.016549077334038653,0.01297471426160901
8.044,0.039278732766243385,0.061076493809709476,0.0554984392118143,0.04930886414779345,0.016516731447588695,0.012942882688213642
8.046,0.03923730205537179,0.06097977140119548,0.05544395320732254,0.04926182516056876,0.016484420022291335,0.012911088297196782
8.048,0.039195901056069626,0.06088311125430601,0.055389504893848196,0.049214813057187445,0.01645214304600695,0.01287933107445327
8.05,0.03915452976416045,0.06078651339580721,0.05533509426160932,0.04916782784195939,0.016419900506561724,0.012847611005839088
8.052,0.03911318817543785,0.060689977852359744,0.05528072130080286,0.04912086951915984,0.016387692391747866,0.012815928077171579
8.054,0.039071876285664775,0.060593504650518826,0.05522638600160534,0.0490739380930294,0.01635551868932361,0.012784282274229453
8.056000000000001,0.039030594090573745,0.060497093816734626,0.0551720883541722,0.049027033567774714,0.016323379387012782,0.012752673582753005
8.058,0.03898934158586709,0.06040074537735207,0.05511782834863821,0.04898015594756755,0.01629127447250589,0.012721101988443895
8.06,0.03894811876721693,0.06030445935861106,0.05506360597511728,0.04893330523654571,0.016259203933459476,0.01268956747696559
8.062,0.03890692563026521,0.06020823578664647,0.05500942122370289,0.0488864814388128,0.01622716775749633,0.01265807003394337
8.064,0.038865762170623874,0.06011207468748858,0.054955274084467876,0.04883968455843801,0.016195165932205713,0.012626609644964315
8.066,0.03882462838387446,0.06001597608706288,0.05490116454746441,0.04879291459945634,0.016163198445143356,0.012595186295577765
8.068,0.03878352426556897,0.059919940011190054,0.054847092602724246,0.048746171565869245,0.016131265283831464,0.012563799971294642
8.07,0.03874244981122943,0.05982396648558663,0.05479305824025893,0.04869945546164356,0.016099366435758933,0.012532450657588345
8.072000000000001,0.03870140501634767,0.0597280555358648,0.054739061450059134,0.04865276629071236,0.016067501888381575,0.012501138339894524
8.074,0.0386603898763862,0.05963220718753215,0.05468510222209577,0.048606104056975186,0.016035671629121895,0.012469863003611081
8.076,0.03861940438677758,0.05953642146599236,0.05463118054631888,0.048559468764297176,0.016003875645369536,0.012438624634098616
8.078,0.03857844854292458,0.0594406983965452,0.05457729641265874,0.04851286041650993,0.015972113924480613,0.01240742321667998
8.08,0.03853752234020069,0.059345038004386286,0.054523449811025415,0.048466279017411296,0.01594038645377882,0.012376258736640722
8.082,0.038496625773949855,0.05924944031460733,0.054469640731308555,0.04841972457076538,0.01590869322055477,0.01234513117922953
8.084,0.03845575883948649,0.05915390535219678,0.05441586916337782,0.04837319708030274,0.01587703421206621,0.012314040529657344
8.086,0.03841492153209547,0.05905843314203918,0.0543621350970831,0.04832669654972044,0.01584540941553869,0.012282986773098692
8.088000000000001,0.038374113847032376,0.058963023708915596,0.05430843852225409,0.048280222982681975,0.015813818818164682,0.012251969894690573
8.09,0.038333335779523914,0.058867677077504066,0.05425477942870072,0.04823377638281712,0.01578226240710423,0.01222098987953335
8.092,0.038292587324767036,0.05877239327237893,0.05420115780621293,0.04818735675372254,0.01575074016948519,0.012190046712690528
8.094,0.03825186847793005,0.058677172318011506,0.05414757364456069,0.0481409640989614,0.01571925209240299,0.012159140379189193
8.096,0.03821117923415174,0.058582014238770075,0.05409402693349463,0.04809459842206376,0.015687798162920874,0.012128270864019353
8.098,0.03817051958854223,0.05848691905892012,0.0540405176627452,0.048048259726526155,0.015656378368069657,0.012097438152135265
8.1,0.03812988953618257,0.058391886802624304,0.053987045822023516,0.04800194801581226,0.015624992694848405,0.012066642228454105
8.102,0.03808928907212494,0.0582969174939425,0.05393361140102115,0.047955663293352435,0.015593641130223768,0.012035883077857079
8.104000000000001,0.03804871819139288,0.05820201115683199,0.05388021438940971,0.04790940556254375,0.015562323661130861,0.012005160685189198
8.106,0.03800817688898084,0.058107167815147465,0.05382685477684146,0.04786317482675062,0.01553104027447283,0.011974475035259058
8.108,0.03796766515985461,0.05801238749264148,0.053773532552949366,0.04781697108930416,0.015499790957121062,0.011943826112839728
8.11,0.03792718299895159,0.057917670212964234,0.053720247707346847,0.04777079435350284,0.01546857569591542,0.011913213902668085
8.112,0.03788673040118029,0.057823015999663774,0.053667000229628004,0.04772464462261228,0.01543739447766379,0.011882638389445255
8.114,0.03784630736142103,0.05772842487618601,0.05361379010936762,0.04767852189986499,0.015406247289142971,0.011852099557836615
8.116,0.0378059138745257,0.05763389686587517,0.053560617336121163,0.047632426188461086,0.01537513411709801,0.011821597392471794
8.118,0.037765549935317555,0.05753943199197331,0.05350748189942478,0.04758635749156781,0.015344054948242869,0.011791131877945116
8.120000000000001,0.03772521553859165,0.05744503027762082,0.053454383788795745,0.047540315812319545,0.015313009769259978,0.011760702998815153
8.122,0.037684910679114836,0.05735069174585683,0.053401322993732014,0.047494301153818475,0.015281998566800903,0.011730310739605398
8.124,0.037644635351625544,0.05725641641961854,0.05334829950371267,0.04744831351913392,0.015251021327485903,0.011699955084804037
8.126,0.03760438955083445,0.05716220432174213,0.05329531330819748,0.047402352911303014,0.015220078037904372,0.01166963601886395
8.128,0.037564173271423806,0.0570680554749623,0.05324236439662755,0.047356419333330235,0.015189168684614618,0.011639353526203156
8.13,0.03752398650804811,0.0569739699019125,0.05318945275842468,0.047310512788187875,0.015158293254144306,0.011609107591204593
8.132,0.03748382925533389,0.05687994762512538,0.05313657838299224,0.04726463327881558,0.015127451732990016,0.011578898198216336
8.134,0.03744370150787946,0.05678598866703233,0.05308374125971449,0.04721878080812103,0.015096644107617907,0.011548725331551601
8.136000000000001,0.037403603260255824,0.056692093049964365,0.05303094137795705,0.047172955378979475,0.015065870364463496,0.011518588975488742
8.138,0.0373635345070058,0.05659826079615127,0.052978178727066894,0.0471271569942342,0.015035130489931658,0.011488489114271916
8.14,0.037323495242644666,0.056504491927722444,0.052925453296372105,0.047081385656696284,0.01500442447039707,0.011458425732110644
8.142,0.03728348546166016,0.05641078646670672,0.05287276507518213,0.04703564136914462,0.014973752292203768,0.011428398813179808
8.144,0.03724350515851249,0.05631714443503277,0.05282011405278819,0.046989924134326344,0.014943113941665587,0.011398408341620092
8.146,0.03720355432763389,0.05622356585452848,0.05276750021846266,0.046944233954956394,0.014912509405066166,0.011368454301537989
8.148,0.03716363296342973,0.05613005074692201,0.05271492356145946,0.046898570833717956,0.014881938668658945,0.011338536677006017
8.15,0.037123741060277604,0.0560365991338414,0.05266238407101409,0.04685293477326247,0.014851401718667612,0.011308655452062277
8.152000000000001,0.03708387861252782,0.05594321103681432,0.052609881736343844,0.046807325776209385,0.014820898541285654,0.01127881061071112
8.154,0.037044045614503585,0.05584988647726896,0.052557416546647584,0.04676174384514642,0.014790429122676585,0.011249002136922925
8.156,0.03700424206050079,0.055756625476533594,0.05250498849110574,0.04671618898262975,0.014759993448974384,0.01121923001463454
8.158,0.03696446794478825,0.055663428055837016,0.05245259755888054,0.04667066119118357,0.01472959150628328,0.011189494227748842
8.16,0.03692472326160767,0.055570294236308326,0.052400243739116226,0.04662516047330101,0.014699223280677742,0.011159794760135178
8.162,0.03688500800517347,0.05547722403897737,0.05234792702093882,0.0465796868314432,0.014668888758202714,0.011130131595629589
8.164,0.0368453221696734,0.05538421748477451,0.05229564739345616,0.046534240268040206,0.014638587924873603,0.011100504718034587
8.166,0.03680566574926836,0.05529127459453087,0.05224340484575807,0.046488820785490326,0.014608320766676508,0.011070914111119379
8.168000000000001,0.036766038738092144,0.05519839538897875,0.05219119936691641,0.04644342838616056,0.014578087269568218,0.011041359758620084
8.17,0.03672644113025192,0.0551055798887512,0.05213903094598482,0.046398063072386586,0.014547887419476213,0.011011841644239295
8.172,0.03668687291982797,0.05501282811438246,0.05208689957199941,0.04635272484647279,0.014517721202298883,0.010982359751646964
8.174,0.036647334100874174,0.05492014008630797,0.0520348052339783,0.04630741371069247,0.014487588603905532,0.010952914064479957
8.176,0.03660782466741752,0.05482751582486456,0.051982747920921835,0.04626212966728782,0.014457489610136376,0.010923504566342057
8.178,0.036568344613458814,0.05473495535029049,0.05193072762181239,0.046216872718469526,0.014427424206802764,0.010894131240804628
8.18,0.036528893932971984,0.05464245868272566,0.05187874432561479,0.04617164286641762,0.01439739237968718,0.010864794071406392
8.182,0.03648947261990476,0.05455002584221158,0.05182679802127632,0.04612644011328082,0.014367394114543464,0.01083549304165321
8.184000000000001,0.03645008066817845,0.054457656848691416,0.051774888697726285,0.046081264461176996,0.01433742939709659,0.010806228135018525
8.186,0.03641071807168794,0.05436535172201018,0.05172301634387666,0.046036115912193365,0.01430749821304289,0.01077699933494336
8.188,0.03637138482430213,0.05427311048191519,0.051671180948621664,0.04599099446838584,0.014277600548050495,0.01074780662483632
8.19,0.03633208091986351,0.05418093314805539,0.05161938250083842,0.04594590013177968,0.014247736387758891,0.010718649988074036
8.192,0.03629280635218857,0.05408881973998225,0.051567620989386276,0.045900832904369526,0.014217905717778923,0.010689529408000942
8.194,0.03625356111506761,0.05399677027714955,0.051515896403107275,0.045855792788119354,0.014188108523693677,0.010660444867929497
8.196,0.036214345202264964,0.05390478477891336,0.05146420873082613,0.045810779784962063,0.014158344791057598,0.010631396351139966
8.198,0.03617515860751919,0.053812863264532496,0.05141255796135025,0.04576579389680058,0.014128614505397152,0.010602383840880858
8.2,0.036136001324542644,0.05372100575316785,0.05136094408346992,0.04572083512550673,0.01409891765221083,0.010573407320368933
8.202,0.03609687334702216,0.05362921226388373,0.0513093670859579,0.04567590347292194,0.014069254216968918,0.010544466772789196
8.204,0.03605777466861859,0.053537482815646964,0.05125782695756986,0.045630998940857426,0.014039624185113952,0.010515562181294902
8.206,0.03601870528296702,0.05344581742732735,0.051206323687044586,0.04558612153109376,0.01401002754206071,0.010486693529008217
8.208,0.03597966518367701,0.05335421611769764,0.05115485726310354,0.04554127124538154,0.013980464273195992,0.01045786079901978
8.21,0.03594065436433258,0.05326267890543401,0.05110342767445153,0.04549644808544051,0.013950934363879064,0.010429063974388475
8.212,0.035901672818492214,0.05317120580911561,0.051052034909775834,0.04545165205296042,0.013921437799441883,0.010400303038142322
8.214,0.03586272053968864,0.05307979684722541,0.05100067895774707,0.04540688314960106,0.013891974565188203,0.010371577973278256
8.216,0.0358237975214295,0.05298845203814939,0.05094935980701898,0.045362141376991794,0.013862544646395136,0.010342888762761904
8.218,0.035784903757196895,0.052897171400177356,0.05089807744622843,0.04531742673673178,0.013833148028311815,0.010314235389528026
8.22,0.035746039240447613,0.052805954951502754,0.050846831863995634,0.045272739230390435,0.013803784696160282,0.01028561783648052
8.222,0.035707203964613354,0.05271480271022311,0.05079562304892371,0.04522807885950719,0.013774454635135491,0.0102570360864922
8.224,0.03566839792310028,0.05262371469433935,0.05074445098959934,0.04518344562559107,0.013745157830405086,0.010228490122405676
8.226,0.03562962110928991,0.05253269092175694,0.05069331567459234,0.045138839530121766,0.01371589426710984,0.010199979927032476
8.228,0.035590873516538224,0.052441731410285186,0.05064221709245609,0.045094260574548795,0.01368666393036344,0.010171505483153931
8.23,0.03555215513817633,0.052350836177637694,0.0505911552317273,0.04504970876029191,0.013657466805252705,0.010143066773520726
8.232,0.035513465967510705,0.05226000524143237,0.05054013008092606,0.0450051840887411,0.013628302876837584,0.010114663780853128
8.234,0.03547480599782249,0.05216923861919165,0.050489141628556,0.044960686561256846,0.01359917213015116,0.010086296487841429
8.236,0.035436175222368194,0.052078536328342695,0.050438189863104554,0.044916216179169854,0.013570074550200317,0.010057964877145276
8.238,0.03539757363437945,0.05198789838621698,0.05038727477304228,0.044871772943781085,0.013541010121964625,0.010029668931394786
8.24,0.03535900122706326,0.05189732481005094,0.05033639634682374,0.04482735685636219,0.013511978830397897,0.010001408633189435
8.242,0.03532045799360195,0.05180681561698597,0.0502855545728873,0.04478296791815528,0.013482980660426858,0.009973183965099386
8.244,0.035281943927153,0.051716370824068214,0.05023474943965445,0.04473860613037273,0.013454015596952251,0.009944994909664384
8.246,0.03524345902084969,0.051625990448249004,0.050183980935531114,0.044694271494198023,0.0134250836248484,0.009916841449394864
8.248,0.03520500326780063,0.051535674506385076,0.05013324904890659,0.044649964010784915,0.013396184728963423,0.009888723566771507
8.25,0.03516657666109002,0.051445423015238356,0.05008255376815418,0.044605683681257835,0.01336731889411924,0.009860641244245238
8.252,0.03512817919377764,0.051355235991475956,0.050031895081631195,0.04456143050671213,0.013338486105111791,0.009832594464237676
8.254,0.03508981085889884,0.05126511345167062,0.04998127297767874,0.044517204488213835,0.013309686346711036,0.009804583209140905
8.256,0.03505147164946476,0.05117505541230094,0.049930687444622146,0.0444730056267999,0.013280919603660735,0.009776607461317699
8.258000000000001,0.03501316155846257,0.05108506188975115,0.04988013847077033,0.044428833923478184,0.013252185860679333,0.009748667203101746
8.26,0.034974880578855005,0.0509951329003111,0.04982962604441665,0.04438468937922746,0.013223485102459076,0.009720762416797646
8.262,0.03493662870358083,0.050905268460176956,0.04977915015383849,0.044340571994997635,0.013194817313666674,0.009692893084680465
8.264,0.0348984059255546,0.050815468585450496,0.04972871078729724,0.044296481771709306,0.013166182478943078,0.00966505918899685
8.266,0.03486021223766689,0.05072573329213981,0.04967830793303896,0.044252418710254426,0.01313758058290393,0.009637260711964357
8.268,0.034822047632784736,0.05063606259615949,0.04962794157929329,0.04420838281149608,0.013109011610139332,0.009609497635771458
8.27,0.03478391210375076,0.05054645651333023,0.04957761171427477,0.044164374076268276,0.013080475545214076,0.009581769942578422
8.272,0.03474580564338425,0.050456915059379215,0.049527318326181735,0.04412039250537658,0.01305197237266742,0.009554077614516432
8.274000000000001,0.03470772824448032,0.05036743824994039,0.04947706140319741,0.044076438099597715,0.013023502077013305,0.00952642063368847
8.276,0.03466967989981051,0.05027802610055421,0.049426840933489036,0.04403251085967974,0.012995064642740806,0.009498798982168877
8.278,0.03463166060212286,0.05018867862666787,0.04937665690520854,0.043988610786342086,0.012966660054313905,0.009471212642003568
8.28,0.034593670344141625,0.05009939584363576,0.04932650930649207,0.04394473788027575,0.012938288296171052,0.009443661595210262
8.282,0.034555709118567535,0.05001017776671901,0.049276398125460696,0.04390089214214288,0.01290994935272649,0.009416145823778477
8.284,0.034517776918078,0.049921024411085924,0.049226323350219925,0.0438570735725774,0.012881643208368931,0.009388665309669753
8.286,0.034479873735326905,0.049831935791812,0.04917628496885995,0.04381328217218483,0.012853369847462881,0.009361220034817208
8.288,0.03444199956294458,0.04974291192387992,0.049126282969455426,0.04376951794154205,0.012825129254347534,0.009333809981126207
8.290000000000001,0.0344041543935385,0.04965395282217999,0.0490763173400659,0.04372578088119794,0.012796921413337659,0.009306435130474355
8.292,0.03436633821969237,0.04956505850151016,0.049026388068735605,0.04368207099167276,0.0127687463087236,0.009279095464711506
8.294,0.034328551033966814,0.049476228976575554,0.04897649514349345,0.043638388273459006,0.012740603924771277,0.009251790965659534
8.296,0.034290792828899574,0.04938746426198959,0.04892663855235346,0.043594732727020524,0.01271249424572174,0.009224521615113002
8.298,0.034253063597005085,0.049298764372273096,0.04887681828331436,0.04355110435279297,0.012684417255791836,0.009197287394838716
8.3,0.034215363330774684,0.04921012932185498,0.04882703432435975,0.04350750315118446,0.012656372939174432,0.009170088286576172
8.302,0.03417769202267684,0.049121559125072434,0.048777286663458375,0.04346392912257446,0.012628361280037748,0.009142924272037334
8.304,0.03414004966515716,0.04903305379617051,0.04872757528856386,0.04342038226731493,0.012600382262526244,0.009115795332907295
8.306000000000001,0.034102436250638135,0.04894461334930256,0.048677900187614975,0.04337686258572937,0.012572435870759957,0.009088701450843395
8.308,0.03406485177151963,0.04885623779853043,0.04862826134853537,0.043333370078114,0.012544522088835164,0.009061642607476328
8.31,0.03402729622017864,0.0487679271578243,0.04857865875923406,0.043289904744736596,0.01251664090082416,0.009034618784409476
8.312,0.033989769588969265,0.04867968144106305,0.048529092407604946,0.04324646658583742,0.012488792290775264,0.009007629963219133
8.314,0.03395227187022343,0.048591500662034104,0.04847956228152728,0.04320305560162874,0.012460976242713251,0.008980676125455389
8.316,0.033914803056250165,0.04850338483443384,0.04843006836886565,0.04315967179229552,0.012433192740639143,0.008953757252640804
8.318,0.03387736313933587,0.04841533397186759,0.04838061065747001,0.043116315157994745,0.012405441768529979,0.008926873326271734
8.32,0.03383995211174451,0.04832734808784922,0.04833118913517542,0.04307298569885587,0.012377723310339706,0.008900024327817668
8.322000000000001,0.033802569965717844,0.04823942719580221,0.04828180378980229,0.04302968341498081,0.01235003734999851,0.008873210238721674
8.324,0.033765216693474764,0.048151571309059005,0.048232454609156594,0.042986408306443735,0.012322383871413267,0.008846431040400393
8.326,0.0337278922872124,0.04806378044086146,0.048183141581029654,0.04294316037329149,0.012294762858467312,0.008819686714244046
8.328,0.033690596739105017,0.04797605460436083,0.04813386469319836,0.042899939615543614,0.012267174295020888,0.008792977241616429
8.33,0.03365333004130511,0.04788839381261778,0.048084623933425164,0.04285674603319212,0.012239618164910926,0.00876630260385558
8.332,0.03361609218594297,0.047800798078602824,0.04803541928945809,0.04281357962620169,0.012212094451951483,0.008739662782272895
8.334,0.03357888316512647,0.04771326741519588,0.047986250749030734,0.04277044039450972,0.012184603139933081,0.008713057758154008
8.336,0.0335417029709415,0.04762580183518694,0.04793711829986225,0.04272732833802628,0.012157144212623594,0.008686487512758578
8.338000000000001,0.03350455159545218,0.04753840135127563,0.047888021929657576,0.04268424345663413,0.012129717653768024,0.008659952027320283
8.34,0.033467429030700435,0.04745106597607207,0.047838961626107235,0.04264118575018938,0.012102323447088281,0.008633451283047267
8.342,0.033430335268706424,0.04736379572209626,0.04778993737688775,0.04259815521852062,0.012074961576283627,0.008606985261121691
8.344,0.033393270301468325,0.04727659060177847,0.04774094916966143,0.04255515186142933,0.012047632025030675,0.008580553942700186
8.346,0.03335623412096278,0.047189450627459495,0.04769199699207638,0.042512175678690145,0.012020334776983166,0.008554157308913846
8.348,0.033319226719144224,0.04710237581139021,0.04764308083176649,0.0424692266700506,0.011993069815772417,0.00852779534086845
8.35,0.033282248087945776,0.04701536616573221,0.047594200676351894,0.042426304835231576,0.011965837125007539,0.00850146801964402
8.352,0.03324529821927902,0.046928421702558065,0.047545356513438275,0.04238341017392666,0.011938636688274551,0.008475175326295492
8.354000000000001,0.03320837710503355,0.046841542433850636,0.04749654833061756,0.042340542685803007,0.011911468489137711,0.008448917241852705
8.356,0.03317148473707765,0.04675472837150396,0.04744777611546769,0.04229770237050068,0.011884332511138851,0.008422693747320187
8.358,0.033134621107258067,0.046667979527323045,0.04739903985555283,0.0422548892276331,0.011857228737797376,0.008396504823677375
8.36,0.033097786207400226,0.046581295913023846,0.047350339538422936,0.04221210325678704,0.01183015715261071,0.008370350451878839
8.362,0.03306098002930802,0.04649467754023351,0.04730167515161443,0.04216934445752263,0.01180311773905407,0.008344230612854275
8.364,0.033024202564764016,0.04640812442049036,0.04725304668264996,0.042126612829373355,0.011776110480580915,0.008318145287508516
8.366,0.03298745380552992,0.04632163656524457,0.047204454119038175,0.04208390837184606,0.01174913536062272,0.008292094456721522
8.368,0.03295073374334567,0.04623521398585728,0.0471558974482742,0.04204123108442137,0.011722192362588757,0.008266078101348606
8.370000000000001,0.03291404236993034,0.04614885669360147,0.04710737665783937,0.04199858096655307,0.011695281469866758,0.008240096202220881
8.372,0.03287737967698168,0.046062564699661745,0.04705889173520128,0.04195595801766849,0.011668402665822919,0.008214148740144367
8.374,0.032840745656176784,0.045976338015134566,0.0470104426678144,0.041913362237169016,0.01164155593380145,0.008188235695901325
8.376,0.032804140299171225,0.045890176651028236,0.046962029443119,0.04187079362442936,0.011614741257125027,0.008162357050249147
8.378,0.032767563597599914,0.04580408061826313,0.046913652048542254,0.04182825217879804,0.011587958619094785,0.008136512783921246
8.38,0.03273101554307689,0.04571804992767192,0.04686531047149778,0.041785737899597386,0.011561208002990542,0.008110702877626608
8.382,0.03269449612719533,0.04563208458999912,0.046817004699385434,0.04174325078612329,0.011534489392070801,0.008084927312050239
8.384,0.03265800534152752,0.04554618461590154,0.0467687347195922,0.041700790837645885,0.011507802769572528,0.008059186067853386
8.386000000000001,0.03262154317762489,0.04546035001594895,0.04672050051949128,0.04165835805340867,0.011481148118711593,0.008033479125673093
8.388,0.03258510962701844,0.045374580800622955,0.046672302086442574,0.04161595243262961,0.011454525422682549,0.008007806466122425
8.39,0.03254870468121851,0.04528887698031836,0.046624139407793086,0.041573573974500455,0.011427934664659078,0.007982168069790907
8.392,0.03251232833171458,0.045203238565342474,0.04657601247087606,0.04153122267818676,0.011401375827793547,0.007956563917244308
8.394,0.03247598056997569,0.045117665565915344,0.04652792126301164,0.041488898542828556,0.011374848895217449,0.007930993989024637
8.396,0.03243966138745047,0.045032157992169974,0.04647986577150687,0.041446601567539654,0.011348353850041404,0.007905458265650589
8.398,0.0324033707755671,0.04494671585415255,0.046431845983655906,0.04140433175140812,0.011321890675355384,0.007879956727617099
8.4,0.03236710872573334,0.04486133916182222,0.04638386188673915,0.04136208909349626,0.011295459354228266,0.00785448935539601
8.402000000000001,0.03233087522933653,0.04477602792505153,0.04633591346802457,0.041319873592840395,0.011269059869708276,0.00782905612943563
8.404,0.03229467027774402,0.04469078215362621,0.0462880007147668,0.041277685248451546,0.011242692204823213,0.007803657030160949
8.406,0.032258493862302506,0.0446056018572456,0.046240123614207596,0.041235524059314965,0.011216356342580225,0.007778292037974088
8.408,0.03222234597433893,0.04452048704552247,0.046192282153575626,0.04119339002439015,0.01119005226596581,0.007752961133254077
8.41,0.032186226605159796,0.044435437727983196,0.04614447632008667,0.04115128314261085,0.011163779957946485,0.007727664296356851
8.412,0.032150135746051633,0.04435045391406822,0.04609670610094363,0.04110920341288571,0.011137539401467667,0.007702401507615253
8.414,0.032114073388280984,0.0442655356131314,0.04604897148333653,0.04106715083409762,0.011111330579455236,0.0076771727473397
8.416,0.03207803952309418,0.044180682834440876,0.04600127245444274,0.04102512540510417,0.011085153474814424,0.007651977995817294
8.418000000000001,0.03204203414171802,0.04409589558717886,0.045953609001426754,0.040983127124737395,0.011059008070430254,0.0076268172333129325
8.42,0.0320060572353591,0.0440111738804414,0.0459059811114404,0.04094115599180381,0.011032894349167988,0.0076016904400686425
8.422,0.03197010879520423,0.04392651772323908,0.04585838877162263,0.04089921200508506,0.011006812293872459,0.007576597596304024
8.424,0.031934188812420494,0.04384192712449675,0.04581083196909974,0.04085729516333725,0.010980761887368962,0.00755153868221603
8.426,0.031898297278155185,0.04375740209305379,0.045763310690985826,0.04081540546529139,0.010954743112462584,0.007526513677979629
8.428,0.03186243418353607,0.0436729426376643,0.045715824924381865,0.04077354290965318,0.010928755951938873,0.007501522563747143
8.43,0.03182659951967115,0.04358854876699669,0.04566837465637641,0.04073170749510324,0.010902800388563172,0.007476565319648687
8.432,0.03179079327764911,0.043504220489634315,0.045620959874045575,0.04068989922029709,0.010876876405081726,0.007451641925792396
8.434000000000001,0.03175501544853865,0.04341995781407548,0.04557358056445304,0.04064811808386515,0.010850983984220575,0.0074267523622641995
8.436,0.03171926602338937,0.04333576074873324,0.04552623671465006,0.04060636408441298,0.010825123108686663,0.007401896609128267
8.438,0.031683544993231116,0.043251629301936045,0.04547892831167544,0.04056463722052106,0.010799293761167172,0.00737707464642634
8.44,0.031647852349074856,0.04316756348192752,0.045431655342555555,0.04052293749074498,0.010773495924329968,0.007352286454178847
8.442,0.031612188081911574,0.043083563296866245,0.045384417794304355,0.040481264893615254,0.010747729580823373,0.00732753201238423
8.444,0.0315765521827136,0.042999628754826436,0.04533721565392379,0.04043961942763796,0.010721994713276617,0.007302811301019396
8.446,0.03154094464243373,0.042915759863797476,0.04529004890840316,0.0403980010912941,0.010696291304299832,0.007278124300039268
8.448,0.03150536545200544,0.04283195663168482,0.045242917544719985,0.04035640988304001,0.010670619336483611,0.007253470989377675
8.45,0.03146981460234333,0.04274821906630932,0.045195821549839144,0.040314845801307175,0.010644978792399673,0.0072288513489466855
8.452,0.031434292084342896,0.042664547175407685,0.04514876091071374,0.04027330884450264,0.010619369654600641,0.007204265358637052
8.454,0.031398797888880337,0.042580940966632674,0.04510173561428443,0.04023179901100882,0.010593791905620487,0.007179712998318211
8.456,0.03136333200681318,0.04249740044755246,0.04505474564748013,0.04019031629918346,0.010568245527973641,0.007155194247838503
8.458,0.031327894428979874,0.04241392562565194,0.0450077909972173,0.04014886070735968,0.010542730504156328,0.007130709087024956
8.46,0.0312924851462002,0.04233051650833208,0.04496087165040086,0.04010743223384616,0.010517246816645676,0.007106257495683499
8.462,0.03125710414927463,0.04224717310290993,0.04491398759392329,0.040066030876927394,0.01049179444790016,0.00708183945359897
8.464,0.031221751428985423,0.042163895416619024,0.04486713881466531,0.04002465663486299,0.010466373380359606,0.007057454940535557
8.466,0.031186426976095527,0.042080683456609425,0.04482032529949587,0.039983309505888576,0.010440983596445408,0.007033103936236573
8.468,0.03115113078134968,0.0419975372299477,0.04477354703527192,0.03994198948821537,0.010415625078560309,0.00700878642042424
8.47,0.03111586283547374,0.04191445674361716,0.04472680400883866,0.03990069658003037,0.010390297809088622,0.00698450237280035
8.472,0.031080623129175144,0.04183144200451805,0.044680096207029285,0.03985943077949616,0.010365001770396232,0.006960251773045822
8.474,0.031045411653142452,0.04174849301946737,0.044633423616665446,0.039818192084751125,0.010339736944830813,0.00693603460082115
8.476,0.031010228398046014,0.041665609795199066,0.04458678622455681,0.03977698049390965,0.010314503314721835,0.00691185083576662
8.478,0.030975073354537752,0.04158279233836448,0.04454018401750148,0.03973579600506194,0.010289300862380335,0.006887700457501644
8.48,0.030939946513250938,0.04150004065553192,0.044493616982286044,0.0396946386162742,0.010264129570099367,0.006863583445625432
8.482,0.030904847864800633,0.041417354753186864,0.04444708510568529,0.03965350832558845,0.01023898942015422,0.006839499779716984
8.484,0.030869777399783693,0.041334734637732407,0.04440058837446248,0.03961240513102293,0.010213880394801755,0.006815449439335097
8.486,0.030834735108778766,0.04125218031548927,0.04435412677536932,0.0395713290305717,0.010188802476281067,0.0067914324040185825
8.488,0.030799720982346068,0.04116969179269536,0.04430770029514575,0.039530280022205044,0.010163755646813266,0.006767448653286046
8.49,0.030764735011027833,0.04108726907550664,0.0442613089205206,0.039489258103869496,0.010138739888601922,0.006743498166636108
8.492,0.030729777185347862,0.04100491216999691,0.04421495263821096,0.03944826327348783,0.01011375518383284,0.00671958092354763
8.494,0.030694847495812416,0.040922621082157606,0.04416863143492278,0.03940729552895861,0.01008880151467384,0.006695696903479709
8.496,0.030659945932909327,0.04084039581789822,0.04412234529735026,0.039366354868157094,0.010063878863275422,0.006671846085871458
8.498,0.030625072487108662,0.04075823638304654,0.04407609421217651,0.03932544128893456,0.010038987211770545,0.006648028450142451
8.5,0.030590227148862503,0.04067614278334841,0.04402987816607329,0.03928455478911874,0.010014126542274404,0.006624243975692723
8.502,0.03055540990860517,0.04059411502446797,0.04398369714570105,0.039243695366514064,0.009989296836885098,0.0066004926419025445
8.504,0.030520620756752992,0.04051215311198786,0.0439375511377087,0.03920286301890097,0.009964498077683182,0.00657677442813287
8.506,0.03048585968370454,0.040430257051409235,0.04389144012873447,0.03916205774403636,0.009939730246731893,0.0065530893137255575
8.508000000000001,0.030451126679840845,0.040348426848151764,0.04384536410540507,0.03912127953965405,0.00991499332607737,0.006529437278002703
8.51,0.030416421735524946,0.04026666250755362,0.04379932305433609,0.0390805284034641,0.009890287297748657,0.0065058183002673076
8.512,0.030381744841102565,0.04018496403487237,0.04375331696213203,0.03903980433315324,0.009865612143757252,0.006482232359803497
8.514,0.03034709598690144,0.040103331435283884,0.04370734581538627,0.038999107326384674,0.009840967846098225,0.006458679435875858
8.516,0.03031247516323221,0.04002176471388341,0.0436614096006811,0.038958437380798516,0.009816354386749104,0.006435159507730326
8.518,0.030277882360387975,0.039940263875684945,0.04361550830458816,0.03891779449401178,0.009791771747670985,0.006411672554593739
8.52,0.030243317568644068,0.03985882892562209,0.04356964191366752,0.03887717866361773,0.009767219910807867,0.006388218555673841
8.522,0.030208780778258726,0.03977745986854764,0.04352381041446862,0.038836589887186745,0.009742698858086873,0.006364797490160168
8.524000000000001,0.030174271979472644,0.03969615670923354,0.043478013793530224,0.03879602816226613,0.009718208571418474,0.006341409337222936
8.526,0.0301397911625092,0.03961491945237139,0.04343225203737977,0.038755493486379855,0.009693749032696486,0.006318054076013935
8.528,0.03010533831757467,0.0395337481025726,0.04338652513253405,0.038714985857028816,0.009669320223798072,0.006294731685666299
8.53,0.030070913434858015,0.03945264266436799,0.04334083306549896,0.03867450527169125,0.009644922126583966,0.006271442145294737
8.532,0.030036516504531097,0.039371603142208444,0.04329517582276976,0.03863405172782186,0.009620554722898245,0.0062481854339957454
8.534,0.030002147516748456,0.03929062954046447,0.043249553390830586,0.0385936252228527,0.009596217994569,0.006224961530846951
8.536,0.02996780646164776,0.03920972186342664,0.04320396575615537,0.038553225754192955,0.009571911923407228,0.006201770414907992
8.538,0.029933493329349803,0.0391288801153058,0.043158412905207166,0.03851285331922871,0.009547636491208378,0.006178612065220079
8.540000000000001,0.029899208109958053,0.039048104300232644,0.043112894824438364,0.03847250791532364,0.009523391679751247,0.006155486460806658
8.542,0.02986495079355933,0.038967394422258606,0.043067411500290476,0.038432189539818085,0.009499177470798426,0.006132393580672746
8.544,0.029830721370223356,0.03888675048535517,0.0430219629191948,0.03839189819002997,0.009474993846096513,0.006109333403805373
8.546,0.029796519830002977,0.03880617249341456,0.04297654906757198,0.03835163386325435,0.009450840787376125,0.006086305909173806
8.548,0.029762346162934383,0.03872566045024928,0.04293116993183199,0.038311396556763855,0.009426718276351664,0.006063311075729105
8.55,0.029728200359037116,0.03864521435959278,0.042885825498374386,0.03827118626780823,0.009402626294721994,0.006040348882405011
8.552,0.029694082408313838,0.03856483422509949,0.04284051575358827,0.038231002993614815,0.009378564824169766,0.006017419308117056
8.554,0.02965999230075056,0.038484520050344084,0.04279524068385254,0.038190846731388284,0.009354533846361868,0.005994522331763452
8.556000000000001,0.029625930026316638,0.03840427183882289,0.042750000275535216,0.03815071747831067,0.009330533342949643,0.00597165793222465
8.558,0.02959189557496522,0.03832408959395295,0.04270479451499454,0.0381106152315418,0.009306563295568449,0.005948826088363557
8.56,0.02955788893663236,0.03824397331907248,0.04265962338857787,0.038070539988219076,0.009282623685838098,0.0059260267790257615
8.562,0.029523910101238116,0.038163923017441315,0.04261448688262259,0.03803049174545747,0.009258714495363085,0.005903259983039311
8.564,0.029489959058685677,0.03808393869224025,0.04256938498345586,0.037990470500349316,0.009234835705732136,0.005880525679215154
8.566,0.029456035798862246,0.03800402034657169,0.042524317677394396,0.03795047624996495,0.00921098729851888,0.005857823846346699
8.568,0.02942214031163859,0.03792416798345988,0.04247928495074493,0.03791050899135229,0.009187169255280958,0.005835154463210701
8.57,0.029388272586869046,0.03784438160585046,0.042434286789803766,0.03787056872153727,0.009163381557561356,0.005812517508566151
8.572000000000001,0.029354432614391968,0.03776466121661093,0.04238932318085742,0.037830655437523175,0.009139624186887296,0.005789912961155608
8.574,0.02932062038402905,0.0376850068185306,0.04234439411018198,0.037790769136291535,0.0091158971247709,0.00576734079970409
8.576,0.029286835885586227,0.03760541841432086,0.04229949956404355,0.03775090981480167,0.009092200352709412,0.005744801002920186
8.578,0.02925307910885322,0.037525896006615156,0.042254639528698235,0.03771107746999092,0.009068533852184757,0.005722293549495605
8.58,0.029219350043603765,0.037446439597969006,0.04220981399039214,0.03767127209877419,0.009044897604663982,0.005699818418105185
8.582,0.029185648679595166,0.037367049190860424,0.042165022935361396,0.03763149369804486,0.009021291591598812,0.0056773755874071075
8.584,0.029151975006569186,0.03728772478768949,0.042120266349832125,0.0375917422646741,0.008997715794426542,0.005654965036042681
8.586,0.029118329014251598,0.037208466390778794,0.04207554422002047,0.03755201779551132,0.008974170194569364,0.0056325867426372245
8.588000000000001,0.02908471069235219,0.03712927400237365,0.04203085653213279,0.03751232028738394,0.008950654773434819,0.005610240685799184
8.59,0.02905112003056476,0.03705014762464187,0.041986203272365685,0.03747264973709763,0.008927169512415567,0.005587926844120572
8.592,0.029017557018567564,0.03697108725967424,0.041941584426905765,0.037433006141436076,0.008903714392889839,0.0055656451961771936
8.594,0.028984021646022873,0.03689209290948403,0.04189699998192986,0.0373933894971612,0.008880289396220986,0.005543395720528643
8.596,0.028950513902577413,0.03681316457600792,0.04185244992360526,0.03735379980101361,0.008856894503757706,0.005521178395718085
8.598,0.028917033777862144,0.0367343022611053,0.04180793423808926,0.03731423704971193,0.008833529696834708,0.005498993200272917
8.6,0.028883581261492486,0.036655505966558755,0.04176345291152961,0.03727470123995302,0.008810194956771822,0.005476840112704107
8.602,0.02885015634306831,0.03657677569407425,0.04171900593006428,0.03723519236841244,0.008786890264874891,0.005454719111506634
8.604000000000001,0.02881675901217373,0.036498111445281145,0.04167459327982148,0.037195710431743745,0.008763615602434882,0.005432630175159936
8.606,0.028783389258377756,0.03641951322173198,0.04163021494692032,0.03715625542657963,0.008740370950729215,0.005410573282127018
8.608,0.02875004707123341,0.03634098102490291,0.04158587091746968,0.03711682734953059,0.008717156291020434,0.005388548410855565
8.61,0.028716732440278836,0.03626251485619392,0.04154156117756935,0.037077426197186236,0.008693971604557538,0.0053665555397772735
8.612,0.02868344535503642,0.036184114716928395,0.04149728571330957,0.03703805196611443,0.008670816872574871,0.005344594647308298
8.614,0.02865018580501366,0.03610578060835379,0.04145304451077081,0.036998704652861925,0.008647692076293234,0.00532266571184925
8.616,0.028616953779702303,0.03602751253164138,0.041408837556024425,0.03695938425395373,0.008624597196919215,0.0053007687117849756
8.618,0.028583749268579206,0.03594931048788674,0.04136466483513224,0.036920090765893976,0.008601532215645635,0.005278903625485221
8.620000000000001,0.02855057226110569,0.03587117447810906,0.04132052633414651,0.03688082418516547,0.008578497113651329,0.005257070431303967
8.622,0.028517422746728416,0.03579310450325224,0.041276422039110194,0.0368415845082295,0.008555491872101584,0.005235269107580098
8.624,0.02848430071487873,0.035715100564184254,0.04123235193605712,0.03680237173152645,0.0085325164721477,0.005213499632637175
8.626,0.028451206154972652,0.035637162661697364,0.04118831601101158,0.036763185851475644,0.00850957089492721,0.005191761984783438
8.628,0.02841813905641155,0.03555929079650855,0.04114431424998877,0.03672402686447507,0.008486655121564324,0.0051700561423122515
8.63,0.028385099408581693,0.03548148496925929,0.041100346638994534,0.03668489476690162,0.008463769133169707,0.005148382083501879
8.632,0.02835208720085447,0.03540374518051581,0.04105641316402564,0.03664578955511133,0.00844091291084026,0.005126739786615486
8.634,0.028319102422586395,0.03532607143076927,0.041012513811069295,0.03660671122543935,0.008418086435659555,0.005105129229901362
8.636000000000001,0.028286145063118884,0.03524846372043533,0.04096864856610405,0.03656765977419951,0.008395289688697849,0.005083550391592695
8.638,0.028253215111778918,0.03517092204985506,0.0409248174150989,0.03652863519768523,0.008372522651012071,0.005062003249908242
8.64,0.028220312557878602,0.03509344641929446,0.040881020344014196,0.03648963749216838,0.00834978530364583,0.0050404877830521055
8.642,0.028187437390715386,0.03501603682894472,0.040837257338800725,0.03645066665390062,0.008327077627629409,0.005019003969213287
8.644,0.028154589599571844,0.034938693278922184,0.040793528385400624,0.036411722679112524,0.008304399603979995,0.004997551786566579
8.646,0.028121769173715894,0.03486141576926882,0.04074983346974692,0.03637280556401401,0.008281751213701893,0.004976131213271895
8.648,0.028088976102401242,0.03478420429995199,0.040706172577763544,0.03633391530479413,0.008259132437786088,0.004954742227475162
8.65,0.02805621037486672,0.03470705887086445,0.04066254569536576,0.03629505189762128,0.008236543257210682,0.004933384807307428
8.652000000000001,0.028023471980336945,0.03462997948182478,0.04061895280845951,0.03625621533864343,0.008213983652940904,0.004912058930885754
8.654,0.02799076090802166,0.03455296613257719,0.04057539390294229,0.036217405623987675,0.0081914536059291,0.004890764576312767
8.656,0.027958077147116622,0.03447601882279194,0.04053186896470229,0.03617862274976047,0.008168953097114517,0.004869501721676883
8.658,0.027925420686802926,0.03439913755206514,0.04048837797961924,0.03613986671204805,0.008146482107423969,0.004848270345052308
8.66,0.027892791516247684,0.03432232231991916,0.040444920933564,0.036101137506916015,0.00812404061777161,0.00482707042449948
8.662,0.02786018962460335,0.03424557312580201,0.040401497812398324,0.03606243513040952,0.00810162860905872,0.004805901938064627
8.664,0.027827615001008166,0.0341688899690884,0.04035810860197575,0.03602375957855308,0.008079246062173917,0.004784764863779989
8.666,0.02779506763458639,0.03409227284907934,0.040314753288140714,0.03598511084735123,0.008056892957993611,0.004763659179664259
8.668000000000001,0.027762547514448066,0.034015721765002116,0.04027143185672921,0.035946488932787624,0.008034569277381554,0.004742584863721699
8.67,0.027730054629689027,0.03393923671601051,0.04022814429356836,0.035907893830826154,0.00801227500118884,0.004721541893943471
8.672,0.027697588969391118,0.033862817701185266,0.04018489058447683,0.03586932553741007,0.007990010110254575,0.004700530248306745
8.674,0.027665150522621973,0.03378646471953339,0.040141670715264643,0.035830784048462405,0.00796777458540543,0.004679549904774927
8.676,0.02763273927843546,0.03371017776998908,0.04009848467173316,0.03579226935988622,0.00794556840745586,0.0046586008412980995
8.678,0.027600355225871454,0.033633956851413016,0.040055332439675295,0.03575378146756436,0.007923391557207893,0.004637683035813023
8.68,0.027567998353955625,0.0335578019625935,0.040012214004875535,0.03571532036735925,0.007901244015451558,0.00461679646624269
8.682,0.027535668651700318,0.03348171310224535,0.0399691293531097,0.035676886055113544,0.0078791257629649,0.004595941110496771
8.684000000000001,0.027503366108103666,0.03340569026901097,0.0399260784701454,0.0356384785266497,0.007857036780513749,0.0045751169464718355
8.686,0.027471090712150037,0.033329733461459954,0.03988306134174158,0.03560009777777018,0.007834977048851943,0.004554323952051131
8.688,0.02743884245281003,0.033253842678089285,0.039840077953648745,0.03556174380425747,0.007812946548721555,0.004533562105104583
8.69,0.027406621319040703,0.033178017917323555,0.039797128291609196,0.03552341660187408,0.007790945260852666,0.004512831383489457
8.692,0.027374427299785564,0.033102259177514526,0.03975421234135701,0.03548511616636274,0.0077689731659635886,0.0044921317650494785
8.694,0.027342260383974137,0.03302656645694202,0.0397113300886176,0.035446842493445985,0.007747030244760866,0.004471463227615491
8.696,0.02731012056052262,0.03295093975381369,0.0396684815191084,0.03540859557882703,0.007725116477939276,0.004450825749005682
8.698,0.02727800781833345,0.03287537906626481,0.03962566661853861,0.03537037541818888,0.007703231846182046,0.004430219307025363
8.700000000000001,0.027245922146295953,0.0327998843923587,0.03958288537260901,0.03533218200719479,0.007681376330160639,0.00440964387946674
8.702,0.027213863533285698,0.03272445573008653,0.03954013776701215,0.03529401534148868,0.0076595499105351905,0.00438909944410959
8.704,0.027181831968164705,0.032649093077368185,0.039497423787432595,0.03525587541669428,0.007637752567954292,0.004368585978720807
8.706,0.027149827439782115,0.03257379643205116,0.03945474341954647,0.035217762228415994,0.007615984283054988,0.004348103461054853
8.708,0.027117849936973304,0.032498565791911904,0.03941209664902212,0.03517967577223846,0.007594245036462999,0.004327651868853755
8.71,0.027085899448560546,0.032423401154654696,0.039369483461519694,0.035141616043726565,0.007572534808792497,0.004307231179846882
8.712,0.027053975963352794,0.032348302517912764,0.03932690384269133,0.03510358303842609,0.007550853580646999,0.004286841371751171
8.714,0.027022079470145677,0.032273269879247835,0.039284357778180956,0.03506557675186306,0.00752920133261803,0.004266482422271345
8.716,0.026990209957721945,0.03219830323615036,0.03924184525362473,0.03502759717954418,0.007507578045286456,0.004246154309099692
8.718,0.026958367414851026,0.03212340258603974,0.03919936625465059,0.03498964431695639,0.007485983699222043,0.004225857009916512
8.72,0.026926551830289247,0.03204856792626387,0.03915692076687871,0.034951718159567546,0.007464418274983231,0.004205590502389667
8.722,0.026894763192780058,0.031973799254100266,0.039114508775921264,0.03491381870282595,0.007442881753117581,0.004185354764175031
8.724,0.026863001491053584,0.031899096566754936,0.03907213026738243,0.03487594594216081,0.007421374114161772,0.004165149772916488
8.726,0.026831266713827295,0.03182445986136373,0.039029785226858627,0.03483809987298181,0.007399895338641382,0.004144975506245929
8.728,0.02679955884980556,0.031749889134991216,0.038987473639938486,0.03480028049067929,0.007378445407071332,0.00412483194178348
8.73,0.02676787788767987,0.03167538438463158,0.03894519549220288,0.03476248779062474,0.007357024299955661,0.004104719057137052
8.732,0.026736223816128835,0.031600945607208386,0.038902950769224676,0.0347247217681701,0.0073356319977877504,0.00408463682990301
8.734,0.02670459662381841,0.03152657279957505,0.038860739456569204,0.03468698241864843,0.007314268481050323,0.004064585237666174
8.736,0.026672996299401674,0.03145226595851436,0.038818561539793794,0.03464926973737348,0.007292933730215445,0.004044564257999372
8.738,0.026641422831519046,0.03137802508073895,0.03877641700444845,0.034611583719639905,0.007271627725744301,0.004024573868463888
8.74,0.02660987620879829,0.03130385016289128,0.03873430583607518,0.03457392436072371,0.007250350448087861,0.004004614046609456
8.742,0.026578356419854288,0.03122974120154387,0.03869222802020822,0.034536291655881346,0.007229101877686661,0.003984684769974711
8.744,0.026546863453289493,0.0311556981931993,0.038650183542374705,0.03449868560035063,0.0072078819949707995,0.003964786016086297
8.746,0.0265153972976937,0.031081721134290197,0.038608172388093775,0.03446110618935028,0.007186690780359717,0.003944917762459754
8.748,0.026483957941644265,0.03100781002117947,0.03856619454287702,0.03442355341808012,0.007165528214262862,0.003925079986599522
8.75,0.026452545373705894,0.03093396485016009,0.0385242499922287,0.034386027281721354,0.007144394277079247,0.0039052726659982717
8.752,0.026421159582431075,0.03086018561745596,0.038482338721645304,0.034348527775436066,0.007123288949197892,0.003885495778138237
8.754,0.026389800556359866,0.030786472319221048,0.038440460716616,0.0343110548943677,0.007102212210997383,0.0038657493004898846
8.756,0.026358468284019665,0.030712824951540263,0.03839861596262262,0.03427360863364082,0.007081164042846311,0.0038460332105128003
8.758000000000001,0.02632716275392566,0.030639243510428793,0.038356804445139225,0.03423618898836134,0.007060144425103054,0.003826347485655912
8.76,0.026295883954581045,0.030565727991833214,0.03831502614963256,0.03419879595361652,0.007039153338116444,0.0038066921033568235
8.762,0.026264631874476363,0.03049227839163038,0.03827328106156225,0.03416142952447476,0.007018190762224874,0.003787067041042258
8.764,0.026233406502090162,0.03041889470562853,0.03823156916638015,0.03412408969598624,0.006997256677757191,0.003767472276128503
8.766,0.026202207825888557,0.030345576929566853,0.03818989044953103,0.034086776463182256,0.006976351065032027,0.0037479077860207433
8.768,0.026171035834325895,0.0302723250591157,0.03814824489645252,0.034049489821075474,0.006955473904358467,0.003728373548113506
8.77,0.02613989051584409,0.030199139089876592,0.03810663249257473,0.03401222976466012,0.006934625176035825,0.003708869539790882
8.772,0.02610877185887328,0.030126019017382655,0.03806505322332043,0.03397499628891221,0.006913804860353867,0.0036893957384260823
8.774000000000001,0.026077679851831403,0.030052964837098406,0.03802350707410529,0.03393778938878911,0.006893012937592369,0.003669952121382103
8.776,0.026046614483124397,0.02997997654441953,0.03798199403033786,0.033900609059229536,0.006872249388021778,0.0036505386660115047
8.778,0.026015575741146213,0.02990705413467376,0.03794051407741961,0.03386345529515422,0.0068515141919029965,0.00363115534965619
8.78,0.025984563614279033,0.02983419760312045,0.03789906720074443,0.03382632809146524,0.006830807329487376,0.003611802149647847
8.782,0.025953578090893048,0.029761406944950775,0.037857653385699574,0.03378922744304669,0.006810128781016722,0.003592479043307728
8.784,0.025922619159346905,0.02968868215528797,0.03781627261766496,0.033752153344764,0.006789478526723736,0.0035731860079473154
8.786,0.025891686807987035,0.029616023229186883,0.037774924882013394,0.03371510579146464,0.006768856546831348,0.0035539230208674333
8.788,0.02586078102514855,0.029543430161634854,0.03773361016411081,0.033678084777977846,0.006748262821553608,0.0035346900593591357
8.790000000000001,0.025829901799154342,0.02947090294755106,0.037692328449315804,0.03364109029911466,0.006727697331095239,0.003515487100703263
8.792,0.025799049118315986,0.02939844158178717,0.03765107972298054,0.03360412234966792,0.006707160055651862,0.003496314122170663
8.794,0.025768222970933508,0.029326046059127364,0.03760986397044963,0.033567180924412465,0.006686650975409769,0.0034771711010224138
8.796,0.02573742334529494,0.029253716374288308,0.037568681177061025,0.03353026601810494,0.006666170070546151,0.003458058014509824
8.798,0.025706650229676997,0.029181452521918727,0.03752753132814579,0.03349337762548399,0.006645717321229316,0.0034389748398739872
8.8,0.02567590361234484,0.029109254496600512,0.03748641440902789,0.03345651574127029,0.006625292707618469,0.00341992155434645
8.802,0.025645183481552314,0.029037122292848272,0.037445330405024624,0.033419680360166515,0.006604896209863931,0.0034008981351492107
8.804,0.025614489825541487,0.028965055905109338,0.03740427930144663,0.03338287147685759,0.0065845278081073655,0.0033819045594947195
8.806000000000001,0.025583822632543107,0.02889305532776376,0.03736326108359722,0.03334608908601022,0.006564187482481332,0.0033629408045854348
8.808,0.0255531818907766,0.02882112055512498,0.03732227573677327,0.03330933318227358,0.006543875213109507,0.003344006847614489
8.81,0.025522567588450062,0.028749251581439372,0.037281323246264986,0.03327260376027885,0.006523590980107352,0.003325102665765689
8.812,0.025491979713760493,0.028677448400886707,0.037240403597355476,0.03323590081463923,0.0065033347635810035,0.0033062282362132933
8.814,0.02546141825489312,0.028605711007579693,0.037199516775321406,0.033199224339950595,0.006483106543628603,0.003287383536122457
8.816,0.025430883200022514,0.02853403939556487,0.03715866276543278,0.03316257433079062,0.0064629063003391884,0.0032685685426487865
8.818,0.0254003745373117,0.028462433558821942,0.037117841552952724,0.03312595078171965,0.006442734013793583,0.0032497832329387855
8.82,0.025369892254912596,0.028390893491264446,0.03707705312313769,0.033089353687280054,0.006422589664063949,0.003231027584129631
8.822000000000001,0.025339436340966026,0.028319419186739303,0.03703629746123793,0.03305278304199688,0.006402473231214012,0.0032123015733496185
8.824,0.02530900678360193,0.028248010639027488,0.0369955745524968,0.03301623884037763,0.006382384695299281,0.0031936051777179397
8.826,0.025278603570938918,0.028176667841843583,0.03695488438215122,0.03297972107691183,0.006362324036366829,0.0031749383743449044
8.828,0.02524822669108473,0.028105390788836226,0.03691422693543123,0.03294322974607167,0.0063422912344555105,0.0031563011403314967
8.83,0.02521787613213622,0.028034179473588106,0.03687360219756086,0.03290676484231203,0.006322286269595745,0.0031376934527700406
8.832,0.025187551882179138,0.027963033889616185,0.036833010153757284,0.032870326360070035,0.006302309121810179,0.003119115288744201
8.834,0.02515725392928858,0.02789195403037148,0.036792450789231435,0.0328339142937657,0.0062823597711128,0.003100566625328538
8.836,0.02512698226152854,0.027820939889239282,0.036751924089187815,0.0327975286378015,0.006262438197509823,0.003082047439589175
8.838000000000001,0.02509673686695235,0.02774999145953938,0.036711430038824266,0.03276116938656237,0.006242544380999471,0.0030635577085835752
8.84,0.025066517733602467,0.02767910873452628,0.03667096862333241,0.03272483653441616,0.006222678301571971,0.003045097409360542
8.842,0.025036324849510683,0.027608291707388544,0.036630539827897435,0.03268853007571337,0.006202839939209337,0.0030266665189602193
8.844,0.025006158202698137,0.02753754037124989,0.0365901436376983,0.03265225000478722,0.0061830292738858095,0.003008265014414313
8.846,0.024976017781175086,0.027466854719168543,0.036549780037907764,0.03261599631595358,0.00616324628556808,0.0029898928727463137
8.848,0.024945903572941353,0.02739623474413788,0.03650944901369191,0.03257976900351145,0.006143490954214625,0.002971550070971052
8.85,0.0249158155659861,0.02732568043908601,0.03646915055021083,0.0325435680617423,0.006123763259776371,0.0029532365860953647
8.852,0.024885753748288053,0.027255191796875966,0.036428884632618175,0.03250739348491072,0.006104063182196695,0.0029349523951174294
8.854000000000001,0.02485571810781506,0.027184768810306403,0.03638865124606161,0.03247124526726419,0.00608439070141098,0.002916697475027652
8.856,0.02482570863252498,0.02711441147211069,0.03634845037568257,0.032435123403032895,0.006064745797347282,0.0028984718028080003
8.858,0.02479572531036478,0.027044119774957798,0.03630828200661629,0.03239902788643034,0.006045128449926107,0.002880275355432449
8.86,0.024765768129271004,0.02697389371145187,0.03626814612399176,0.032362958711652734,0.006025538639060191,0.0028621081098667567
8.862,0.024735837077170197,0.02690373327413287,0.036228042712931785,0.03232691587287939,0.00600597634465494,0.002843970043069133
8.864,0.02470593214197825,0.026833638455476372,0.03618797175855337,0.03229089936427276,0.005986441546608656,0.002825861131989349
8.866,0.024676053311601054,0.02676360924789334,0.0361479332459671,0.03225490917997842,0.005966934224811871,0.002807781353569627
8.868,0.024646200573933852,0.026693645643730557,0.036107927160278,0.03221894531412506,0.005947454359147786,0.002789730684744418
8.870000000000001,0.02461637391686189,0.026623747635270867,0.036067953486584425,0.0321830077608245,0.005928001929492721,0.0027717091024401785
8.872,0.024586573328260197,0.02655391521473316,0.0360280122099792,0.03214709651417191,0.005908576915715447,0.002753716583575816
8.874,0.024556798795993373,0.026484148374271932,0.035988103315549136,0.03211121156824537,0.005889179297677627,0.002735753105062688
8.876,0.024527050307916243,0.026414447105978178,0.03594822678837484,0.0320753529171065,0.005869809055233821,0.0027178186438043817
8.878,0.02449732785187342,0.026344811401879165,0.03590838261353113,0.03203952055480008,0.005850466168231483,0.002699913176696933
8.88,0.02446763141569952,0.02627524125393843,0.03586857077608707,0.03200371447535422,0.005831150616511183,0.00268203668062883
8.882,0.024437960987218954,0.026205736654055567,0.03582879126110572,0.03196793467278036,0.005811862379906385,0.0026641891324814537
8.884,0.024408316554246356,0.026136297594067104,0.03578904405364414,0.031932181141073546,0.005792601438243672,0.002646370509128637
8.886000000000001,0.02437869810458615,0.026066924065746067,0.035749329138753616,0.03189645387421214,0.005773367771342519,0.002628580787436885
8.888,0.024349105626033207,0.025997616060802198,0.035709646501479675,0.03186075286615786,0.0057541613590157414,0.0026108199442653746
8.89,0.02431953910637219,0.025928373570881735,0.03566999612686206,0.03182507811085622,0.005734982181069492,0.002593087956465956
8.892,0.024289998533377988,0.02585919658756808,0.03563037799993496,0.03178942960223585,0.005715830217303042,0.0025753848008838176
8.894,0.02426048389481572,0.025790085102381566,0.035590792105726354,0.03175380733420918,0.005696705447508776,0.0025577104543565987
8.896,0.02423099517844096,0.025721039106779475,0.03555123842925889,0.03171821130067198,0.005677607851472866,0.002540064893714833
8.898,0.024201532371999068,0.025652058592156246,0.03551171695554922,0.03168264149550404,0.005658537408974373,0.0025224480957823925
8.9,0.024172095463226073,0.0255831435498437,0.03547222766960867,0.03164709791256848,0.0056394940997861465,0.0025048600373762664
8.902000000000001,0.02414268443984824,0.025514293971110602,0.03543277055644256,0.031611580545712226,0.005620477903674148,0.002487300695306116
8.904,0.024113299289582057,0.02544550984716354,0.035393345601050896,0.03157608938876599,0.0056014888003983465,0.0024697700463751637
8.906,0.024083940000134696,0.025376791169146484,0.0353539527884279,0.03154062443554406,0.005582526769712048,0.002452268067379526
8.908,0.02405460655920355,0.025308137928140795,0.03531459210356225,0.03150518567984473,0.005563591791362121,0.0024347947351088806
8.91,0.02402529895447647,0.025239550115165654,0.03527526353143706,0.03146977311544985,0.0055446838450892155,0.0024173500263460213
8.912,0.02399601717363198,0.025171027721178074,0.035235967057029915,0.031434386736125086,0.005525802910627542,0.002399933917867303
8.914,0.02396676120433905,0.02510257073707267,0.03519670266531305,0.03139902653562032,0.005506948967705094,0.002382546386442641
8.916,0.02393753103425711,0.025034179153682334,0.03515747034125294,0.031363692507669017,0.005488121996043871,0.0023651874088350677
8.918000000000001,0.023908326651036482,0.02496585296177778,0.03511827006981072,0.03132838464598886,0.005469321975359653,0.0023478569618011758
8.92,0.02387914804231772,0.024897592152067993,0.035079101835941984,0.03129310294428134,0.0054505488853620054,0.0023305550220915627
8.922,0.0238499951957325,0.024829396715200014,0.035039965624597214,0.03125784739623172,0.005431802705754496,0.002313281566450165
8.924,0.023820868098902936,0.024761266641759372,0.03500086142072112,0.031222617995509738,0.005413083416234699,0.0022960365716144793
8.926,0.023791766739441833,0.02469320192226987,0.0349617892092533,0.031187414735768915,0.005394390996494192,0.0022788200143162296
8.928,0.023762691104953104,0.024625202547193803,0.034922748975127815,0.031152237610647004,0.005375725426218558,0.0022616318712804784
8.93,0.023733641183031118,0.024557268506931962,0.0348837407032736,0.031117086613765776,0.005357086685087609,0.002244472119226515
8.932,0.023704616961261138,0.024489399791824074,0.03484476437861406,0.031081961738731234,0.0053384747527753795,0.002227340734867189
8.934000000000001,0.023675618427219547,0.02442159639214836,0.034805819986067466,0.031046862979133394,0.005319889608949913,0.002210237694909578
8.936,0.023646645568473623,0.024353858298121978,0.034766907510546785,0.03101179032854695,0.005301331233273698,0.0021931629760547633
8.938,0.02361769837258132,0.024286185499901025,0.034728026936959644,0.03097674378053017,0.005282799605403454,0.002176116554997609
8.94,0.02358877682709193,0.024218577987580536,0.034689178250208785,0.030941723328626214,0.0052642947049901245,0.002159098408427429
8.942,0.023559880919545417,0.024151035751194705,0.0346503614351914,0.030906728966362262,0.005245816511679324,0.002142108513027541
8.944,0.02353101063747287,0.024083558780717107,0.03461157647679958,0.03087176068724995,0.0052273650051106735,0.0021251468454757116
8.946,0.023502165968396715,0.024016147066060256,0.03457282335992029,0.030836818484785145,0.005208940164918907,0.0021082133824437133
8.948,0.023473346899830272,0.02394880059707627,0.034534102069435635,0.030801902352448174,0.005190541970732765,0.0020913081005975442
8.950000000000001,0.02344455341927798,0.023881519363556647,0.03449541259022215,0.030767012283704043,0.005172170402175658,0.002074430976598096
8.952,0.02341578551423562,0.02381430335523249,0.03445675490715172,0.03073214827200177,0.005153825438865889,0.0020575819871000434
8.954,0.023387043172190314,0.02374715256177473,0.03441812900509089,0.030697310310775272,0.005135507060415989,0.002040761108753175
8.956,0.023358326380620076,0.02368006697279368,0.03437953486890111,0.030662498393442927,0.005117215246433382,0.0020239683182012858
8.958,0.023329635126994264,0.02361304657783969,0.03434097248343915,0.030627712513407346,0.005098949976520384,0.0020072035920832842
8.96,0.02330096939877402,0.023546091366402733,0.03430244183355646,0.03059295266405626,0.005080711230273982,0.0019904669070320846
8.962,0.023272329183411156,0.023479201327913257,0.03426394290409962,0.03055821883876164,0.005062498987286057,0.001973758239675938
8.964,0.023243714468349497,0.023412376451741546,0.03422547567991052,0.030523511030880135,0.005044313227143382,0.001957077566637322
8.966,0.02321512524102376,0.023345616727197926,0.03418704014582574,0.03048882923375329,0.005026153929427402,0.0019404248645338296
8.968,0.02318656148886067,0.02327892214353322,0.03414863628667697,0.030454173440707333,0.005008021073714675,0.0019238001099777247
8.97,0.023158023199277844,0.02321229268993852,0.03411026408729123,0.03041954364505295,0.004989914639576876,0.001907203279576164
8.972,0.023129510359684913,0.02314572835554518,0.03407192353249067,0.030384939840085945,0.004971834606580794,0.0018906343499311973
8.974,0.02310102295748262,0.023079229129425283,0.03403361460709253,0.030350362019086585,0.004953780954288112,0.0018740932976402114
8.976,0.023072560980063717,0.023012795000591613,0.0339953372959092,0.03031581017532048,0.004935753662255626,0.001857580099295264
8.978,0.023044124414812295,0.02294642595799745,0.033957091583748156,0.030281284302037692,0.004917752710035472,0.001841094731483528
8.98,0.02301571324910423,0.022880121990537017,0.033918877455412444,0.03024678439247319,0.004899778077175121,0.001824637170787513
8.982,0.022987327470307184,0.02281388308704546,0.0338806948957,0.030212310439847068,0.004881829743216937,0.0018082073937848442
8.984,0.022958967065780156,0.022747709236298652,0.03384254388940411,0.03017786243736431,0.004863907687699065,0.0017918053770484832
8.986,0.022930632022874375,0.022681600427013615,0.033804424421313595,0.030143440378214814,0.004846011890154545,0.001775431097146507
8.988,0.022902322328932412,0.022615556647848756,0.03376633647621219,0.03010904425557359,0.004828142330112195,0.0017590845306425518
8.99,0.02287403797128884,0.022549577887403416,0.0337282800388794,0.03007467406260078,0.004810298987095951,0.0017427656540953684
8.992,0.022845778937270245,0.022483664134218317,0.03369025509408963,0.0300403297924412,0.004792481840625529,0.0017264744440592672
8.994,0.022817545214194768,0.022417815376775785,0.033652261626613056,0.030006011438225455,0.004774690870216203,0.0017102108770843394
8.996,0.022789336789372783,0.0223520316034993,0.03361429962121498,0.029971718993068608,0.004756926055378363,0.0016939749297157913
8.998,0.022761153650106447,0.022286312802754393,0.033576369062656264,0.02993745245007129,0.004739187375618403,0.0016777665784946105
9.0,0.022732995783689924,0.02222065896284775,0.033538469935693094,0.02990321180231925,0.004721474810438497,0.0016615857999575656
9.002,0.022704863177409162,0.022155070072028327,0.033500602225077225,0.029868997042883594,0.004703788339336157,0.0016454325706367623
9.004,0.02267675581854256,0.02208954611848646,0.03346276591555597,0.029834808164820315,0.004686127941804674,0.0016293068670605315
9.006,0.0226486736943603,0.02202408709035475,0.033424960991871755,0.02980064516117098,0.004668493597333345,0.0016132086657525413
9.008000000000001,0.022620616792124792,0.021958692975707628,0.03338718743876301,0.0297665080249625,0.004650885285407247,0.0015971379432326849
9.01,0.02259258509909068,0.02189336376256179,0.033349445240963504,0.029732396749207135,0.004633302985507237,0.0015810946760164146
9.012,0.02256457860250438,0.02182809943887598,0.03331173438320234,0.02969831132690226,0.004615746677109955,0.0015650788406154081
9.014,0.022536597289604998,0.021762899992551432,0.033274054850204626,0.029664251751031046,0.004598216339688488,0.0015490904135369021
9.016,0.02250864114762363,0.021697765411431424,0.033236406626690806,0.029630218014561782,0.004580711952711258,0.0015331293712848026
9.018,0.022480710163783613,0.02163269568330195,0.033198789697376885,0.02959621011044833,0.0045632334956431375,0.0015171956903585748
9.02,0.0224528043253005,0.021567690795891714,0.03316120404697487,0.02956222803163011,0.004545780947945222,0.001501289347254131
9.022,0.02242492361938253,0.021502750736871468,0.0331236496601921,0.029528271771032122,0.004528354289074166,0.0014854103184633871
9.024000000000001,0.02239706803322994,0.02143787549385534,0.03308612652173171,0.02949434132156492,0.004510953498483294,0.0014695585804744837
9.026,0.022369237554035637,0.021373065054399953,0.033048634616292594,0.029460436676124413,0.004493578555621935,0.0014537341097720091
9.028,0.022341432168984543,0.02130831940600464,0.033011173928569226,0.029426557827592292,0.004476229439935864,0.0014379368828367767
9.03,0.02231365186525447,0.02124363853611211,0.03297374444325207,0.029392704768836042,0.0044589061308666356,0.001422166876145825
9.032,0.022285896630015678,0.021179022432107786,0.03293634614502716,0.02935887749270849,0.004441608607852698,0.0014064240661728622
9.034,0.02225816645043066,0.021114471081320696,0.0328989790185763,0.029325075992048477,0.004424336850328503,0.0013907084293880434
9.036,0.02223046131365458,0.021049984471022576,0.032861643048577305,0.02929130025968041,0.004407090837725169,0.0013750199422579712
9.038,0.022202781206835276,0.020985562588428763,0.032824338219703764,0.02925755028841448,0.004389870549470043,0.0013593585812459175
9.040000000000001,0.022175126117113253,0.020921205420697975,0.03278706451662483,0.0292238260710469,0.004372675964987138,0.0013437243228116014
9.042,0.02214749603162125,0.020856912954932527,0.032749821924006106,0.029190127600359217,0.004355507063696917,0.0013281171434114114
9.044,0.02211989093748512,0.02079268517817834,0.032712610426508526,0.02915645486911922,0.004338363825016511,0.0013125370194986274
9.046,0.02209231082182339,0.020728522077424705,0.03267543000878925,0.029122807870080702,0.004321246228359499,0.0012969839275231987
9.048,0.02206475567174726,0.020664423639604967,0.03263828065550123,0.029089186595982808,0.00430415425313635,0.0012814578439319657
9.05,0.022037225474360378,0.02060038985159629,0.0326011623512934,0.029055591039551132,0.004287087878753981,0.0012659587451684384
9.052,0.02200972021675973,0.02053642070021966,0.03256407508081094,0.02902202119349706,0.00427004708461598,0.0012504866076730181
9.054,0.021982239886034538,0.02047251617224033,0.032527018828694576,0.02898847705051799,0.004253031850123268,0.0012350414078834415
9.056000000000001,0.021954784469267574,0.020408676254367153,0.03248999357958127,0.02895495860329733,0.004236042154672992,0.0012196231222338927
9.058,0.021927353953533846,0.020344900933253696,0.03245299931810397,0.0289214658445045,0.004219077977659413,0.0012042317271561132
9.06,0.021899948325901697,0.020281190195497567,0.03241603602889187,0.02888799876679493,0.004202139298473462,0.0011888671990785138
9.062,0.021872567573432367,0.020217544027640866,0.032379103696570155,0.028854557362810507,0.004185226096503403,0.001173529514427063
9.064,0.021845211683179766,0.020153962416169957,0.03234220230575979,0.028821141625179125,0.004168338351134393,0.0011582186496243985
9.066,0.021817880642191367,0.020090445347515917,0.0323053318410782,0.028787751546514473,0.004151476041748259,0.0011429345810909375
9.068,0.021790574437507093,0.02002699280805431,0.03226849228713902,0.028754387119416913,0.004134639147724162,0.0011276772852439887
9.07,0.021763293056160427,0.019963604784105415,0.032231683628551666,0.02872104833647282,0.004117827648438599,0.0011124467384981962
9.072000000000001,0.021736036485177745,0.019900281261934438,0.03219490584992202,0.028687735190255026,0.004101041523264737,0.0010972429172659837
9.074,0.021708804711578544,0.019837022227751522,0.032158158935851944,0.02865444767332237,0.004084280751573077,0.0010820657979566661
9.076,0.021681597722375434,0.01977382766771152,0.03212144287093999,0.02862118577822015,0.004067545312731458,0.0010669153569773382
9.078,0.021654415504574365,0.019710697567914437,0.03208475763978025,0.028587949497479892,0.004050835186105051,0.001051791570732652
9.08,0.021627258045174624,0.01964763191440544,0.03204810322696372,0.028554738823619585,0.004034150351055921,0.001036694415624595
9.082,0.021600125331168396,0.019584630693175065,0.032011479617077176,0.02852155374914367,0.004017490786943911,0.0010216238680527123
9.084,0.021573017349541423,0.01952169389015901,0.03197488679470384,0.028488394266543038,0.004000856473126202,0.0010065799044145507
9.086,0.021545934087272567,0.01945882149123812,0.031938324744423374,0.02845526036829482,0.003984247388957085,0.0009915625011049922
9.088000000000001,0.021518875531334247,0.019396013482239294,0.0319017934508119,0.028422152046863047,0.003967663513788633,0.0009765716345169206
9.09,0.021491841668692002,0.019333269848934576,0.03186529289844153,0.028389069294697755,0.003951104826970031,0.0009616072810409992
9.092,0.021464832486305152,0.019270590577041613,0.03182882307188084,0.028356012104235884,0.003934571307848467,0.0009466694170654488
9.094,0.021437847971126134,0.019207975652224096,0.031792383955694836,0.028322980467900827,0.003918062935768463,0.0009317580189767138
9.096,0.021410888110100945,0.019145425060091537,0.0317559755344452,0.028289974378102434,0.003901579690072099,0.0009168730631587962
9.098,0.021383952890169144,0.019082938786199044,0.031719597792689624,0.028256993827237453,0.0038851215500994574,0.0009020145259939216
9.1,0.02135704229826363,0.019020516816047772,0.03168325071498246,0.02822403880768931,0.003868688495187733,0.0008871823838623172
9.102,0.021330156321311078,0.01895815913508514,0.031646934285874506,0.028191109311827667,0.003852280504672345,0.0008723766131422117
9.104000000000001,0.021303294946231732,0.01889586572870483,0.03161064848991302,0.028158205332009523,0.0038358975578862697,0.0008575971902100576
9.106,0.02127645815993917,0.01883363658224635,0.03157439331164191,0.028125326860578115,0.0038195396341602628,0.000842844091440309
9.108,0.02124964594934098,0.01877147168099591,0.03153816873560156,0.02809247388986358,0.0038032067128230818,0.0008281172932056435
9.11,0.0212228583013383,0.018709371010185993,0.03150197474632854,0.028059646412182948,0.0037868987732012638,0.0008134167718769625
9.112,0.021196095202825838,0.018647334554995565,0.031465811328356574,0.028026844419839936,0.0037706157946193475,0.0007987425038233908
9.114,0.021169356640692083,0.0185853623005503,0.03142967846621558,0.027994067905125375,0.003754357756399651,0.0007840944654127213
9.116,0.021142642601819528,0.018523454231922365,0.03139357614443217,0.027961316860316776,0.0037381246378627164,0.0007694726330107482
9.118,0.021115953073084226,0.01846161033413085,0.0313575043475296,0.02792859127767855,0.003721916418326865,0.0007548769829817115
9.120000000000001,0.021089288041356014,0.018399830592141786,0.03132146306002781,0.027895891149462004,0.0037057330771088637,0.0007403074916885188
9.122,0.02106264749349851,0.018338114990867682,0.03128545226644319,0.027863216467905794,0.0036895745935234814,0.0007257641354925237
9.124,0.02103603141636956,0.01827646351516843,0.031249471951289243,0.027830567225235026,0.0036734409468832663,0.0007112468907535252
9.126,0.021009439796820573,0.018214876149851067,0.031213522099075686,0.02779794341366193,0.0036573321164994343,0.0006967557338299901
9.128,0.02098287262169718,0.01815335287966935,0.031177602694309137,0.02776534502538608,0.0036412480816814252,0.000682290641079053
9.13,0.020956329877838797,0.018091893689324845,0.031141713721493103,0.027732772052593946,0.003625188821736458,0.0006678515888565162
9.132,0.020929811552078625,0.01803049856346628,0.03110585516512776,0.027700224487459124,0.003609154315970642,0.0006534385535170717
9.134,0.02090331763124431,0.017969167486689752,0.031070027009709955,0.02766770232214233,0.003593144543688087,0.0006390515114138573
9.136000000000001,0.020876848102157508,0.017907900443538738,0.031034229239733202,0.027635205548791397,0.00357715948419135,0.0006246904388989005
9.138,0.02085040295163365,0.017846697418504753,0.03099846183968835,0.02760273415954151,0.0035611991167814327,0.0006103553123233407
9.14,0.020823982166482402,0.01778555839602647,0.03096272479406248,0.027570288146514743,0.0035452634207575606,0.000596046108036985
9.142,0.020797585733507873,0.017724483360490595,0.030927018087339997,0.027537867501820745,0.003529352375418071,0.0005817628023885302
9.144,0.020771213639507735,0.017663472296231886,0.030891341704001984,0.02750547221755628,0.003513465960059081,0.000567505371726007
9.146,0.020744865871274554,0.01760252518753269,0.030855695628526192,0.027473102285805462,0.0034976041539758196,0.000553273792396114
9.148,0.020718542415594454,0.017541642018623405,0.030820079845387705,0.02744075769863974,0.0034817669364619608,0.0005390680407448833
9.15,0.020692243259248233,0.01748082277368268,0.030784494339058055,0.02740843844811769,0.003465954286809847,0.0005248880931174593
9.152000000000001,0.020665968389010914,0.01742006743683744,0.03074893909400611,0.027376144526285673,0.003450166184310488,0.0005107339258578758
9.154,0.020639717791651746,0.017359375992162862,0.030713414094697633,0.027343875925176953,0.0034344026082533397,0.0004966055153097226
9.156,0.020613491453934207,0.017298748423682175,0.03067791932559527,0.027311632636812577,0.0034186635379271912,0.00048250283781570147
9.158,0.020587289362616445,0.01723818471536731,0.030642454771158567,0.02727941465320116,0.003402948952619056,0.0004684258697176258
9.16,0.020561111504450835,0.017177684851138686,0.030607020415844177,0.027247221966338442,0.0033872588316150587,0.000454374587356865
9.162,0.0205349578661842,0.017117248814865205,0.03057161624410587,0.02721505456820772,0.003371593154200214,0.0004403489670741223
9.164,0.02050882843455759,0.0170568765903647,0.03053624224039453,0.027182912450780305,0.003355951899658427,0.0004263489852096569
9.166,0.02048272319630695,0.01699656816140349,0.030500898389157927,0.02715079560601441,0.0033403350472722693,0.0004123746181028398
9.168000000000001,0.02045664213816245,0.01693632351169705,0.03046558467484095,0.027118704025856255,0.003324742576323647,0.00039842584209281995
9.17,0.02043058524684893,0.01687614262490955,0.030430301081885602,0.027086637702239624,0.0033091744660933564,0.00038450263351830216
9.172,0.02040455250908546,0.01681602548465433,0.030395047594730995,0.02705459662708587,0.003293630695861083,0.0003706049687175472
9.174,0.020378543911586222,0.01675597207449364,0.03035982419781358,0.02702258079230413,0.003278111244905846,0.00035673282402859385
9.176,0.020352559441059626,0.016695982377939345,0.030324630875566694,0.026990590189791108,0.0032626160925057768,0.00034288617578881464
9.178,0.020326599084208974,0.016636056378452002,0.030289467612421017,0.02695862481143152,0.003247145217937897,0.0003290650003353601
9.18,0.02030066282773202,0.016576194059442217,0.03025433439280434,0.02692668464909742,0.003231698600478783,0.00031526927400538085
9.182,0.020274750658321405,0.016516395404269302,0.030219231201141783,0.02689476969464888,0.003216276219403902,0.0003014989731358053
9.184000000000001,0.02024886256266445,0.016456660396242606,0.03018415802185559,0.026862879939933748,0.0032008780539882764,0.00028775407406333997
9.186,0.020222998527443137,0.016396989018620856,0.030149114839365332,0.02683101537678767,0.003185504083506041,0.0002740345531244692
9.188,0.020197158539334348,0.016337381254612815,0.030114101638087698,0.026799175997034297,0.0031701542872306643,0.0002603403866556775
9.19,0.020171342585009855,0.0162778370873764,0.030079118402436933,0.026767361792485067,0.0031548286444349483,0.0002466715509934492
9.192,0.02014555065113588,0.016218356500019793,0.030044165116824395,0.02673557275493943,0.0031395271343914732,0.00023302802247426868
9.194,0.02011978272437398,0.01615893947560121,0.03000924176565878,0.0267038088761844,0.0031242497363717092,0.00021940977743484247
9.196,0.020094038791380386,0.016099585997128685,0.029974348333346112,0.02667207014799544,0.003108996429647126,0.00020581679221165494
9.198,0.02006831883880622,0.0160402960475603,0.029939484804289984,0.026640356562135814,0.003093767193488306,0.0001922490431416346
9.200000000000001,0.02004262285329772,0.015981069609804388,0.029904651162891094,0.02660866811035678,0.0030785620071656083,0.00017870650656170994
9.202,0.020016950821495794,0.015921906666719776,0.029869847393547477,0.02657700478439784,0.003063380849948949,0.0001651891588090315
9.204,0.019991302730036686,0.015862807201115325,0.02983507348065495,0.02654536657598605,0.0030482237011080215,0.0001516969762209719
9.206,0.019965678565551537,0.015803771195750382,0.02980032940860644,0.026513753476837154,0.0030330905399118535,0.00013822993513534776
9.208,0.019940078314666376,0.015744798633335,0.029765615161792436,0.026482165478654895,0.0030179813456292504,0.00012478801189041988
9.21,0.019914501964002573,0.015685889496529715,0.02973093072460098,0.026450602573131032,0.0030028960975287955,0.00011137118282444902
9.212,0.01988894950017661,0.015627043767945548,0.02969627608141745,0.02641906475194533,0.0029878347748790723,9.797942427636208e-05
9.214,0.01986342090980009,0.01556826143014467,0.029661651216624563,0.026387552006766235,0.002972797356947998,8.461271258575209e-05
9.216000000000001,0.019837916179479498,0.015509542465639958,0.029627056114603034,0.026356064329249973,0.0029577838230037123,7.127102409221209e-05
9.218,0.019812435295816888,0.015450886856894996,0.029592490759730694,0.02632460171104145,0.002942794152314132,5.795433513644532e-05
9.22,0.019786978245409204,0.01539229458632474,0.02955795513638315,0.026293164143773362,0.0029278283241469527,4.46626220593771e-05
9.222,0.019761545014848947,0.01533376563629485,0.029523449228933574,0.026261751619067297,0.0029128863177698694,3.139586120259885e-05
9.224,0.019736135590723736,0.01527529998912236,0.029488973021752463,0.026230364128532635,0.0028979681124505774,1.8154028908590192e-05
9.226,0.019710749959616303,0.015216897627075676,0.0294545264992081,0.02619900166376743,0.002883073687456772,4.9371015202748225e-06
9.228,0.019685388108105162,0.015158558532374355,0.029420109645666548,0.026167664216357966,0.0028682030220561483,-8.25494461875742e-06
9.23,0.01966005002276372,0.015100282687189548,0.029385722445491202,0.026136351777879208,0.0028533560955166237,-2.1422133163584434e-05
9.232,0.019634735690161165,0.015042070073643554,0.029351364883043463,0.026105064339894346,0.0028385328871061155,-3.456448776906207e-05
9.234,0.0196094450968618,0.014983920673810713,0.029317036942682062,0.02607380189395503,0.002823733376092763,-4.768203208871391e-05
9.236,0.019584178229425486,0.014925834469716737,0.029282738608763514,0.026042564431601356,0.0028089575417447055,-6.077478977539741e-05
9.238,0.019558935074407424,0.014867811443339152,0.029248469865642335,0.026011351944362104,0.0027942053633303043,-7.384278448108184e-05
9.24,0.01953371561835837,0.014809851576607524,0.029214230697670374,0.025980164423754726,0.002779476820118365,-8.68860398564042e-05
9.242,0.019508519847824646,0.014751954851403015,0.02918002108919726,0.025949001861284904,0.002764771891377915,-9.99045795515574e-05
9.244,0.019483347749348123,0.014694121249558822,0.02914584102457063,0.025917864248446998,0.002750090556378204,-0.00011289842721495802
9.246,0.01945819930946624,0.014636350752860183,0.029111690488135666,0.025886751576724265,0.0027354327943891477,-0.00012586760649435647
9.248,0.019433074514711768,0.014578643343044817,0.029077569464235564,0.025855663837588194,0.0027207985846804394,-0.00013881214103639294
9.25,0.019407973351613483,0.01452099900180226,0.02904347793721107,0.025824601022499172,0.0027061879065228833,-0.0001517320544863754
9.252,0.01938289580669572,0.01446341771077475,0.029009415891400936,0.025793563122906482,0.002691600739187061,-0.00016462737048827947
9.254,0.019357841866478154,0.01440589945155657,0.02897538331114169,0.02576255013024764,0.002677037061944665,-0.00017749811268497062
9.256,0.019332811517476456,0.0143484442056947,0.02894138018076764,0.025731562035949507,0.0026624968540673866,-0.00019034430471798203
9.258000000000001,0.019307804746202084,0.014291051954688605,0.028907406484611098,0.02570059883142717,0.0026479800948278065,-0.0002031659702275146
9.26,0.019282821539161832,0.014233722679990457,0.028873462207002376,0.025669660508084835,0.002633486763499171,-0.00021596313285243696
9.262,0.019257861882858718,0.01417645636300513,0.028839547332269566,0.025638747057315614,0.0026190168393549484,-0.0002287358162298414
9.264,0.019232925763791542,0.014119252985090203,0.02880566184473854,0.025607858470501066,0.0026045703016694954,-0.00024148404399593204
9.266,0.01920801316845444,0.014062112527556403,0.02877180572873339,0.025576994739012093,0.0025901471297180567,-0.00025420783978491457
9.268,0.019183124083338,0.014005034971666941,0.028737978968575772,0.025546155854208275,0.002575747302776099,-0.0002669072272296624
9.27,0.01915825849492836,0.01394802029863862,0.028704181548585783,0.025515341807438086,0.0025613708001201996,-0.00027958222996149473
9.272,0.019133416389707447,0.013891068489640945,0.0286704134530813,0.0254845525900389,0.0025470176010278234,-0.0002922328716101763
9.274000000000001,0.01910859775415341,0.013834179525797019,0.028636674666378203,0.025453788193337434,0.0025326876847768798,-0.0003048591758036956
9.276,0.019083802574740183,0.013777353388182867,0.028602965172790595,0.02542304860864908,0.0025183810306463883,-0.0003174611661682647
9.278,0.019059030837937696,0.013720590057828108,0.028569284956630137,0.025392333827278124,0.0025040976179162566,-0.0003300388663285414
9.28,0.019034282530211888,0.01366388951571551,0.028535634002207155,0.025361643840518422,0.0024898374258672806,-0.00034259229990740714
9.282,0.0190095576380247,0.013607251742781878,0.028502012293829537,0.0253309786396525,0.0024756004337811444,-0.00035512149052574493
9.284,0.018984856147834295,0.013550676719917165,0.028468419815803614,0.025300338215952012,0.00246138662094042,-0.00036762646180266145
9.286,0.018960178046094844,0.01349416442796536,0.028434856552433496,0.025269722560677943,0.002447195966629012,-0.000380107237355487
9.288,0.018935523319256298,0.013437714847723825,0.02840132248802174,0.025239131665080405,0.0024330284501314914,-0.00039256384079955353
9.290000000000001,0.018910891953765274,0.013381327959944178,0.028367817606868906,0.025208565520398407,0.0024188840507337606,-0.00040499629574841656
9.292,0.018886283936064174,0.013325003745331854,0.028334341893273773,0.02517802411786052,0.002404762747722833,-0.00041740462581318916
9.294,0.018861699252591624,0.0132687421845461,0.02830089533153335,0.025147507448684436,0.0023906645203868315,-0.0004297888546034301
9.296,0.018837137889782474,0.013212543258200427,0.02826747790594264,0.025117015504076967,0.0023765893480152123,-0.00044214900572647764
9.298,0.018812599834068022,0.013156406946862598,0.028234089600794876,0.025086548275234266,0.002362537209898319,-0.00045448510278722765
9.3,0.01878808507187557,0.013100333231054417,0.028200730400381735,0.02505610575334205,0.0023485080853278273,-0.0004667971693890216
9.302,0.018763593589628647,0.01304432209125217,0.028167400288992894,0.025025687929574936,0.002334501953596968,-0.0004790852291325365
9.304,0.018739125373747223,0.01298837350788662,0.028134099250916478,0.0249952947950971,0.0023205187939998595,-0.0004913493056162288
9.306000000000001,0.01871468041064772,0.01293248746134279,0.028100827270438833,0.024964926341062288,0.0023065585858321747,-0.0005035894224365567
9.308,0.01869025868674279,0.012876663931960408,0.02806758433184431,0.02493458255861336,0.0022926213083911406,-0.0005158056031875358
9.31,0.018665860188441297,0.012820902900033904,0.02803437041941592,0.024904263438882968,0.002278706940975095,-0.0005279978714609612
9.312,0.018641484902148786,0.012765204345812409,0.028001185517434912,0.024873968972992655,0.002264815462883929,-0.0005401662508461857
9.314,0.018617132814267245,0.012709568249499759,0.027968029610180967,0.024843699152053977,0.002250946853418867,-0.0005523107649301195
9.316,0.01859280391119489,0.012653994591254936,0.027934902681931773,0.02481345396716761,0.0022371010918829093,-0.0005644314372972303
9.318,0.018568498179326376,0.012598483351191625,0.027901804716963907,0.02478323340942401,0.0022232781575803884,-0.0005765282915293213
9.32,0.018544215605053038,0.012543034509378659,0.027868735699551728,0.024753037469903205,0.0022094780298174133,-0.0005886013512059751
9.322000000000001,0.018519956174762875,0.012487648045840016,0.02783569561396848,0.024722866139674782,0.002195700687901425,-0.0006006506399043321
9.324,0.01849571987484011,0.012432323940554824,0.027802684444485637,0.02469271940979767,0.0021819461111414196,-0.0006126761811984238
9.326,0.01847150669166564,0.012377062173457576,0.02776970217537289,0.024662597271320585,0.0021682142788483905,-0.0006246779986600615
9.328,0.018447316611617026,0.012321862724438137,0.027736748790898824,0.02463249971528203,0.002154505170334886,-0.0006366561158583917
9.33,0.018423149621068502,0.012266725573341741,0.027703824275330247,0.02460242673271007,0.002140818764915009,-0.0006486105563594524
9.332,0.01839900570639097,0.012211650699969212,0.02767092861293241,0.024572378314622556,0.00212715504190486,-0.0006605413437270613
9.334,0.01837488485395178,0.012156638084076965,0.027638061787969237,0.024542354452026904,0.002113513980622095,-0.0006724485015219273
9.336,0.01835078705011539,0.012101687705377229,0.02760522378470287,0.024512355135920316,0.0020998955603863667,-0.0006843320533020947
9.338000000000001,0.018326712281242497,0.012046799543537823,0.027572414587394123,0.02448238035728978,0.0020862997605188838,-0.0006961920226224994
9.34,0.018302660533690673,0.01199197357818238,0.027539634180302475,0.02445243010711229,0.0020727265603432965,-0.0007080284330356346
9.342,0.018278631793814615,0.011937209788890568,0.027506882547686073,0.024422504376354404,0.0020591759391845876,-0.000719841308090885
9.344,0.01825462604796546,0.01188250815519809,0.02747415967380107,0.024392603155972692,0.0020456478763699604,-0.0007316306713345266
9.346,0.018230643282491243,0.011827868656596463,0.02744146554290272,0.024362726436913285,0.0020321423512283943,-0.000743396546309727
9.348,0.018206683483736885,0.011773291272533903,0.02740880013924496,0.024332874210112765,0.0020186593430910893,-0.0007551389565572109
9.35,0.01818274663804398,0.01171877598241422,0.027376163447079715,0.024303046466497058,0.002005198831291244,-0.0007668579256141506
9.352,0.01815883273175123,0.011664322765597923,0.027343555450658252,0.02427324319698232,0.001991760795164055,-0.0007785534770146096
9.354000000000001,0.018134941751194456,0.011609931601402002,0.02731097613423006,0.024243464392474712,0.0019783452140467173,-0.0007902256342897651
9.356,0.018111073682705925,0.01155560246909948,0.02727842548204351,0.024213710043870407,0.001964952067278647,-0.0008018744209674633
9.358,0.018087228512615017,0.011501335347920527,0.027245903478345657,0.02418398014205536,0.0019515813342014798,-0.000813499860572442
9.36,0.018063406227248446,0.011447130217051349,0.027213410107381986,0.024154274677905985,0.0019382329941588505,-0.0008251019766261081
9.362,0.018039606812929376,0.011392987055635295,0.02718094535339688,0.02412459364228825,0.001924907026496836,-0.000836680792646538
9.364,0.018015830255978527,0.011338905842772418,0.027148509200633608,0.02409493702605836,0.0019116034105635116,-0.0008482363321486996
9.366,0.01799207654271351,0.011284886557519469,0.02711610163333411,0.02406530482006297,0.0018983221257093952,-0.0008597686186442299
9.368,0.017968345659448604,0.011230929178890126,0.02708372263573877,0.024035697015138302,0.0018850631512872251,-0.0008712776756409912
9.370000000000001,0.01794463759249587,0.011177033685855431,0.027051372192087086,0.024006113602111245,0.0018718264666521822,-0.0008827635266439593
9.372,0.01792095232816404,0.01112320005734313,0.02701905028661722,0.023976554571798703,0.0018586120511616677,-0.0008942261951541131
9.374,0.01789728985275918,0.011069428272238557,0.026986756903566222,0.023947019915007806,0.0018454198841755254,-0.0009056657046693228
9.376,0.01787365015258424,0.01101571830938397,0.02695449202716982,0.023917509622535915,0.0018322499450560414,-0.0009170820786839062
9.378,0.017850033213939964,0.010962070147578995,0.026922255641662618,0.0238880236851704,0.0018191022131679446,-0.0009284753406886281
9.38,0.017826439023123752,0.010908483765580845,0.026890047731278344,0.023858562093689306,0.0018059766678784062,-0.0009398455141704787
9.382,0.017802867566430347,0.010854959142103882,0.026857868280249164,0.023829124838860682,0.0017928732885570398,-0.0009511926226128953
9.384,0.017779318830152047,0.010801496255820497,0.02682571727280636,0.023799711911443033,0.0017797920545763457,-0.0009625166894957626
9.386000000000001,0.01775579280057804,0.010748095085360454,0.0267935946931801,0.023770323302185314,0.0017667329453110447,-0.0009738177382951907
9.388,0.017732289463995077,0.010694755609311324,0.026761500525599446,0.02374095900182649,0.0017536959401385221,-0.0009850957924835146
9.39,0.01770880880668746,0.010641477806218491,0.026729434754292347,0.023711619001096418,0.0017406810184390498,-0.000996350875529517
9.392,0.017685350814936385,0.010588261654585152,0.026697397363485864,0.023682303290714968,0.00172768815959512,-0.0010075830108979833
9.394,0.017661915475020606,0.010535107132872534,0.026665388337405727,0.02365301186139268,0.0017147173429923335,-0.0010187922220497025
9.396,0.017638502773216436,0.010482014219499902,0.026633407660276776,0.02362374470383033,0.0017017685480185119,-0.0010299785324421329
9.398,0.017615112695797297,0.010428982892844552,0.026601455316322964,0.02359450180871958,0.001688841754064807,-0.0010411419655282916
9.4,0.017591745229034395,0.010376013131242035,0.026569531289767134,0.023565283166742113,0.0016759369405248137,-0.0010522825447576434
9.402000000000001,0.017568400359196268,0.010323104912986159,0.02653763556483102,0.023536088768570496,0.0016630540867950128,-0.0010634002935754339
9.404,0.017545078072549014,0.010270258216328987,0.026505768125735463,0.023506918604867755,0.00165019317227455,-0.001074495235422912
9.406,0.017521778355356066,0.010217473019481282,0.026473928956700643,0.02347777266628759,0.0016373541763656796,-0.001085567393737552
9.408,0.017498501193878635,0.010164749300611842,0.026442118041945406,0.02344865094347437,0.0016245370784733204,-0.0010966167919526093
9.41,0.01747524657437527,0.010112087037848605,0.02641033536568793,0.0234195534270627,0.001611741858005722,-0.0011076434534971202
9.412,0.017452014483102296,0.010059486209277768,0.02637858091214529,0.02339048010767808,0.001598968494373576,-0.0011186474017961245
9.414,0.0174288049063136,0.010006946792944227,0.02634685466553366,0.023361430975936903,0.0015862169669906834,-0.001129628660270443
9.416,0.017405617830260622,0.00995446876685202,0.026315156610068557,0.023332406022445795,0.0015734872552741752,-0.0011405872523366778
9.418000000000001,0.017382453241192586,0.009902052108963888,0.02628348672996439,0.02330340523780272,0.0015607793386438473,-0.0011515232014072119
9.42,0.01735931112535627,0.00984969679720149,0.026251845009434893,0.023274428612595655,0.0015480931965226041,-0.0011624365308902096
9.422,0.01733619146899623,0.009797402809445632,0.02622023143269292,0.02324547613740391,0.0015354288083366807,-0.0011733272641893944
9.424,0.01731309425835459,0.00974517012353604,0.026188645983950654,0.02321654780279747,0.0015227861535154208,-0.0011841954247044928
9.426,0.01729001947967146,0.009692998717271806,0.026157088647418947,0.023187643599337004,0.0015101652114908326,-0.0011950410358305685
9.428,0.017266967119184518,0.009640888568411388,0.02612555940730843,0.023158763517574066,0.0014975659616986992,-0.0012058641209582444
9.43,0.01724393716312922,0.009588839654672388,0.026094058247828844,0.02312990754805111,0.00148498838357769,-0.0012166647034737021
9.432,0.01722092959773902,0.009536851953731773,0.026062585153188822,0.023101075681301486,0.0014724324565698055,-0.001227442806759127
9.434000000000001,0.01719794440924516,0.009484925443226322,0.02603114010759655,0.023072267907849442,0.0014598981601201544,-0.001238198454191597
9.436,0.017174981583876647,0.009433060100752177,0.025999723095259553,0.02304348421821012,0.0014473854736773983,-0.0012489316691439711
9.438,0.017152041107860505,0.009381255903865071,0.02596833410038424,0.023014724602889558,0.0014348943766933075,-0.001259642474984446
9.44,0.017129122967421306,0.009329512830080766,0.025936973107176797,0.022985989052384914,0.001422424848623205,-0.0012703308950765546
9.442,0.01710622714878207,0.009277830856874392,0.02590564009984253,0.02295727755718424,0.001409976868925522,-0.0012809969527793896
9.444,0.01708335363816338,0.009226209961681331,0.02587433506258585,0.02292859010776671,0.0013975504170622433,-0.0012916406714473805
9.446,0.017060502421783807,0.009174650121896777,0.02584305797961073,0.02289992669460239,0.0013851454724986834,-0.0013022620744302937
9.448,0.01703767348585994,0.009123151314876177,0.025811808835120464,0.022871287308152688,0.0013727620147039321,-0.001312861185072789
9.450000000000001,0.017014866816606578,0.009071713517934565,0.025780587613317918,0.022842671938869685,0.0013604000231499658,-0.0013234380267150847
9.452,0.016992082400236308,0.009020336708347676,0.025749394298404837,0.022814080577197027,0.0013480594773129795,-0.0013339926226927368
9.454,0.016969320222959938,0.008969020863351496,0.02571822887458275,0.022785513213569253,0.001335740356672055,-0.0013445249963361938
9.456,0.016946580270986278,0.008917765960142043,0.025687091326052514,0.0227569698384118,0.0013234426407104927,-0.0013550351709712416
9.458,0.016923862530522138,0.008866571975875814,0.025655981637014325,0.02272845044214189,0.0013111663089144798,-0.0013655231699185588
9.46,0.016901166987772553,0.008815438887670002,0.025624899791667932,0.022699955015167417,0.0012989113407744224,-0.0013759890164941613
9.462,0.01687849362894056,0.008764366672602053,0.02559384577421242,0.02267148354788784,0.001286677715784057,-0.0013864327340089577
9.464,0.016855842440227642,0.008713355307710335,0.02556281956884643,0.02264303603069373,0.001274465413440895,-0.00139685434576875
9.466000000000001,0.01683321340783328,0.008662404769993914,0.025531821159768153,0.022614612453966787,0.0012622744132460006,-0.0014072538750746766
9.468,0.016810606517955184,0.008611515036412776,0.025500850531175123,0.022586212808080264,0.0012501046947044347,-0.0014176313452227696
9.47,0.016788021756789062,0.008560686083887381,0.025469907667264424,0.022557837083398757,0.001237956237325033,-0.0014279867795037315
9.472,0.01676545911052929,0.008509917889299334,0.025438992552232476,0.022529485270277982,0.0012258290206199618,-0.0014383202012031582
9.474,0.016742918565368248,0.008459210429491382,0.025408105170275697,0.022501157359064994,0.0012137230241058283,-0.0014486316336019822
9.476,0.016720400107496758,0.00840856368126719,0.02537724550558962,0.02247285334009841,0.0012016382273025705,-0.0014589210999753632
9.478,0.01669790372310387,0.008357977621391566,0.02534641354236955,0.022444573203707963,0.001189574609734123,-0.0014691886235935758
9.48,0.01667542939837685,0.008307452226590906,0.025315609264810357,0.022416316940215397,0.0011775321509284176,-0.0014794342277215655
9.482,0.016652977119501422,0.008256987473552524,0.02528483265710646,0.02238808453993335,0.0011655108304171602,-0.0014896579356191708
9.484,0.016630546872661744,0.008206583338925544,0.025254083703451835,0.022359875993166023,0.001153510627736276,-0.0014998597705409011
9.486,0.016608138644040205,0.00815623979932023,0.025223362388040238,0.022331691290209177,0.0011415315224252431,-0.0015100397557357148
9.488,0.016585752419817856,0.008105956831308436,0.025192668695064757,0.02230353042135036,0.00112957349402798,-0.001520197914447463
9.49,0.016563388186173977,0.00805573441142382,0.02516200260871848,0.022275393376868236,0.0011176365220921802,-0.0015303342699144462
9.492,0.01654104592928629,0.008005572516161408,0.025131364113194055,0.022247280147033255,0.001105720586169756,-0.0015404488453696352
9.494,0.01651872563533119,0.007955471121978475,0.025100753192683678,0.02221919072210743,0.0010938256658163947,-0.0015505416640404501
9.496,0.016496427290483284,0.007905430205293662,0.02507016983137933,0.022191125092344333,0.001081951740592002,-0.0015606127491489818
9.498,0.016474150880916083,0.007855449742488085,0.025039614013472544,0.0221630832479891,0.001070098790060925,-0.0015706621239117702
9.5,0.016451896392801313,0.007805529709904224,0.025009085723154856,0.022135065179278657,0.0010582667937912849,-0.0015806898115398038
9.502,0.01642966381230959,0.007755670083847255,0.024978584944617355,0.022107070876441703,0.0010464557313554224,-0.0015906958352385203
9.504,0.01640745312560976,0.007705870840583939,0.02494811166205091,0.022079100329698287,0.0010346655823301187,-0.001600680218207584
9.506,0.01638526431886933,0.007656131956343737,0.024917665859645943,0.02205115352926046,0.0010228963262961521,-0.0016106429836413305
9.508000000000001,0.0163630973782547,0.007606453407318137,0.02488724752159288,0.022023230465331833,0.0010111479428387415,-0.0016205841547280997
9.51,0.016340952289930488,0.0075568351696611025,0.024856856632081925,0.02199533112810781,0.0009994204115473249,-0.0016305037546509027
9.512,0.016318829040060434,0.0075072772194890725,0.024826493175303055,0.02196745550777557,0.0009877137120157808,-0.0016404018065867554
9.514,0.016296727614806716,0.007457779532880737,0.02479615713544603,0.0219396035945143,0.000976027823841985,-0.0016502783337069005
9.516,0.016274648000330183,0.007408342085877706,0.024765848496700382,0.021911775378494758,0.000964362726628476,-0.0016601333591770295
9.518,0.01625259018279057,0.0073589648544842845,0.02473556724325565,0.021883970849879697,0.0009527183999822331,-0.001669966906157061
9.52,0.016230554148346288,0.007309647814667253,0.02470531335930115,0.02185618999882366,0.0009410948235142325,-0.001679778997800696
9.522,0.016208539883154405,0.007260390942356532,0.02467508682902575,0.021828432815472976,0.0009294919768403354,-0.0016895696572560848
9.524000000000001,0.016186547373370885,0.007211194213444516,0.024644887636618762,0.021800699289965975,0.0009179098395806218,-0.001699338907665382
9.526,0.016164576605150582,0.007162057603786964,0.024614715766268835,0.02177298941243322,0.0009063483913598347,-0.0017090867721647474
9.528,0.016142627564647016,0.0071129810892025525,0.024584571202165062,0.021745303172996833,0.000894807611807158,-0.0017188132738843453
9.53,0.01612070023801282,0.0070639646454730975,0.02455445392849609,0.021717640561770946,0.0008832874805562163,-0.0017285184359485672
9.532,0.01609879461139907,0.007015008248343557,0.024524363929450343,0.021690001568861916,0.0008717879772452974,-0.0017382022814758091
9.534,0.01607691067095618,0.006966111873522252,0.024494301189216694,0.021662386184367888,0.000860309081517352,-0.0017478648335780278
9.536,0.016055048402833227,0.006917275496680642,0.024464265691983567,0.02163479439837901,0.0008488507730197714,-0.001757506115361629
9.538,0.016033207793178184,0.006868499093453773,0.02443425742193961,0.02160722620097788,0.0008374130314048323,-0.0017671261499263569
9.540000000000001,0.01601138882813813,0.006819782639440053,0.024404276363273247,0.021579681582238885,0.0008259958363290298,-0.0017767249603664048
9.542,0.015989591493858812,0.006771126110201475,0.02437432250017313,0.021552160532228415,0.0008145991674541886,-0.0017863025697693047
9.544,0.01596781577648554,0.006722529481263839,0.02434439581682768,0.02152466304100531,0.0008032230044463518,-0.0017958590012165931
9.546,0.01594606166216206,0.006673992728116529,0.024314496297425547,0.021497189098620195,0.0007918673269766696,-0.0018053942777835896
9.548,0.015924329137031457,0.006625515826212736,0.024284623926155158,0.021469738695116147,0.0007805321147207334,-0.0018149084225393963
9.55,0.015902618187235706,0.006577098750969679,0.02425477868720538,0.021442311820528248,0.0007692173473590191,-0.0018244014585468982
9.552,0.015880928798915894,0.006528741477768163,0.024224960564764864,0.02141490846488403,0.0007579230045768881,-0.0018338734088625408
9.554,0.01585926095821244,0.006480443981953021,0.024195169543022255,0.021387528618203033,0.0007466490660645864,-0.0018433242965363306
9.556000000000001,0.01583761465126443,0.00643220623883356,0.024165405606166646,0.021360172270497024,0.000735395511517245,-0.0018527541446120566
9.558,0.01581598986421051,0.006384028223682892,0.024135668738386684,0.02133283941177022,0.0007241623206346581,-0.0018621629761272906
9.56,0.015794386583188214,0.00633590991173838,0.024105958923871684,0.02130553003201907,0.0007129494731217267,-0.0018715508141127213
9.562,0.015772804794334183,0.006287851278201639,0.02407627614681096,0.02127824412123247,0.0007017569486882369,-0.0018809176815930417
9.564,0.01575124448378462,0.006239852298238979,0.024046620391393825,0.021250981669391322,0.0006905847270488596,-0.001890263601586284
9.566,0.015729705637674396,0.00619191294698096,0.024016991641809593,0.021223742666469203,0.0006794327879235951,-0.0018995885971040405
9.568,0.015708188242138155,0.006144033199522614,0.023987389882248245,0.021196527102431917,0.0006683011110371062,-0.0019088926911510207
9.57,0.015686692283309434,0.0060962130309234475,0.023957815096899537,0.021169334967237496,0.0006571896761191631,-0.0019181759067259385
9.572000000000001,0.015665217747321103,0.006048452416207883,0.02392826726995345,0.02114216625083687,0.0006460984629046429,-0.0019274382668204026
9.574,0.01564376462030559,0.0060007513303650395,0.02389874638560019,0.02111502094317297,0.0006350274511333076,-0.0019366797944198044
9.576,0.015622332888394208,0.005953109748348728,0.023869252428030396,0.021087899034181623,0.0006239766205504704,-0.0019459005125026518
9.578,0.01560092253771761,0.0059055276450776795,0.02383978538143472,0.021060800513790667,0.0006129459509063295,-0.0019551004440407915
9.58,0.015579533554406222,0.0058580049954355395,0.02381034523000425,0.02103372537192083,0.0006019354219561901,-0.001964279611999409
9.582,0.015558165924589584,0.005810541774271094,0.023780931957930074,0.02100667359848507,0.0005909450134604644,-0.0019734380393370277
9.584,0.01553681963439657,0.005763137956398268,0.02375154554940373,0.020979645183389017,0.0005799747051848936,-0.0019825757490052887
9.586,0.015515494669955388,0.005715793516595902,0.023722185988616973,0.020952640116530974,0.0005690244769005481,-0.001991692763949171
9.588000000000001,0.015494191017393799,0.005668508429608421,0.023692853259762003,0.020925658387801693,0.0005580943083838275,-0.0020007891071067707
9.59,0.015472908662839124,0.005621282670145167,0.023663547347031022,0.020898699987084823,0.0005471841794160159,-0.0020098648014093
9.592,0.015451647592417794,0.005574116212881286,0.023634268234616673,0.02087176490425624,0.0005362940697839491,-0.0020189198697810884
9.594,0.015430407792256018,0.005527009032457286,0.023605015906712268,0.020844853129184493,0.0005254239592797916,-0.0020279543351398033
9.596,0.01540918924847956,0.005479961103479036,0.023575790347510894,0.020817964651731247,0.000514573827701037,-0.002036968220395785
9.598,0.015387991947213298,0.005432972400517988,0.02354659154120653,0.020791099461750395,0.0005037436548505081,-0.0020459615484527127
9.6,0.015366815874582107,0.00538604289811162,0.02351741947199315,0.020764257549088727,0.0004929334205363567,-0.002054934342207382
9.602,0.0153456610167102,0.0053391725707627735,0.0234882741240654,0.020737438903585925,0.00048214310457250775,-0.0020638866245492604
9.604000000000001,0.015324527359721118,0.005292361392940315,0.023459155481618144,0.020710643515074123,0.0004713726867777712,-0.0020728184183609333
9.606,0.01530341488973841,0.005245609339078916,0.023430063528846468,0.02068387137337857,0.00046062214697695225,-0.0020817297465181017
9.608,0.015282323592885172,0.005198916383579499,0.023400998249946348,0.02065712246831697,0.000449891464999963,-0.0020906206318891396
9.61,0.01526125345528384,0.005152282500808569,0.02337195962911398,0.020630396789700134,0.0004391806206822668,-0.0020994910973353154
9.612,0.01524020446305685,0.005105707665099102,0.023342947650545787,0.020603694327331556,0.0004284895938651001,-0.002108341165710792
9.614,0.01521917660232619,0.005059191850750322,0.02331396229843885,0.02057701507100762,0.00041781836439525044,-0.002117170859862627
9.616,0.015198169859213406,0.00501273503202726,0.023285003556990702,0.020550359010517383,0.00040716691212483447,-0.002125980202630773
9.618,0.015177184219839601,0.00496633718316164,0.023256071410399537,0.02052372613564324,0.000396535216911742,-0.002134769216847854
9.620000000000001,0.015156219670326099,0.004919998278351434,0.023227165842863773,0.020497116436160256,0.0003859232586194139,-0.0021435379253391673
9.622,0.015135276196793557,0.004873718291761309,0.023198286838582494,0.0204705299018364,0.00037533101711684225,-0.002152286350922683
9.624,0.015114353785362633,0.004827497197522179,0.023169434381755227,0.020443966522432744,0.00036475847227901426,-0.0021610145164094874
9.626,0.015093452422153542,0.004781334969731876,0.023140608456581946,0.020417426287703266,0.00035420560398624623,-0.002169722444602895
9.628,0.015072572093286496,0.00473523158245448,0.02311180904726351,0.020390909187394834,0.0003436723921248497,-0.0021784101582988935
9.63,0.015051712784881488,0.004689187009721429,0.023083036138001,0.020364415211247655,0.0003331588165866872,-0.0021870776802863645
9.632,0.015030874483058287,0.004643201225530413,0.023054289712996168,0.020337944348994608,0.0003226648572696167,-0.0021957250333466405
9.634,0.015010057173936442,0.00459727420384648,0.023025569756451203,0.02031149659036169,0.000312190494077047,-0.0022043522402537263
9.636000000000001,0.014989260843635499,0.00455140591860137,0.022996876252569187,0.020285071925068454,0.0003017357069181603,-0.0022129593237740774
9.638,0.014968485478274784,0.004505596343693963,0.022968209185553867,0.020258670342826912,0.0002913004757081339,-0.0022215463066663776
9.64,0.014947731063973624,0.004459845452990274,0.022939568539609212,0.02023229183334263,0.00028088478036814024,-0.0022301132116824274
9.642,0.014926997586851343,0.004414153220323458,0.022910954298939856,0.020205936386314072,0.00027048860082468096,-0.0022386600615660335
9.644,0.014906285033027045,0.004368519619494027,0.022882366447751545,0.020179603991433037,0.0002601119170106969,-0.0022471868790534533
9.646,0.014885593388619833,0.004322944624269631,0.022853804970250247,0.020153294638384445,0.00024975470886490214,-0.0022556936868736166
9.648,0.014864922639748812,0.004277428208385503,0.022825269850642815,0.02012700831684633,0.00023941695633200588,-0.0022641805077474597
9.65,0.014844272772533085,0.004231970345544234,0.02279676107313655,0.020100745016490063,0.00022909863936226849,-0.0022726473643888134
9.652000000000001,0.014823643773091755,0.004186571009415996,0.02276827862193964,0.020074504726980358,0.00021879973791261165,-0.002281094279503293
9.654,0.014803035627543926,0.004141230173638766,0.02273982248126094,0.020048287437975043,0.00020852023194528613,-0.002289521275789186
9.656,0.014782448322008923,0.004095947811817879,0.02271139263531019,0.020022093139125285,0.00019826010142898198,-0.0022979283759370084
9.658,0.014761881842606073,0.004050723897526476,0.022682989068297577,0.01999592182007537,0.00018801932633838447,-0.002306315602629283
9.66,0.014741336175454478,0.00400555840430572,0.022654611764433952,0.019969773470463137,0.00017779788665417406,-0.002314682978541205
9.662,0.014720811306673687,0.003960451305664581,0.02262626070793128,0.019943648079919774,0.00016759576236324847,-0.0023230305263397533
9.664,0.014700307222383469,0.003915402575080051,0.022597935883001963,0.0199175456380698,0.0001574129334585006,-0.002331358268684358
9.666,0.014679823908703371,0.003870412185997152,0.022569637273859522,0.019891466134531077,0.00014724937993904064,-0.002339666228226678
9.668000000000001,0.014659361351753386,0.0038254801118289272,0.022541364864717917,0.019865409558914804,0.00013710508180997394,-0.002347954427610155
9.67,0.014638919537653505,0.003780606325956448,0.022513118639792218,0.01983937590082574,0.00012698001908284517,-0.0023562228894706827
9.672,0.014618498452523943,0.003735790801729477,0.022484898583298163,0.019813365149861983,0.00011687417177497217,-0.0023644716364359386
9.674,0.014598098082485356,0.0036910335124658022,0.022456704679452155,0.019787377295615194,0.00010678751991055613,-0.0023727006911258286
9.676,0.01457771841365818,0.003646334431451459,0.022428536912471486,0.01976141232767059,9.672004351934937e-05,-0.002380910076152487
9.678,0.014557359432163519,0.0036016935319411747,0.022400395266574558,0.019735470235606734,8.667172263798761e-05,-0.0023890998141196107
9.68,0.014537021124122473,0.0035571107871583685,0.022372279725980437,0.01970955100899552,7.664253730887971e-05,-0.0023972699276233467
9.682,0.01451670347565659,0.003512586170294707,0.02234419027490908,0.019683654637402848,6.663246758109587e-05,-0.0024054204392516265
9.684000000000001,0.014496406472887635,0.0034681196545107706,0.022316126897581334,0.01965778111038774,5.6641493509923535e-05,-0.002413551371584166
9.686,0.014476130101937823,0.0034237112129356095,0.022288089578218928,0.01963193041750322,4.6669595156867416e-05,-0.0024216627471926877
9.688,0.014455874348929365,0.0033793608186674096,0.022260078301044706,0.019606102548295645,3.671675259009355e-05,-0.002429754588640698
9.69,0.014435639199985362,0.0033350684447730483,0.022232093050281954,0.019580297492304943,2.678294588398522e-05,-0.002437826918483932
9.692,0.014415424641228691,0.003290834064288317,0.02220413381015529,0.01955451523906504,1.686815511914297e-05,-0.002445879759269687
9.694,0.01439523065878312,0.0032466576502183653,0.022176200564890225,0.01952875577810298,6.972360383050713e-06,-0.0024539131335368225
9.696,0.014375057238772415,0.0032025391755370336,0.02214829329871293,0.019503019098940033,-2.9044582308124234e-06,-0.002461927063816649
9.698,0.014354904367321009,0.003158478613187299,0.022120411995850908,0.01947730519109081,-1.2762320622083934e-05,-0.002469921572631595
9.700000000000001,0.014334772030553555,0.0031144759360817176,0.022092556640532557,0.019451614044063703,-2.2601246684184062e-05,-0.0024778966824963167
9.702,0.014314660214595376,0.0030705311171019822,0.022064727216987157,0.019425945647360887,-3.2421256303871715e-05,-0.0024858524159168116
9.704,0.014294568905572458,0.003026644129099143,0.022036923709444878,0.01940029999047832,-4.222236936124446e-05,-0.002493788795391083
9.706,0.014274498089610788,0.002982814944893608,0.022009146102137223,0.019374677062905743,-5.200460573018262e-05,-0.002501705843408475
9.708,0.014254447752837018,0.0029390435372755874,0.02198139437929658,0.01934907685412668,-6.176798527790517e-05,-0.002509603582450115
9.71,0.01423441788137847,0.002895329879004427,0.021953668525156234,0.019323499353618434,-7.151252786474771e-05,-0.002517482034988916
9.712,0.014214408461362904,0.002851673942809274,0.021925968523950568,0.01929794455085232,-8.123825334482859e-05,-0.0025253412234893524
9.714,0.014194419478918752,0.002808075701389301,0.021898294359915083,0.019272412435293207,-9.094518156516074e-05,-0.0025331811704072393
9.716000000000001,0.014174450920174886,0.002764535127413259,0.021870646017286388,0.019246902996399973,-0.00010063333236653982,-0.002541001898190176
9.718,0.014154502771260846,0.00272105219351948,0.021843023480302204,0.019221416223625498,-0.00011030272558265608,-0.0025488034292773243
9.72,0.014134575018306617,0.002677626872316763,0.021815426733201138,0.019195952106416225,-0.00011995338104076048,-0.002556585786098964
9.722,0.014114667647443069,0.0026342591363834877,0.02178785576022313,0.019170510634213045,-0.00012958531856144262,-0.002564348991077159
9.724,0.014094780644801519,0.002590948958268058,0.021760310545609007,0.01914509179645041,-0.00013919855795840874,-0.002572093066625536
9.726,0.01407491399651395,0.0025476963104893446,0.021732791073600932,0.019119695582556995,-0.0001487931190384817,-0.002579818035149062
9.728,0.014055067688713008,0.0025045011655362437,0.021705297328441953,0.019094321981955265,-0.00015836902160204502,-0.0025875239190438215
9.73,0.014035241707532231,0.0024613634958678965,0.02167782929437667,0.019068970984061906,-0.00016792628544237687,-0.0025952107406976843
9.732,0.014015436039105822,0.0024182832739139126,0.02165038695565058,0.019043642578287168,-0.000177464930346094,-0.002602878522489638
9.734,0.013995650669568427,0.0023752604720739257,0.021622970296510058,0.01901833675403597,-0.00018698497609292986,-0.002610527286790232
9.736,0.01397588558505558,0.0023322950627187033,0.02159557930120326,0.018993053500707013,-0.0001964864424555124,-0.0026181570559611345
9.738,0.013956140771703707,0.0022893870181888154,0.02156821395397923,0.018967792807692785,-0.0002059693492000303,-0.002625767852355354
9.74,0.013936416215649894,0.0022465363107959657,0.021540874239088126,0.01894255466438044,-0.00021543371608556683,-0.002633359698317239
9.742,0.01391671190303212,0.0022037429128225483,0.02151356014078165,0.018917339060150917,-0.00022487956286409982,-0.0026409326161824787
9.744,0.013897027819989027,0.0021610067965214252,0.021486271643312183,0.01889214598437916,-0.00023430690928094577,-0.0026484866282776576
9.746,0.013877363952660149,0.0021183279341163708,0.02145900873093387,0.018866975426434784,-0.0002437157750740937,-0.0026560217569209232
9.748,0.013857720287185682,0.0020757062978020713,0.021431771387901977,0.018841827375681186,-0.0002531061799750933,-0.002663538024421319
9.75,0.013838096809706935,0.0020331418597441253,0.021404559598472872,0.01881670182147599,-0.00026247814370794487,-0.002671035453079007
9.752,0.013818493506366103,0.0019906345920792656,0.02137737334690426,0.018791598753171046,-0.0002718316859899872,-0.002678514065185711
9.754,0.01379891036330605,0.0019481844669153592,0.021350212617455178,0.018766518160112433,-0.00028116682653145375,-0.002685973883023829
9.756,0.013779347366670747,0.001905791456331185,0.021323077394385992,0.018741460031640678,-0.00029048358503547256,-0.0026934149288673215
9.758000000000001,0.013759804502604833,0.0018634555323771007,0.02129596766195818,0.01871642435709031,-0.00029978198119784416,-0.002700837224980601
9.76,0.01374028175725428,0.0018211766670743756,0.02126888340443478,0.018691411125790536,-0.00030906203470770777,-0.002708240793619643
9.762,0.013720779116765502,0.0017789548324158577,0.02124182460607993,0.018666420327064337,-0.0003183237652468751,-0.0027156256570310955
9.764,0.01370129656728647,0.001736790000365751,0.021214791251159326,0.01864145195022937,-0.0003275671924900525,-0.0027229918374529483
9.766,0.013681834094965595,0.001694682142859838,0.02118778332394,0.018616505984597742,-0.0003367923361046188,-0.0027303393571138646
9.768,0.013662391685952624,0.0016526312318057013,0.021160800808690094,0.01859158241947556,-0.0003459992157510694,-0.002737668238233404
9.77,0.013642969326398191,0.0016106372390820578,0.0211338436896793,0.018566681244163608,-0.0003551878510823503,-0.002744978503022466
9.772,0.01362356700245404,0.0015687001365394249,0.021106911951178864,0.018541802447957112,-0.000364358261744524,-0.002752270173682625
9.774000000000001,0.013604184700272803,0.0015268198960005641,0.021080005577460925,0.01851694602014553,-0.00037351046737632565,-0.0027595432724063507
9.776,0.013584822406008445,0.0014849964892595935,0.021053124552799618,0.01849211195001277,-0.0003826444876091628,-0.0027667978213770095
9.778,0.013565480105815597,0.0014432298880826533,0.021026268861469966,0.01846730022683718,-0.0003917603420673377,-0.0027740338427688638
9.78,0.013546157785850443,0.0014015200642079062,0.020999438487748767,0.01844251083989179,-0.0004008580503676029,-0.00278125135874685
9.782,0.013526855432270057,0.0013598669893457593,0.020972633415914155,0.01841774377844385,-0.00040993763211960577,-0.0027884503914668013
9.784,0.013507573031232845,0.0013182706351784201,0.020945853630245814,0.018392999031755508,-0.000418999106925666,-0.002795630963075224
9.786,0.013488310568897877,0.0012767309733603405,0.020919099115024542,0.018368276589083132,-0.00042804249438055386,-0.0028027930957097436
9.788,0.01346906803142578,0.0012352479755182166,0.020892369854533133,0.018343576439677545,-0.00043706781407171214,-0.002809936811498215
9.790000000000001,0.013449845404978511,0.0011938216132512114,0.02086566583305527,0.01831889857278446,-0.00044607508557947817,-0.0028170621325596112
9.792,0.013430642675718696,0.001152451858130732,0.020838987034876633,0.018294242977644037,-0.0004550643284766398,-0.002824169081003358
9.794,0.013411459829810513,0.0011111386817006519,0.020812333444284015,0.018269609643491114,-0.00046403556232843535,-0.002831257678929777
9.796,0.01339229685341925,0.0010698820554773114,0.020785705045565983,0.01824499855955497,-0.00047298880669277565,-0.002838327948429642
9.798,0.013373153732711529,0.0010286819509497391,0.02075910182301266,0.018220409715059782,-0.0004819240811202441,-0.0028453799115846223
9.8,0.013354030453855081,0.0009875383395796522,0.0207325237609155,0.018195843099224174,-0.0004908414051536525,-0.002852413590466618
9.802,0.013334927003019192,0.0009464511928012342,0.02070597084356751,0.01817129870126144,-0.0004997407983284852,-0.0028594290071384254
9.804,0.013315843366374036,0.0009054204820218015,0.02067944305526348,0.01814677651037977,-0.000508622280172677,-0.0028664261836530702
9.806000000000001,0.01329677953009134,0.0008644461786211366,0.020652940380299523,0.01812227651578202,-0.0005174858702068352,-0.002873405142054697
9.808,0.013277735480344166,0.0008235282539523769,0.020626462802973533,0.018097798706665502,-0.0005263315879435737,-0.0028803659043774577
9.81,0.013258711203306905,0.0007826666793411263,0.020600010307584737,0.018073343072222636,-0.0005351594528884007,-0.002887308492646179
9.812,0.013239706685155062,0.0007418614260865652,0.020573582878434138,0.018048909601640517,-0.000543969484539053,-0.0028942329288761393
9.814,0.013220721912065692,0.0007011124654605627,0.02054718049982429,0.01802449828410113,-0.0005527617023854958,-0.002901139235073291
9.816,0.013201756870217185,0.0006604197687083424,0.02052080315605931,0.018000109108780915,-0.0005615361259103668,-0.0029080274332338174
9.818,0.013182811545789264,0.0006197833070484826,0.020494450831445077,0.01797574206485142,-0.0005702927745885322,-0.0029148975453443526
9.82,0.013163885924963203,0.0005792030516726943,0.020468123510289038,0.017951397141478864,-0.0005790316678870866,-0.0029217495933819837
9.822000000000001,0.013144979993921835,0.0005386789737462649,0.02044182117690041,0.017927074327824588,-0.0005877528252657971,-0.0029285835993142495
9.824,0.013126093738848876,0.0004982110444076149,0.020415543815589965,0.017902773613044598,-0.0005964562661762152,-0.002935399585098697
9.826,0.013107227145930045,0.00045779923476918505,0.02038929141067003,0.017878494986290017,-0.0006051420100627869,-0.002942197572683547
9.828,0.01308838020135239,0.00041744351591654905,0.020363063946454707,0.017854238436706638,-0.0006138100763617427,-0.002948977584007473
9.83,0.01306955289130407,0.0003771438589090792,0.020336861407259876,0.017830003953435147,-0.0006224604845017634,-0.0029557396409991554
9.832,0.013050745201975245,0.00033690023477972453,0.020310683777403193,0.01780579152561157,-0.0006310932539037584,-0.002962483765577506
9.834,0.013031957119557402,0.00029671261453545483,0.020284531041203646,0.017781601142366377,-0.0006397084039808654,-0.002969209979651888
9.836,0.013013188630243588,0.00025658096915703865,0.02025840318298222,0.01775743279282538,-0.0006483059541382286,-0.002975918305121894
9.838000000000001,0.01299443972022818,0.0002165052695992653,0.02023230018706168,0.0177332864661095,-0.0006568859237734426,-0.002982608763877348
9.84,0.01297571037570755,0.0001764854867905008,0.02020622203776634,0.017709162151334334,-0.0006654483322763305,-0.002989281377798081
9.842,0.012957000582879186,0.00013652159163357602,0.02018016871942252,0.017685059837610817,-0.0006739931990284997,-0.002995936168754376
9.844,0.012938310327942126,9.661355500512059e-05,0.020154140216358085,0.01766097951404455,-0.0006825205434042303,-0.003002573158606303
9.846,0.012919639597097632,5.6761347756228986e-05,0.020128136512902906,0.017636921169736697,-0.0006910303847693644,-0.003009192369204605
9.848,0.01290098837654785,1.696494071179444e-05,0.02010215759338818,0.017612884793783312,-0.0006995227424819728,-0.0030157938223895897
9.85,0.012882356652497151,-2.2775695328380863e-05,0.020076203442147555,0.017588870375275345,-0.0007079976358923545,-0.003022377539992016
9.852,0.012863744411151012,-6.246058959047396e-05,0.02005027404351578,0.017564877903299303,-0.0007164550843430373,-0.0030289435438326517
9.854000000000001,0.012845151638717134,-0.00010208977132619701,0.020024369381830054,0.017540907366936365,-0.0007248951071681109,-0.003035491855722272
9.856,0.012826578321404325,-0.0001416632698127973,0.019998489441429124,0.017516958755263268,-0.0007333177236941157,-0.0030420224974616605
9.858,0.012808024445423616,-0.00018118111435283524,0.019972634206653517,0.017493032057351865,-0.0007417229532395986,-0.0030485354908418305
9.86,0.012789489996987369,-0.0002206433342744063,0.019946803661845536,0.017469127262268902,-0.0007501108151146685,-0.0030550308576435814
9.862,0.012770974962309722,-0.00026004995893069704,0.019920997791349482,0.017445244359076906,-0.000758481328621885,-0.0030615086196377206
9.864,0.012752479327606814,-0.0002994010177002071,0.019895216579511654,0.017421383336833074,-0.000766834513055592,-0.0030679687985850634
9.866,0.012734003079096112,-0.00033869653998652716,0.019869460010679907,0.017397544184590163,-0.0007751703877019178,-0.0030744114162364333
9.868,0.012715546202997086,-0.00037793655521856095,0.019843728069204314,0.017373726891396046,-0.0007834889718392191,-0.0030808364943324396
9.870000000000001,0.012697108685530978,-0.0004171210928498592,0.019818020739436726,0.01734993144629393,-0.0007917902847374148,-0.0030872440546036994
9.872,0.012678690512921031,-0.00045625018235950776,0.01979233800573077,0.017326157838322587,-0.0008000743456588744,-0.0030936341187708383
9.874,0.012660291671391821,-0.0004953238532510174,0.01976667985244207,0.017302406056515673,-0.0008083411738573076,-0.0031000067085440453
9.876,0.01264191214716992,-0.0005343421350529898,0.019741046263928252,0.01727867608990241,-0.0008165907885784307,-0.0031063618456232955
9.878,0.0126235519264839,-0.0005733050573186738,0.019715437224548715,0.01725496792750758,-0.000824823209059744,-0.0031126995516987943
9.88,0.012605210995564109,-0.000612212649626187,0.019689852718664858,0.017231281558351075,-0.0008330384545309766,-0.0031190198484505327
9.882,0.01258688934064267,-0.0006510649415782943,0.019664292730640298,0.017207616971448125,-0.0008412365442131975,-0.0031253227575478437
9.884,0.012568586947953708,-0.0006898619628019631,0.01963875724484021,0.017183974155809523,-0.0008494174973194824,-0.0031316083006502904
9.886000000000001,0.01255030380373312,-0.00072860374294903,0.01961324624563221,0.017160353100441395,-0.0008575813330546911,-0.0031378764994067776
9.888,0.012532039894218805,-0.0007672903116957563,0.019587759717385467,0.017136753794345427,-0.0008657280706152459,-0.0031441273754564403
9.89,0.012513795205650435,-0.0008059216987428286,0.01956229764447137,0.017113176226518645,-0.0008738577291895755,-0.003150360950427755
9.892,0.012495569724269906,-0.0008444979338151359,0.01953686001126309,0.017089620385953852,-0.0008819703279578928,-0.003156577245938985
9.894,0.012477363436320665,-0.0008830190466617704,0.019511446802136234,0.01706608626163897,-0.000890065886091751,-0.0031627762835979567
9.896,0.012459176328048382,-0.0009214850670562491,0.019486058001467965,0.017042573842557474,-0.0008981444227547097,-0.0031689580850025045
9.898,0.012441008385700725,-0.0009598960247958477,0.01946069359363789,0.017019083117688627,-0.000906205957102113,-0.003175122671739805
9.9,0.012422859595527136,-0.0009982519497022668,0.01943535356302739,0.016995614076007026,-0.0009142505082804231,-0.003181270065386821
9.902000000000001,0.01240472994377928,-0.001036552871621188,0.01941003789402007,0.016972166706482827,-0.0009222780954283305,-0.003187400287509856
9.904,0.01238661941671082,-0.0010747988204220515,0.01938474657100131,0.016948740998081968,-0.0009302887376760882,-0.003193513359665001
9.906,0.012368528000577195,-0.0011129898259980564,0.01935947957835893,0.016925336939765723,-0.0009382824541452894,-0.003199609303398132
9.908,0.012350455681636285,-0.0011511259182666045,0.01933423690048275,0.016901954520491147,-0.0009462592639490897,-0.003205688140244245
9.91,0.01233240244614775,-0.0011892071271684124,0.019309018521764587,0.016878593729211078,-0.0009542191861926508,-0.0032117498917281218
9.912,0.012314368280373467,-0.0012272334826681774,0.01928382442659826,0.01685525455487369,-0.0009621622399722529,-0.0032177945793638862
9.914,0.01229635317057709,-0.0012652050147543559,0.019258654599380032,0.016831936986422935,-0.0009700884443761826,-0.003223822224655226
9.916,0.01227835710302494,-0.0013031217534384965,0.019233509024508155,0.016808641012798553,-0.0009779978184838445,-0.003229832849095615
9.918000000000001,0.012260380063984888,-0.0013409837287559068,0.019208387686382666,0.01678536662293606,-0.0009858903813664277,-0.0032358264741674247
9.92,0.012242422039727252,-0.001378790970765209,0.019183290569406264,0.01676211380576631,-0.0009937661520864616,-0.0032418031213428122
9.922,0.012224483016524346,-0.0014165435095483403,0.019158217657983645,0.01673888255021616,-0.0010016251496982598,-0.003247762812083499
9.924,0.012206562980650704,-0.0014542413752107741,0.019133168936521505,0.016715672845208474,-0.0010094673932472542,-0.003253705567840104
9.926,0.012188661918383081,-0.0014918845978810769,0.01910814438942876,0.016692484679661224,-0.001017292901770439,-0.003259631410053254
9.928,0.012170779816000454,-0.0015294732077111295,0.019083144001116548,0.016669318042488834,-0.0010251016942963709,-0.0032655403601524746
9.93,0.012152916659783797,-0.0015670072348756836,0.019058167755998223,0.016646172922601066,-0.0010328937898449464,-0.003271432439556632
9.932,0.012135072436016303,-0.0016044867095725834,0.019033215638489587,0.01662304930890368,-0.0010406692074276247,-0.0032773076696743786
9.934000000000001,0.01211724713098361,-0.0016419116620225438,0.019008287633007992,0.016599947190298447,-0.001048427966046983,-0.003283166071903265
9.936,0.012099440730973354,-0.0016792821224695942,0.01898338372397368,0.01657686655568269,-0.0010561700846973832,-0.003289007667630406
9.938,0.012081653222275612,-0.0017165981211801906,0.018958503895808887,0.016553807393949738,-0.0010638955823640828,-0.003294832478231813
9.94,0.012063884591182461,-0.0017538596884436597,0.018933648132938075,0.016530769693988923,-0.001071604478024124,-0.003300640525073284
9.942,0.012046134823988641,-0.0017910668545724207,0.0189088164197877,0.016507753444685358,-0.0010792967906456674,-0.003306431829509293
9.944,0.012028403906990892,-0.0018282196499010972,0.018884008740787106,0.016484758634919938,-0.0010869725391879914,-0.0033122064128841
9.946,0.012010691826488173,-0.0018653181047869616,0.018859225080367192,0.016461785253569783,-0.001094631742602159,-0.003317964296530862
9.948,0.01199299856878211,-0.0019023622496101567,0.018834465422961744,0.016438833289507793,-0.0011022744198303513,-0.0033237055017720785
9.950000000000001,0.011975324120176545,-0.0019393521147730297,0.01880972975300632,0.01641590273160265,-0.0011099005898056458,-0.0033294300499191465
9.952,0.011957668466977323,-0.0019762877307003546,0.01878501805493915,0.016392993568719483,-0.001117510271452904,-0.003335137962273027
9.954,0.01194003159549295,-0.0020131691278393316,0.01876033031320068,0.016370105789719203,-0.0011251034836881058,-0.003340829260123357
9.956,0.011922413492034378,-0.0020499963366593654,0.018735666512233573,0.016347239383458723,-0.0011326802454183493,-0.0033465039647493366
9.958,0.011904814142914777,-0.0020867693876520654,0.01871102663648272,0.01632439433879096,-0.001140240575542073,-0.0033521620974190647
9.96,0.01188723353444976,-0.0021234883113312453,0.01868641067039567,0.016301570644565055,-0.0011477844929488334,-0.003357803679389759
9.962,0.011869671652957381,-0.002160153138232701,0.018661818598422197,0.016278768289625933,-0.0011553120165193054,-0.0033634287319077583
9.964,0.01185212848475814,-0.0021967638989146554,0.018637250405014294,0.01625598726281474,-0.0011628231651255039,-0.0033690372762085197
9.966000000000001,0.011834604016174755,-0.002233320623956647,0.018612706074626617,0.016233227552968854,-0.0011703179576305622,-0.003374629333516399
9.968,0.011817098233532386,-0.002269823343960864,0.018588185591715822,0.016210489148921647,-0.0011777964128885099,-0.0033802049250446498
9.97,0.011799611123159082,-0.0023062720895505873,0.018563688940741008,0.016187772039502724,-0.0011852585497449386,-0.003385764071995867
9.972,0.011782142671384888,-0.0023426668913715254,0.018539216106163936,0.016165076213537688,-0.0011927043870363363,-0.003391306795561322
9.974,0.011764692864542736,-0.002379007780090703,0.01851476707244859,0.016142401659848593,-0.0012001339435903091,-0.003396833116921627
9.976,0.01174726168896778,-0.0024152947863969043,0.018490341824061174,0.016119748367253273,-0.0012075472382255814,-0.003402343057246071
9.978,0.011729849130997616,-0.002451527941000453,0.018465940345470777,0.016097116324566008,-0.0012149442897517737,-0.0034078366376930624
9.98,0.011712455176972725,-0.0024877072746334328,0.01844156262114849,0.016074505520597304,-0.0012223251169698468,-0.003413313879409685
9.982000000000001,0.01169507981323581,-0.002523832818049021,0.01841720863556806,0.016051915944153894,-0.0012296897386716577,-0.003418774803532143
9.984,0.011677723026132236,-0.002559904602022156,0.01839287837320569,0.016029347584038733,-0.0012370381736401814,-0.003424219431185316
9.986,0.011660384802009816,-0.0025959226573490923,0.018368571818540014,0.016006800429051005,-0.0012443704406492895,-0.003429647783483425
9.988,0.011643065127219021,-0.0026318870148471785,0.01834428895605189,0.015984274467986115,-0.0012516865584639714,-0.0034350598815291455
9.99,0.011625763988112991,-0.0026677977053548574,0.018320029770225066,0.01596176968963592,-0.0012589865458398908,-0.0034404557464140506
9.992,0.01160848137104753,-0.0027036547597321103,0.018295794245545505,0.015939286082788717,-0.0012662704215242737,-0.003445835399218611
9.994,0.01159121726238066,-0.0027394582088597907,0.018271582366501615,0.015916823636228816,-0.0012735382042547982,-0.0034511988610119726
9.996,0.011573971648473513,-0.0027752080836398463,0.01824739411758447,0.01589438233873719,-0.0012807899127602607,-0.003456546152852402
9.998,0.011556744515689443,-0.002810904414995319,0.018223229483287584,0.015871962179090815,-0.0012880255657605755,-0.0034618772957866195
