time,joint_1,joint_2,joint_3,joint_4,joint_5,joint_6
0.0,-1.5706381967038248,-1.571273146076058,-1.5691367720844005,-1.5701040171740974,-1.5697061451590466,-1.5697243575771433
0.002,-1.5703145601873378,-1.5721927963351696,-1.5658772672031138,-1.5687380088603042,-1.5675430641170687,-1.5676119174325291
0.004,-1.5698289210711573,-1.5735338573660935,-1.5610851862084232,-1.5667255383655945,-1.5643349842743406,-1.5645001235851028
0.006,-1.5691809906448584,-1.575272644150109,-1.5548212493828528,-1.5640880602926353,-1.5601057233586544,-1.560425069448712
0.008,-1.5683703758506653,-1.5773867378353315,-1.5471434741119097,-1.5608451709198137,-1.5548786832660226,-1.555421546095682
0.01,-1.567396589931499,-1.5798548444599092,-1.5381074527567205,-1.5570148292903416,-1.548676845720971,-1.5495230887783598
0.012,-1.5662590594528185,-1.5826566569844829,-1.5277666246694794,-1.552613553927298,-1.54152276935235,-1.542762021776048
0.014,-1.5649571283187784,-1.5857727224597482,-1.5161725376868056,-1.5476565993897506,-1.5334385878328514,-1.5351695016313907
0.016,-1.5634900593213459,-1.589184315765617,-1.503375095450508,-1.5421581162309046,-1.5244460087830634,-1.5267755588374319
0.018000000000000002,-1.5618570336861035,-1.5928733210762036,-1.4894227876413502,-1.5361312973152694,-1.5145663131929352,-1.5176091380341143
0.02,-1.56005714901004,-1.5968221219978642,-1.4743629007521932,-1.529588512896708,-1.5038203551644074,-1.5076981367707927
0.022,-1.5580894159240772,-1.601013501169404,-1.4582417074410248,-1.5225414363499097,-1.4922285618284858,-1.4970694428893743
0.024,-1.5559527537558304,-1.6054305499828083,-1.4411046328478863,-1.5150011619812382,-1.4798109333379506,-1.4857489705808429
0.026000000000000002,-1.5536459854155802,-1.6100565889620377,-1.4229963965774501,-1.506978315919061,-1.4665870428829064,-1.473761695166157
0.028,-1.5511678316803394,-1.614875099213179,-1.4039611293753986,-1.4984831606981823,-1.4525760367200033,-1.4611316866507815
0.03,-1.548516905006973,-1.6198696652219207,-1.3840424638862063,-1.4895256938093142,-1.4377966342466821,-1.4478821421003627
0.032,-1.545691702965593,-1.625023929118073,-1.3632835992869048,-1.4801157401857845,-1.4222671281883101,-1.4340354168832865
0.034,-1.54269137479676,-1.6302338925518924,-1.3419753222894975,-1.4702445287380859,-1.4060066272354634,-1.4196128764871616
0.036000000000000004,-1.5395164397619578,-1.6353195402435716,-1.3206246186736705,-1.4598920944833012,-1.3890344621171464,-1.4046349497108372
0.038,-1.5361673521360169,-1.6402052791539163,-1.2994459528006126,-1.4490671729212332,-1.3713674976755654,-1.38912152567541
0.04,-1.5326444180225052,-1.6448602188888406,-1.2785285068069758,-1.4377896054823525,-1.3530213974997982,-1.3730918592719883
0.042,-1.528947795472631,-1.6492726048135309,-1.2579077503077942,-1.4260829896053486,-1.3340111567912163,-1.3565645451278714
0.044,-1.5250775132019334,-1.6534388631902397,-1.2375961019265451,-1.4139716508067735,-1.3143513274479566,-1.339557520398529
0.046,-1.5210334874466873,-1.657358899229064,-1.217596093714605,-1.4014794194067526,-1.294056115472996,-1.3220880794322487
0.048,-1.5168155333457058,-1.6610340749201666,-1.1979060402295438,-1.3886291579993406,-1.2731394255860402,-1.3041728930619092
0.05,-1.5124233718205617,-1.6644663382442482,-1.1785224884495669,-1.3754426006414469,-1.2516148839236036,-1.2858280294319366
0.052000000000000005,-1.5078566334941288,-1.6676578487465679,-1.1594412802926848,-1.3619403209263459,-1.2294958515428493,-1.2670689750475608
0.054,-1.5031148607962603,-1.670610817944048,-1.140658014693026,-1.3481417526500379,-1.2067954339709,-1.2479106554962762
0.056,-1.4981975089643391,-1.6733274431051464,-1.1221682485854492,-1.3340652311510803,-1.1835264889659092,-1.2283674556187876
0.058,-1.4931039463407565,-1.6758098817636813,-1.1039675837853984,-1.3197280419466295,-1.1597016333872032,-1.2084532390472869
0.06,-1.487833454188299,-1.6780602440349124,-1.0860517037509552,-1.3051464710707883,-1.1353332495458963,-1.1881813670891743
0.062,-1.4823852261449257,-1.6800805926855111,-1.0684163882352564,-1.2903358548055543,-1.1104334911881744,-1.1675647169599768
0.064,-1.4767583673869358,-1.681872946526172,-1.0510575181596118,-1.275310627887881,-1.0850142891714145,-1.1466156993798866
0.066,-1.4709518935424062,-1.683439285159366,-1.0339710761667655,-1.2600843698701112,-1.0590873568543901,-1.125346275552538
0.068,-1.464964729382845,-1.6847815542026714,-1.0171531452839961,-1.2446698495646136,-1.0326641952062534,-1.1037679735460122
0.07,-1.4587957073137605,-1.6859016705922028,-1.0005999067811988,-1.2290790676112022,-1.0057560976319841,-1.0818919040962136
0.07200000000000001,-1.4524435656809604,-1.6868015277880877,-0.9843076377085458,-1.2133232972507109,-0.9783741545091992,-1.0597287758523957
0.074,-1.4459069469071708,-1.687483000802737,-0.9682727083284374,-1.1974131234054308,-0.9505292574303422,-1.0372889100840341
0.076,-1.4391844750748863,-1.687945118721235,-0.9524998527765716,-1.181358338540933,-0.922273077560861,-1.0145822494277756
0.078,-1.4322745478541266,-1.6881885522337066,-0.9369896047621187,-1.1651687990272184,-0.89371025945078,-0.9916183807378015
0.08,-1.425175409171215,-1.6882147603005642,-0.9217403432021907,-1.1488537548976658,-0.8649380562712202,-0.9684065494164454
0.082,-1.4178851619747908,-1.688025583406247,-0.9067494192917828,-1.132421817200485,-0.8360466631928163,-0.9449556713812031
0.084,-1.4104017757420775,-1.687623043331006,-0.8920137096676987,-1.1158809679191175,-0.8071195401780771,-0.9212743449148055
0.08600000000000001,-1.4027230912933815,-1.6870092439706486,-0.877529889468053,-1.099238590309055,-0.7782337253144562,-0.8973708622088414
0.088,-1.394846824165172,-1.6861863221470181,-0.8632945675621932,-1.0825015088057786,-0.7494601391877942,-0.8732532205198829
0.09,-1.3867705671392812,-1.685156423488182,-0.8493043534330063,-1.0656760330704933,-0.7208638805173258,-0.8489291329090014
0.092,-1.3784917922038975,-1.6839216911127468,-0.8355558899306883,-1.0487680033598175,-0.6925045131551681,-0.8244060385605934
0.094,-1.370007852065708,-1.682484261029156,-0.8220458688904209,-1.0317828356922998,-0.664436344508142,-0.7996911126885189
0.096,-1.3613159812593778,-1.6808462611981072,-0.8087710381196006,-1.0147255659308458,-0.6367086954276088,-0.7747912760433214
0.098,-1.3524132968690998,-1.6790098127104685,-0.7957282040438494,-0.9976008922368375,-0.6093661616150203,-0.7497132040369007
0.1,-1.3432968013864337,-1.6769770357148606,-0.7829142214079741,-0.9804131670385244,-0.58244886594656,-0.7245457085992941
0.10200000000000001,-1.333963380324799,-1.6747500469067809,-0.7703260106181081,-0.9631664937254938,-0.5559927006561363,-0.6993727645052686
0.10400000000000001,-1.3244129960872637,-1.672330770098494,-0.757961259745506,-0.9458644746960715,-0.5300292966075473,-0.6742704818541326
0.106,-1.3146502346256446,-1.6697209877887222,-0.7458183723361672,-0.9285102174455476,-0.5045861107643268,-0.6493076181476881
0.108,-1.3046796107273864,-1.6669227725596867,-0.7338949967168737,-0.9111069041563992,-0.4796870568256495,-0.6245460579171834
0.11,-1.2945055781927541,-1.663938367973332,-0.7221883587199465,-0.8936577752789359,-0.45535272316272524,-0.6000412721120969
0.112,-1.2841325376746004,-1.660770123229964,-0.7106954451430313,-0.8761661235678764,-0.43160058199950657,-0.5758427536498177
0.114,-1.2735643465039261,-1.657416634794869,-0.6994068204258813,-0.8588008759131582,-0.40844589501787065,-0.5519943467396102
0.116,-1.2628050599037766,-1.6538771204317417,-0.6883167894855949,-0.8416705653713417,-0.38590078291444496,-0.5285347700743039
0.11800000000000001,-1.2518588961476487,-1.65015190900242,-0.6774221898604276,-0.8248263352259425,-0.36397450654428765,-0.5054979739899181
0.12,-1.2407301378425684,-1.6462421251287342,-0.6667206342504077,-0.8082906452927865,-0.34267382392518253,-0.4829134678836182
0.122,-1.229423089192338,-1.642149450295519,-0.656209828825104,-0.7920716409315146,-0.32200324647098255,-0.4608066396380994
0.124,-1.2179420593431638,-1.6378759554889402,-0.6458873488672933,-0.7761703461429722,-0.301965242678355,-0.4391990619893731
0.126,-1.2062913576608463,-1.633423988523697,-0.6357505964791236,-0.7605842649611342,-0.28256041260593023,-0.41810878379546734
0.128,-1.19447529432228,-1.6287960996481574,-0.6257968217371938,-0.745309184917263,-0.26378764449756575,-0.3975506056140825
0.13,-1.18249818317604,-1.623994992665082,-0.6160231590514678,-0.7303400802535333,-0.245644259126377,-0.37753633968661116
0.132,-1.170364345502163,-1.6190234925408218,-0.6064266611619596,-0.7156715641470174,-0.22812614465418624,-0.3580750547469196
0.134,-1.1580781140757868,-1.6138845234343382,-0.5970043259186827,-0.7012981148450323,-0.21122788346133747,-0.33917330621626207
0.136,-1.1456438372900526,-1.6085810931899316,-0.5877531157885305,-0.6872141883578459,-0.19494287175717062,-0.3208353524027725
0.138,-1.1330658832475624,-1.6031162817662368,-0.578669971499951,-0.6734142741782954,-0.17926343247170484,-0.3030633573397068
0.14,-1.1203486437935588,-1.5974932320097217,-0.5697518214087165,-0.6598929223715526,-0.16418092178059762,-0.2858575808924928
0.14200000000000002,-1.1074965384877589,-1.5917151417815227,-0.5609955879145967,-0.6466447562842332,-0.149685829544427,-0.269216556751102
0.14400000000000002,-1.0945140185182929,-1.5857852568270538,-0.5523981919253094,-0.6336644780506077,-0.13576787390936018,-0.25313725890631744
0.146,-1.081405570560778,-1.5797068640171053,-0.5439565560710191,-0.6209468705193923,-0.12241609029975242,-0.23761525718858412
0.148,-1.068175720582666,-1.573483284738838,-0.5356676071483968,-0.6084867974339263,-0.10961891502474952,-0.2226448624274906
0.15,-1.0548290375895588,-1.5671178683085432,-0.5275282781130533,-0.5962792027936947,-0.09736426371598106,-0.20821926176913608
0.152,-1.0413701373068305,-1.5606139853363215,-0.5195355098291181,-0.5843191098663018,-0.08563960480976074,-0.19433064466798333
0.154,-1.027803685786925,-1.5539750210092462,-0.5116862527108976,-0.5726016200853602,-0.07443202828383888,-0.18097032004943858
0.156,-1.0141344029300978,-1.5472043682823284,-0.5039774683426843,-0.5611219119503208,-0.06372830985521794,-0.16812882511942195
0.158,-1.0003670659041277,-1.5403054209808624,-0.496406131130684,-0.5498752399829911,-0.05351497084166579,-0.15579602627764277
0.16,-0.9865065124465963,-1.533281566826687,-0.4889692300199455,-0.5388569337640221,-0.0437783338852904,-0.14396121257219763
0.162,-0.9725576440316721,-1.526136180406517,-0.4816637702952886,-0.5280623970565383,-0.03450457473189661,-0.13261318211449424
0.164,-0.9585254288819179,-1.5188726161040282,-0.4744867754759894,-0.5174871070159508,-0.025679770254857903,-0.12174032185537054
0.166,-0.9444149048044268,-1.5114942010195815,-0.4674352893077398,-0.5071266134810217,-0.01728994290697572,-0.11133068110564937
0.168,-0.9302311818295939,-1.5040042279028147,-0.4605063778511027,-0.49697653833945354,-0.009321101778304142,-0.10137203916723525
0.17,-0.9159794446300152,-1.4964059481241332,-0.4536971316626337,-0.4870325749606075,-0.00175928043225837,-0.09185196742423996
0.17200000000000001,-0.901664954696376,-1.488702564711561,-0.4470046680626245,-0.47729048768788607,0.005409428313460696,-0.0827578862275038
0.17400000000000002,-0.8872930520445094,-1.480897225480218,-0.44042613343999437,-0.4677461113846797,0.01219879953584213,-0.07407711689008534
0.176,-0.8728691567992708,-1.4729930162709974,-0.4339587056668457,-0.4583953510207579,0.018622439925737533,-0.06579692909799206
0.178,-0.8583987705340683,-1.4649929543346496,-0.4275995965868762,-0.449234181300296,0.02469376799991907,-0.057904584022892225
0.18,-0.8438874772701885,-1.4568999818903583,-0.42134605454957574,-0.4402586463242284,0.0304259962346356,-0.050387373410285985
0.182,-0.8293409441124078,-1.4487169598841079,-0.4151953669794468,-0.43146485927970923,0.03583211501030581,-0.043232654903580414
0.184,-0.8147649214978849,-1.440446661971873,-0.40914486296845887,-0.42284900215074006,0.04092487826197866,-0.03642788385140183
0.186,-0.8001652430360187,-1.432091768752259,-0.40319191587918035,-0.41440732544472536,0.04571679073505197,-0.02996064183284397
0.188,-0.7855478249178266,-1.4236548622727072,-0.3973339459454317,-0.4061361479301504,0.05022009675047112,-0.02381866212319883
0.19,-0.7709186648744605,-1.4151384208327367,-0.39156842285683235,-0.3980318563808538,0.054446770388209,-0.017989852311030008
0.192,-0.7562838406657074,-1.4065448141069523,-0.3858928683132312,-0.3900909053225772,0.05840850700226308,-0.012462314266224794
0.194,-0.7416495080807367,-1.3978762986096651,-0.38030485853472107,-0.3823098167776362,0.06211671598468471,-0.007224361647890198
0.196,-0.7270218984349256,-1.3891350135219775,-0.37480202671271745,-0.37468518000370143,0.06558251470027265,-0.002264535130624079
0.198,-0.7124073155483293,-1.3803229769010472,-0.36938206538744556,-0.3672136512227997,0.06881672351753032,0.0024283844822048373
0.2,-0.6978121321939021,-1.3714420822899367,-0.3640427287373893,-0.35989195333806867,0.07182986186535523,0.0068653463997410125
0.202,-0.6832427860039854,-1.36249409574514,-0.358781834765618,-0.3527168756328156,0.07463214524889561,0.011057006834151784
0.20400000000000001,-0.6687057748261782,-1.3534806532972374,-0.353597267368186,-0.3456852734473661,0.0772334831608763,0.015013726388855675
0.20600000000000002,-0.6542076515231237,-1.344403258858332,-0.34848697827050423,-0.33879406783197963,0.0796434778278392,0.018745568500701415
0.20800000000000002,-0.6397550182122773,-1.3352632825881001,-0.3434489888175445,-0.3320402451724982,0.08187142373439205,0.02226229884397113
0.21,-0.6253545199440783,-1.3260619597282608,-0.3384813916041127,-0.32542085678556787,0.08392630787159994,0.025573385609854338
0.212,-0.611012837819318,-1.3168003899130527,-0.33358235193190744,-0.3189330184804484,0.08581681065854685,0.02868800058050791
0.214,-0.5967366815488906,-1.3074795369609729,-0.32875010908066904,-0.312573910084607,0.08755130748884765,0.031615020922024284
0.216,-0.5825327814614845,-1.2981002291505195,-0.3239829773814229,-0.30634077493048806,0.08913787085651736,0.034363031625560314
0.218,-0.5684078799671128,-1.2886631599800573,-0.3192793470806363,-0.3002309193010657,0.09058427301809324,0.03694032853056117
0.22,-0.5543687224866607,-1.2791688894091444,-0.3146376849850365,-0.2942417118320144,0.09189798915028113,0.03935492186845013
0.222,-0.5404220478598343,-1.2696178455757883,-0.3100565348778932,-0.28837058286858963,0.0930862009646427,0.041614540269351075
0.224,-0.5265745782460021,-1.260010326981111,-0.3055345176987325,-0.2826150237755849,0.09415580074298435,0.04372663517839137
0.226,-0.5128330085344295,-1.2503465051298381,-0.30107033147974116,-0.27697258619902687,0.09511339575913436,0.04569838563188888
0.228,-0.4992039952822849,-1.240626427611901,-0.2966627510335227,-0.2714408812785889,0.09596531305472844,0.047536703347283105
0.23,-0.4856941452005694,-1.2308500216072753,-0.29231062738838487,-0.26601757881004695,0.09671760453844946,0.04924823808402623
0.232,-0.47231000320976135,-1.2210170977929988,-0.2880128869689609,-0.26070040635746117,0.09737605237991032,0.05083938323581583
0.234,-0.4590580400885038,-1.211127354628153,-0.2837685305216975,-0.25548714831514796,0.09794617467102129,0.05231628161754487
0.23600000000000002,-0.44594463974009946,-1.2011803829894647,-0.2795766317865571,-0.25037564491991016,0.09843323132925508,0.053684831413153056
0.23800000000000002,-0.43297608610293725,-1.1911756711271644,-0.2754363359181873,-0.24536379121440932,0.09884223021871552,0.054950692253222355
0.24,-0.42015854973229994,-1.1811126099077922,-0.27134685766178324,-0.2404495359629928,0.09917793346634318,0.056119291393651904
0.242,-0.407498074082316,-1.1709904983078918,-0.2673074792908978,-0.23563088052173886,0.09944486395194296,0.05719582996909378
0.244,-0.39500056151818574,-1.1608085491199378,-0.26331754831652954,-0.2309058776649282,0.09964731195200827,0.05818528929704048
0.246,-0.38267175909028106,-1.1505658948295057,-0.2593764749789158,-0.22627263037061285,0.09978934191855116,0.05909243721051882
0.248,-0.3705172441033593,-1.1402615936206224,-0.25548372953555987,-0.22172929056841428,0.0998747993753113,0.05992183439929266
0.25,-0.3585424095160239,-1.1298946354644825,-0.2516388393611091,-0.21727405785313447,0.09990731791483465,0.06067784074129312
0.252,-0.3467524492077865,-1.1194639482453468,-0.2478413858767481,-0.2129051781682192,0.09989032628096584,0.061364621607702174
0.254,-0.3351523431537251,-1.1089684038764682,-0.2440910013287505,-0.20862094246354634,0.09982705552229754,0.06198615412670794
0.256,-0.3237468425498966,-1.0984068243583966,-0.24038736543772576,-0.20441968533243426,0.09972054620306059,0.06254623339244181
0.258,-0.312540454936431,-1.0877779877320275,-0.23673020194185623,-0.20029978363315593,0.09957365565881537,0.06304847860700047
0.26,-0.30153742936971883,-1.0770806338793322,-0.2331192750590354,-0.19625965510061327,0.0993890652851166,0.06349633914475539
0.262,-0.29074174170038947,-1.0663134701258958,-0.2295543858942306,-0.19229775695414686,0.09916928784806323,0.0638931005293597
0.264,-0.2801570800199511,-1.0554751766012194,-0.22603536881959285,-0.18841258450774045,0.09891667480630506,0.0642418903149975
0.266,-0.2697868303460984,-1.0445644113152783,-0.22256208785575504,-0.184602669789103,0.09863342363464733,0.06454568386446224
0.268,-0.2596340626248421,-1.0335798149130855,-0.2191344330833891,-0.18086658017427415,0.09832158513986755,0.06480731001763096
0.27,-0.2497015171367969,-1.0225200150730283,-0.21575231711436027,-0.17720291704449287,0.0979830707597169,0.0650294566448062
0.272,-0.23999159140517956,-1.0113836305195507,-0.21241567165171182,-0.17361031447207886,0.09761965983631438,0.06521467608023457
0.274,-0.23050632771425383,-1.0001692746263298,-0.2091244441671678,-0.17008743794199632,0.09723300685523073,0.06536539043189116
0.276,-0.22124740135901533,-0.9888755585924696,-0.20587859472383663,-0.16663298311559416,0.0968246486415012,0.06548389676433719
0.278,-0.21221793557708057,-0.9775094312261109,-0.2026697367027004,-0.16324413985167507,0.0963961287833972,0.06557237282369655
0.28,-0.2034223780216713,-0.9660836640773279,-0.19948513203798202,-0.15991699627660938,0.09594897709247241,0.06563288177591287
0.28200000000000003,-0.19486491153337937,-0.9546090897924486,-0.1963161596985279,-0.15664810301003707,0.09548459955503064,0.06566737634178299
0.28400000000000003,-0.18654936448090353,-0.9430950955362397,-0.19315708428445455,-0.15343460225933803,0.09500427648456711,0.06567770355401548
0.28600000000000003,-0.17847913067090215,-0.9315499724279583,-0.19000420175813004,-0.15027418256777203,0.0945091643313174,0.06566560934554388
0.28800000000000003,-0.17065709749283475,-0.9199811638408796,-0.18685524085072802,-0.14716498147264923,0.09400030022363959,0.06563274296938326
0.29,-0.1630855817690018,-0.9083954423105025,-0.18370894061250564,-0.14410548517708732,0.09347860854754297,0.06558066125676021
0.292,-0.15576627332445248,-0.896799035906994,-0.18056475076343093,-0.1410944422710858,0.09294490903976138,0.06551083272183988
0.294,-0.1487001866482398,-0.8851977188103183,-0.17742261840144913,-0.1381307951588917,0.09239992598938751,0.0654246415211146
0.296,-0.1418876212306388,-0.873596876571382,-0.174282835827553,-0.13521362778770118,0.09184429822541618,0.0653233912747091
0.298,-0.13532813125839893,-0.8620015535571691,-0.17114593182738158,-0.13234212677602297,0.0912785896227648,0.06520830875597539
0.3,-0.1290205053509288,-0.8504164879677408,-0.1680125939596424,-0.12951555296928396,0.09070329989557657,0.06508054745496583
0.302,-0.12296275693877723,-0.8388461383104663,-0.16488361302447685,-0.12673322086975958,0.0901188754702067,0.06494119102071383
0.304,-0.11715212573409461,-0.8272947041379922,-0.16175984342501026,-0.12399448390875345,0.0895257202461266,0.06479125658669171
0.306,-0.11158509053275911,-0.8157661430737536,-0.15864217492759547,-0.12129872400515418,0.08892420606478457,0.06463169798332635
0.308,-0.10625739333213291,-0.804264185573619,-0.1555315125972665,-0.11864534424390505,0.08831468271707621,0.06446340884100232
0.31,-0.10116407446082265,-0.792792348442954,-0.15242876259034754,-0.11603376380970554,0.08769748733155147,0.0642872255865623
0.312,-0.09629951811264426,-0.781353947802458,-0.1493348221341413,-0.11346341453859576,0.08707295299928397,0.06410393033590189
0.314,-0.09165750737262379,-0.7699521119446194,-0.14625057248972473,-0.11093373861883404,0.0864414165083125,0.06391425368486492
0.316,-0.08723128753524234,-0.7585897943261608,-0.14317687403113233,-0.1084441870969981,0.08580322508110982,0.06371887740027105
0.318,-0.0830136362608096,-0.7472697867878118,-0.14011456281979529,-0.10599421893712924,0.08515874203255125,0.06351843701256876
0.32,-0.07899693891004689,-0.7359947329731703,-0.13706444823308872,-0.103583300448858,0.08450835129284173,0.06331352431131232
0.322,-0.07517326725239504,-0.7247671418283744,-0.1340273113383692,-0.10121090495134144,0.08385246076897857,0.06310468974442873
0.324,-0.07153445966952177,-0.7135894010006995,-0.13100390380158156,-0.0988765125781903,0.08319150454846258,0.062892444722078
0.326,-0.0680722009769632,-0.7024637899148245,-0.12799494719112237,-0.09657961015768168,0.08252594397885327,0.06267726382582905
0.328,-0.06477810006405749,-0.6913924922884067,-0.12500113258928058,-0.09431969112472904,0.08185626768505339,0.06245958692388087
0.33,-0.06164376370063951,-0.6803776078515755,-0.12202312045958985,-0.09209625543788746,0.08118299061161172,0.06223982119314364
0.332,-0.0586608650691951,-0.6694211630553437,-0.1190615407420641,-0.0899088094872098,0.08050665219871478,0.062018343049169644
0.334,-0.05582120584028272,-0.6585251205885149,-0.11611699316211732,-0.08775686598781318,0.07982781381700477,0.061795499985150215
0.336,-0.05311677090124478,-0.6476913875677351,-0.11319004774516261,-0.08563994386017026,0.07914705559732771,0.06157161232148978
0.338,-0.05053977515632302,-0.6369218223168989,-0.11028124552939733,-0.08355756810189141,0.07846497279675302,0.06134697486777796
0.34,-0.04808270212297461,-0.6262182397061096,-0.10739109946588887,-0.08150926965757588,0.077782171841839,0.061121858499316506
0.342,-0.04573833433848096,-0.6155824150730055,-0.104520095489407,-0.07949458529359466,0.07709926618459928,0.06089651165067589
0.34400000000000003,-0.043499775849300315,-0.6050160867971516,-0.10166869373695553,-0.07751305748383985,0.07641687209667603,0.060671161729051626
0.34600000000000003,-0.04136046727278453,-0.5945209576387563,-0.0988373298848122,-0.07556423431093018,0.07573560451378625,0.060446016450441675
0.34800000000000003,-0.03931419409036763,-0.5840986949844122,-0.09602641657002775,-0.0736476693854391,0.0750560730265959,0.06022126510186587
0.35000000000000003,-0.03735508895048323,-0.5737509301639817,-0.09323634485934451,-0.07176292178372234,0.07437887809687904,0.05999707973298718
0.352,-0.035477628829192476,-0.5634792570141105,-0.0904674857276817,-0.06990955600310378,0.07370460756011643,0.05977361628056799
0.354,-0.03367662792072301,-0.5532852298658211,-0.08772019150968124,-0.06808714193169951,0.07303383345848724,0.05955101562921539
0.356,-0.031947227115005195,-0.5431703611274616,-0.08499479729111448,-0.06629525482911447,0.07236710923221445,0.059329404611823566
0.358,-0.03028488087242942,-0.533136118621576,-0.08229162221178976,-0.06453347531367903,0.07170496728296571,0.05910889695304422
0.36,-0.02868534223563679,-0.5231839228167992,-0.07961097065750744,-0.06280138935176272,0.07104791691083001,0.05888959415898176
0.362,-0.027144646632259795,-0.513315144075454,-0.07695313332503617,-0.061098588244969054,0.07039644261642386,0.058671586356170424
0.364,-0.02565909502853647,-0.5035311000157741,-0.07431838815055491,-0.059424668611567144,0.06975100275194146,0.0584549530827112
0.366,-0.024225236897937874,-0.4938330530659971,-0.07170700109809691,-0.05777923235927651,0.06911202849930498,0.05823976403427644
0.368,-0.02283985337637584,-0.48422220826706797,-0.06911922680991744,-0.056161886647367876,0.06847992314980123,0.0580260797675074
0.37,-0.02149994088987306,-0.4746997113621392,-0.06655530912518892,-0.05457224383691939,0.0678550616574316,0.05781395236315445
0.372,-0.020202695464157205,-0.46526664719495137,-0.0640154814768954,-0.05300992142886973,0.0672377904373671,0.057603426051147766
0.374,-0.018945497859753857,-0.45592403842573326,-0.06149996717923911,-0.051474541990221834,0.06662842738111241,0.057394537799628775
0.376,-0.017725899621145347,-0.44667284456249523,-0.05900897961936402,-0.049965733069314844,0.0660272620609672,0.057187317869831444
0.378,-0.016541610084105818,-0.43751396129734976,-0.056542722367831644,-0.04848312710150804,0.06543455609790305,0.05698179033858053
0.38,-0.015390484350570333,-0.42844822013152717,-0.05410138922223018,-0.04702636130689197,0.06485054366884557,0.05677797359005332
0.382,-0.01427051221426523,-0.4194763882687531,-0.051685164197681654,-0.04559507758178949,0.06427543213141274,0.05657588077835585
0.384,-0.013179808001544169,-0.41059916875427294,-0.04929422147701068,-0.04418892238583738,0.06370940274627923,0.0563755202623728
0.386,-0.012116601279191563,-0.4018172008357366,-0.046928725332079146,-0.04280754662637842,0.06315261147943274,0.05617689601426923
0.388,-0.011079228373165328,-0.3931310605220686,-0.044588830026388804,-0.0414506055417716,0.06260518986858865,0.05598000800295444
0.39,-0.01006612463826606,-0.3845412613171004,-0.04227467970761878,-0.040117758585053176,0.06206724593990387,0.055784852553750985
0.392,-0.009075817417603105,-0.37604825510588613,-0.03998640829735711,-0.03880866930918847,0.06153886516285145,0.055591422685455916
0.394,-0.008106919631686305,-0.3676524331730975,-0.03772413938395913,-0.037523005254946895,0.061020111432672275,0.05539970842592812
0.396,-0.007158123939366101,-0.3593541273345391,-0.035487986123265536,-0.03626043784223265,0.06051102807122222,0.055209697107285294
0.398,-0.006228197416161985,-0.351153611164539,-0.033278051150836374,-0.03502064226551127,0.060011638838269654,0.05502137364174908
0.4,-0.005315976699374669,-0.34305110130367944,-0.031094426508433637,-0.03380329739380228,0.05952194894639806,0.054834720779134205
0.402,-0.004420363553477413,-0.33504675883296464,-0.028937193586697774,-0.03260808567555351,0.05904194607363333,0.05464971934693574
0.404,-0.0035403208134172637,-0.3271406907020755,-0.026806423085302677,-0.03143469304858537,0.05857160136875916,0.05446634847392873
0.406,-0.0026748686674897826,-0.3193329512007732,-0.02470217499134142,-0.030282808855185417,0.058110870445027496,0.05428458579815776
0.40800000000000003,-0.0018230812452730838,-0.31162354346381527,-0.022624498576264918,-0.029152125762343717,0.05765969435861429,0.05410440766015845
0.41000000000000003,-0.000984083479683262,-0.30401242100091097,-0.020573432411352455,-0.02804233968705705,0.057218000568739935,0.053925789282213143
0.41200000000000003,-0.00015704821548667702,-0.2964994892442874,-0.01854900440143714,-0.026953149726569592,0.05678570387686421,0.0537487049344163
0.41400000000000003,0.0006588064603998411,-0.2890846071073545,-0.016551231836410496,-0.025884258093388235,0.05636270734280191,0.05357312808828363
0.41600000000000004,0.0014642169080028022,-0.28176758922203393,-0.014580121051881001,-0.02483537002383085,0.05594890307243605,0.053399031561936816
0.418,0.0022598761918100063,-0.2745482074407677,-0.012635667626427871,-0.02380619370159076,0.05554417307785542,0.05322638765065246
0.42,0.0030464368302345335,-0.2674261921870975,-0.0107178566625592,-0.022796440214320146,0.05514839013664963,0.05305516824620282
0.422,0.003824513262541185,-0.2604012338567425,-0.008826663013379532,-0.021805823524819523,0.054761418619653224,0.052885344946620005
0.424,0.004594684077285693,-0.25347298425010223,-0.0069620514774770825,-0.020834060444941738,0.05438311528693962,0.05271688915691719
0.426,0.005357494037732113,-0.2466410580218592,-0.005123976976799893,-0.019880870608466106,0.054013330051988495,0.05254977218128731
0.428,0.0061134559330475735,-0.23990503413683362,-0.0033123847272213958,-0.018945976442442003,0.05365190671406217,0.05238396530727951
0.43,0.0068630522788459825,-0.23326445732381607,-0.0015272104081012206,-0.01802910313761763,0.053298683658925095,0.05221943988243516
0.432,0.007606736886527354,-0.22671883952102823,0.00023161966515505839,-0.017129978618798614,0.05295349452813669,0.05205616738384555
0.434,0.008344936462116426,-0.22026766097838668,0.0019641873113662722,-0.01624833309595064,0.05261616886603493,0.05189411948087819
0.436,0.009078052822550253,-0.21391036965814636,0.0036705758060884275,-0.015383896640980277,0.05228653278084905,0.05173326809069989
0.438,0.00980646362689197,-0.2076463835295832,0.005350872084277203,-0.01453640145476176,0.051964409491607855,0.051573585429915525
0.44,0.010530523226606192,-0.20147509256631202,0.007005168171023479,-0.013705582724397924,0.05164961985535976,0.0514150440605361
0.442,0.01125056357484655,-0.19539586052812585,0.008633562114853666,-0.012891178868738917,0.051341982872265435,0.0512576169307033
0.444,0.011966895156955593,-0.18940802658251532,0.010236158587169752,-0.012092931534417373,0.05104131616705554,0.05110127741056947
0.446,0.012679807918372088,-0.18351090680386095,0.011813069250186992,-0.011310585503072401,0.05074743644599011,0.05094599932370181
0.448,0.01338957217516068,-0.17770379557689853,0.01336441296032298,-0.010543888578135263,0.050460159928927384,0.0507917569743539
0.45,0.014096439498272106,-0.1719859669232915,0.014890315852475133,-0.009792591477997936,0.05017930275644278,0.050638525170921156
0.452,0.014800643566530436,-0.16635667576475432,0.01639091133693471,-0.009056447744228313,0.04990468137218995,0.050486279245873344
0.454,0.015502400985898834,-0.16081515913237743,0.017866340031621686,-0.00833521366596468,0.049636112880870886,0.050334995072439215
0.456,0.016201912074243596,-0.15536063732911654,0.0193167496461224,-0.007628648218833245,0.049373415382321095,0.05018464907829623
0.458,0.016899361611882657,-0.14999231505049004,0.020742294829663166,-0.006936513015975754,0.04911640828230457,0.05003521825650581
0.46,0.017594919558865385,-0.14470938246716303,0.02214313699204795,-0.006258572268825979,0.0488649125806897,0.04988668017391573
0.462,0.018288741740319026,-0.13951101627211182,0.02351944410434359,-0.005594592755596928,0.04861875113771852,0.04973901297723904
0.464,0.01898097050139791,-0.13439638069436843,0.024871390484453526,-0.004944343795824757,0.04837774891912394,0.04959219539700532
0.466,0.019671735333453677,-0.12936462848084784,0.026199156571508286,-0.00430759722965357,0.04814173322086268,0.04944620674956823
0.468,0.02036115347304901,-0.12441490184740367,0.02750292869210913,-0.0036841274008350133,0.04791053387425048,0.04930102693733818
0.47000000000000003,0.021049330475387817,-0.1195463334000173,0.028782898820788994,-0.0030737111426419883,0.04768398343228997,0.04915663644740542
0.47200000000000003,0.021736360763662255,-0.11475804702684722,0.030039264336555238,-0.002476127766070535,0.04746191733798022,0.04901301634869992
0.47400000000000003,0.022422328155722537,-0.11004915876174981,0.031272227776998784,-0.0018911590498433828,0.04724417407539683,0.04887014828783176
0.47600000000000003,0.02310730636938052,-0.10541877761980278,0.03248199659116957,-0.0013185892318252623,0.04703059530432108,0.048728014483741644
0.47800000000000004,0.023791359507555176,-0.10086600640530907,0.03366878289219488,-0.0007582050015462194,0.046821025979187025,0.04858659772128515
0.48,0.024474542524373755,-0.09638994249272814,0.0348328032104499,-0.00020979549358113303,0.04661531445310585,0.04844588134386574
0.482,0.02515690167324891,-0.09198967858096085,0.03597427824795729,0.00032684771841262616,0.046413312567711085,0.04830584924522241
0.484,0.025838474944383405,-0.0876643033970601,0.03709343283347022,0.0008519284229675517,0.04621487573065641,0.048166485860346775
0.486,0.026519292485317036,-0.08341290238323373,0.03819049564714483,0.0013656456324377952,0.046019862979646886,0.048027776155869395
0.488,0.02719937699922781,-0.07923455837913629,0.03926569882039632,0.0018681949536414333,0.045828137033488536,0.047889705619967415
0.49,0.02787874412538649,-0.07512835228352621,0.040319277642253626,0.0023597692379253576,0.0456395643317995,0.04775226025174306
0.492,0.028557402805386323,-0.07109336369130403,0.041351470313266914,0.0028405588904658607,0.04545401506413005,0.047615426550165596
0.494,0.029235355636743066,-0.06712867150486157,0.04236251772051358,0.003310752018042429,0.04527136318914282,0.047479191502655116
0.496,0.029912599214608537,-0.0632333545198902,0.04335266322223075,0.0037705345000091928,0.045091486444459594,0.04734354257337703
0.498,0.03058912446199713,-0.059406491986265575,0.044322152437410445,0.004220090022604817,0.04491426634775153,0.047208467691306266
0.5,0.031264916948808175,-0.055647164144764893,0.04527123303872371,0.004659600095697769,0.044739588189633084,0.04707395523811897
0.502,0.0319399571998924,-0.05195445274038746,0.04620015454843829,0.005089244061111664,0.04456734101890358,0.04693999403595783
0.504,0.032614220992414955,-0.048327441513007496,0.047109168137497326,0.005509199096946249,0.044397417620663404,0.04680657333511973
0.506,0.033287679642773904,-0.04476521666604594,0.04799852642809532,0.00591964022006608,0.04422971448781787,0.04667368280170381
0.508,0.03396030028334218,-0.04126686731379814,0.048868483300104515,0.006320740287844684,0.04406413178646407,0.046541312505260946
0.51,0.03463204612930304,-0.03783148590802443,0.04971929370166839,0.006712669999728416,0.04390057331563901,0.046409452906475135
0.512,0.03530287673585231,-0.0344581686443739,0.050551213464231415,0.0070955978989271085,0.04373894646188825,0.04627809484491041
0.514,0.03597274824603436,-0.03114601584919452,0.05136449912221552,0.007469690374405813,0.04357916214909907,0.04614722952684813
0.516,0.036641613629477376,-0.027894132347262124,0.05215940773751648,0.007835111663283767,0.04342113478402365,0.046016848513242836
0.518,0.03730942291228301,-0.02470162781094709,0.052936196728944784,0.008192023853707875,0.043264782197896645,0.045886943707816874
0.52,0.03797612339832179,-0.021567617091329483,0.05369512370671248,0.008540586888247104,0.04311002558453825,0.045757507345313364
0.522,0.03864165988217483,-0.018491220531760444,0.05443644631203037,0.008880958567839103,0.04295678943531289,0.045628531979927
0.524,0.03930597485395726,-0.015471564264363469,0.05516042206186578,0.009213294556310592,0.04280500147129751,0.045500010473927155
0.526,0.039969008696250086,-0.012507780489960929,0.05586730819888608,0.009537748385487044,0.04265459257299664,0.04537193598648592
0.528,0.040630699873357656,-0.009599007741906807,0.05655736154659885,0.009854471460900793,0.042505496707922585,0.04524430196272511
0.53,0.04129098511310669,-0.006744391134297478,0.05723083836968734,0.010163613068104649,0.04235765085634546,0.04511710212299014
0.532,0.04194979958138911,-0.003943082595031733,0.057887994239522955,0.010465320379592136,0.0422109949354994,0.04499033045236067
0.534,0.04260707704965161,-0.0011942410841809803,0.05852908390483136,0.010759738462325252,0.0420654717225164,0.044863981190404356
0.536,0.0432627500555236,0.001502967201872929,0.05915436116747497,0.011047010285866188,0.04192102677634413,0.044738048821180376
0.538,0.043916749040912695,0.004149366128810561,0.05976408078123763,0.011327277061521812,0.04177760828854926,0.04461252806477556
0.54,0.04456900199198732,0.0067457679177611585,0.06035849920899339,0.011600678506868523,0.04163516697402936,0.044487413868314674
0.542,0.04521943501332393,0.009292973650114389,0.060937873465063186,0.01186735278549933,0.041493656029316206,0.04436270139598397
0.544,0.0458679727945519,0.011791773644933334,0.06150246025816686,0.012127436383109647,0.04135303108104238,0.04423838601951813
0.546,0.04651453899431268,0.014242947743302148,0.0620525153514877,0.012381063981900198,0.04121325012709387,0.0441144633091024
0.548,0.04715905655997976,0.016647265524767363,0.0625882930816486,0.012628368355256603,0.041074273472379685,0.04399092902465318
0.55,0.04780144799696684,0.019005486474414024,0.0631100459951004,0.012869480287655666,0.04093606366070546,0.043867779107447324
0.552,0.048441635598060584,0.021318360114276125,0.06361802457186139,0.01310452851811883,0.04079858540390746,0.043745009672076396
0.554,0.04907954164070394,0.023586626109222575,0.06411247701460665,0.013333639703430045,0.04066180550915277,0.04362261699870862
0.556,0.04971508855828999,0.02581101435482469,0.06459364908688192,0.013556938397109475,0.04052569280511742,0.04350059752564239
0.558,0.05034819909012578,0.0279922450527621,0.06506178398842777,0.013774547040590557,0.040390218067613226,0.04337894784213847
0.56,0.05097879641367742,0.030131028777865776,0.065517122258687,0.0139865859636914,0.04025535394511626,0.04325766468152037
0.562,0.05160680426191444,0.03222806653982069,0.06595990170184196,0.01419317339208459,0.04012107488456329,0.043136744914533454
0.5640000000000001,0.05223214702796897,0.03428404984174116,0.06639035732842524,0.014394425459997917,0.0399873570577145,0.043016185542955165
0.5660000000000001,0.0528547498588714,0.03629966073723301,0.06680872130979387,0.014590456226798443,0.039854178288325715,0.042895983693446826
0.5680000000000001,0.053474538739773037,0.03827557188710906,0.067215222942693,0.014781377696444498,0.039721517980329635,0.04277613661164148
0.5700000000000001,0.05409144056979831,0.04021244661658785,0.06761008862183049,0.014967299839040882,0.039589357047189466,0.04265664165646066
0.5720000000000001,0.054705383230462035,0.042110938973560774,0.06799354181889705,0.015148330613925287,0.03945767784256082,0.04253749629465298
0.5740000000000001,0.05531629564742846,0.043971693788321886,0.06836580306685369,0.015324575993857614,0.03932646409237428,0.042418698095548546
0.5760000000000001,0.055924107846257565,0.045795346735022724,0.06872708994859544,0.015496139989991997,0.03919570082842938,0.04230024472602345
0.578,0.056528751002691724,0.047582524395007875,0.06907761708931237,0.015663124677392393,0.03906537432357582,0.04218213394566783
0.58,0.057130157487950806,0.04933384432211252,0.06941759615202714,0.015825630220914322,0.03893547202854308,0.042064363602152044
0.582,0.05772826090944405,0.05104991510994905,0.06974723583590858,0.015983754901316427,0.03880598251046519,0.04194693162678442
0.584,0.05832299614725689,0.05273133646116612,0.0700667418770482,0.016137595141503258,0.038676895393141786,0.041829836030255585
0.586,0.05891429938672399,0.05437869925863681,0.07037631705144931,0.01628724553282357,0.038548201299060114,0.041713074898562796
0.588,0.05950210814737256,0.05599258563850884,0.07067616118003262,0.01643279886136706,0.03841989179320171,0.04159664638910998
0.59,0.060086361308485436,0.05757356906503741,0.0709664711354916,0.016574346134214712,0.03829195932864482,0.04148054872697626
0.592,0.0606669991315123,0.05912221440710752,0.07124744085086365,0.016711976605611856,0.03816439719396869,0.04136478020134926
0.594,0.06124396327953652,0.060639078016350156,0.07151926132969999,0.01684577780303753,0.0380371994624622,0.04124933916211582
0.596,0.06181719683398801,0.06212470780674906,0.07178212065773426,0.016975835553147745,0.03791036094313083,0.041134224016606824
0.598,0.062386644308774164,0.06357964333563482,0.07203620401595878,0.017102234007580153,0.037783877133492405,0.041019433226489044
0.6,0.06295225166199447,0.06500441588596173,0.07228169369502835,0.017225055668605105,0.03765774417414969,0.04090496530480081
0.602,0.06351396630538475,0.06639954854976371,0.07251876911091704,0.017344381414611698,0.0375319588051215,0.04079081881312385
0.604,0.06407173711163283,0.06776555631268688,0.07274760682175874,0.017460290525421973,0.037406518323912064,0.04067699235888922
0.606,0.064625514419695,0.06910294613949741,0.07296838054580568,0.01757286070742281,0.03728142054529493,0.04056348459281023
0.608,0.06517525003823543,0.07041221706046796,0.07318126118044233,0.017682168118511088,0.037156663762786035,0.040450294206439086
0.61,0.06572089724730334,0.07169386025854596,0.0733864168221976,0.017788287392844992,0.03703224671177585,0.04033741992984141
0.612,0.06626241079835515,0.07294835915721176,0.07358401278769522,0.01789129166539416,0.036908168534290686,0.040224860529384454
0.614,0.06679974691272395,0.07417618950893767,0.07377421163548892,0.01799125259628731,0.036784428745351594,0.04011261480563566
0.616,0.06733286327863097,0.07537781948416056,0.07395717318872896,0.01808824039494894,0.036661027200894036,0.04000068159136516
0.618,0.06786171904683047,0.07655370976068632,0.07413305455860786,0.018182323844021964,0.0365379640672161,0.0398890597496504
0.62,0.0683862748249735,0.07770431361344565,0.07430201016853522,0.018273570323073418,0.036415239791915965,0.039777748172076244
0.622,0.06890649267077142,0.07883007700452493,0.074464191778993,0.018362045832077012,0.036292855076281105,0.03966674577702878
0.624,0.06942233608403714,0.07993143867339847,0.07461974851302511,0.018447815014670743,0.036170810849093016,0.03955605150807795
0.626,0.06993376999767476,0.08100883022729222,0.07476882688231368,0.018530941181184035,0.036049108241805294,0.039445664332444785
0.628,0.07044076076769024,0.08206267623161323,0.07491157081379907,0.018611486331433502,0.03592774856505665,0.039335583239550775
0.63,0.07094327616228635,0.08309339430037754,0.0750481216768002,0.018689511177281792,0.035806733286479764,0.039225807239644306
0.632,0.07144128535010519,0.08410139518658033,0.0751786183105938,0.01876507516495929,0.035686064009763596,0.03911633536250325
0.634,0.0719347588876793,0.08508708287244571,0.07530319705241184,0.018838236497142447,0.035565742454930716,0.03900716665620685
0.636,0.07242366870614525,0.08605085465950424,0.07542199176581854,0.01890905215479033,0.035445770439787916,0.038898300185977064
0.638,0.07290798809727672,0.08699310125844373,0.0755351338694299,0.018977577918734,0.03532614986251059,0.03878973503308414
0.64,0.0733876916988856,0.08791420687868601,0.07564275236593909,0.01904386839101746,0.03520688268532002,0.038681470293814524
0.642,0.07386275547964272,0.0888145493176391,0.07574497387141199,0.019107977015988542,0.03508797091921512,0.03857350507849766
0.644,0.07433315672336138,0.08969450004958412,0.07584192264482148,0.01916995610113892,0.03496941660971653,0.03846583851058849
0.646,0.07479887401279206,0.0905544243141525,0.07593372061778614,0.01922985683768874,0.034851221823587686,0.03835846972580481
0.648,0.07525988721296639,0.09139468120435379,0.07602048742448253,0.0192877293209186,0.03473338863649089,0.03825139787131482
0.65,0.0757161774541335,0.09221562375411829,0.07610234043170316,0.019343622570244134,0.03461591912154205,0.03814462210497349
0.652,0.07616772711432573,0.09301759902531814,0.07617939476902946,0.019397584549034397,0.03449881533872712,0.0380381415946045
0.654,0.07661451980158951,0.09380094819423346,0.0762517633590929,0.01944966218417221,0.0343820793251417,0.037931955517326976
0.656,0.0770565403359178,0.09456600663743497,0.07631955694789938,0.019499901385356733,0.03426571308601978,0.03782606305892333
0.658,0.07749377473091434,0.09531310401705029,0.07638288413519012,0.019548347064147098,0.03414971858651472,0.037720463413247085
0.66,0.0779262101752245,0.09604256436539083,0.07644185140481663,0.01959504315274696,0.03403409774419841,0.03761515578166752
0.662,0.07835383501375848,0.0967547061689118,0.07649656315510578,0.019640032622530113,0.033918852422246015,0.037510139372550544
0.664,0.0787766387287383,0.09744984245148247,0.07654712172919442,0.01968335750230743,0.03380398442327026,0.0374054134007733
0.666,0.0791946119205944,0.09812828085694525,0.07659362744531206,0.01972505889633469,0.033689495483776755,0.03730097708727009
0.668,0.0796077462887359,0.0987903237309431,0.07663617862699268,0.01976517700206215,0.03357538726920706,0.03719682965860893
0.67,0.0800160346122214,0.0994362682019978,0.07667487163319642,0.019803751127626112,0.03346166136953843,0.03709297034659742
0.672,0.08041947073035094,0.10006640626181995,0.07670980088832402,0.01984081970908358,0.03334831929541249,0.03698939838791393
0.674,0.08081804952320182,0.10068102484483843,0.0767410589121067,0.019876420327390232,0.03323536247476344,0.03688611302376632
0.676,0.08121176689212906,0.1012804059069321,0.07676873634935677,0.019910589725123273,0.0331227922499171,0.036783113499573306
0.678,0.08160061974024924,0.10186482650335216,0.07679292199956245,0.01994336382294959,0.03301060987513482,0.036680399064669356
0.68,0.08198460595292656,0.10243455886582464,0.07681370284631472,0.019974777735840332,0.03289881651457627,0.03657796897203047
0.682,0.08236372437827866,0.1029898704788208,0.07683116408655111,0.020004865789034376,0.032787413240655816,0.036475822478020836
0.684,0.08273797480771883,0.10353102415498783,0.07684538915960593,0.020033661533750635,0.032676401032767366,0.03637395884215855
0.686,0.08310735795654867,0.10405827810973034,0.07685645977605282,0.020061197762650584,0.032565780776355746,0.03627237732689825
0.6880000000000001,0.08347187544461754,0.10457188603493695,0.0768644559463314,0.020087506525054977,0.0324555532623112,0.036171077197431956
0.6900000000000001,0.08383152977706176,0.10507209717184507,0.07686945600914541,0.020112619141913424,0.03234571918666562,0.036070057721504956
0.6920000000000001,0.08418632432513684,0.10555915638303959,0.07687153665962532,0.02013656622052995,0.03223627915056837,0.035969318169246645
0.6940000000000001,0.08453626330715358,0.10603330422358015,0.07687077297724354,0.020159377669047185,0.03212723366052517,0.03586885781301552
0.6960000000000001,0.08488135176953149,0.10649477701125498,0.07686723845347698,0.020181082710689413,0.032018583128875955,0.03576867592725752
0.6980000000000001,0.08522159556797848,0.10694380689595717,0.0768610050192069,0.02020170989776804,0.0319103278744981,0.03566877178837613
0.7000000000000001,0.0855570013488074,0.10738062192818432,0.0768521430718514,0.020221287125450127,0.03180246812371368,0.035569144674613806
0.7020000000000001,0.0858875765303988,0.10780544612665777,0.07684072150222199,0.02023984164529402,0.03169500401138703,0.035469793865944954
0.704,0.08621332928481906,0.10821849954506257,0.0768268077210994,0.020257400078551813,0.03158793558219375,0.03537071864397867
0.706,0.08653426851959956,0.10861999833790836,0.07681046768552346,0.02027398842924355,0.03148126279204755,0.03527191829187015
0.708,0.08685040385968801,0.10901015482551246,0.07679176592479142,0.02028963209700274,0.03137498550967055,0.03517339209424164
0.71,0.08716174562957613,0.10938917755810662,0.07677076556616158,0.020304355889698478,0.03126910351829193,0.03507513933711137
0.712,0.08746830483561041,0.10975727137906843,0.07674752836025611,0.02031818403583352,0.031163616517462245,0.03497715930782985
0.714,0.08777009314849371,0.11011463748728278,0.07672211470616208,0.020331140196724107,0.03105852412497212,0.034879451295023234
0.716,0.08806712288597951,0.11046147349863356,0.07669458367622606,0.020343247478459947,0.03095382587886042,0.034782014588543575
0.718,0.08835940699576805,0.11079797350663112,0.07666499304054031,0.020354528443651265,0.030849521239504796,0.03468484847942466
0.72,0.08864695903860476,0.11112432814217943,0.07663339929111745,0.0203650051229618,0.030745609591779965,0.03458795225984357
0.722,0.08892979317158867,0.111440724632486,0.07659985766575272,0.020374699026432852,0.030642090247276377,0.034491325223088065
0.724,0.08920792413169099,0.11174734685912213,0.07656442217157178,0.02038363115459907,0.03053896244656884,0.034394966663527704
0.726,0.08948136721948985,0.11204437541523582,0.07652714560826257,0.020391822009399707,0.030436225361526015,0.03429887587659031
0.728,0.08975013828312317,0.11233198766192487,0.07648807959099035,0.020399291604888514,0.03033387809765231,0.034203052158741754
0.73,0.09001425370246086,0.1126103577837756,0.07644727457299605,0.020406059477742655,0.030231919696455778,0.03410749480747044
0.732,0.09027373037350173,0.11287965684357282,0.07640477986787664,0.020412144697576462,0.030130349137832413,0.034012203121274176
0.734,0.09052858569299338,0.11314005283618833,0.07636064367154738,0.02041756587705912,0.03002916534246136,0.03391717639965086
0.736,0.0907788375432792,0.11339171074165355,0.07631491308388716,0.020422341181842718,0.029928367174204995,0.03382241394309182
0.738,0.09102450427737274,0.11363479257742548,0.07626763413006676,0.020426488340299587,0.029827953442505883,0.03372791505307782
0.74,0.09126560470426148,0.11386945744985,0.07621885178155918,0.020430024653074863,0.029727922904778215,0.03363367903207748
0.742,0.0915021580744384,0.11409586160483198,0.07616860997683661,0.020432967002454783,0.029628274268785004,0.03353970518354754
0.744,0.0917341840656658,0.11431415847772008,0.07611695164175059,0.020435331861554884,0.029529006194999097,0.0334459928119355
0.746,0.09196170276896765,0.1145244987424121,0.07606391870959972,0.0204371353033288,0.02943011729894285,0.03335254122268383
0.748,0.092184734674853,0.1147270303596899,0.0760095521408859,0.020438393009402533,0.029331606153500722,0.033259349722235765
0.75,0.09240330065977043,0.11492189862479218,0.07595389194275937,0.020439120278735734,0.029233471291204127,0.0331664176180424
0.752,0.09261742197279133,0.11510924621423202,0.07589697718815547,0.020439332036112257,0.029135711206483172,0.03307374421857112
0.754,0.0928271202225237,0.11528921323186903,0.07583884603462421,0.020439042840463495,0.029038324357881784,0.03298132883331517
0.756,0.09303241736425494,0.11546193725424203,0.07577953574285612,0.02043826689302719,0.02894130917023574,0.032889170772803844
0.758,0.09323333568732228,0.11562755337517405,0.0757190826949048,0.020437018045342814,0.028844664036808743,0.032797269348614266
0.76,0.09342989780271016,0.11578619424965453,0.07565752241210921,0.020435309807088187,0.028748387321385405,0.03270562387338294
0.762,0.09362212663087499,0.11593799013700945,0.07559488957271832,0.020433155353758448,0.02865247736032006,0.03261423366081884
0.764,0.09381004538979365,0.1160830689433674,0.07553121802922047,0.020430567534190702,0.028556932464536944,0.032523098025715846
0.766,0.09399367758323574,0.11622155626342989,0.07546654082538007,0.02042755887793568,0.028461750921484397,0.0324322162839672
0.768,0.09417304698925788,0.11635357542155589,0.07540089021298346,0.020424141602481294,0.028366930997037132,0.03234158775257878
0.77,0.09434817764891879,0.1164792475121661,0.07533429766829869,0.020420327620328083,0.028272470937349192,0.03225121174968315
0.772,0.09451909385521207,0.1165986914394801,0.07526679390824964,0.020416128545920564,0.028178368970654954,0.032161087594554605
0.774,0.09468582014221782,0.11671202395659086,0.07519840890630958,0.020411555702435802,0.028084623309018175,0.032071214607622966
0.776,0.09484838127446737,0.11681935970388824,0.07512917190811552,0.02040662012843364,0.027991232150026857,0.03198159211048823
0.778,0.09500680223652225,0.11692081124683873,0.0750591114468071,0.02040133258436816,0.027898193678436822,0.03189221942593501
0.78,0.09516110822276413,0.11701648911313023,0.07498825535809317,0.02039570355896525,0.027805506067760666,0.03180309587794761
0.782,0.09531132462739311,0.11710650182919125,0.07491663079504951,0.020389743275467165,0.027713167481802525,0.03171422079172359
0.784,0.09545747703463392,0.11719095595609219,0.074844264242649,0.02038346169774763,0.02762117607614112,0.03162559349368865
0.786,0.09559959120914607,0.11726995612483804,0.07477118153203066,0.020376868536297943,0.02752952999955749,0.031537213311510603
0.788,0.09573769308663627,0.11734360507106101,0.07469740785450729,0.020369973254088736,0.027438227395410353,0.031449079574112915
0.79,0.09587180876467127,0.11741200366912063,0.07462296777531807,0.020362785072307377,0.027347266402959036,0.03136119161168893
0.792,0.09600196449368825,0.11747525096562184,0.07454788524712663,0.02035531297597548,0.02725664515863313,0.031273548755714975
0.794,0.09612818666819978,0.11753344421235723,0.07447218362327046,0.020347565719446292,0.02716636179725085,0.03118615033896366
0.796,0.09625050181819295,0.11758667889868302,0.07439588567076316,0.02033955183178615,0.027076414453186093,0.031098995695516773
0.798,0.09636893660071744,0.11763504878333797,0.07431901358305382,0.0203312796220414,0.02698680126148445,0.031012084160777942
0.8,0.09648351779166253,0.11767864592571109,0.07424158899254585,0.020322757184392692,0.026897520358930338,0.030925415071484608
0.802,0.09659427227771844,0.1177175607165688,0.07416363298287987,0.0203139924031992,0.02680856988506375,0.03083898776572047
0.804,0.09670122704852169,0.11775188190824837,0.07408516610098403,0.020304992957934198,0.026719947983149916,0.03075280158292637
0.806,0.09680440918897926,0.11778169664432592,0.0740062083688926,0.020295766328014997,0.02663165280110147,0.030666855863911824
0.808,0.09690384587177125,0.11780709048876692,0.07392677929533997,0.020286319797528263,0.02654368249235395,0.03058114995086636
0.81,0.09699956435002899,0.1178281474545686,0.07384689788713095,0.020276660459853435,0.02645603521669626,0.030495683187369504
0.812,0.09709159195018446,0.11784495003189899,0.07376658266029046,0.020266795222185552,0.026368709141056268,0.030410454918400776
0.8140000000000001,0.09717995606499086,0.11785757921574391,0.07368585165099772,0.020256730809960377,0.026281702440244192,0.030325464490349896
0.8160000000000001,0.09726468414670952,0.11786611453306728,0.073604722426307,0.020246473771182272,0.026195013297652725,0.03024071125102612
0.8180000000000001,0.09734580370046175,0.11787063406949283,0.07352321209465806,0.02023603048065814,0.026108639905916275,0.030156194549666893
0.8200000000000001,0.09742334227774352,0.11787121449551652,0.07344133731618041,0.020225407144138785,0.026022580467530698,0.030071913736947176
0.8220000000000001,0.09749732747009876,0.11786793109225391,0.07335911431279363,0.020214609802368777,0.025936833195433495,0.029987868164986997
0.8240000000000001,0.09756778690294987,0.11786085777673283,0.07327655887810836,0.02020364433504729,0.025851396313546493,0.029904057187359667
0.8260000000000001,0.09763474822958274,0.11785006712673773,0.07319368638712964,0.020192516464702326,0.02576626805728166,0.02982048015909955
0.8280000000000001,0.09769823912528364,0.1178356304052115,0.07311051180576711,0.02018123176047859,0.025681446674012065,0.029737136436709166
0.8300000000000001,0.09775828728162517,0.11781761758422493,0.07302704970015395,0.02016979564184207,0.025596930423507747,0.02965402537816586
0.8320000000000001,0.0978149204008989,0.11779609736851793,0.07294331424577916,0.02015821338220114,0.025512717578338062,0.029571146342928234
0.834,0.09786816619069216,0.11777113721862098,0.07285931923643485,0.020146490112448623,0.025428806424243167,0.029488498691943033
0.836,0.0979180523586074,0.11774280337356369,0.072775078092983,0.02013463082442435,0.025345195260473297,0.02940608178765003
0.838,0.09796460660711914,0.11771116087317712,0.07269060387194304,0.02012264037429934,0.025261882400098967,0.029323894993987798
0.84,0.09800785662856892,0.1176762735799961,0.07260590927390531,0.020110523485886045,0.025178866170291414,0.029241937676399488
0.842,0.09804783010029405,0.11763820420076865,0.0725210066517723,0.02009828475387221,0.02509614491257639,0.02916020920183704
0.844,0.09808455467988808,0.1175970143075793,0.07243590801883015,0.020085928646983886,0.025013716983060874,0.02907870893876563
0.846,0.09811805800059115,0.11755276435859252,0.0723506250566539,0.020073459511076308,0.024931580752634463,0.028997436257168552
0.848,0.09814836766680712,0.11750551371842266,0.07226516912285064,0.020060881572154354,0.024849734607145457,0.028916390528550773
0.85,0.09817551124974488,0.11745532067813569,0.07217955125864028,0.020048198939325745,0.024768176947554954,0.028835571125942705
0.852,0.0981995162831828,0.1174022424748915,0.0720937821962806,0.020035415607686957,0.02468690619006697,0.02875497742390354
0.854,0.09822041025935291,0.11734633531122984,0.07200787236633643,0.020022535461143187,0.024605920766238132,0.028674608798524126
0.856,0.09823822062494214,0.11728765437400868,0.07192183190479695,0.02000956227516415,0.024525219123066044,0.028594464627430538
0.858,0.09825297477721051,0.11722625385299823,0.07183567066004404,0.0199964997194777,0.02444479972305924,0.028514544289785837
0.86,0.09826470006022081,0.11716218695913927,0.07174939819967352,0.019983351360701063,0.02436466104428736,0.028434847166293187
0.862,0.0982734237611802,0.1170955059424692,0.07166302381717338,0.019970120664912105,0.02428480158041424,0.028355372639197407
0.864,0.09827917310689083,0.11702626210972333,0.07157655653845985,0.019956811000161778,0.02420521984071411,0.02827612009228697
0.866,0.09828197526030635,0.11695450584161526,0.07149000512827497,0.019943425638928813,0.024125914350072053,0.02819708891089623
0.868,0.0982818573171933,0.11688028660980398,0.0714033780964487,0.019929967760517142,0.024046883648968898,0.028118278481905845
0.87,0.0982788463028954,0.11680365299355144,0.07131668370402666,0.01991644045339913,0.023968126293451908,0.028039688193744805
0.872,0.09827296916919726,0.11672465269607568,0.07122992996926714,0.019902846717503975,0.023889640855092376,0.027961317436391298
0.874,0.09826425279128692,0.1166433325606071,0.07114312467350947,0.019889189466452573,0.02381142592093033,0.027883165601373383
0.876,0.0982527239648141,0.11655973858615121,0.07105627536691661,0.019875471529742006,0.02373348009340659,0.02780523208176988
0.878,0.09823840940304396,0.11647391594296264,0.0709693893740928,0.01986169565487761,0.02365580199028483,0.027727516272210373
0.88,0.09822133573410152,0.11638590898773704,0.07088247379958124,0.019847864509456414,0.023578390244562097,0.027650017568876306
0.882,0.09820152949830785,0.11629576127852448,0.07079553553324147,0.01983398068320197,0.023501243504369995,0.027572735369500112
0.884,0.09817901714560362,0.11620351558937014,0.07070858125551038,0.019820046689950743,0.02342436043286611,0.02749566907336587
0.886,0.09815382503306003,0.11610921392468665,0.07062161744254869,0.019806064969592585,0.023347739708117654,0.027418818081309082
0.888,0.09812597942247403,0.11601289753336297,0.07053465037127471,0.019792037889965863,0.023271380022976018,0.027342181795715792
0.89,0.09809550647804666,0.11591460692261402,0.0704476861242882,0.019777967748707992,0.023195280084945535,0.0272657596205228
0.892,0.09806243226414235,0.11581438187157667,0.07036073059468628,0.019763856775061317,0.023119438616043375,0.027189550961216558
0.894,0.09802678274312782,0.11571226144465552,0.07027378949077301,0.01974970713163815,0.023043854352655435,0.027113555224832275
0.896,0.0979885837732879,0.11560828400462353,0.07018686834066545,0.0197355209161425,0.02296852604538424,0.027037771819953926
0.898,0.0979478611068183,0.11550248722548173,0.07009997249679722,0.01972130016305207,0.022893452458893515,0.026962200156712024
0.9,0.09790464038789182,0.11539490810508202,0.0700131071403236,0.019707046845260257,0.02281863237174675,0.02688683964678318
0.902,0.09785894715079801,0.11528558297751834,0.06992627728542722,0.019692762875678227,0.022744064576242007,0.026811689703388764
0.904,0.09781080681815202,0.11517454752528855,0.06983948778352889,0.019678450108799872,0.022669747878242275,0.026736749741293808
0.906,0.09776024469917499,0.11506183679123283,0.06975274332740433,0.019664110342229257,0.022595681097003162,0.026662019176804996
0.908,0.09770728598804101,0.11494748519025189,0.0696660484552083,0.019649745318170764,0.022521863064997483,0.026587497427769335
0.91,0.09765195576229013,0.1148315265208093,0.06957940755440895,0.019635356724885034,0.022448292627736066,0.026513183913572824
0.912,0.0975942789813069,0.11471399397622029,0.0694928248656339,0.01962094619810828,0.022374968643587678,0.026439078055138232
0.914,0.09753428048486135,0.11459492015573369,0.06940630448642904,0.019606515322439177,0.02230188998359628,0.026365179274923545
0.916,0.09747198499171295,0.11447433707540822,0.06931985037493282,0.019592065632691114,0.022229055531296726,0.026291486996919966
0.918,0.09740741709827305,0.11435227617878829,0.0692334663534675,0.019577598615212466,0.0221564641825287,0.026218000646650363
0.92,0.09734060127732835,0.11422876834738172,0.06914715611204869,0.019563115709174905,0.0220841148452513,0.02614471965116616
0.922,0.09727156187682051,0.11410384391094497,0.06906092321181512,0.019548618307830834,0.022012006439354304,0.026071643439046444
0.924,0.09720032311868176,0.11397753265757649,0.06897477108838079,0.019534107759739294,0.021940137896471645,0.025998771440395085
0.926,0.09712690909772714,0.11384986384362472,0.0688887030551093,0.019519585369963233,0.021868508159792466,0.025926103086838292
0.928,0.09705134378059843,0.11372086620341193,0.06880272230631479,0.019505052401237455,0.02179711618387392,0.025853637811522612
0.93,0.09697365100476096,0.11359056795877809,0.06871683192038791,0.019490510075107714,0.02172596093445267,0.02578137504911293
0.932,0.09689385447755194,0.11345899682844762,0.06863103486285116,0.019475959573042045,0.021655041388258578,0.02570931423578915
0.934,0.09681197777527761,0.11332618003722383,0.06854533398934315,0.01946140203751545,0.021584356532827087,0.025637454809244176
0.936,0.09672804434235993,0.11319214432501123,0.06845973204853362,0.019446838573067726,0.02151390536631448,0.025565796208681713
0.9380000000000001,0.09664207749053011,0.11305691595567224,0.06837423168497203,0.019432270247334626,0.021443686897312464,0.025494337874812922
0.9400000000000001,0.09655410039806811,0.11292052072571801,0.06828883544186914,0.01941769809205507,0.021373700144664998,0.025423079249854208
0.9420000000000001,0.09646413610908788,0.11278298397283959,0.06820354576381371,0.019403123104052566,0.021303944137285535,0.02535201977752477
0.9440000000000001,0.0963722075328659,0.1126443305842797,0.0681183649994268,0.01938854624619224,0.021234417913976733,0.025281158903043277
0.9460000000000001,0.09627833744321301,0.1125045850050499,0.06803329540395353,0.019373968448315404,0.02116512052325148,0.02521049607312542
0.9480000000000001,0.09618254847788776,0.11236377124599461,0.06794833914179388,0.01935939060814973,0.021096051023154816,0.025140030735981256
0.9500000000000001,0.0960848631380502,0.11222191289170613,0.06786349828897409,0.01934481359219742,0.021027208481088744,0.025069762341312085
0.9520000000000001,0.09598530378775627,0.11207903310829215,0.06777877483556116,0.01933023823660096,0.020958591973638585,0.02499969034030758
0.9540000000000001,0.09588389265348951,0.11193515465099879,0.06769417068801831,0.01931566534798823,0.020890200586400898,0.02492981418564333
0.9560000000000001,0.09578065182373185,0.11179029987169331,0.06760968767150666,0.019301095704295168,0.020822033413814278,0.02486013333147752
0.9580000000000001,0.09567560324856972,0.11164449072620619,0.06752532753213125,0.01928653005556913,0.02075408955899194,0.024790647233447816
0.96,0.09556876873933695,0.11149774878153806,0.06744109193913395,0.019271969124751376,0.020686368133556288,0.024721355348668927
0.962,0.09546016996829176,0.11135009522293227,0.06735698248703503,0.01925741360844002,0.020618868257476164,0.024652257135728828
0.964,0.09534982846832851,0.11120155086081551,0.06727300069772202,0.0192428641776341,0.02055158905890675,0.024583352054686314
0.966,0.09523776563272124,0.11105213613761067,0.06718914802249021,0.019228321478458765,0.020484529674031027,0.02451463956706812
0.968,0.09512400271489985,0.11090187113442163,0.06710542584403334,0.019213786132872057,0.02041768924690457,0.02444611913586492
0.97,0.09500856082825848,0.11075077557759516,0.0670218354783867,0.01919925873935413,0.020351066929301664,0.024377790225529106
0.972,0.0948914609459921,0.11059886884516001,0.06693837817682335,0.019184739873578494,0.02028466188056588,0.02430965230197124
0.974,0.09477272390096547,0.11044616997314627,0.06685505512770518,0.019170230089066598,0.020218473267460846,0.024241704832557387
0.976,0.09465237038560792,0.11029269766178729,0.06677186745828823,0.019155729917826214,0.020152500264025708,0.02417394728610489
0.978,0.09453042095183872,0.1101384702816075,0.0666888162364847,0.019141239870972493,0.02008674205143146,0.024106379132880607
0.98,0.09440689601101782,0.10998350587939454,0.06660590247258225,0.019126760439333923,0.020021197817841063,0.024038999844596454
0.982,0.09428181583392425,0.10982782218406317,0.06652312712092145,0.019112292094042527,0.019955866758271323,0.0239718088944072
0.984,0.09415520055075932,0.10967143661240786,0.06644049108153172,0.0190978352871094,0.019890748074458342,0.023904805756906455
0.986,0.09402707015117562,0.10951436627474997,0.06635799520172792,0.019083390451984705,0.019825840974724507,0.023837989908124024
0.988,0.09389744448432924,0.10935662798047896,0.06627564027766719,0.019068958004103687,0.019761144673848596,0.02377136082552256
0.99,0.09376634325895705,0.10919823824349129,0.06619342705586795,0.01905453834141868,0.01969665839293877,0.02370491798799379
0.992,0.09363378604347572,0.1090392132875273,0.06611135623469067,0.019040131844917152,0.019632381359307338,0.023638660875856088
0.994,0.09349979226610294,0.10887956905140994,0.06602942846578319,0.01902573887912684,0.019568312806348853,0.02357258897085046
0.996,0.09336438121500112,0.10871932119418526,0.06594764435548894,0.019011359792606708,0.019504451973420434,0.023506701756137893
0.998,0.09322757203844168,0.10855848510016841,0.06586600446622137,0.018996994918426546,0.0194407981057243,0.023440998716295347
1.0,0.09308938374498887,0.10839707588389391,0.06578450931780311,0.018982644574632612,0.019377350454193643,0.02337547933731332
1.002,0.09294983520370459,0.10823510839497619,0.06570315938877203,0.018968309064702593,0.01931410827538005,0.023310143106591852
1.004,0.09280894514437188,0.10807259722287799,0.06562195511765512,0.018953988677987477,0.01925107083134403,0.02324498951293763
1.006,0.09266673215773613,0.1079095567015913,0.06554089690420928,0.018939683690142317,0.01918823738954778,0.023180018046560225
1.008,0.09252321469576597,0.10774600091423103,0.06545998511063233,0.0189253943635459,0.019125607222750363,0.023115228199069415
1.01,0.09237841107192968,0.1075819436975427,0.06537922006274188,0.01891112094770886,0.019063179608904912,0.0230506194634712
1.012,0.09223233946149034,0.10741739864632716,0.06529860205112503,0.01889686367967114,0.01900095383105893,0.02298619133416513
1.014,0.09208501790181578,0.10725237911778285,0.06521813133225973,0.01888262278438968,0.018938929177256147,0.022921943306940307
1.016,0.09193646429270541,0.10708689823576778,0.06513780812960612,0.018868398475114345,0.01887710494044126,0.022857874878972506
1.018,0.09178669639673198,0.10692096889498104,0.06505763263467101,0.018854190953755623,0.018815480418366448,0.02279398554882084
1.02,0.09163573183959817,0.10675460376506885,0.06497760500804484,0.01884000041124101,0.01875405491350035,0.0227302748164242
1.022,0.09148358811050761,0.10658781529465222,0.0648977253804115,0.01882582702786273,0.018692827732939232,0.022666742183097943
1.024,0.09133028256255016,0.10642061571528116,0.0648179938535336,0.018811670973615913,0.01863179818832017,0.02260338715153054
1.026,0.09117583241309979,0.10625301704531553,0.06473841050121054,0.01879753240852744,0.018570965595736233,0.022540209225780483
1.028,0.09102025474422581,0.10608503109373313,0.06465897537021292,0.018783411482976797,0.018510329275654103,0.022477207911272723
1.03,0.09086356650311767,0.10591666946386757,0.06457968848119244,0.018769308338007384,0.01844988855283347,0.022414382714795122
1.032,0.09070578450251965,0.10574794355707695,0.06450054982956788,0.01875522310562938,0.018389642756248215,0.02235173314449579
1.034,0.0905469254211797,0.10557886457634424,0.06442155938638816,0.018741155909115292,0.01832959121901001,0.022289258709878856
1.036,0.0903870058043077,0.10540944352981096,0.06434271709917283,0.018727106863286602,0.01826973327829373,0.0222269589218016
1.038,0.0902260420640455,0.10523969123424615,0.06426402289273048,0.01871307607479311,0.01821006827526417,0.02216483329247132
1.04,0.09006405047994726,0.10506961831844963,0.06418547666995478,0.018699063642384273,0.0181505955550052,0.02210288133544136
1.042,0.0899010471994699,0.10489923522659317,0.06410707831260098,0.018685069657173425,0.01809131446645096,0.022041102565608428
1.044,0.0897370482384734,0.10472855222149957,0.06402882768204088,0.0186710942028947,0.01803222436231766,0.021979496499208606
1.046,0.08957206948172991,0.10455757938786148,0.06395072461999707,0.01865713735615282,0.01797332459903833,0.021918062653814463
1.048,0.08940612668344272,0.1043863266353997,0.0638727689492593,0.01864319918666557,0.017914614536698847,0.021856800548331723
1.05,0.08923923546777357,0.1042148037019639,0.06379496047437994,0.01862927975750095,0.017856093538975326,0.02179570970299549
1.052,0.08907141132937779,0.10404302015657563,0.06371729898235201,0.018615379125305642,0.017797760973073062,0.021734789639367147
1.054,0.0889026696339481,0.10387098540241468,0.0636397842432681,0.01860149734052885,0.017739616209667686,0.021674039880331453
1.056,0.08873302561876617,0.1036987086797514,0.0635624160109618,0.018587634447639445,0.01768165862284743,0.02161345995009234
1.058,0.08856249439326058,0.10352619906882343,0.06348519402363162,0.018573790485336694,0.01762388759005673,0.02155304937417024
1.06,0.08839109093957309,0.10335346549266045,0.06340811800444812,0.01855996548675498,0.017566302492041386,0.02149280767939854
1.062,0.08821883011313103,0.10318051671985584,0.0633311876621443,0.01854615947966365,0.017508902712795926,0.02143273439392024
1.064,0.08804572664322552,0.10300736136728772,0.06325440269158977,0.018532372486659954,0.01745168763951077,0.021372829047184627
1.066,0.08787179513359766,0.10283400790278963,0.06317776277434861,0.018518604525357807,0.01739465666252249,0.021313091169943732
1.068,0.08769705006302853,0.10266046464777245,0.06310126757922307,0.01850485560857007,0.01733780917526384,0.02125352029424943
1.07,0.0875215057859362,0.10248673977979683,0.06302491676278077,0.018491125744486414,0.017281144574216256,0.021194115953449888
1.072,0.08734517653297824,0.1023128413350991,0.06294870996986845,0.018477414936845626,0.01722466225886299,0.02113487768218625
1.074,0.08716807641165802,0.10213877721107067,0.06287264683411031,0.018463723185103698,0.017168361631643814,0.02107580501638906
1.076,0.08699021940693741,0.1019645551686914,0.06279672697839289,0.018450050484595693,0.017112242097910402,0.0210168974932754
1.078,0.08681161938185289,0.1017901828349177,0.06272095001533629,0.018436396826694512,0.01705630306588346,0.02095815465134554
1.08,0.08663229007813666,0.10161566770502817,0.06264531554775177,0.018422762198963882,0.01700054394661099,0.020899576030379174
1.082,0.08645224511684213,0.1014410171449247,0.06256982316908677,0.018409146585307568,0.016944964153926767,0.020841161171432754
1.084,0.08627149799897249,0.101266238393392,0.062494472463856976,0.018395549966113922,0.016889563104411254,0.020782909616835488
1.086,0.08609006210611403,0.10109133856431507,0.06241926300806577,0.018381972318396667,0.016834340217351862,0.02072482091018646
1.088,0.08590795070107182,0.10091632464885647,0.06234419436961214,0.01836841361593078,0.01677929491470631,0.020666894596351515
1.09,0.0857251769285099,0.10074120351759319,0.06226926610868633,0.018354873829384832,0.01672442662106488,0.020609130221459493
1.092,0.08554175381559337,0.10056598192261501,0.062194477778154234,0.01834135292644934,0.01666973476361533,0.020551527332899333
1.094,0.08535769427263395,0.10039066649958306,0.06211982892393042,0.018327850871961315,0.016615218772107365,0.020494085479316748
1.096,0.08517301109373854,0.10021526376975198,0.0620453190853405,0.01831436762802552,0.01656087807881934,0.02043680421061045
1.098,0.08498771695745977,0.10003978014195458,0.06197094779547263,0.018300903154131243,0.016506712118524725,0.020379683077929478
1.1,0.08480182442744866,0.0998642219145498,0.06189671458151835,0.018287457407265784,0.016452720328459902,0.020322721633669882
1.102,0.08461534595311004,0.0996885952773352,0.06182261896510388,0.01827403034202546,0.01639890214829287,0.020265919431471158
1.104,0.08442829387025985,0.09951290631342502,0.06174866046261118,0.018260621910721753,0.016345257020092596,0.02020927602621292
1.106,0.08424068040178345,0.09933716100109291,0.061674838585489056,0.018247232063485663,0.016291784388299035,0.020152790974012014
1.108,0.08405251765829669,0.09916136521558161,0.06160115284055556,0.01823386074836786,0.016238483699694495,0.02009646383221919
1.11,0.08386381763880735,0.09898552473087974,0.061527602730290676,0.018220507911436146,0.016185354403374763,0.02004029415941555
1.112,0.08367459223137907,0.09880964522146574,0.06145418775312028,0.018207173496869844,0.016132395950722245,0.019984281515409652
1.114,0.08348485321379528,0.09863373226402028,0.06138090740369129,0.01819385744705171,0.016079607795378204,0.01992842546123419
1.116,0.08329461225422485,0.0984577913391067,0.06130776117313852,0.018180559702655863,0.01602698939321745,0.019872725559142657
1.118,0.08310388091188825,0.09828182783282235,0.061234748549342966,0.018167280202734393,0.01597454020232214,0.01981718137260624
1.12,0.082912670637725,0.09810584703841818,0.06116186901718246,0.01815401888480017,0.015922259682956907,0.01976179246631027
1.122,0.08272099277506073,0.09792985415789035,0.061089122058773704,0.018140775684907462,0.0158701472975451,0.01970655840615132
1.124,0.08252885856027592,0.09775385430354144,0.061016507153707655,0.018127550537730297,0.015818202510644586,0.019651478759234342
1.1260000000000001,0.08233627912347363,0.09757785249951478,0.06094402377927688,0.01811434337663753,0.01576642478892465,0.01959655309386843
1.1280000000000001,0.08214326548914919,0.09740185368329946,0.06087167141069494,0.01810115413376634,0.015714813601144018,0.019541780979564827
1.1300000000000001,0.08194982857685762,0.0972258627072089,0.06079944952131022,0.018087982740092823,0.015663368418127988,0.01948716198703271
1.1320000000000001,0.08175597920188338,0.09704988433983286,0.060727357582812,0.018074829125500624,0.015612088712747996,0.019432695688176738
1.1340000000000001,0.08156172807590845,0.09687392326746203,0.060655395065429385,0.018061693218847097,0.015560973959900082,0.01937838165609329
1.1360000000000001,0.08136708580768093,0.09669798409548802,0.06058356143812471,0.018048574948027474,0.01551002363648446,0.019324219465067793
1.1380000000000001,0.08117206290368251,0.0965220713497772,0.06051185616877919,0.01803547424003682,0.01545923722138598,0.019270208690571167
1.1400000000000001,0.08097666976879658,0.09634618947801976,0.0604402787243743,0.01802239102102976,0.01540861419545414,0.01921634890925672
1.1420000000000001,0.0807809167069744,0.09617034285105497,0.06036882857116499,0.018009325216379102,0.01535815404148444,0.019162639698957262
1.1440000000000001,0.08058481392190187,0.09599453576417205,0.060297505174848665,0.01799627675073112,0.015307856244199947,0.019109080638681775
1.1460000000000001,0.0803883715176652,0.09581877243838699,0.06022630800072726,0.01798324554806019,0.01525772029023309,0.019055671308612077
1.1480000000000001,0.08019159949941468,0.09564305702169773,0.060155236513864674,0.017970231531720948,0.015207745668107897,0.01900241129009972
1.1500000000000001,0.07999450777402939,0.09546739359031586,0.060084290179237776,0.017957234624498497,0.015157931868222674,0.01894930016566332
1.1520000000000001,0.07979710615077917,0.09529178614987543,0.06001346846188338,0.017944254748657906,0.015108278382833129,0.018896337518984785
1.154,0.07959940434198631,0.095116238636622,0.05994277082703858,0.017931291825990625,0.015058784706036388,0.01884352293490643
1.156,0.07940141196368566,0.09494075491857812,0.05987219674027733,0.017918345777860223,0.015009450333754115,0.01879085599942809
1.158,0.07920313853628458,0.09476533879668936,0.059801745667641626,0.017905416525246576,0.014960274763717418,0.018738336299703562
1.16,0.07900459348521927,0.09458999400594914,0.05973141707576768,0.01789250398878761,0.01491125749545108,0.018685963424038166
1.162,0.07880578614161227,0.09441472421650365,0.05966121043200778,0.01787960808882061,0.014862398030258461,0.01863373696188475
1.164,0.0786067257429266,0.09423953303473631,0.05959112520454801,0.01786672874542128,0.014813695871207289,0.01858165650384125
1.166,0.078407421433619,0.09406442400433424,0.05952116086252057,0.017853865878441955,0.014765150523114556,0.018529721641647345
1.168,0.07820788226579167,0.09388940060733386,0.05945131687611305,0.01784101940754823,0.014716761492532981,0.01847793196818137
1.17,0.07800811719984213,0.09371446626514901,0.05938159271667276,0.017828189252253823,0.014668528287737237,0.018426287077457415
1.172,0.07780813510511098,0.09353962433958052,0.059311987856807136,0.017815375331954986,0.014620450418709963,0.018374786564621992
1.174,0.07760794476052868,0.09336487813380745,0.05924250177048074,0.017802577565962485,0.014572527397128887,0.01832343002595116
1.176,0.07740755485525952,0.09319023089336076,0.059173133933107414,0.01778979587353402,0.014524758736354393,0.018272217058847406
1.178,0.07720697398934462,0.09301568580707986,0.05910388382163978,0.01777703017390353,0.014477143951416194,0.018221147261836546
1.18,0.07700621067434144,0.09284124600805188,0.05903475091465471,0.01776428038631095,0.014429682559001122,0.018170220234564827
1.182,0.07680527333396281,0.09266691457453402,0.05896573469243571,0.017751546430029963,0.01438237407744114,0.018119435577795606
1.184,0.07660417030471356,0.0924926945308604,0.05889683463705042,0.017738828224394876,0.014335218026701568,0.01806879289340646
1.186,0.07640290983652376,0.09231858884833155,0.05882805023242721,0.017726125688826144,0.01428821392836932,0.018018291784386298
1.188,0.07620150009338134,0.09214460044608952,0.058759380964426455,0.017713438742855914,0.014241361305641131,0.017967931854832253
1.19,0.07599994915396135,0.09197073219197627,0.058690826320909384,0.01770076730615111,0.014194659683313349,0.017917712709946576
1.192,0.07579826501225395,0.09179698690337745,0.0586223857918049,0.017688111298536757,0.014148108587770158,0.017867633956033302
1.194,0.07559645557818895,0.0916233673480511,0.05855405886917131,0.017675470640017288,0.01410170754697293,0.017817695200496253
1.196,0.07539452867825869,0.09144987624494205,0.0584858450472574,0.01766284525079831,0.014055456090450225,0.01776789605183482
1.198,0.0751924920561382,0.09127651626498157,0.058417743822559265,0.017650235051305918,0.014009353749287135,0.01771823611964196
1.2,0.07499035337330362,0.09110329003187267,0.05834975469387538,0.017637639962206686,0.013963400056115294,0.017668715014600433
1.202,0.07478812020964676,0.09093020012286246,0.05828187716235811,0.017625059904425422,0.01391759454510244,0.017619332348480565
1.204,0.07458580006408844,0.09075724906950011,0.058214110731563684,0.01761249479916316,0.013871936751943759,0.017570087734136708
1.206,0.07438340035518842,0.09058443935838167,0.05814645490749859,0.017599944567913806,0.013826426213851217,0.017520980785504348
1.208,0.07418092842175383,0.09041177343188211,0.05807890919866465,0.017587409132480136,0.013781062469544691,0.01747201111759744
1.21,0.07397839152344332,0.09023925368887453,0.05801147311610122,0.017574888414989553,0.01373584505924308,0.017423178346505308
1.212,0.07377579684137014,0.09006688248543582,0.057944146173424915,0.017562382337908078,0.013690773524654976,0.01737448208938952
1.214,0.07357315147870169,0.08989466213554143,0.057876927886868046,0.01754989082405478,0.013645847408969347,0.01732592196448124
1.216,0.07337046246125656,0.08972259491174683,0.05780981777531369,0.017537413796614665,0.01360106625684776,0.017277497591078106
1.218,0.07316773673809895,0.08955068304585767,0.057742815360329436,0.017524951179151538,0.013556429614415055,0.017229208589541356
1.22,0.07296498118213002,0.0893789287295883,0.05767592016619938,0.017512502895620008,0.013511937029251575,0.01718105458129271
1.222,0.07276220259067734,0.08920733411520798,0.05760913171995341,0.017500068870376584,0.01346758805038406,0.01713303518881193
1.224,0.07255940768608005,0.089035901316177,0.057542449551395425,0.017487649028190555,0.013423382228278546,0.01708515003563371
1.226,0.07235660311627279,0.08886463240777132,0.05747587319312908,0.01747524329425465,0.0133793191148317,0.017037398746344357
1.228,0.07215379545536571,0.08869352942769537,0.05740940218058199,0.017462851594193696,0.013335398263363274,0.016989780946579547
1.23,0.07195099120422199,0.08852259437668608,0.057343036052028395,0.017450473854074833,0.013291619228608553,0.016942296263021017
1.232,0.0717481967910325,0.08835182921910478,0.05727677434861023,0.017438110000415508,0.013247981566710143,0.016894944323393668
1.234,0.07154541857188756,0.08818123588351989,0.057210616614356224,0.01742575996019169,0.013204484835211305,0.016847724756463123
1.236,0.07134266283134605,0.08801081626327889,0.05714456239619925,0.01741342366084564,0.013161128593048188,0.016800637192032397
1.238,0.07113993578300071,0.08784057221707098,0.05707861124399294,0.017401101030292576,0.013117912400542497,0.016753681260939457
1.24,0.07093724357004172,0.08767050556947953,0.05701276271052658,0.017388791996928,0.013074835819395059,0.016706856595053665
1.242,0.07073459226581646,0.08750061811152521,0.056947016351538426,0.017376496489633686,0.013031898412678489,0.016660162827273783
1.244,0.07053198787438664,0.08733091160119999,0.05688137172572705,0.017364214437783687,0.012989099744829868,0.01661359959152464
1.246,0.07032943633108246,0.0871613877639914,0.056815828394762846,0.01735194577124921,0.012946439381644526,0.01656716652275425
1.248,0.0701269435030536,0.0869920482933988,0.056750385923297175,0.017339690420404397,0.012903916890269373,0.016520863256931584
1.25,0.06992451518981735,0.08682289485143913,0.056685043878970554,0.017327448316130534,0.01286153183919625,0.0164746894310428
1.252,0.06972215712380403,0.08665392906914637,0.0566198018324191,0.01731521938982028,0.012819283798255476,0.016428644683089244
1.254,0.06951987497089851,0.0864851525470598,0.05655465935728121,0.01730300357338188,0.012777172338609422,0.016382728652084344
1.256,0.06931767433098024,0.08631656685570599,0.05648961603020175,0.0172908007992425,0.012735197032746504,0.016336940978050718
1.258,0.06911556073845815,0.08614817353607185,0.05642467143083585,0.017278611000351773,0.012693357454474752,0.016291281302017513
1.26,0.06891353966280467,0.0859799741000693,0.05635982514185156,0.01726643411018447,0.012651653178915812,0.01624574926601774
1.262,0.0687116165090853,0.08581197003099228,0.056295076748931194,0.01725427006274316,0.01261008378249917,0.016200344513085163
1.264,0.06850979661848555,0.08564416278396614,0.056230425840772424,0.017242118792560657,0.012568648842955943,0.016155066687251862
1.266,0.06830808526883514,0.0854765537863893,0.056165872009087625,0.01722998023470179,0.012527347939313316,0.01610991543354512
1.268,0.0681064876751285,0.08530914443836757,0.05610141484860298,0.017217854324765414,0.012486180651888779,0.0160648903979852
1.27,0.06790500899004281,0.08514193611314069,0.05603705395705583,0.017205740998885943,0.012445146562284348,0.01601999122758202
1.272,0.06770365430445291,0.08497493015750246,0.0559727889351922,0.017193640193734483,0.01240424525338124,0.01597521757033271
1.274,0.06750242864794287,0.08480812789221237,0.0559086193867635,0.017181551846519483,0.012363476309333876,0.015930569075218726
1.276,0.06730133698931429,0.0846415306124022,0.05584454491852142,0.017169475894988295,0.012322839315564993,0.015886045392203618
1.278,0.06710038423709253,0.08447513958797392,0.05578056514021301,0.017157412277426953,0.012282333858760097,0.015841646172229495
1.28,0.06689957524002899,0.08430895606399202,0.0557166796645745,0.017145360932660614,0.012241959526862356,0.015797371067214794
1.282,0.06669891478760026,0.08414298126106945,0.05565288810732483,0.01713332180005378,0.012201715909066824,0.015753219730051837
1.284,0.06649840761050507,0.08397721637574618,0.05558919008715857,0.017121294819510524,0.012161602595816223,0.015709191814603285
1.286,0.06629805838115765,0.08381166258086137,0.055525585225737695,0.017109279931473376,0.012121619178795173,0.015665286975700576
1.288,0.06609787171417758,0.08364632102592107,0.055462073147683144,0.017097277076923323,0.012081765250925303,0.015621504869140157
1.29,0.06589785216687738,0.08348119283745703,0.055398653480565496,0.017085286197379146,0.012042040406360366,0.01557784515168148
1.292,0.06569800423974659,0.08331627911938244,0.05533532585489587,0.01707330723489653,0.01200244424048158,0.015534307481043896
1.294,0.06549833237693337,0.08315158095333919,0.05527208990411503,0.01706134013206695,0.011962976349892518,0.015490891515904437
1.296,0.06529884096672212,0.08298709939904136,0.055208945264582754,0.017049384832016345,0.011923636332414222,0.015447596915894923
1.298,0.06509953434200866,0.08282283549461122,0.05514589157556693,0.01703744127840401,0.01188442378708121,0.015404423341599305
1.3,0.06490041678077296,0.08265879025691159,0.055082928479231574,0.017025509415421025,0.011845338314135923,0.015361370454550771
1.302,0.064701492506547,0.08249496468187112,0.05502005562062462,0.017013589187788947,0.011806379515024945,0.015318437917229755
1.304,0.06450276568888191,0.08233135974480454,0.054957272647665256,0.017001680540757347,0.011767546992393685,0.015275625393060599
1.306,0.06430424044381033,0.08216797640072859,0.05489457921113128,0.01698978342010271,0.01172884035008237,0.015232932546409561
1.308,0.06410592083430688,0.08200481558467132,0.05483197496464487,0.016977897772125772,0.01169025919312161,0.015190359042581703
1.31,0.06390781087074449,0.08184187821197741,0.05476945956465995,0.016966023543649733,0.011651803127728178,0.015147904547818225
1.312,0.06370991451134889,0.08167916517860796,0.05470703267044663,0.01695416068201805,0.011613471761299898,0.015105568729294472
1.314,0.06351223566264985,0.08151667736143531,0.05464469394407789,0.016942309135091982,0.011575264702412325,0.01506335125511682
1.316,0.06331477817992837,0.08135441561853307,0.05458244305041382,0.016930468851247937,0.011537181560813847,0.015021251794320234
1.318,0.06311754586766227,0.08119238078946212,0.05452027965708717,0.016918639779375466,0.011499221947421923,0.014979270016865609
1.32,0.06292054247996859,0.08103057369555078,0.054458203434487595,0.016906821868873934,0.011461385474318408,0.01493740559363732
1.322,0.06272377172104182,0.08086899514017132,0.054396214055745684,0.016895015069650743,0.011423671754746012,0.014895658196440342
1.324,0.06252723724559095,0.08070764590901103,0.05433431119671739,0.01688321933211734,0.01138608040310407,0.014854027497998246
1.326,0.06233094265927219,0.08054652677034024,0.05427249453596761,0.016871434607187208,0.011348611034944334,0.014812513171950314
1.328,0.062134891519119106,0.08038563847527458,0.05421076375475353,0.016859660846272773,0.011311263266966964,0.014771114892848658
1.33,0.061939087333970244,0.08022498175803428,0.05414911853700799,0.016847898001281836,0.011274036717016989,0.014729832336156212
1.332,0.061743533564893927,0.080064557336198,0.05408755856932279,0.01683614602461536,0.011236931004080075,0.014688665178244076
1.334,0.061548233625608795,0.07990436591095351,0.05402608354093141,0.01682440486916348,0.011199945748278761,0.014647613096388845
1.336,0.061353190882903696,0.07974440816734396,0.05396469314369168,0.016812674488302815,0.011163080570868678,0.014606675768770172
1.338,0.06115840865705224,0.07958468477451053,0.05390338707206843,0.016800954835892945,0.011126335094234552,0.0145658528744681
1.34,0.06096389022222648,0.07942519638593026,0.05384216502311534,0.016789245866273284,0.011089708941886656,0.014525144093460618
1.342,0.060769638806906334,0.079265943639651,0.05378102669645801,0.016777547534259307,0.01105320173845703,0.014484549106621447
1.344,0.06057565759428729,0.07910692715852274,0.05371997179427557,0.01676585979513945,0.011016813109695933,0.014444067595717147
1.346,0.060381949722684514,0.0789481475504239,0.05365900002128221,0.016754182604671763,0.010980542682467842,0.0144036992434049
1.348,0.060188518285933856,0.07878960540848556,0.05359811108470991,0.016742515919079937,0.010944390084748346,0.01436344373322962
1.35,0.0599953663337911,0.07863130131131135,0.05353730469428952,0.016730859695050393,0.010908354945620147,0.014323300749622181
1.352,0.059802496872327415,0.07847323582319343,0.05347658056223237,0.01671921388972808,0.010872436895269733,0.014283269977896085
1.354,0.0596099128643226,0.07831540949432636,0.053415938403212015,0.016707578460713135,0.01083663556498382,0.014243351104245905
1.356,0.059417617229654995,0.07815782286101625,0.05335537793434586,0.016695953366057337,0.010800950587145586,0.014203543815743958
1.358,0.05922561284568939,0.07800047644588703,0.053294898875176244,0.016684338564260548,0.010765381595231549,0.014163847800338525
1.36,0.059033902547661166,0.0778433707580839,0.053234500947651364,0.0166727340142665,0.01072992822380825,0.014124262746850968
1.362,0.05884248912905865,0.07768650629347285,0.053174183876107506,0.01666113967545968,0.010694590108528246,0.014084788344973731
1.364,0.058651375342002154,0.0775298835348377,0.053113947387249505,0.01664955550766134,0.010659366886127453,0.014045424285267227
1.366,0.058460563897620554,0.07737350295207346,0.05305379121013232,0.016637981471125496,0.010624258194421143,0.014006170259158068
1.368,0.05827005746642455,0.07721736500237708,0.05299371507614148,0.016626417526535597,0.010589263672301286,0.013967025958936619
1.37,0.05807985867867815,0.07706147013043507,0.05293371871897512,0.016614863635000754,0.010554382959732544,0.013927991077753887
1.372,0.05788997012476704,0.07690581876860803,0.052873801874624204,0.016603319758051516,0.010519615697749396,0.013889065309619975
1.374,0.057700394355563844,0.07675041133711269,0.05281396428135454,0.01659178585763632,0.01048496152845324,0.013850248349400962
1.3760000000000001,0.057511133882791166,0.07659524824420028,0.052754205679686805,0.016580261896117943,0.010450420095008184,0.01381153989281736
1.3780000000000001,0.05732219117938242,0.07644032988633342,0.05269452581237832,0.01656874783626927,0.010415991041639039,0.013772939636440773
1.3800000000000001,0.057133568679838875,0.07628565664835918,0.052634924424404206,0.01655724364126998,0.010381674013626885,0.01373444727769213
1.3820000000000001,0.05694526878058492,0.07613122890367952,0.05257540126293758,0.016545749274702093,0.01034746865730729,0.013696062514839236
1.3840000000000001,0.05675729384032069,0.0759770470144201,0.05251595607733184,0.01653426470054664,0.010313374620065652,0.01365778504699433
1.3860000000000001,0.056569646180371524,0.07582311133159503,0.05245658861910085,0.016522789883179456,0.010279391550335637,0.013619614574111427
1.3880000000000001,0.056382328085035516,0.07566942219527029,0.05239729864190035,0.016511324787368054,0.010245519097594968,0.013581550796984532
1.3900000000000001,0.05619534180192787,0.07551597993472359,0.05233808590150946,0.016499869378266974,0.010211756912362535,0.013543593417244981
1.3920000000000001,0.056008689542323076,0.07536278486860315,0.05227895015581163,0.016488423621414672,0.010178104646195951,0.013505742137359
1.3940000000000001,0.05582237348149488,0.07520983730508246,0.05221989116477577,0.016476987482729077,0.01014456195168778,0.013467996660625703
1.3960000000000001,0.05563639575905244,0.07505713754201393,0.05216090869043777,0.016465560928504486,0.010111128482463094,0.013430356691174428
1.3980000000000001,0.055450758479275386,0.07490468586707899,0.052102002496881905,0.016454143925407116,0.01007780389317614,0.013392821933962518
1.4000000000000001,0.05526546371144536,0.07475248255793754,0.05204317235022193,0.016442736440472006,0.01004458783950768,0.0133553920947731
1.4020000000000001,0.055080513490176175,0.07460052788237337,0.05198441801858289,0.016431338441098786,0.010011479978161208,0.013318066880212642
1.4040000000000001,0.054895909815739774,0.07444882209843828,0.051925739272082216,0.016419949895047914,0.009978479966861409,0.013280845997708957
1.4060000000000001,0.05471165465439176,0.07429736545459442,0.05186713588281178,0.016408570770436892,0.009945587464349925,0.01324372915550831
1.408,0.05452774993869225,0.07414615818985348,0.0518086076248192,0.016397201035737163,0.009912802130383147,0.013206716062673651
1.41,0.05434419756782671,0.07399520053391417,0.05175015427408991,0.016385840659769668,0.009880123625729098,0.013169806429082387
1.412,0.05416099940792196,0.07384449270729787,0.05169177560852867,0.016374489611701515,0.009847551612164773,0.013132999965423497
1.414,0.053978157292361884,0.07369403492148208,0.05163347140794161,0.016363147861041982,0.009815085752473252,0.01309629638319576
1.416,0.0537956730220992,0.07354382737903142,0.05157524145401782,0.01635181537763941,0.009782725710440365,0.01305969539470575
1.418,0.05361354836596521,0.07339387027372779,0.05151708553031198,0.016340492131676987,0.009750471150852702,0.013023196713064733
1.42,0.05343178506097779,0.07324416379069709,0.0514590034222262,0.016329178093669405,0.009718321739494051,0.012986800052186886
1.422,0.053250384812646656,0.07309470810653518,0.051400994916992016,0.016317873234459324,0.009686277143143185,0.012950505126787526
1.424,0.053069349295275625,0.07294550338943151,0.05134305980365306,0.016306577525213584,0.009654337029570526,0.012914311652379773
1.426,0.05288868015226367,0.07279654979929107,0.051285197873047306,0.016295290937419438,0.009622501067535927,0.012878219345273445
1.428,0.05270837899640268,0.07264784748785424,0.05122740891778954,0.016284013442881662,0.009590768926785564,0.01284222792257217
1.43,0.05252844741017393,0.07249939659881521,0.0511696927322538,0.016272745013718337,0.009559140278049272,0.012806337102171161
1.432,0.052348886946040896,0.07235119726793804,0.05111204911255651,0.01626148562235774,0.009527614793038097,0.012770546602755228
1.434,0.052169699126740854,0.07220324962317193,0.05105447785653894,0.016250235241534794,0.009496192144440974,0.012734856143796547
1.436,0.0519908854455744,0.07205555378476403,0.05099697876375009,0.01623899384428773,0.00946487200592272,0.012699265445552443
1.438,0.05181244736669122,0.07190810986537088,0.050939551635429625,0.0162277614039541,0.009433654052120932,0.012663774229062952
1.44,0.051634386325375425,0.07176091797016815,0.0508821962744912,0.01621653789416788,0.00940253795864332,0.012628382216149037
1.442,0.05145670372832756,0.0716139781969587,0.0508249124855058,0.016205323288855933,0.009371523402065263,0.012593089129409929
1.444,0.051279400953944565,0.07146729063627921,0.05076770007468445,0.016194117562234878,0.009340610059926924,0.012557894692221572
1.446,0.05110247935259804,0.07132085537150501,0.05071055884986242,0.016182920688807112,0.00930979761073103,0.012522798628733733
1.448,0.05092594024690933,0.0711746724789537,0.05065348862048191,0.01617173264335814,0.00927908573393954,0.012487800663868676
1.45,0.050749784932023534,0.07102874202798692,0.05059648919757631,0.016160553400953015,0.00924847410997165,0.012452900523317822
1.452,0.05057401467588063,0.07088306408111067,0.05053956039375396,0.01614938293693302,0.009217962420200898,0.012418097933540873
1.454,0.05039863071948503,0.07073763869407479,0.050482702023181725,0.016138221226912552,0.009187550346952955,0.012383392621762912
1.456,0.050223634277172025,0.07059246591597002,0.05042591390156903,0.01612706824677579,0.009157237573502286,0.012348784315972416
1.458,0.050049026536873376,0.0704475457893241,0.05036919584615207,0.016115923972673585,0.009127023784070376,0.012314272744918808
1.46,0.04987480866037952,0.07030287835019688,0.050312547675678276,0.01610478838102014,0.009096908663822623,0.012279857638111125
1.462,0.04970098178360094,0.07015846362827305,0.050255969210390106,0.016093661448490115,0.009066891898866114,0.01224553872581513
1.464,0.0495275470168266,0.07001430164695499,0.050199460272010166,0.016082543152015294,0.009036973176246965,0.012211315739051543
1.466,0.049354505444980434,0.0698703924234525,0.05014302068372478,0.016071433468781704,0.009007152183947653,0.012177188409593809
1.468,0.04918185812787579,0.06972673596887291,0.05008665027017001,0.016060332376226283,0.008977428610884575,0.012143156469966332
1.47,0.04900960610046856,0.06958333228830904,0.0500303488574152,0.016049239852034214,0.008947802146905826,0.012109219653441583
1.472,0.04883775037310678,0.06944018138092556,0.04997411627294879,0.016038155874135596,0.008918272482788536,0.01207537769403877
1.474,0.04866629193177996,0.06929728324004492,0.04991795234566321,0.016027080420702777,0.008888839310235985,0.012041630326521391
1.476,0.048495231738364675,0.06915463785323195,0.04986185690583955,0.016016013470146806,0.008859502321875379,0.012007977286395244
1.478,0.04832457073086993,0.06901224520237648,0.04980582978513337,0.016004955001115206,0.00883026121125563,0.01197441830990642
1.48,0.04815430982367919,0.06887010526377568,0.049749870816560016,0.01599390499248865,0.008801115672844695,0.01194095313403909
1.482,0.04798444990779083,0.06872821800821471,0.049693979834479984,0.01598286342337829,0.008772065402026907,0.011907581496513275
1.484,0.04781499185105709,0.0685865834010464,0.04963815667458493,0.015971830273122878,0.008743110095100981,0.011874303135783526
1.486,0.047645936498420305,0.06844520140226962,0.04958240117388302,0.01596080552128587,0.008714249449277123,0.011841117791035805
1.488,0.047477284672147846,0.06830407196660726,0.04952671317068491,0.01594978914765277,0.00868548316267459,0.011808025202186379
1.49,0.04730903717206525,0.0681631950435817,0.04947109250459025,0.01593878113222802,0.008656810934319692,0.011775025109878934
1.492,0.04714119477578671,0.06802257057759098,0.04941553901647322,0.01592778145523277,0.008628232464143126,0.011742117255483464
1.494,0.04697375823894423,0.06788219850798227,0.0493600525484692,0.015916790097102007,0.008599747452977535,0.011709301381093162
1.496,0.04680672829541477,0.06774207876912519,0.04930463294396081,0.015905807038481656,0.008571355602554842,0.011676577229523533
1.498,0.04664010565754606,0.06760221129048394,0.04924928004756479,0.015894832260225922,0.008543056615504474,0.011643944544309504
1.5,0.04647389101637911,0.0674625959966888,0.04919399370511823,0.015883865743395287,0.008514850195350698,0.011611403069703874
1.502,0.04630808504187067,0.06732323280760588,0.04913877376366571,0.01587290746925296,0.008486736046509735,0.011578952550675092
1.504,0.04614268838311264,0.06718412163840592,0.049083620071445955,0.015861957419262884,0.008458713874287982,0.011546592732905037
1.506,0.04597770166855031,0.06704526239963338,0.04902853247787897,0.01585101557508728,0.008430783384879792,0.011514323362787682
1.508,0.04581312550619843,0.06690665499727255,0.04897351083355295,0.01584008191858377,0.008402944285364367,0.011482144187426657
1.51,0.04564896048385525,0.06676829933281492,0.04891855499021158,0.01582915643180316,0.0083751962837042,0.011450054954633027
1.512,0.045485207169316144,0.06663019530332392,0.048863664800741446,0.015818239096986986,0.008347539088741973,0.011418055412923733
1.514,0.04532186611058342,0.0664923428014994,0.048808840119159536,0.015807329896564637,0.008319972410198773,0.011386145311519602
1.516,0.045158937836076385,0.0663547417157413,0.04875408080060062,0.015796428813151575,0.008292495958671653,0.011354324400342897
1.518,0.04499642285483785,0.0662173919302127,0.04869938670130525,0.01578553582954645,0.008265109445631191,0.01132259243001621
1.52,0.04483432165674062,0.06608029332490095,0.04864475767860732,0.015774650928729095,0.008237812583419046,0.011290949151859575
1.522,0.04467263471269112,0.06594344577567934,0.04859019359092209,0.015763774093857874,0.008210605085245737,0.011259394317888916
1.524,0.04451136247483145,0.06580684915436708,0.04853569429773441,0.01575290530826745,0.008183486665188866,0.011227927680814487
1.526,0.04435050537674057,0.0656705033287881,0.048481259659586495,0.015742044555466794,0.00815645703818979,0.011196548994038213
1.528,0.044190063833632554,0.0655344081628304,0.04842688953806684,0.015731191819136736,0.008129515920052066,0.011165258011652135
1.53,0.044030038242554026,0.06539856351650308,0.04837258379579801,0.015720347083127528,0.008102663027439005,0.011134054488436407
1.532,0.0438704289825802,0.06526296924599362,0.04831834229642529,0.015709510331457066,0.008075898077871235,0.011102938179857524
1.534,0.04371123641500829,0.06512762520372406,0.04826416490460561,0.015698681548308224,0.008049220789724698,0.011071908842066103
1.536,0.043552460883550026,0.06499253123840609,0.048210051485996,0.01568786071802708,0.008022630882227988,0.011040966231895322
1.538,0.0433941027145226,0.0648576871950961,0.04815600190724245,0.01567704782512047,0.00799612807546013,0.011010110106858484
1.54,0.04323616221703719,0.06472309291524891,0.04810201603596931,0.01566624285425422,0.007969712090348802,0.010979340225147904
1.542,0.04307863968318704,0.06458874823677063,0.04804809374076768,0.01565544579025091,0.007943382648667674,0.010948656345632246
1.544,0.04292153538823307,0.06445465299407171,0.04799423489118526,0.01564465661808767,0.007917139473033963,0.010918058227854743
1.546,0.04276484959078841,0.06432080701811804,0.04794043935771497,0.015633875322894397,0.007890982286906878,0.01088754563203187
1.548,0.04260858253300137,0.06418721013648243,0.04788670701178521,0.01562310188995153,0.007864910814584514,0.010857118319050674
1.55,0.04245273444073594,0.06405386217339504,0.04783303772574854,0.015612336304688279,0.007838924781202072,0.010826776050467668
1.552,0.04229730552375233,0.06392076294979288,0.04777943137287166,0.015601578552680406,0.007813023912729866,0.010796518588506387
1.554,0.042142295975884814,0.06378791228336866,0.04772588782732545,0.015590828619648445,0.0077872079359706525,0.010766345696055835
1.556,0.04198770597521828,0.06365530998861924,0.04767240696417452,0.015580086491455702,0.007761476578557414,0.010736257136668259
1.558,0.041833535684263845,0.06352295587689394,0.04761898865936676,0.015569352154106708,0.00773582956895158,0.010706252674557826
1.56,0.04167978525013183,0.0633908497564406,0.047565632789724255,0.015558625593744768,0.007710266636440366,0.010676332074598172
1.562,0.041526454804704516,0.06325899143245284,0.047512339232932854,0.015547906796650413,0.007684787511134772,0.010646495102321074
1.564,0.0413735444648069,0.06312738070711554,0.04745910786753238,0.015537195749239396,0.00765939192396714,0.01061674152391423
1.566,0.04122105433237522,0.06299601737965044,0.047405938572907536,0.01552649243806159,0.007634079606689603,0.010587071106219703
1.568,0.041068984494625704,0.06286490124636002,0.04735283122927769,0.015515796849798091,0.007608850291870972,0.0105574836167317
1.57,0.04091733502422046,0.06273403210067219,0.04729978571768778,0.015505108971260562,0.007583703712895407,0.010527978823595463
1.572,0.04076610597943242,0.06260340973318379,0.047246801919999415,0.015494428789388337,0.007558639603959527,0.010498556495604605
1.574,0.040615297404309025,0.06247303393170278,0.04719387971888067,0.015483756291247985,0.0075336577000706395,0.010469216402199777
1.576,0.040464909328834064,0.06234290448129154,0.04714101899779788,0.01547309146403042,0.007508757737044736,0.010439958313466668
1.578,0.040314941769088675,0.062213021164307714,0.04708821964100607,0.01546243429505001,0.007483939451503607,0.010410782000134455
1.58,0.04016539472741032,0.062083383760445754,0.04703548153354031,0.015451784771742805,0.007459202580873514,0.0103816872335738
1.582,0.04001626819255133,0.061953992046777984,0.046982804561206626,0.015441142881664316,0.007434546863382296,0.010352673785794853
1.584,0.039867562139835,0.06182484579779435,0.0469301886105733,0.015430508612488847,0.0074099720380578216,0.01032374142944592
1.586,0.03971927653131102,0.061695944785441714,0.046877633568962684,0.015419881952007275,0.007385477844725541,0.010294889937811247
1.588,0.03957141131590913,0.06156728877916384,0.04682513932444188,0.015409262888125275,0.007361064024006492,0.010266119084809455
1.59,0.03942396642959212,0.06143887754593891,0.046772705765814715,0.015398651408862651,0.007336730317314855,0.010237428644991997
1.592,0.03927694179550656,0.061310710850318584,0.04672033278261378,0.015388047502350899,0.007312476466855955,0.01020881839354093
1.594,0.03913033732413296,0.0611827884544649,0.046668020265091315,0.01537745115683209,0.007288302215624265,0.010180288106267366
1.596,0.03898415291343427,0.06105511011818776,0.04661576810421164,0.015366862360657318,0.007264207307401183,0.010151837559609467
1.598,0.03883838844900356,0.06092767559898116,0.04656357619164275,0.015356281102285374,0.007240191486753034,0.01012346653063112
1.6,0.03869304380420924,0.06080048465205956,0.04651144441974853,0.01534570737028118,0.007216254499028851,0.010095174797020157
1.602,0.038548118840340706,0.06067353703039391,0.046459372681580735,0.015335141153314025,0.007192396090357933,0.01006696213708591
1.604,0.03840361340675136,0.06054683248474624,0.04640736087087127,0.015324582440156886,0.0071686160076482874,0.010038828329758553
1.606,0.038259527341000465,0.060420370763704545,0.04635540888202416,0.015314031219683999,0.00714491399858419,0.010010773154586206
1.608,0.038115860468994844,0.06029415161371743,0.04630351661010845,0.015303487480870626,0.007121289811624187,0.009982796391734272
1.61,0.0379726126051283,0.060168174779127614,0.04625168395085022,0.01529295121279084,0.0070977431959990955,0.009954897821982778
1.612,0.03782978355241995,0.06004244000220571,0.04619991080062524,0.015282422404616414,0.007074273901709782,0.009927077226725478
1.614,0.03768737310265191,0.05991694702318284,0.04614819705645146,0.01527190104561571,0.007050881679524723,0.00989933438796764
1.616,0.03754538103650451,0.05979169558028352,0.04609654261598184,0.015261387125152126,0.00702756628097867,0.009871669088324486
1.618,0.0374038071236924,0.05966668540975739,0.046044947377497314,0.015250880632682762,0.0070043274583702075,0.009844081111019198
1.62,0.0372626511230969,0.05954191624591165,0.045993411239898974,0.01524038155775731,0.006981164964759312,0.009816570239881584
1.622,0.03712191278289989,0.059417387821141476,0.04594193410270209,0.015229889890016945,0.006958078553966018,0.009789136259346298
1.624,0.03698159184071392,0.059293099865961985,0.04589051586602788,0.015219405619192328,0.006935067980567533,0.00976177895445085
1.6260000000000001,0.03684168802371279,0.059169052109038,0.04583915643059777,0.015208928735103378,0.006912132999896903,0.00973449811083471
1.6280000000000001,0.036702201048760985,0.05904524427721447,0.04578785569772603,0.015198459227657501,0.0068892733680405716,0.009707293514736426
1.6300000000000001,0.036563130622540685,0.058921676095546216,0.04573661356931269,0.01518799708684826,0.00686648884183616,0.009680164952992953
1.6320000000000001,0.03642447644167923,0.05879834728732747,0.04568542994783753,0.015177542302754699,0.006843779178871134,0.009653112213037662
1.6340000000000001,0.036286238192874354,0.05867525757412051,0.04563430473635299,0.015167094865539577,0.0068211441374796955,0.009626135082898335
1.6360000000000001,0.03614841555301851,0.05855240667578476,0.045583237838478174,0.015156654765448696,0.006798583476741671,0.009599233351196057
1.6380000000000001,0.03601100818932257,0.05842979431050499,0.04553222915839217,0.015146221992809572,0.006776096956480071,0.009572406807143219
1.6400000000000001,0.03587401575943794,0.058307420194818604,0.0454812786008274,0.015135796538030544,0.0067536843372588695,0.00954565524054174
1.6420000000000001,0.03573743791157735,0.058185284043644314,0.045430386071063644,0.01512537839159922,0.006731345380381448,0.009518978441781956
1.6440000000000001,0.03560127428463544,0.058063385570308546,0.04537955147492201,0.015114967544081592,0.006709079847888377,0.00949237620184018
1.6460000000000001,0.03546552450830731,0.05794172448657253,0.04532877471875807,0.015104563986121144,0.006686887502554972,0.009465848312277814
1.6480000000000001,0.03533018820320688,0.05782030050265874,0.04527805570945698,0.015094167708437523,0.006664768107889962,0.009439394565239123
1.6500000000000001,0.035195264980983465,0.05769911332727751,0.04522739435442613,0.015083778701825867,0.006642721428133047,0.009413014753450133
1.6520000000000001,0.03506075444443746,0.057578162667652366,0.045176790561590296,0.01507339695715526,0.006620747228252899,0.009386708670216626
1.6540000000000001,0.03492665618763535,0.057457448229546015,0.04512624423938516,0.015063022465368059,0.006598845273945386,0.009360476109422589
1.6560000000000001,0.0347929697960232,0.05733696971728519,0.04507575529675201,0.015052655217478783,0.006577015331631353,0.009334316865528658
1.6580000000000001,0.034659694846539635,0.05721672683378598,0.045025323643131276,0.015042295204573009,0.00655525716845462,0.009308230733570344
1.6600000000000001,0.034526830907727346,0.057096719280578245,0.04497494918845768,0.01503194241780692,0.00653357055228021,0.00928221750915692
1.6620000000000001,0.034394377539843424,0.056976946757829605,0.04492463184315443,0.015021596848405538,0.006511955251691903,0.009256276988468981
1.6640000000000001,0.0342623342949695,0.05685740896436986,0.04487437151812723,0.015011258487662271,0.006490411035991128,0.009230408968257775
1.666,0.0341307007171201,0.05673810559771453,0.0448241681247592,0.01500092732693803,0.006468937675193853,0.009204613245842541
1.668,0.03399947634235034,0.05661903635408838,0.04477402157490573,0.014990603357660115,0.006447534940029476,0.009178889619110064
1.67,0.03386866069886296,0.0565002009284481,0.04472393178088896,0.014980286571321333,0.006426202601938158,0.009153237886512455
1.672,0.03373825330711355,0.05638159901450557,0.044673898655491984,0.014969976959478881,0.006404940433069717,0.009127657847065374
1.674,0.03360825367991538,0.05626323030475011,0.04462392211195465,0.014959674513753907,0.006383748206280959,0.009102149300346918
1.676,0.03347866132254329,0.056145094490471115,0.044574002063967555,0.014949379225830395,0.0063626256951336835,0.009076712046495627
1.678,0.03334947573283675,0.05602719126177935,0.04452413842566738,0.014939091087454281,0.0063415726738933476,0.009051345886209372
1.68,0.03322069640130132,0.05590952030762919,0.04447433111163179,0.014928810090432343,0.006320588917526404,0.009026050620743575
1.682,0.03309232281120966,0.055792081315840125,0.04442458003687455,0.014918536226632195,0.006299674201698968,0.009000826051909439
1.684,0.032964354438701715,0.05567487397311721,0.04437488511684062,0.014908269487980519,0.006278828302774375,0.00897567198207283
1.686,0.032836790752883926,0.05555789796507282,0.044325246267401086,0.014898009866462836,0.006258050997811626,0.008950588214152067
1.688,0.03270963121592718,0.055441152976246855,0.044275663404848675,0.014887757354122177,0.006237342064562945,0.008925574551617244
1.69,0.03258287528316406,0.05532463869012716,0.044226136445892905,0.014877511943059085,0.0062167012814722256,0.008900630798487796
1.692,0.03245652240318542,0.05520835478916952,0.04417666530765563,0.014867273625429833,0.006196128427673253,0.00887575675933161
1.694,0.032330572017935655,0.055092300954818096,0.04412724990766592,0.014857042393446651,0.006175623282987486,0.008850952239263243
1.696,0.032205023562807744,0.05497647686752405,0.04407789016385588,0.014846818239375947,0.006155185627922055,0.008826217043942375
1.698,0.03207987646673649,0.05486088220676599,0.04402858599455617,0.014836601155538753,0.00613481524366799,0.008801550979572248
1.7,0.031955130152291344,0.05474551665106886,0.043979337318491574,0.014826391134308725,0.0061145119120984415,0.00877695385289834
1.702,0.031830784035769,0.054630379878022106,0.043930144054776576,0.014816188168112365,0.006094275415766459,0.008752425471206582
1.704,0.03170683752728376,0.054515471564299256,0.04388100612291068,0.01480599224942769,0.006074105537903218,0.008727965642322255
1.706,0.03158329003085836,0.05440079138567633,0.04383192344277442,0.014795803370783789,0.006054002062416464,0.008703574174607764
1.708,0.031460140944513215,0.05428633901704916,0.043782895934625365,0.014785621524760373,0.0060339647738880675,0.008679250876961753
1.71,0.03133738966035482,0.05417211413245249,0.043733923519093665,0.01477544670398645,0.006013993457572253,0.008654995558817546
1.712,0.031215035564664095,0.054058116405077294,0.04368500611717785,0.014765278901140322,0.0059940878993938185,0.00863080803014138
1.714,0.03109307803798278,0.053944345507288105,0.043636143650241044,0.01475511810894825,0.00597424788594636,0.00860668810143106
1.716,0.0309715164551998,0.05383080111064076,0.04358733604000653,0.014744964320184462,0.005954473204490274,0.008582635583714637
1.718,0.03085035018563631,0.05371748288589928,0.04353858320855375,0.01473481752767003,0.005934763642950758,0.008558650288548408
1.72,0.030729578593130746,0.05360439050305299,0.043489885078315194,0.014724677724272217,0.005915118989916257,0.008534732028016023
1.722,0.03060920103612208,0.053491523631332916,0.04344124157207152,0.014714544902904025,0.005895539034635799,0.008510880614726712
1.724,0.030489216867733093,0.053378881939228684,0.043392652612948224,0.014704419056523754,0.005876023567018329,0.008487095861813954
1.726,0.030369625435851866,0.0532664650945045,0.043344118124411635,0.01469430017813389,0.005856572377629821,0.008463377582933695
1.728,0.030250426083214155,0.05315427276421536,0.04329563803026537,0.014684188260781106,0.005837185257691946,0.00843972559226347
1.73,0.03013161814748333,0.05304230461472326,0.04324721225464656,0.014674083297554708,0.005817861999080076,0.00841613970450017
1.732,0.03001320096133009,0.052930560311712505,0.04319884072202207,0.0146639852815873,0.005798602394321506,0.008392619734859164
1.734,0.029895173852511725,0.05281903952020528,0.043150523357185167,0.01465389420605323,0.005779406236593232,0.008369165499072517
1.736,0.029777536143950734,0.05270774190457739,0.04310226008525175,0.01464381006416815,0.005760273319720399,0.008345776813388106
1.738,0.02966028715381208,0.05259666712857247,0.04305405083165681,0.014633732849189007,0.005741203438174747,0.008322453494567394
1.74,0.029543426195579814,0.052485814855318225,0.04300589552215106,0.014623662554412942,0.005722196387072387,0.008299195359884548
1.742,0.02942695257813366,0.05237518474734015,0.04295779408279721,0.014613599173176839,0.005703251962171807,0.008276002227124657
1.744,0.029310865605824077,0.0522647764665769,0.042909746439967034,0.014603542698856886,0.005684369959872759,0.008252873914582626
1.746,0.029195164578547095,0.05215458967439379,0.04286175252033786,0.014593493124867907,0.005665550177213374,0.00822981024106162
1.748,0.029079848791817797,0.05204462403159793,0.042813812250889205,0.014583450444663137,0.0056467924118692725,0.008206811025871508
1.75,0.028964917536843826,0.051934879198451966,0.04276592555889924,0.014573414651733119,0.005628096462151566,0.008183876088827757
1.752,0.02885037010059821,0.051825354834687865,0.04271809237194191,0.014563385739605916,0.0056094621270044165,0.008161005250249431
1.754,0.028736205765890643,0.05171605059952067,0.04267031261788379,0.014553363701846012,0.005590889206003924,0.008138198330958302
1.756,0.02862242381143898,0.05160696615166205,0.0426225862248808,0.014543348532054301,0.005572377499356129,0.008115455152277296
1.758,0.02850902351193918,0.05149810114933406,0.04257491312137485,0.014533340223866764,0.0055539268078950155,0.008092775536029384
1.76,0.0283960041381357,0.051389455250281824,0.04252729323609117,0.01452333877095513,0.005535536933080953,0.008070159304535363
1.762,0.028283364956889878,0.05128102811178681,0.04247972649803522,0.014513344167025766,0.005517207676998925,0.008047606280613406
1.764,0.028171105231248994,0.05117281939067997,0.04243221283648935,0.01450335640581879,0.005498938842356305,0.008025116287577072
1.766,0.028059224220513324,0.05106482874335394,0.04238475218101034,0.014493375481108517,0.005480730232481301,0.008002689149233966
1.768,0.027947721180304086,0.050957055825776365,0.04233734446142612,0.014483401386702344,0.00546258165132163,0.007980324689884855
1.77,0.027836595362628724,0.05084950029350166,0.04228998960783281,0.014473434116440531,0.005444492903442288,0.007958022734321446
1.772,0.02772584601594752,0.050742161801683894,0.04224268755059213,0.014463473664195758,0.005426463794023562,0.007935783107825722
1.774,0.027615472385238427,0.05063504000508856,0.04219543822032845,0.014453520023872679,0.005408494128859687,0.007913605636168386
1.776,0.02750547371206169,0.05052813455810434,0.04214824154792618,0.014443573189407255,0.005390583714356856,0.007891490145607527
1.778,0.02739584923462335,0.05042144511475555,0.04210109746452684,0.014433633154766756,0.00537273235753144,0.007869436462886847
1.78,0.02728659818783874,0.05031497132871343,0.042054005901526414,0.014423699913949095,0.005354939866008435,0.00784744441523455
1.782,0.027177719803395117,0.05020871285330797,0.042006966790572475,0.014413773460982382,0.005337206048019683,0.007825513830362452
1.784,0.027069213309813378,0.05010266934153895,0.04195998006356194,0.014403853789924703,0.0053195307124018765,0.007803644536464205
1.786,0.02696107793250979,0.04999684044608754,0.04191304565263798,0.014393940894863233,0.005301913668594782,0.007781836362213523
1.788,0.026853312893856396,0.04989122581932737,0.04186616349018801,0.014384034769914456,0.005284354726639906,0.007760089136763515
1.79,0.02674591741324117,0.0497858251133354,0.04181933350884037,0.014374135409223499,0.005266853697178275,0.0077384026897453495
1.792,0.02663889070712777,0.04968063797990285,0.04177255564146276,0.01436424280696369,0.005249410391449105,0.0077167768512662605
1.794,0.026532231989114363,0.049575664070546255,0.04172582982115913,0.014354356957336112,0.005232024621287801,0.007695211451908879
1.796,0.02642594046999225,0.049470903036517466,0.041679155981267035,0.014344477854569604,0.00521469619912418,0.007673706322729679
1.798,0.026320015357803372,0.04936635452881455,0.04163253405535583,0.014334605492919872,0.005197424937981143,0.007652261295257423
1.8,0.02621445585789739,0.04926201819819198,0.041585963977223805,0.01432473986666949,0.00518021065147245,0.007630876201492276
1.802,0.02610926117298873,0.049157893695171095,0.04153944568089618,0.014314880970127675,0.005163053153801167,0.007609550873904025
1.804,0.026004430503212328,0.04905398067005007,0.04149297910062244,0.014305028797629182,0.005145952259758335,0.007588285145431195
1.806,0.025899963046179586,0.04895027877291347,0.04144656417087411,0.014295183343534967,0.005128907784720527,0.0075670788494792696
1.808,0.025795857997032323,0.0488467876536427,0.04140020082634255,0.014285344602231076,0.005111919544648957,0.0075459318199198044
1.81,0.02569211454849829,0.04874350696192531,0.041353889001936706,0.014275512568128423,0.005094987356087044,0.007524843891089095
1.812,0.02558873189094446,0.048640436347265226,0.041307628632780924,0.014265687235663016,0.005078111036159072,0.007503814897786398
1.814,0.02548570921243054,0.04853757545899118,0.041261419654212705,0.01425586859929484,0.005061290402568641,0.00748284467527327
1.816,0.025383045698761153,0.04843492394626736,0.04121526200178027,0.014246056653508088,0.005044525273596667,0.007461933059271786
1.818,0.02528074053353868,0.04833248145810165,0.04116915561124124,0.014236251392810484,0.005027815468099828,0.007441079885963431
1.82,0.025178792898215008,0.04823024764335515,0.041123100418559266,0.014226452811733292,0.005011160805509007,0.007420284991988213
1.822,0.025077201972141916,0.0481282221507513,0.04107709635990342,0.014216660904830869,0.0049945611058273,0.007399548214442442
1.824,0.024975966932622606,0.048026404628884745,0.041031143371644596,0.01420687566668044,0.004978016189628454,0.007378869390878284
1.826,0.024875086954961212,0.04792479472623001,0.040985241390354865,0.014197097091881217,0.004961525878055317,0.007358248359302433
1.828,0.024774561212512758,0.04782339209115061,0.04093939035280458,0.014187325175055054,0.004945089992818286,0.007337684958174107
1.83,0.02467438887673179,0.047722196371907,0.040893590195960394,0.01417755991084535,0.004928708356193301,0.007317179026404608
1.832,0.024574569117221667,0.04762120721666574,0.04084784085698412,0.014167801293917481,0.004912380791020299,0.007296730403355545
1.834,0.024475101101782082,0.04752042427350722,0.04080214227322987,0.0141580493189577,0.004896107120701654,0.007276338928837944
1.836,0.024375983996456796,0.047419847190434794,0.04075649438224249,0.014148303980673349,0.004879887169200403,0.007256004443110697
1.838,0.024277216965580717,0.04731947561538208,0.040710897121755796,0.014138565273792647,0.004863720761038692,0.007235726786879448
1.84,0.024178799171826748,0.047219309196221415,0.04066535042969077,0.014128833193064239,0.004847607721296221,0.007215505801295263
1.842,0.02408072977625131,0.0471193475807723,0.04061985424415315,0.014119107733256753,0.004831547875608466,0.007195341327953297
1.844,0.02398300793834074,0.04701959041680848,0.040574408503432524,0.014109388889159025,0.0048155410501649065,0.007175233208892129
1.846,0.023885632816055935,0.04692003735206596,0.04052901314599966,0.01409967665557943,0.004799587071707467,0.007155181286591539
1.848,0.023788603565877198,0.04682068803425121,0.04048366811050519,0.01408997102734566,0.004783685767529189,0.007135185403972066
1.85,0.023691919342848422,0.046721542111048286,0.04043837333577782,0.014080271999304728,0.0047678369654722275,0.0071152454043936775
1.852,0.02359557930062084,0.04662259923012635,0.04039312876082257,0.014070579566322294,0.004752040493926524,0.007095361131653988
1.854,0.023499582591496537,0.04652385903914724,0.0403479343248192,0.014060893723282897,0.004736296181827804,0.007075532429987819
1.856,0.023403928366471094,0.04642532118577258,0.04030278996712022,0.014051214465089279,0.004720603858656469,0.007055759144065199
1.858,0.023308615775275987,0.0463269853176711,0.040257695627249346,0.014041541786662615,0.004704963354435376,0.007036041118990921
1.86,0.02321364396642056,0.04622885108252617,0.04021265124489992,0.014031875682941619,0.004689374499728949,0.007016378200302542
1.862,0.023119012087233548,0.04613091812804204,0.04016765675993339,0.014022216148882993,0.004673837125640734,0.006996770233969718
1.864,0.023024719283903927,0.04603318610195162,0.0401227121123775,0.014012563179460757,0.004658351063812738,0.006977217066393093
1.866,0.022930764701521777,0.04593565465202265,0.04007781724242476,0.01400291676966603,0.004642916146422982,0.006957718544402303
1.868,0.02283714748411847,0.045838323426064864,0.040032972090430885,0.013993276914507247,0.004627532206184393,0.006938274515255749
1.87,0.02274386677470641,0.04574119207193683,0.03998817659691367,0.0139836436090095,0.0046121990763430265,0.006918884826638827
1.872,0.02265092171531813,0.045644260237552414,0.039943430702550575,0.013974016848214532,0.004596916590676736,0.006899549326662591
1.874,0.022558311447045565,0.04554752757088698,0.03989873434817781,0.013964396627180298,0.004581684583493395,0.00688026786386331
1.8760000000000001,0.022466035110078275,0.04545099371998429,0.039854087474789246,0.013954782940980737,0.00456650288962912,0.0068610402872004705
1.8780000000000001,0.022374091843741395,0.04535465833296293,0.03980949002353373,0.013945175784705999,0.004551371344446942,0.006841866446055889
1.8800000000000001,0.02228248078653383,0.045258521058022305,0.039764941935715115,0.013935575153461777,0.004536289783835246,0.00682274619023282
1.8820000000000001,0.0221912010761649,0.045162581543448654,0.03972044315278955,0.013925981042369528,0.004521258044206222,0.006803679369954185
1.8840000000000001,0.022100251849591412,0.04506683943762191,0.03967599361636487,0.013916393446565811,0.0045062759624943105,0.006784665835861903
1.8860000000000001,0.0220096322430543,0.04497129438902103,0.03963159326819876,0.013906812361202503,0.004491343376154422,0.006765705439015557
1.8880000000000001,0.0219193413921146,0.044875946046230464,0.0395872420501977,0.013897237781446137,0.004476460123160608,0.006746798030891288
1.8900000000000001,0.021829378431688973,0.04478079405794588,0.039542939904415375,0.013887669702478345,0.004461626042004285,0.006727943463380459
1.8920000000000001,0.021739742496085013,0.04468583807297999,0.03949868677305135,0.013878108119494748,0.0044468409716929,0.0067091415887883254
1.8940000000000001,0.021650432719035884,0.04459107774026827,0.03945448259844997,0.013868553027706065,0.0044321047517486,0.0066903922598335885
1.8960000000000001,0.021561448233735403,0.04449651270887456,0.039410327323099015,0.013859004422336563,0.0044174172222062325,0.006671695329646621
1.8980000000000001,0.02147278817287157,0.04440214262799702,0.039366220889627934,0.013849462298624937,0.004402778223611792,0.006653050651768355
1.9000000000000001,0.021384451668660986,0.04430796714697349,0.03932216324080695,0.013839926651823431,0.004388187597021309,0.006634458080149175
1.9020000000000001,0.021296437852881045,0.04421398591528658,0.039278154319545955,0.013830397477198275,0.004373645183999075,0.006615917469148247
1.9040000000000001,0.021208745856904354,0.04412019858256988,0.03923419406889295,0.013820874770028801,0.004359150826616087,0.006597428673531525
1.9060000000000001,0.021121374811730265,0.04402660479861242,0.03919028243203293,0.013811358525607664,0.004344704367448715,0.0065789915484715245
1.9080000000000001,0.02103432384801751,0.04393320421336466,0.0391464193522868,0.013801848739241063,0.004330305649577149,0.006560605949545328
1.9100000000000001,0.020947592096116185,0.043839996476943366,0.039102604773110006,0.01379234540624763,0.004315954516583398,0.0065422717327339175
1.9120000000000001,0.02086117868609949,0.043746981239636495,0.03905883863809101,0.013782848521959323,0.004301650812550406,0.006523988754421062
1.9140000000000001,0.02077508274779416,0.04365415815190854,0.03901512089095105,0.01377335808172031,0.004287394382060272,0.00650575687139221
1.9160000000000001,0.020689303410811766,0.04356152686440584,0.03897145147554215,0.01376387408088764,0.00427318507019292,0.006487575940833157
1.9180000000000001,0.020603839804579582,0.04346908702796082,0.03892783033584646,0.013754396514830347,0.004259022722524541,0.006469445820329156
1.92,0.02051869105837012,0.04337683829359751,0.038884257415974455,0.013744925378929684,0.0042449071851256015,0.006451366367863365
1.922,0.02043385630133132,0.0432847803125358,0.038840732660164745,0.013735460668579336,0.004230838304560169,0.006433337441816178
1.924,0.020349334662515428,0.04319291273619652,0.0387972560127825,0.01372600237918431,0.004216815927883921,0.006415358900964119
1.926,0.020265125270908735,0.0431012352162059,0.03875382741831834,0.013716550506161829,0.004202839902642808,0.0063974306044785045
1.928,0.020181227255460232,0.04300974740440089,0.03871044682138702,0.013707105044940215,0.004188910076871499,0.0063795524119243385
1.93,0.020097639745109586,0.04291844895283248,0.03866711416672697,0.013697665990959784,0.004175026299091833,0.006361724183259199
1.932,0.020014361868816,0.04282733951377127,0.03862382939919895,0.01368823333967173,0.004161188418311701,0.0063439457788325715
1.934,0.01993139275558553,0.04273641873971168,0.03858059246378498,0.013678807086538347,0.004147396284023275,0.006326217059384298
1.936,0.019848731534498842,0.04264568628337573,0.038537403305587414,0.01366938722703348,0.004133649746201673,0.006308537886043464
1.938,0.01976637733473785,0.042555141797718354,0.03849426186982763,0.013659973756641408,0.004119948655303185,0.00629090812032751
1.94,0.019684329285613034,0.042464784935930755,0.038451168101845346,0.013650566670857067,0.00410629286226416,0.006273327624141123
1.942,0.01960258651658986,0.042374615351445266,0.03840812194709775,0.013641165965186497,0.004092682218499677,0.006255796259775126
1.944,0.019521148157314983,0.04228463269793892,0.03836512335115838,0.01363177163514595,0.004079116575901542,0.006238313889905145
1.946,0.019440013337642226,0.04219483662933832,0.03832217225971579,0.013622383676261896,0.004065595786837628,0.006220880377591165
1.948,0.019359181187658114,0.0421052267998232,0.03827926861857334,0.013613002084071457,0.004052119704149426,0.0062034955862757535
1.95,0.019278650837706968,0.04201580286383022,0.03823641237364761,0.013603626854121309,0.004038688181151606,0.006186159379783396
1.952,0.01919842141841599,0.04192656447605736,0.038193603470967785,0.01359425798196856,0.004025301071629794,0.006168871622319383
1.954,0.019118492060720582,0.04183751129146751,0.03815084185667472,0.013584895463180091,0.004011958229839685,0.006151632178468702
1.956,0.01903886189588766,0.04174864296529268,0.03810812747702008,0.01357553929333255,0.003998659510505487,0.006134440913194927
1.958,0.01895953005554074,0.04165995915303711,0.038065460278365215,0.013566189468012135,0.003985404768818146,0.0061172976918388855
1.96,0.01888049567168304,0.04157145951048191,0.03802284020718072,0.013556845982814592,0.003972193860434459,0.006100202380118436
1.962,0.01880175787672167,0.041483143693687774,0.037980267210045104,0.013547508833345212,0.003959026641475294,0.0060831548441264705
1.964,0.018723315803490292,0.04139501135899959,0.03793774123364413,0.013538178015218172,0.003945902968524484,0.006066154950330693
1.966,0.01864516858527243,0.041307062163049135,0.03789526222477013,0.013528853524057416,0.0039328226986268255,0.006049202565571621
1.968,0.01856731535582412,0.04121929576275929,0.037852830130320925,0.013519535355495549,0.003919785689287414,0.0060322975570625825
1.97,0.018489755249396334,0.041131711815346916,0.0378104448972989,0.01351022350517428,0.003906791798469644,0.006015439792387722
1.972,0.01841248740075674,0.04104430997832709,0.037768106472810814,0.013500917968743975,0.003893840884594102,0.0059986291395017766
1.974,0.018335510945212352,0.04095708990951574,0.03772581480406623,0.013491618741864109,0.0038809328065372295,0.00598186546672852
1.976,0.01825882501863041,0.04087005126703347,0.03768356983837706,0.01348232582020259,0.003868067423629773,0.005965148642760099
1.978,0.018182428757460123,0.040783193709308385,0.03764137152315672,0.013473039199435988,0.0038552445956556713,0.005948478536655255
1.98,0.018106321298753336,0.040696516895079915,0.037599219805919626,0.01346375887524931,0.0038424641828500583,0.005931855017839327
1.982,0.018030501780185837,0.0406100204834019,0.03755711463428013,0.013454484843335779,0.003829726045898596,0.0059152779561024715
1.984,0.017954969340077565,0.040523704133645255,0.03751505595595184,0.013445217099396833,0.0038170300459354767,0.005898747221599221
1.986,0.017879723117412816,0.04043756750550176,0.03747304371874671,0.01343595563914235,0.0038043760445427566,0.005882262684846706
1.988,0.017804762251860673,0.04035161025898648,0.03743107787057465,0.013426700458290197,0.0037917639037481354,0.005865824216724214
1.99,0.017730085883794544,0.040265832054441564,0.037389158359442565,0.013417451552566018,0.0037791934860245124,0.005849431688472295
1.992,0.01765569315431148,0.040180232552538664,0.037347285133453534,0.013408208917703446,0.0037666646542875437,0.005833084971691216
1.994,0.017581583205251716,0.04009481141428184,0.03730545814080655,0.013398972549443888,0.0037541772718956423,0.005816783938340286
1.996,0.017507755179217765,0.0400095683010111,0.03726367732979541,0.013389742443536523,0.0037417312026473137,0.0058005284607367535
1.998,0.017434208219593073,0.03992450287440463,0.03722194264880807,0.013380518595738078,0.0037293263107804897,0.005784318411554912
2.0,0.017360941470560443,0.03983961479648168,0.03718025404632597,0.01337130100181283,0.003716962460970974,0.005768153663825215
2.0020000000000002,0.017287954077120693,0.039754903729605884,0.037138611470923344,0.013362089657532383,0.003704639518331332,0.005752034090932723
2.004,0.017215245185110195,0.03967036933648749,0.03709701487126704,0.013352884558675893,0.0036923573484095584,0.005735959566616877
2.0060000000000002,0.017142813941219526,0.03958601128018602,0.03705546419611494,0.01334368570102984,0.0036801158171870796,0.00571992996496995
2.008,0.01707065949301012,0.03950182922411316,0.037013959394316176,0.013334493080387588,0.0036679147910783083,0.00570394516043593
2.0100000000000002,0.01699878098893204,0.039417822832035654,0.03697250041480982,0.013325306692549832,0.003655754136928868,0.005688005027810306
2.012,0.016927177578341723,0.0393339917680775,0.036931087206624635,0.013316126533324146,0.003643633722014261,0.005672109442238504
2.0140000000000002,0.01685584841151777,0.03925033569672243,0.036889719718878444,0.013306952598525212,0.0036315534140385353,0.0056562582792147875
2.016,0.01678479263967847,0.03916685428281674,0.03684839790077743,0.013297784883974373,0.0036195130811329523,0.005640451414581804
2.0180000000000002,0.016714009414997788,0.03908354719157159,0.036807121701615486,0.013288623385500076,0.0036075125918551,0.005624688724529037
2.02,0.016643497890622028,0.03900041408856558,0.03676589107077355,0.01327946809893743,0.0035955518151868926,0.0056089700855923574
2.0220000000000002,0.01657325722068581,0.03891745463974705,0.03672470595771915,0.013270319020127985,0.0035836306205339064,0.005593295374652696
2.024,0.0165032865603274,0.038834668511436465,0.036683566312005755,0.01326117614491995,0.0035717488777233797,0.005577664468935151
2.0260000000000002,0.016433585065704692,0.03875205537032844,0.036642472083272315,0.013252039469167975,0.0035599064570035477,0.005562077246008101
2.028,0.016364151894010748,0.03866961488349485,0.03660142322124238,0.01324290898873337,0.00354810322904231,0.005546533583782098
2.0300000000000002,0.01629498620348868,0.03858734671838637,0.036560419675723654,0.013233784699483664,0.0035363390649252313,0.005531033360509419
2.032,0.016226087153446533,0.03850525054283516,0.03651946139660778,0.0132246665972926,0.0035246138361548773,0.005515576454782289
2.0340000000000003,0.016157453904272145,0.03842332602505638,0.03647854833386943,0.013215554678040142,0.0035129274146497025,0.005500162745532666
2.036,0.016089085617448262,0.03834157283365114,0.03643768043756568,0.013206448937612691,0.0035012796727422746,0.005484792112030679
2.0380000000000003,0.016020981455565853,0.03825999063760843,0.036396857657835735,0.013197349371902645,0.0034896704831779424,0.005469464433884186
2.04,0.015953140582338987,0.03817857910630673,0.03635607994490031,0.013188255976808172,0.0034780997191141694,0.005454179591037667
2.0420000000000003,0.015885562162618827,0.03809733790951686,0.036315347249060714,0.013179168748233439,0.0034665672541185355,0.00543893746377111
2.044,0.015818245362406724,0.0380162667174031,0.036274659520699304,0.013170087682088827,0.003455072962168071,0.005423737932699124
2.0460000000000003,0.015751189348868433,0.037935365200526316,0.036234016710277706,0.01316101277429027,0.0034436167176474797,0.005408580878770275
2.048,0.01568439329034743,0.03785463302984482,0.03619341876833748,0.013151944020759698,0.0034321983953484736,0.005393466183265749
2.05,0.01561785635637758,0.03777406987671683,0.0361528656454988,0.01314288141742459,0.003420817870467774,0.0053783937277989136
2.052,0.015551577717696441,0.037693675412902694,0.03611235729246021,0.013133824960218199,0.003409475018606445,0.00536336339431398
2.054,0.015485556546258161,0.03761344931056598,0.03607189365999819,0.013124774645079107,0.003398169715768562,0.00534837506508512
2.056,0.015419792015246125,0.03753339124227617,0.036031474698966726,0.013115730467951892,0.003386901838359657,0.005333428622715797
2.058,0.01535428329908517,0.03745350088100996,0.035991100360296624,0.013106692424786015,0.003375671263185609,0.005318523950137433
2.06,0.015289029573453794,0.03737377790015284,0.035950770594995296,0.013097660511536935,0.003364477867451532,0.0053036609306087446
2.062,0.015224030015296153,0.03729422197350174,0.03591048535414609,0.013088634724165216,0.0033533215287604445,0.005288839447715077
2.064,0.015159283802834489,0.03721483277526594,0.03587024458890786,0.013079615058636751,0.003342202125111937,0.005274059385367069
2.066,0.015094790115580015,0.03713560998006882,0.0358300482505145,0.013070601510922764,0.0033311195349012834,0.00525932062779999
2.068,0.015030548134345345,0.0370565532629501,0.035789896290274736,0.013061594076999583,0.0033200736369178863,0.005244623059572628
2.07,0.014966557041254935,0.03697766229936694,0.035749788659571236,0.013052592752848646,0.0033090643103439454,0.005229966565566402
2.072,0.014902816019756848,0.036898936765195955,0.03570972530986061,0.013043597534456719,0.0032980914347535695,0.005215351030984694
2.074,0.014839324254633635,0.03682037633673452,0.03566970619267251,0.013034608417815452,0.0032871548901112213,0.005200776341351965
2.076,0.014776080932013214,0.036741980690702336,0.03562973125960989,0.013025625398921381,0.003276254556771052,0.005186242382512418
2.078,0.014713085239379087,0.036663749504243226,0.03558980046234761,0.013016648473776371,0.003265390315475125,0.0051717490406295585
2.08,0.014650336365581884,0.03658568245492644,0.035549913752632945,0.013007677638386728,0.003254562047352305,0.00515729620218508
2.082,0.014587833500848468,0.036507779220748215,0.03551007108228488,0.012998712888764086,0.0032437696339171485,0.005142883753977978
2.084,0.014525575836792814,0.036430039480133125,0.035470272403193226,0.012989754220924521,0.0032330129570690147,0.005128511583123885
2.086,0.014463562566426003,0.036352462911935834,0.03543051766731886,0.012980801630888994,0.0032222918990902905,0.005114179577053957
2.088,0.014401792884165765,0.036275049195442,0.035390806826693044,0.012971855114683128,0.003211606342645723,0.005099887623513766
2.09,0.0143402659858467,0.03619779801037026,0.03535113983341698,0.012962914668337433,0.0032009561707806444,0.005085635610562855
2.092,0.014278981068729157,0.03612070903687292,0.03531151663966159,0.012953980287886635,0.0031903412669200826,0.005071423426574073
2.094,0.014217937331509,0.036043781955537924,0.03527193719766686,0.012945051969370569,0.0031797615148680958,0.005057250960231796
2.096,0.014157133974326719,0.03596701644738998,0.0352324014597416,0.012936129708833066,0.003169216798805552,0.005043118100531707
2.098,0.01409657019877697,0.03589041219389144,0.03519290937826347,0.012927213502322843,0.0031587070032896847,0.005029024736779908
2.1,0.014036245207916576,0.0358139688769441,0.035153460905677836,0.012918303345892834,0.003148232013252761,0.00501497075859203
2.102,0.01397615820627407,0.03573768617889028,0.035114055994497795,0.012909399235600638,0.0031377917140009703,0.005000956055892347
2.104,0.013916308399857913,0.03566156378251395,0.03507469459730417,0.01290050116750785,0.003127385991212872,0.004986980518912443
2.106,0.013856694996165153,0.03558560137104183,0.03503537666674461,0.012891609137680726,0.0031170147309387275,0.004973044038190988
2.108,0.013797317204189863,0.03550979862814474,0.03499610215553317,0.012882723142189745,0.0031066778195991684,0.004959146504572853
2.11,0.013738174234431133,0.035434155237939136,0.03495687101645073,0.0128738431771096,0.003096375143983865,0.004945287809207777
2.112,0.013679265298901067,0.03535867088498734,0.034917683202343675,0.012864969238518986,0.003086106591250415,0.004931467843549919
2.114,0.013620589611132994,0.035283345254299325,0.034878538666124115,0.012856101322501035,0.003075872048923456,0.004917686499356755
2.116,0.0135621463861888,0.03520817803133358,0.034839437360769665,0.012847239425142876,0.003065671404893333,0.004903943668688404
2.118,0.013503934840667142,0.035133168901998024,0.034800379239322776,0.012838383542535858,0.003055504547414989,0.004890239243906969
2.12,0.013445954192710108,0.03505831755265176,0.03476136425489029,0.012829533670775328,0.0030453713651066305,0.004876573117674976
2.122,0.013388203662011433,0.0349836236701051,0.03472239236064345,0.012820689805960406,0.00303527174694862,0.0048629451829556025
2.124,0.013330682469823163,0.03490908694162109,0.03468346350981766,0.012811851944194652,0.0030252055822828083,0.004849355333010674
2.126,0.013273389838962979,0.03483470705491665,0.03464457765571183,0.012803020081585403,0.00301517276081098,0.004835803461400667
2.128,0.013216324993821083,0.0347604836981632,0.03460573475168838,0.01279419421424377,0.0030051731725935227,0.004822289461983598
2.13,0.013159487160367078,0.03468641655998783,0.03456693475117234,0.01278537433828486,0.002995206708048981,0.004808813228914133
2.132,0.013102875566156413,0.03461250532947391,0.03452817760765181,0.012776560449827556,0.002985273257952281,0.004795374656642926
2.134,0.013046489440337483,0.03453874969616222,0.03448946327467728,0.012767752544994737,0.0029753727134336216,0.0047819736399157264
2.136,0.012990328013657404,0.03446514935005207,0.03445079170586118,0.012758950619912834,0.0029655049659780275,0.0047686100737722725
2.138,0.012934390518468897,0.03439170398160174,0.03441216285487769,0.012750154670712055,0.002955669907423797,0.004755283853545844
2.14,0.012878676188736282,0.034318413281729576,0.034373576675462925,0.012741364693526602,0.0029458674299609466,0.004741994874862376
2.142,0.012823184260041254,0.03424527694181467,0.03433503312141384,0.01273258068449401,0.0029360974261309902,0.004728743033639571
2.144,0.012767913969589095,0.034172294653697755,0.034296532146588454,0.01272380263975581,0.0029263597888251613,0.004715528226085786
2.146,0.012712864556214898,0.034099466109682064,0.03425807370490541,0.012715030555456863,0.002916654411283748,0.004702350348700035
2.148,0.012658035260388445,0.03402679100253381,0.034219657750343746,0.012706264427745806,0.0029069811870945372,0.004689209298270214
2.15,0.01260342532422043,0.033954269025483264,0.034181284236942666,0.012697504252774605,0.002897340010192151,0.004676104971872874
2.152,0.012549033991467562,0.03388189987222545,0.034142953118801334,0.012688750026699225,0.0028877307748564895,0.004663037266872561
2.154,0.01249486050753812,0.033809683236920574,0.034104664350078195,0.012680001745678737,0.002878153375712511,0.004650006080920255
2.156,0.012440904119497276,0.033737618814195125,0.034066417884990985,0.012671259405875768,0.0028686077077280103,0.004637011311953154
2.158,0.01238716407607221,0.03366570629914212,0.03402821367781672,0.012662523003456272,0.002859093666213175,0.0046240528581940055
2.16,0.012333639627656545,0.03359394538732241,0.03399005168289082,0.01265379253458998,0.002849611146819697,0.0046111306181499945
2.162,0.012280330026316122,0.03352233577476471,0.03395193185460754,0.012645067995449955,0.0028401600455392195,0.004598244490611858
2.164,0.012227234525793218,0.03345087715796624,0.03391385414741932,0.012636349382212364,0.0028307402587024466,0.004585394374653218
2.166,0.012174352381511655,0.03337956923389407,0.03387581851583654,0.012627636691056932,0.002821351682978257,0.004572580169630136
2.168,0.012121682850580795,0.033308411699984886,0.03383782491442733,0.012618929918166488,0.002811994215372371,0.004559801775179784
2.17,0.012069225191800426,0.0332374042541459,0.03379987329781753,0.012610229059727418,0.00280266775322624,0.004547059091219774
2.172,0.012016978665665201,0.033166546594755486,0.03376196362068984,0.012601534111929436,0.0027933721942161593,0.004534352017947718
2.174,0.011964942534368639,0.03309583842066366,0.03372409583778424,0.012592845070965142,0.002784107436352379,0.004521680455839894
2.176,0.01191311606180756,0.03302527943119271,0.03368626990389756,0.012584161933030469,0.0027748733779777712,0.004509044305651244
2.178,0.011861498513585644,0.03295486932613745,0.03364848577388302,0.012575484694324679,0.002765669917766944,0.004496443468413824
2.18,0.011810089157018089,0.0328846078057663,0.03361074340265002,0.012566813351050365,0.0027564969547249074,0.004483877845436357
2.182,0.01175888726113472,0.03281449457082086,0.03357304274516437,0.012558147899412786,0.002747354388186185,0.004471347338303566
2.184,0.011707892096684436,0.03274452932251726,0.0335353837564476,0.012549488335620529,0.002738242117814149,0.004458851848875067
2.186,0.011657102936138308,0.03267471176254633,0.03349776639157698,0.012540834655885513,0.0027291600435992436,0.0044463912792849225
2.188,0.011606519053693365,0.03260504159307365,0.03346019060568506,0.012532186856422545,0.0027201080658585397,0.004433965531940753
2.19,0.01155613972527636,0.032535518516740636,0.03342265635395947,0.012523544933449537,0.0027110860852346264,0.004421574509523074
2.192,0.01150596422854644,0.032466142236664775,0.0333851635916429,0.012514908883187292,0.0027020940026942775,0.004409218114984181
2.194,0.011455991842899138,0.03239691245643961,0.03334771227403288,0.012506278701859719,0.002693131719527786,0.004396896251548155
2.196,0.011406221849469267,0.032327828880135634,0.03331030235648158,0.012497654385693835,0.0026841991373476315,0.0043846088227088575
2.198,0.011356653531133576,0.0322588912123003,0.03327293379439533,0.012489035930919323,0.0026752961580875922,0.004372355732230604
2.2,0.01130728617251453,0.032190099157958674,0.03323560654323465,0.012480423333769197,0.0026664226840016347,0.004360136884146382
2.202,0.01125811905998253,0.03212145242261366,0.033198320558513794,0.012471816590479357,0.0026575786176632477,0.004347952182757409
2.204,0.011209151481659463,0.03205295071224645,0.03316107579580119,0.012463215697288366,0.0026487638619641096,0.004335801532632466
2.206,0.011160382727420481,0.031984593733316746,0.03312387221071833,0.012454620650437676,0.002639978320112757,0.0043236848386070115
2.208,0.011111812088897555,0.031916381192762744,0.033086709758940236,0.012446031446171846,0.0026312218956345834,0.004311602005782733
2.21,0.011063438859481467,0.03184831279800204,0.033049588396194984,0.0124374480807381,0.0026224944923696203,0.004299552939526441
2.212,0.011015262334324483,0.031780388256931635,0.033012508078263725,0.01242887055038655,0.002613796014472536,0.0042875375454694
2.214,0.010967281810342788,0.03171260727792835,0.03297546876098023,0.012420298851370193,0.0026051263664110813,0.004275555729506664
2.216,0.010919496586218491,0.031644969569848636,0.03293847040023068,0.012411732979944912,0.0025964854529652026,0.0042636073977966316
2.218,0.010871905962402062,0.03157747484202922,0.03290151295195387,0.012403172932369033,0.0025878731792261522,0.004251692456759715
2.22,0.010824509241114555,0.03151012280428733,0.032864596372140786,0.012394618704903992,0.002579289450595379,0.004239810813077893
2.222,0.010777305726349606,0.03144291316692094,0.032827720616834144,0.012386070293813667,0.0025707341727838617,0.00422796237369405
2.224,0.010730294723875433,0.03137584564070872,0.03279088564212862,0.01237752769536482,0.0025622072518103334,0.004216147045811303
2.226,0.010683475541236165,0.03130891993691054,0.03275409140417063,0.012368990905826882,0.0025537085940012805,0.004204364736891897
2.228,0.01063684748775473,0.031242135767267643,0.03271733785915787,0.012360459921472167,0.002545238105989389,0.004192615354656981
2.23,0.010590409874533746,0.03117549284400245,0.032680624963339566,0.012351934738575432,0.002536795694712657,0.004180898807085498
2.232,0.010544162014457292,0.031108990879819,0.032643952673015564,0.0123434153534141,0.0025283812674135042,0.00416921500241374
2.234,0.010498103222192912,0.03104262958790316,0.03260732094453722,0.012334901762268258,0.0025199947316376647,0.00415756384913446
2.236,0.010452232814192941,0.030976408681922862,0.0325707297343063,0.012326393961420656,0.0025116359952335188,0.0041459452559962084
2.238,0.0104065501086954,0.0309103278760281,0.0325341789987752,0.012317891947156712,0.002503304966350761,0.004134359132002441
2.24,0.010361054425726213,0.030844386884850694,0.0324976686944467,0.012309395715764504,0.002495001553439513,0.004122805386411077
2.242,0.01031574508709987,0.03077858542350498,0.032461198777874234,0.012300905263534334,0.002486725665249656,0.004111283928733833
2.244,0.010270621416420767,0.030712923207587783,0.03242476920566073,0.01229242058675939,0.0024784772108297215,0.004099794668735113
2.246,0.010225682739084752,0.030647399953178,0.03238837993445953,0.012283941681735522,0.0024702560995257805,0.004088337516431562
2.248,0.010180928382279797,0.03058201537683769,0.032352030920973496,0.012275468544760804,0.002462062240980556,0.004076912382091402
2.25,0.010136357674987106,0.03051676919561097,0.03231572212195544,0.012267001172135972,0.002453895545132534,0.004065519176233767
2.2520000000000002,0.010091969947981783,0.03045166112702491,0.032279453494207244,0.012258539560164206,0.002445755922215076,0.004054157809627812
2.254,0.010047764533834158,0.030386690889089296,0.03224322499458032,0.012250083705151127,0.0024376432827555305,0.004042828193292269
2.2560000000000002,0.010003740766910463,0.030321858200296647,0.03220703657997537,0.012241633603405022,0.002429557537574123,0.004031530238494119
2.258,0.009959897983373489,0.030257162779622204,0.03217088820734171,0.01223318925123662,0.002421498597782845,0.004020263856749029
2.2600000000000002,0.009916235521183037,0.030192604346524377,0.03213477983367796,0.012224750644959093,0.0024134663747852336,0.004009028959819361
2.262,0.0098727527200968,0.030128182620944077,0.032098711416031156,0.012216317780888053,0.002405460780274371,0.00399782545971461
2.2640000000000002,0.009829448921671036,0.030063897323305167,0.03206268291149694,0.012207890655341336,0.0023974817262331083,0.003986653268689855
2.266,0.00978632346926056,0.02999974817451445,0.0320266942772196,0.01219946926463944,0.002389529124932288,0.003975512299245754
2.2680000000000002,0.009743375708019641,0.029935734895961463,0.0319907454703916,0.012191053605105306,0.002381602888930079,0.003964402464127215
2.27,0.009700604984901995,0.02987185720951846,0.031954836448253365,0.012182643673063875,0.0023737029310713087,0.003953323676323395
2.2720000000000002,0.00965801064866123,0.029808114837540645,0.031918967168093504,0.012174239464842973,0.002365829164486355,0.003942275849066368
2.274,0.009615592049851296,0.029744507502865725,0.03188313758724837,0.012165840976772424,0.002357981502589812,0.0039312588958306804
2.2760000000000002,0.009573348540826032,0.029681034928814354,0.031847347663102266,0.012157448205184718,0.0023501598590804917,0.00392027273033313
2.278,0.009531279475740062,0.029617696839189467,0.03181159735308681,0.012149061146414342,0.0023423641479398682,0.003909317266531209
2.2800000000000002,0.009489384210548124,0.029554492958276724,0.03177588661468134,0.012140679796798226,0.0023345942834311906,0.003898392418623109
2.282,0.009447662103005516,0.029491423010844287,0.031740215405412275,0.012132304152675966,0.002326850180098594,0.003887498101047049
2.2840000000000003,0.009406112512667653,0.02942848672214282,0.03170458368285334,0.012123934210388931,0.0023191317527666566,0.003876634228480169
2.286,0.009364734800890506,0.02936568381790483,0.03166899140462531,0.012115569966281159,0.002311438916538844,0.003865800715838086
2.2880000000000003,0.009323528330829944,0.02930301402434554,0.03163343852839606,0.012107211416698904,0.0023037715867970654,0.0038549974782744467
2.29,0.009282492467441505,0.029240477068161796,0.03159792501188008,0.012098858557990644,0.002296129679200787,0.0038442244311798213
2.2920000000000003,0.009241626577480622,0.029178072676532496,0.03156245081283848,0.012090511386507075,0.002288513109685697,0.0038334814901812564
2.294,0.009200930029501286,0.0291158005771186,0.031527015889079024,0.012082169898601114,0.0022809217944634863,0.0038227685711418324
2.2960000000000003,0.009160402193856942,0.02905366049806246,0.03149162019845608,0.012073834090628122,0.0022733556500202923,0.003812085590159553
2.298,0.009120042442698706,0.02899165216798827,0.03145626369887,0.012065503958945678,0.0022658145931162554,0.0038014324635673447
2.3000000000000003,0.00907985014997581,0.028929775316001383,0.03142094634826775,0.012057179499913584,0.002258298540784631,0.003790809107931503
2.302,0.009039824691434939,0.028868029671688555,0.03138566810464183,0.012048860709893638,0.0022508074103304576,0.003780215440051915
2.3040000000000003,0.008999965444618896,0.02880641496511771,0.031350428926031126,0.012040547585250083,0.0022433411193305552,0.0037696513769607254
2.306,0.008960271788867047,0.028744930926837275,0.031315228770520065,0.01203224012234938,0.002235899585631529,0.003759116835922116
2.308,0.008920743105313544,0.02868357728787685,0.031280067596239025,0.012023938317559768,0.0022284827273499896,0.0037486117344316394
2.31,0.008881378776887328,0.02862235377974609,0.03124494536136413,0.012015642167252372,0.0022210904628707784,0.003738135990215108
2.312,0.008842178188311012,0.028561260134435607,0.031209862024116575,0.01200735166779987,0.002213722710846966,0.0037276895212285943
2.314,0.0088031407261,0.02850029608441562,0.031174817542763078,0.011999066815577386,0.0022063793901982987,0.0037172722456575436
2.316,0.00876426577856182,0.028439461362636642,0.031139811875615653,0.011990787606962039,0.0021990604201105324,0.0037068840819156623
2.318,0.008725552735794784,0.02837875570252879,0.03110484498103161,0.011982514038333392,0.0021917657200347662,0.0036965249486451413
2.32,0.008687000989687332,0.028318178838001584,0.031069916817413112,0.011974246106072783,0.0021844952096863324,0.0036861947647155446
2.322,0.008648609933916696,0.028257730503444156,0.0310350273432074,0.011965983806563996,0.002177248809044352,0.0036758934492229223
2.324,0.008610378963948229,0.028197410433724146,0.031000176516906564,0.011957727136192808,0.002170026438350403,0.0036656209214895874
2.326,0.00857230747703408,0.028137218364188366,0.030965364297047326,0.011949476091347,0.002162828018107854,0.0036553771010632286
2.328,0.008534394872211859,0.028077154030662355,0.03093059064221082,0.01194123066841657,0.002155653469081198,0.0036451619077166875
2.33,0.008496640550303525,0.028017217169449493,0.03089585551102325,0.011932990863793735,0.002148502712294942,0.003634975261446849
2.332,0.008459043913914055,0.027957407517331445,0.03086115886215479,0.011924756673872494,0.002141375669032941,0.0036248170824741965
2.334,0.008421604367430335,0.027897724811567493,0.03082650065432002,0.011916528095049062,0.002134272260837511,0.003614687291242369
2.336,0.008384321317019605,0.027838168789894757,0.03079188084627793,0.011908305123722096,0.00212719240950876,0.003604585808417049
2.338,0.008347194170628125,0.027778739190527313,0.03075729939683125,0.01190008775629181,0.0021201360371034816,0.0035945125548859647
2.34,0.008310222337980067,0.027719435752156407,0.030722756264827122,0.011891875989160638,0.002113103065934485,0.003584467451758
2.342,0.008273405230575515,0.027660258213949573,0.03068825140915643,0.011883669818733011,0.00210609341856971,0.0035744504203623073
2.344,0.008236742261689356,0.027601206315550852,0.030653784788753802,0.011875469241415582,0.0020991070178313365,0.0035644613822478632
2.346,0.008200232846369504,0.02754227979708057,0.030619356362597605,0.011867274253617,0.002092143786795342,0.0035545002591832464
2.348,0.008163876401435344,0.027483478399134453,0.030584966089709953,0.011859084851747914,0.002085203648790168,0.0035445669731553053
2.35,0.008127672345476178,0.027424801862783843,0.030550613929156256,0.011850901032220973,0.002078286527396278,0.0035346614463691584
2.352,0.00809162009884945,0.027366249929575037,0.03051629984004589,0.011842722791450822,0.0020713923464452666,0.0035247836012475275
2.354,0.008055719083679413,0.02730782234152951,0.030482023781530865,0.011834550125854326,0.002064521030018751,0.0035149333604296285
2.356,0.008019968723854687,0.027249518841142795,0.03044778571280715,0.01182638303185013,0.002057672502448149,0.00350511064677117
2.358,0.007984368445027368,0.0271913391713845,0.030413585593113357,0.011818221505858872,0.002050846688313346,0.003495315383343245
2.36,0.007948917674610367,0.02713328307569851,0.030379423381731385,0.011810065544303416,0.0020440435124420286,0.0034855474934323283
2.362,0.007913615841776078,0.027075350298001677,0.030345299037985995,0.011801915143608177,0.0020372628999090203,0.003475806900538725
2.364,0.007878462377454376,0.02701754058268402,0.030311212521245023,0.011793770300200235,0.002030504776035391,0.0034660935283770122
2.366,0.007843456714330843,0.026959853674608514,0.03027716379091916,0.011785631010508002,0.002023769066388015,0.0034564073008749308
2.368,0.007808598286844326,0.026902289319110206,0.030243152806461504,0.011777497270962112,0.002017055696777792,0.0034467481421727175
2.37,0.007773886531185603,0.02684484726199643,0.030209179527368013,0.011769369077995195,0.0020103645932600944,0.003437115976622662
2.372,0.0077393208852951645,0.026787527249545917,0.030175243913177274,0.011761246428041883,0.002003695682133211,0.003427510728788441
2.374,0.007704900788860547,0.026730329028508804,0.030141345923470286,0.011753129317538802,0.0019970488899374583,0.0034179323234446723
2.376,0.007670625683315224,0.026673252346105958,0.030107485517870236,0.011745017742924135,0.001990424143455183,0.003408380685576251
2.378,0.00763649501183572,0.02661629695002876,0.03007366265604272,0.011736911700638508,0.0019838213697092044,0.003398855740377682
2.38,0.007602508219340054,0.026559462588438887,0.03003987729769575,0.011728811187124322,0.0019772404959623735,0.003389357413252636
2.382,0.007568664752485077,0.026502749009967408,0.030006129402579296,0.011720716198825754,0.0019706814497166825,0.003379885629813062
2.384,0.007534964059664473,0.026446155963715023,0.029972418930485523,0.01171262673218898,0.0019641441587128217,0.003370440315878964
2.386,0.00750140559100676,0.026389683199251168,0.029938745841248338,0.011704542783662397,0.001957628550928847,0.003361021397477737
2.388,0.007467988798372627,0.02633333046661379,0.029905110094743614,0.011696464349695956,0.0019511345545797365,0.003351628800843276
2.39,0.007434713135352489,0.02627709751630891,0.029871511650889415,0.011688391426741607,0.0019446620981167229,0.0033422624524159783
2.392,0.007401578057264935,0.026220984099310396,0.029837950469645103,0.011680324011253296,0.0019382111102264066,0.0033329222788416324
2.394,0.0073685830211538406,0.02616498996705907,0.029804426511011783,0.011672262099686748,0.0019317815198298671,0.003323608206971196
2.396,0.0073357274857857035,0.026109114871462502,0.02977093973503231,0.011664205688499685,0.001925373256082219,0.0033143201638596853
2.398,0.007303010911648089,0.026053358564895213,0.02973749010179083,0.011656154774151828,0.0019189862483715014,0.0033050580767666204
2.4,0.007270432760946077,0.02599772080019691,0.029704077571413245,0.011648109353104452,0.0019126204263182345,0.0032958218731542477
2.402,0.007237992497600931,0.025942201330673598,0.029670702104066526,0.011640069421821053,0.0019062757197743085,0.003286611480687762
2.404,0.007205689587246766,0.025886799910095792,0.02963736365995917,0.011632034976766903,0.0018999520588227625,0.003277426827234864
2.406,0.007173523497228551,0.025831516292698975,0.029604062199340753,0.011624006014409272,0.0018936493737764515,0.003268267840864203
2.408,0.0071414936965992215,0.025776350233182477,0.029570797682502148,0.011615982531217206,0.0018873675951778246,0.003259134449846046
2.41,0.007109599656117238,0.025721301486709702,0.029537570069775088,0.01160796452366153,0.001881106653797815,0.0032500265826507224
2.412,0.0070778408482441435,0.02566636980890724,0.02950437932153238,0.01159995198821484,0.0018748664806349513,0.003240944167948845
2.414,0.007046216747141676,0.025611554955864202,0.029471225398187695,0.01159194492135196,0.0018686470069153582,0.0032318871346099787
2.416,0.0070147268286693265,0.025556856684132656,0.029438108260195772,0.011583943319549483,0.0018624481640914237,0.003222855411702863
2.418,0.006983370570381675,0.025502274750725862,0.029405027868052214,0.011575947179285562,0.0018562698838409109,0.0032138489284945226
2.42,0.006952147451525503,0.02544780891311893,0.02937198418229303,0.011567956497040344,0.0018501120980667363,0.0032048676144491584
2.422,0.006921056953037352,0.025393458929247936,0.029338977163495095,0.011559971269296199,0.0018439747388963035,0.0031959113992288124
2.424,0.006890098557540414,0.025339224557509255,0.029306006772275683,0.011551991492536828,0.0018378577386799488,0.0031869802126913704
2.426,0.0068592717493420885,0.025285105556759113,0.029273072969292713,0.011544017163247933,0.0018317610299909415,0.0031780739848914497
2.428,0.006828576014431098,0.025231101686313373,0.02924017571524473,0.01153604827791721,0.0018256845456248172,0.0031691926460786224
2.43,0.006798010840474822,0.025177212705947083,0.02920731497087048,0.011528084833033914,0.0018196282185980461,0.0031603361266978602
2.432,0.00676757571681641,0.025123438375893592,0.029174490696949107,0.011520126825089294,0.0018135919821480329,0.0031515043573879797
2.434,0.0067372701344716734,0.025069778456844327,0.029141702854299734,0.011512174250576601,0.001807575769732006,0.0031426972689823085
2.436,0.0067070935861266445,0.025016232709948127,0.029108951403782113,0.011504227105990639,0.0018015795150261305,0.003133914792506909
2.438,0.006677045566134243,0.02496280089681102,0.029076236306295966,0.011496285387828209,0.0017956031519252846,0.003125156859181022
2.44,0.006647125570511614,0.02490948277949534,0.029043557522780983,0.01148834909258789,0.001789646614541951,0.0031164234004159574
2.442,0.006617333096937461,0.024856278120519493,0.02901091501421682,0.011480418216770039,0.0017837098372057714,0.0031077143478146496
2.444,0.006587667644748718,0.024803186682857747,0.028978308741623326,0.011472492756876784,0.0017777927544624372,0.003099029633171213
2.446,0.006558128714937439,0.024750208229938897,0.028945738666060095,0.011464572709412035,0.0017718953010736893,0.0030903691884707207
2.448,0.0065287158101481335,0.02469734252564626,0.028913204748626464,0.011456658070881698,0.0017660174120157635,0.0030817329458878717
2.45,0.006499428434675103,0.024644589334317235,0.02888070695046152,0.011448748837793454,0.0017601590224796126,0.003073120837786991
2.452,0.006470266094458443,0.024591948420742638,0.02884824523274432,0.011440845006656541,0.0017543200678693527,0.0030645327967218083
2.454,0.006441228297082047,0.02453941955016603,0.028815819556693212,0.011432946573982417,0.0017485004838020402,0.003055968755434346
2.456,0.0064123145517698266,0.024487002488283727,0.028783429883566303,0.011425053536283869,0.0017427002061070063,0.0030474286468542555
2.458,0.0063835243693830535,0.024434697001243455,0.028751076174661216,0.011417165890075687,0.0017369191708249687,0.0030389124040992588
2.46,0.006354857262416802,0.02438250285564436,0.02871875839131488,0.011409283631874434,0.0017311573142075876,0.003030419960473596
2.462,0.006326312744997509,0.024330419818536564,0.028686476494903967,0.011401406758198673,0.001725414572716355,0.0030219512494680245
2.464,0.006297890332879419,0.024278447657420266,0.02865423044684401,0.011393535265568522,0.0017196908830221513,0.0030135062047593753
2.466,0.006269589543441256,0.024226586140245532,0.028622020208590282,0.011385669150505873,0.0017139861820050228,0.003005084760209442
2.468,0.006241409895683558,0.02417483503541118,0.028589845741637143,0.011377808409534396,0.0017083004067526275,0.0029966868498649823
2.47,0.006213350910225124,0.024123194111765,0.02855770700751803,0.011369953039179759,0.001702633494560235,0.002988312407957494
2.472,0.006185412109299904,0.02407166313860265,0.028525603967805457,0.011362103035969184,0.0016969853829296166,0.0029799613689016624
2.474,0.006157593016754337,0.024020241885667426,0.028493536584111245,0.011354258396431893,0.001691356009569045,0.0029716336672960253
2.476,0.0061298931580431315,0.0239689301231496,0.02846150481808607,0.011346419117098439,0.0016857453123915178,0.0029633292379214193
2.478,0.0061023120602266,0.023917727621685536,0.028429508631419464,0.011338585194501594,0.0016801532295152022,0.002955048015741424
2.48,0.006074849251967773,0.023866634152357902,0.028397547985840044,0.011330756625175686,0.001674579699262324,0.0029467899359010286
2.482,0.006047504263528403,0.023815649486694346,0.028365622843115057,0.011322933405657043,0.0016690246601580583,0.0029385549337266337
2.484,0.0060202766267660746,0.02376477339666727,0.028333733165050834,0.011315115532483322,0.0016634880509307504,0.0029303429447253837
2.486,0.005993165875131101,0.02371400565469317,0.028301878913492118,0.011307303002194402,0.0016579698105105845,0.0029221539045845013
2.488,0.005966171543662746,0.023663346033632404,0.02827006005032273,0.011299495811331717,0.0016524698780291391,0.0029139877491712873
2.49,0.005939293168986115,0.023612794306788087,0.02823827653746469,0.011291693956438253,0.0016469881928187213,0.0029058444145320106
2.492,0.00591253028930927,0.023562350247905872,0.028206528336878867,0.01128389743405922,0.0016415246944117001,0.002897723836891908
2.494,0.0058858824444190105,0.02351201363117328,0.028174815410564547,0.011276106240741157,0.0016360793225398407,0.0028896259526542956
2.496,0.005859349175678208,0.02346178423121903,0.02814313772055943,0.011268320373032603,0.0016306520171340821,0.002881550698400126
2.498,0.005832930026022476,0.023411661823112828,0.028111495228939853,0.011260539827483651,0.0016252427183229834,0.002873498010887765
2.5,0.005806624539956173,0.02336164618236425,0.028079887897820344,0.011252764600646392,0.001619851366432945,0.002865467827052326
2.5020000000000002,0.0057804322635495176,0.023311737084922735,0.028048315689353842,0.011244994689074694,0.0016144779019870992,0.0028574600840052256
2.504,0.005754352744435254,0.02326193430717627,0.028016778565731704,0.011237230089323758,0.0016091222657046433,0.002849474719033518
2.5060000000000002,0.0057283855318051025,0.023212237625951815,0.027985276489183253,0.01122947079795078,0.0016037843985006184,0.0028415116695994502
2.508,0.005702530176405984,0.023162646818513544,0.027953809421976006,0.011221716811514959,0.0015984642414847983,0.002833570873340241
2.5100000000000002,0.005676786230537134,0.023113161662563275,0.02792237732641567,0.011213968126576823,0.001593161735961468,0.0028256522680674134
2.512,0.005651153248046548,0.023063781936239147,0.027890980164845924,0.011206224739698678,0.0015878768234285356,0.00281775579176613
2.5140000000000002,0.005625630784327207,0.023014507418115837,0.02785961789964886,0.01119848664744505,0.0015826094455766437,0.0028098813825947477
2.516,0.005600218396313972,0.022965337887202786,0.02782829049324409,0.011190753846381574,0.0015773595442891697,0.0028020289788850405
2.5180000000000002,0.005574915642480027,0.022916273122944864,0.027796997908089205,0.011183026333075885,0.0015721270616411154,0.002794198519140423
2.52,0.0055497220828333305,0.022867312905221038,0.02776574010667998,0.011175304104097394,0.001566911939898663,0.0027863899420366156
2.5220000000000002,0.005524637278913058,0.022818457014343707,0.027734517051549945,0.011167587156017289,0.0015617141215185093,0.0027786031864207583
2.524,0.005499660793786498,0.0227697052310587,0.027703328705270147,0.011159875485408532,0.0015565335491474208,0.0027708381913105207
2.5260000000000002,0.005474792192044831,0.02272105733654395,0.02767217503044983,0.01115216908884542,0.0015513701656213463,0.0027630948958945467
2.528,0.0054500310398002405,0.022672513112409476,0.02764105598973532,0.01114446796290447,0.0015462239139647505,0.0027553732395309005
2.5300000000000002,0.005425376904682366,0.02262407234069652,0.02760997154581113,0.01113677210416375,0.0015410947373906136,0.0027476731617475103
2.532,0.005400829355834302,0.022575734803876868,0.027578921661399303,0.011129081509202887,0.001535982579298878,0.002739994602241058
2.5340000000000003,0.00537638796390949,0.022527500284852398,0.027547906299259184,0.011121396174603282,0.001530887383276447,0.002732337500876758
2.536,0.005352052301068166,0.022479368566954427,0.027516925422187644,0.011113716096948334,0.0015258090930967416,0.002724701797688134
2.5380000000000003,0.005327821940973365,0.022431339433943043,0.0274859789930193,0.011106041272822997,0.0015207476527183683,0.0027170874328761307
2.54,0.005303696458788032,0.022383412670006875,0.027455066974626074,0.01109837169881378,0.0015157030062853405,0.002709494346808894
2.5420000000000003,0.005279675431170805,0.022335588059761546,0.027424189329917192,0.01109070737150919,0.0015106750981257466,0.0027019224800213237
2.544,0.005255758436273128,0.022287865388250117,0.027393346021839404,0.011083048287499286,0.0015056638727517502,0.002694371773214188
2.5460000000000003,0.00523194505373481,0.02224024444094197,0.02736253701337632,0.011075394443375908,0.0015006692748587014,0.002686842167254122
2.548,0.005208234864681138,0.022192725003731928,0.027331762267549298,0.011067745835732445,0.0014956912493244712,0.002679333603173184
2.5500000000000003,0.005184627451719104,0.02214530686294025,0.027301021747416554,0.01106010246116429,0.001490729741208785,0.0026718460221681894
2.552,0.005161122398933626,0.022097989805311746,0.02727031541607383,0.011052464316268384,0.0014857846957532228,0.0026643793656000447
2.5540000000000003,0.005137719291884224,0.022050773618014885,0.02723964323665351,0.011044831397643451,0.0014808560583796648,0.0026569335749937473
2.556,0.005114417717601016,0.022003658088641576,0.027209005172325496,0.011037203701889986,0.0014759437746907356,0.0026495085920377193
2.5580000000000003,0.005091217264581616,0.021956643005206056,0.02717840118629633,0.011029581225610041,0.0014710477904684716,0.0026421043585833637
2.56,0.00506811752278713,0.021909728156145114,0.02714783124180986,0.011021963965407444,0.0014661680516738773,0.00263472081664462
2.562,0.005045118083638389,0.021862913330316758,0.027117295302146793,0.011014351917887577,0.0014613045044464812,0.0026273579083972987
2.564,0.005022218540012835,0.021816198316999547,0.027086793330624692,0.01100674507965782,0.0014564570951038913,0.002620015576178858
2.566,0.0049994184862405255,0.02176958290589215,0.027056325290597982,0.010999143447327109,0.0014516257701409074,0.002612693762488183
2.568,0.004976717518100804,0.02172306688711312,0.027025891145457948,0.010991547017506376,0.0014468104762290768,0.002605392409984475
2.57,0.004954115232817857,0.021676650051199786,0.02699549085863251,0.010983955786807664,0.00144201116021625,0.0025981114614874734
2.572,0.004931611229058275,0.021630332189107593,0.02696512439358667,0.010976369751845239,0.001437227769125471,0.002590850859976568
2.574,0.004909205106926162,0.021584113092209645,0.02693479171382185,0.010968788909234917,0.0014324602501551986,0.002583610548590576
2.576,0.004886896467960478,0.021537992552296048,0.0269044927828761,0.010961213255594071,0.0014277085506781972,0.002576390470627299
2.578,0.0048646849151308125,0.021491970361573465,0.026874227564324338,0.010953642787542073,0.0014229726182408697,0.0025691905695428563
2.58,0.004842570052833839,0.021446046312664002,0.026843996021777894,0.010946077501699625,0.001418252400563258,0.002562010788951463
2.582,0.004820551486889757,0.02140022019860499,0.026813798118884735,0.01093851739468965,0.0014135478455381545,0.0025548510726249862
2.584,0.004798628824538298,0.02135449181284832,0.026783633819329244,0.010930962463136185,0.0014088589012302144,0.0025477113644922778
2.586,0.004776801674435616,0.021308860949259767,0.02675350308683222,0.01092341270366548,0.0014041855158759553,0.0025405916086389535
2.588,0.0047550696466500675,0.021263327402117893,0.026723405885151097,0.010915868112905125,0.0013995276378828692,0.0025334917493069486
2.59,0.004733432352658884,0.02121789096611404,0.026693342178079504,0.010908328687484703,0.0013948852158287561,0.0025264117308940737
2.592,0.00471188940534395,0.02117255143635166,0.026663311929447264,0.010900794424035132,0.0013902581984617246,0.0025193514979533482
2.594,0.004690440418988917,0.02112730860834522,0.026633315103120836,0.010893265319189549,0.001385646534698859,0.002512310995192779
2.596,0.004669085009274987,0.021082162278019956,0.026603351663002872,0.010885741369582203,0.0013810501736262193,0.0025052901674751382
2.598,0.004647822793277134,0.02103711224171123,0.02657342157303222,0.01087822257184956,0.0013764690644981759,0.0024982889598170743
2.6,0.0046266533894607775,0.02099215829616341,0.026543524797183693,0.010870708922629424,0.0013719031567369644,0.002491307317389113
2.602,0.004605576417678003,0.020947300238529643,0.02651366129946875,0.010863200418561592,0.0013673523999317982,0.002484345185514547
2.604,0.0045845914991633485,0.020902537866371418,0.02648383104393437,0.010855697056287417,0.0013628167438384242,0.0024774025096701013
2.606,0.0045636982565309125,0.020857870977657234,0.026454033994664172,0.010848198832449807,0.0013582961383786785,0.0024704792354843796
2.608,0.0045428963137701395,0.020813299370762817,0.026424270115777304,0.010840705743693446,0.0013537905336402645,0.0024635753087380863
2.61,0.004522185296242265,0.020768822844469792,0.026394539371429326,0.010833217786665017,0.0013492998798754208,0.002456690675363582
2.612,0.004501564830676319,0.02072444119796546,0.026364841725811772,0.010825734958012312,0.001344824127501143,0.002449825281444218
2.614,0.004481034545166018,0.020680154230841685,0.0263351771431517,0.010818257254385566,0.0013403632270982957,0.0024429790732141132
2.616,0.004460594069165547,0.020635961743094677,0.026305545587712365,0.010810784672436125,0.0013359171294109462,0.0024361519970574896
2.618,0.004440243033486002,0.0205918635351241,0.026275947023792767,0.01080331720881711,0.0013314857853463646,0.0024293439995084487
2.62,0.004419981070291845,0.02054785940773285,0.026246381415727882,0.01079585486018364,0.0013270691459736916,0.00242255502725075
2.622,0.004399807813096901,0.020503949162125723,0.02621684872788821,0.01078839762319217,0.0013226671625241604,0.0024157850271169234
2.624,0.004379722896760585,0.020460132599909198,0.02618734892468022,0.010780945494501148,0.0013182797863899864,0.002409033946088046
2.626,0.004359725957484795,0.02041640952309076,0.026157881970545915,0.01077349847077036,0.0013139069691243677,0.0024023017312932993
2.628,0.004339816632809468,0.020372779734078472,0.026128447829963264,0.010766056548661807,0.001309548662440596,0.002395588330009968
2.63,0.004319994561609475,0.020329243035679623,0.02609904646744554,0.010758619724838603,0.0013052048182116138,0.0023888936896625523
2.632,0.004300259384090399,0.020285799231100743,0.026069677847541994,0.010751187995966083,0.001300875388469569,0.0023822177578223247
2.634,0.004280610741784985,0.02024244812394671,0.026040341934836952,0.010743761358710913,0.0012965603254051494,0.0023755604822073284
2.636,0.004261048277549806,0.020199189518219862,0.026011038693950717,0.010736339809741757,0.0012922595813669169,0.00236892181068149
2.638,0.004241571635561048,0.020156023218320218,0.025981768089538892,0.010728923345728614,0.0012879731088615287,0.002362301691254398
2.64,0.004222180461310732,0.020112949029043703,0.025952530086292613,0.010721511963343477,0.0012837008605524058,0.0023557000720813015
2.642,0.004202874401603829,0.020069966755581925,0.025923324648938317,0.010714105659259676,0.0012794427892597326,0.0023491169014617785
2.644,0.004183653104553597,0.020027076203522176,0.025894151742237748,0.010706704430152758,0.0012751988479593468,0.0023425521278404027
2.646,0.0041645162195782515,0.019984277178845655,0.025865011330988397,0.010699308272699604,0.0012709689897829612,0.0023360056998056322
2.648,0.004145463397397187,0.01994156948792747,0.02583590338002284,0.010691917183578648,0.0012667531680172761,0.0023294775660898104
2.65,0.004126494290027649,0.019898952937536185,0.025806827854208958,0.010684531159470545,0.0012625513361033125,0.002322967675568055
2.652,0.004107608550780295,0.019856427334832505,0.025777784718449936,0.010677150197057061,0.0012583634476361905,0.002316475977258925
2.654,0.004088805834256304,0.019813992487369037,0.025748773937684044,0.010669774293022183,0.0012541894563644629,0.0023100024203230873
2.656,0.004070085796343159,0.019771648203089853,0.025719795476884855,0.010662403444051227,0.0012500293161898934,0.002303546954063318
2.658,0.004051448094210874,0.019729394290329383,0.025690849301061025,0.010655037646831067,0.0012458829811665684,0.0022971095279242792
2.66,0.00403289238630844,0.019687230557811963,0.025661935375256517,0.010647676898050795,0.0012417504055006745,0.0022906900914916317
2.662,0.004014418332360492,0.019645156814650955,0.025633053664550154,0.010640321194400837,0.001237631543549833,0.0022842885944922564
2.664,0.003996025593363095,0.01960317287034874,0.02560420413405584,0.010632970532573394,0.0012335263498224336,0.0022779049867933665
2.666,0.003977713831580187,0.019561278534795168,0.02557538674892279,0.010625624909262221,0.001229434778977856,0.0022715392184022853
2.668,0.003959482710539808,0.01951947361826778,0.02554660147433485,0.010618284321163074,0.001225356785825138,0.0022651912394660023
2.67,0.003941331895030764,0.019477757931430473,0.025517848275510735,0.010610948764973038,0.0012212923253229757,0.0022588610002707288
2.672,0.0039232610510986365,0.019436131285333058,0.02548912711770468,0.010603618237391199,0.001217241352579057,0.00225254845124212
2.674,0.0039052698460420032,0.01939459349141104,0.02546043796620512,0.010596292735118196,0.0012132038228496178,0.0022462535429437214
2.676,0.003887357948409109,0.019353144361484054,0.02543178078633579,0.010588972254856222,0.0012091796915389974,0.0022399762260776335
2.678,0.0038695250279938698,0.019311783707756103,0.02540315554345529,0.010581656793309469,0.001205168914198751,0.002233716451483625
2.68,0.0038517707558320957,0.019270511342814434,0.02537456220295664,0.010574346347183683,0.0012011714465280932,0.00222747417013891
2.682,0.0038340948041983847,0.019229327079628877,0.025346000730267715,0.010567040913186165,0.0011971872443723441,0.0022212493331574823
2.684,0.00381649684660168,0.019188230731551625,0.025317471090851473,0.010559740488025993,0.0011932162637233734,0.002215041891790115
2.686,0.0037989765577821633,0.019147222112315676,0.02528897325020507,0.010552445068414018,0.0011892584607182677,0.0022088517974241384
2.688,0.0037815336137074773,0.0191063010360355,0.025260507173860525,0.010545154651062871,0.0011853137916395529,0.0022026790015821085
2.69,0.0037641676915689537,0.019065467317205043,0.02523207282738471,0.010537869232686514,0.001181382212914306,0.0021965234559224722
2.692,0.0037468784697776147,0.019024720770697723,0.025203670176378923,0.010530588810000907,0.0011774636811139327,0.0021903851122386797
2.694,0.0037296656279615092,0.018984061211766212,0.025175299186478872,0.010523313379723787,0.0011735581529532801,0.002184263922458962
2.696,0.0037125288469608275,0.018943488456040658,0.02514695982335491,0.010516042938574222,0.0011696655852908577,0.0021781598386456658
2.698,0.003695467808825015,0.018903002319529127,0.02511865205271202,0.010508777483273057,0.0011657859351277278,0.0021720728129954736
2.7,0.0036784821968089965,0.018862602618616275,0.02509037584028939,0.010501517010543138,0.0011619191596075051,0.0021660027978382956
2.702,0.0036615716953694033,0.0188222891700629,0.025062131151861067,0.01049426151710886,0.0011580652160152471,0.0021599497456374905
2.704,0.003644735990161241,0.0187820617910055,0.025033917953235063,0.010487010999695956,0.0011542240617776756,0.0021539136089891997
2.706,0.0036279747680334484,0.01874192029895516,0.025005736210254037,0.010479765455032375,0.0011503956544625105,0.002147894340622125
2.708,0.0036112877170262347,0.018701864511797117,0.02497758588879484,0.0104725248798474,0.0011465799517778041,0.0021418918933968634
2.71,0.003594674526366859,0.018661894247790523,0.02494946695476874,0.010465289270872313,0.001142776911571719,0.0021359062203061274
2.712,0.003578134886466078,0.0186220093255669,0.0249213793741212,0.010458058624839728,0.0011389864918316395,0.0021299372744736367
2.714,0.0035616684889145933,0.01858220956413037,0.0248933231128321,0.010450832938484256,0.001135208650684394,0.002123985009154117
2.716,0.0035452750264794997,0.018542494782856522,0.024865298136915515,0.010443612208542064,0.0011314433463953666,0.0021180493777330778
2.718,0.0035289541931007307,0.01850286480149177,0.024837304412419492,0.010436396431751094,0.0011276905373680535,0.0021121303337263697
2.72,0.003512705683886841,0.018463319440152892,0.024809341905426274,0.010429185604850844,0.0011239501821433961,0.002106227830779517
2.722,0.003496529195112341,0.018423858519326153,0.02478141058205252,0.010421979724582364,0.001120222239400226,0.0021003418226677173
2.724,0.0034804244242130356,0.018384481859867075,0.024753510408448642,0.010414778787688928,0.0011165066679537095,0.0020944722632953994
2.726,0.003464391069783579,0.018345189282999108,0.024725641350799465,0.010407582790914915,0.0011128034267553488,0.002088619106695999
2.728,0.003448428831572814,0.01830598061031341,0.024697803375323346,0.01040039173100693,0.0011091124748927594,0.0020827823070308504
2.73,0.003432537410480885,0.0182668556637684,0.02466999644827328,0.010393205604712907,0.001105433771589004,0.002076961818589851
2.732,0.00341671650855524,0.018227814265688647,0.024642220535935788,0.010386024408782557,0.001101767276202148,0.0020711575957905737
2.734,0.0034009658289873013,0.01818885623876465,0.02461447560463159,0.010378848139967145,0.0010981129482250385,0.0020653695931778238
2.736,0.0033852850761086906,0.018149981406051507,0.02458676162071516,0.010371676795019935,0.001094470747284193,0.0020595977654234154
2.738,0.0033696739553876753,0.018111189590969134,0.02455907855057493,0.010364510370695745,0.0010908406331400222,0.0020538420673261726
2.74,0.003354132173425839,0.018072480617300934,0.024531426360633102,0.01035734886375117,0.0010872225656863854,0.0020481024538108183
2.742,0.0033386594379543055,0.018033854309193575,0.024503805017345837,0.010350192270944358,0.0010836165049497026,0.0020423788799284193
2.744,0.0033232554578299656,0.017995310491156102,0.02447621448720283,0.010343040589035013,0.0010800224110889545,0.002036671300855275
2.746,0.003307919943032589,0.01795684898805927,0.02444865473672797,0.010335893814784836,0.001076440244395016,0.0020309796718933626
2.748,0.0032926526046603843,0.017918469625135103,0.024421125732478677,0.010328751944957304,0.001072869965290213,0.002025303948469226
2.75,0.0032774531549271124,0.01788017222797622,0.024393627441046117,0.010321614976317228,0.001069311534327877,0.002019644086134198
2.7520000000000002,0.0032623213071583113,0.017841956622534738,0.02436615982905499,0.010314482905631195,0.0010657649121923463,0.002014000040563735
2.754,0.0032472567757877435,0.017803822635122257,0.02433872286316352,0.010307355729667567,0.0010622300596978551,0.0020083717675571933
2.7560000000000002,0.003232259276354066,0.01776577009240876,0.02431131651006413,0.010300233445196483,0.0010587069377883118,0.002002759223037387
2.758,0.003217328525496832,0.01772779882142239,0.024283940736482323,0.010293116048989859,0.0010551955075372987,0.0019971623630505864
2.7600000000000002,0.0032024642409533843,0.017689908649548336,0.02425659550917736,0.010286003537820942,0.001051695730147184,0.0019915811437654085
2.762,0.003187666141555301,0.017652099404528165,0.0242292807949418,0.01027889590846498,0.0010482075669489,0.001986015521473261
2.7640000000000002,0.003172933947224621,0.017614370914460054,0.02420199656060218,0.010271793157698772,0.001044730979401276,0.0019804654525876764
2.766,0.003158267378970736,0.01757672300779678,0.0241747427730179,0.010264695282300895,0.0010412659290912618,0.001974930893644089
2.7680000000000002,0.0031436661588863934,0.017539155513346394,0.02414751939908233,0.010257602279051481,0.0010378123777325943,0.00196941180129917
2.77,0.0031291300101448094,0.017501668260270442,0.024120326405722148,0.010250514144732659,0.0010343702871660199,0.001963908132330827
2.7720000000000002,0.0031146586569956725,0.017464261078084187,0.024093163759897118,0.01024343087612789,0.0010309396193586284,0.001958419843637982
2.774,0.0031002518247615907,0.017426933796655497,0.024066031428600754,0.010236352470022636,0.0010275203364034091,0.001952946892239682
2.7760000000000002,0.003085909239835205,0.017389686246204406,0.024038929378859653,0.010229278923203688,0.0010241124005192503,0.0019474892352751016
2.778,0.0030716306296754148,0.01735251825730244,0.02401185757773394,0.01022221023246006,0.0010207157740500516,0.001942046830003319
2.7800000000000002,0.0030574157228033805,0.01731542966087174,0.02398481599231661,0.010215146394581875,0.0010173304194645016,0.0019366196338028718
2.782,0.0030432642487998596,0.017278420288184604,0.023957804589734177,0.010208087406361477,0.0010139562993554119,0.0019312076041715365
2.7840000000000003,0.0030291759383014316,0.017241489970863055,0.023930823337146467,0.010201033264592763,0.0010105933764397168,0.0019258106987254386
2.786,0.0030151505229969455,0.017204638540877948,0.02390387220174639,0.010193983966070963,0.0010072416135578077,0.001920428875199498
2.7880000000000003,0.003001187735624189,0.01716786583054808,0.02387695115075994,0.010186939507593529,0.0010039009736733107,0.001915062091446762
2.79,0.0029872873099663355,0.01713117167254019,0.023850060151446195,0.010179899885959243,0.0010005714198726423,0.0019097103054379616
2.7920000000000003,0.0029734489808488362,0.017094555899867858,0.023823199171097542,0.010172865097968886,0.0009972529153641219,0.0019043734752612895
2.794,0.0029596724841354227,0.017058018345890824,0.02379636817703923,0.010165835140424573,0.000993945423478415,0.0018990515591219559
2.7960000000000003,0.0029459575567252205,0.017021558844314555,0.023769567136629588,0.010158810010130415,0.000990648907667202,0.0018937445153421884
2.798,0.0029323039365491965,0.016985177229189796,0.02374279601726026,0.010151789703892078,0.0009873633315038433,0.001888452302360566
2.8000000000000003,0.002918711362566606,0.016948873334911463,0.023716054786355523,0.010144774218517005,0.0009840886586820474,0.001883174878731797
2.802,0.0029051795747616627,0.016912646996218195,0.023689343411372743,0.010137763550814194,0.0009808248530158714,0.0018779122031262752
2.8040000000000003,0.0028917083141399846,0.01687649804819169,0.023662661859802148,0.010130757697594639,0.0009775718784392762,0.0018726642343303013
2.806,0.002878297322725709,0.016840426326256486,0.02363601009916705,0.010123756655670668,0.0009743296990059047,0.0018674309312449733
2.8080000000000003,0.002864946343557495,0.0168044316661784,0.023609388097023398,0.010116760421856608,0.0009710982788884159,0.0018622122528866303
2.81,0.0028516551206854146,0.016768513904064974,0.023582795820960234,0.010109768992968338,0.0009678775823780406,0.0018570081583857423
2.8120000000000003,0.0028384233991678443,0.016732672876364152,0.023556233238599233,0.010102782365823515,0.0009646675738845811,0.0018518186069871323
2.814,0.0028252509250674684,0.0166969084198636,0.023529700317594937,0.01009580053724135,0.0009614682179357459,0.0018466435580495322
2.816,0.0028121374454486148,0.01666122037169049,0.023503197025634748,0.010088823504042832,0.0009582794791767046,0.0018414829710451386
2.818,0.0027990827083732572,0.016625608569310613,0.023476723330438487,0.010081851263050723,0.0009551013223698668,0.001836336805559613
2.82,0.0027860864628983517,0.016590072850527937,0.02345027919975906,0.010074883811089563,0.0009519337123942151,0.0018312050212916375
2.822,0.002773148459072061,0.01655461305348349,0.023423864601381794,0.010067921144985448,0.0009487766142455278,0.001826087578052249
2.824,0.002760268447930203,0.016519229016655368,0.023397479503124874,0.010060963261566025,0.0009456299930352685,0.0018209844357648386
2.826,0.0027474461814933626,0.016483920578857836,0.023371123872838906,0.010054010157660942,0.0009424938139908079,0.0018158955544647082
2.828,0.002734681412763562,0.01644868757924023,0.02334479767840736,0.0100470618301014,0.0009393680424545359,0.001810820894299292
2.83,0.0027219738957207085,0.016413529857287168,0.023318500887745897,0.010040118275720378,0.0009362526438838614,0.0018057604155268248
2.832,0.002709323385319262,0.016378447252817452,0.023292233468803047,0.010033179491352406,0.0009331475838505465,0.0018007140785170073
2.834,0.002696729637485351,0.01634343960598339,0.023265995389559757,0.010026245473833795,0.0009300528280407061,0.0017956818437503408
2.836,0.0026841924091129954,0.016308506757270358,0.02323978661802939,0.010019316220002628,0.0009269683422539199,0.0017906636718172386
2.838,0.002671711458061221,0.016273648547496133,0.02321360712225795,0.010012391726698766,0.0009238940924032324,0.0017856595234189143
2.84,0.0026592865431500634,0.016238864817810006,0.02318745687032364,0.010005471990763404,0.0009208300445149309,0.0017806693593658274
2.842,0.002646917424158568,0.016204155409692556,0.023161335830337082,0.009998557009039954,0.0009177761647274352,0.0017756931405783494
2.844,0.0026346038618201284,0.016169520164954765,0.023135243970441532,0.009991646778372942,0.0009147324192917416,0.0017707308280858758
2.846,0.0026223456178200433,0.016134958925737575,0.02310918125881245,0.009984741295609112,0.0009116987745707572,0.001765782383026826
2.848,0.002610142454792408,0.016100471534510996,0.02308314766365771,0.009977840557596762,0.0009086751970386331,0.0017608477666481992
2.85,0.0025979941363158954,0.016066057834073888,0.023057143153217163,0.009970944561185968,0.0009056616532809869,0.0017559269403051303
2.852,0.00258590042691198,0.016031717667552625,0.0230311676957633,0.009964053303228138,0.0009026581099940145,0.00175101986546089
2.854,0.002573861092040053,0.015997450878401542,0.023005221259600583,0.009957166780576898,0.00089966453398449,0.0017461265036864404
2.856,0.0025618758980958667,0.015963257310401158,0.0229793038130659,0.009950284990086988,0.0008966808921688774,0.0017412468166599915
2.858,0.0025499446124068736,0.015929136807658395,0.022953415324528326,0.009943407928615589,0.0008937071515735528,0.0017363807661672226
2.86,0.0025380670032297825,0.015895089214605473,0.022927555762388918,0.00993653559302099,0.0008907432793343606,0.0017315283141001725
2.862,0.002526242839747228,0.015861114375999685,0.02290172509508115,0.00992966798016326,0.0008877892426957246,0.0017266894224576834
2.864,0.0025144718920648845,0.01582721213692251,0.022875923291070244,0.009922805086904463,0.0008848450090110926,0.0017218640533445129
2.866,0.0025027539312074687,0.01579338234277916,0.022850150318853624,0.00991594691010822,0.0008819105457418264,0.0017170521689715557
2.868,0.0024910887291160755,0.015759624839297492,0.02282440614696113,0.009909093446639705,0.000878985820457423,0.0017122537316553998
2.87,0.0024794760586452913,0.015725939472528205,0.02279869074395413,0.009902244693366091,0.0008760708008346274,0.0017074687038174385
2.872,0.0024679156935594193,0.015692326088843522,0.022773004078426196,0.009895400647156105,0.0008731654546576539,0.001702697047984758
2.874,0.002456407408529815,0.015658784534936743,0.022747346119002865,0.009888561304880028,0.0008702697498172984,0.0016979387267885837
2.876,0.002444950979131333,0.01562531465782202,0.022721716834341654,0.00988172666341014,0.0008673836543109381,0.0016931937029649458
2.878,0.002433546181839441,0.015591916304833253,0.022696116193131832,0.009874896719620274,0.0008645071362420875,0.0016884619393540135
2.88,0.0024221927940271115,0.015558589323623417,0.022670544164094864,0.009868071470386042,0.0008616401638199545,0.0016837433988994288
2.882,0.002410890593961268,0.01552533356216479,0.022645000715983965,0.009861250912584607,0.0008587827053589958,0.0016790380446487507
2.884,0.002399639360800121,0.015492148868747169,0.022619485817583884,0.009854435043094911,0.0008559347292791397,0.0016743458397525668
2.886,0.0023884388745900598,0.01545903509197788,0.022593999437711787,0.009847623858797672,0.0008530962041048973,0.0016696667474647153
2.888,0.002377288916262321,0.015425992080781548,0.022568541545216148,0.009840817356575382,0.0008502670984649185,0.0016650007311413972
2.89,0.0023661892676298812,0.015393019684398546,0.022543112108977192,0.00983401553331209,0.0008474473810922145,0.00166034775424162
2.892,0.0023551397113843464,0.015360117752385216,0.022517711097907123,0.0098272183858934,0.0008446370208230469,0.0016557077803260878
2.894,0.002344140031093067,0.015327286134612761,0.02249233848094989,0.009820425911207131,0.0008418359865975944,0.0016510807730576449
2.896,0.002333190011196029,0.015294524681267019,0.02246699422708076,0.00981363810614222,0.0008390442474586202,0.0016464666962006103
2.898,0.0023222894370027447,0.015261833242847356,0.022441678305306967,0.009806854967589818,0.000836261772551472,0.001641865513620333
2.9,0.0023114380946887003,0.015229211670166665,0.022416390684667498,0.009800076492442633,0.0008334885311243045,0.0016372771892834148
2.902,0.002300635771293136,0.015196659814350255,0.022391131334232428,0.009793302677594706,0.0008307244925267465,0.0016327016872570432
2.904,0.0022898822547154918,0.01516417752683541,0.022365900223103807,0.009786533519942298,0.0008279696262105674,0.0016281389717089922
2.906,0.002279177333712523,0.015131764659370717,0.022340697320415215,0.009779769016383222,0.0008252239017283447,0.0016235890069069558
2.908,0.0022685207978951905,0.01509942106401585,0.02231552259533176,0.009773009163816848,0.0008224872887341306,0.001619051757218548
2.91,0.002257912437725329,0.015067146593140457,0.02229037601704964,0.009766253959144544,0.0008197597569821191,0.001614527187110859
2.912,0.0022473520445134287,0.015034941099423937,0.022265257554797024,0.00975950339926901,0.0008170412763270907,0.0016100152611504548
2.914,0.0022368394104148592,0.015002804435854333,0.022240167177833392,0.009752757481094942,0.0008143318167239677,0.0016055159440029332
2.916,0.0022263743284272053,0.014970736455728328,0.022215104855449752,0.009746016201528596,0.0008116313482269266,0.00160102920043248
2.918,0.0022159565923871583,0.014938737012650583,0.022190070556967978,0.00973927955747822,0.0008089398409898418,0.0015965549953018687
2.92,0.0022055859969678515,0.014906805960532399,0.022165064251741917,0.009732547545853398,0.0008062572652653976,0.0015920932935720167
2.922,0.0021952623376750857,0.014874943153592168,0.022140085909156504,0.00972582016356549,0.0008035835914048661,0.0015876440603017627
2.924,0.0021849854108451083,0.014843148446353815,0.02211513549862798,0.009719097407527855,0.0008009187898581072,0.0015832072606476455
2.926,0.002174755013641505,0.014811421693647242,0.022090212989603897,0.00971237927465518,0.0007982628311726803,0.001578782859863459
2.928,0.002164570944052091,0.014779762750606551,0.02206531835156289,0.009705665761864157,0.0007956156859942887,0.001574370823300253
2.93,0.0021544330008858026,0.014748171472670268,0.022040451554015128,0.009698956866073027,0.000792977325065447,0.0015699711164056662
2.932,0.0021443409837702543,0.014716647715580677,0.022015612566501863,0.009692252584202032,0.0007903477192261477,0.0015655837047241494
2.934,0.0021342946931484086,0.014685191335382708,0.021990801358595657,0.009685552913172524,0.0007877268394129722,0.0015612085538965204
2.936,0.002124293930275467,0.014653802188423937,0.021966017899899937,0.009678857849908296,0.0007851146566588696,0.001556845629659298
2.938,0.002114338497216428,0.014622480131353921,0.021941262160049435,0.009672167391334252,0.0007825111420927122,0.0015524948978447028
2.94,0.002104428196842978,0.014591225021123089,0.021916534108709973,0.009665481534377296,0.0007799162669395177,0.0015481563243808782
2.942,0.0020945628328303822,0.014560036714982738,0.021891833715578235,0.009658800275966106,0.0007773300025197827,0.0015438298752907809
2.944,0.002084742209655044,0.01452891507048415,0.021867160950382436,0.009652123613030916,0.0007747523202485951,0.0015395155166926244
2.946,0.0020749661325911717,0.014497859945478142,0.021842515782881433,0.009645451542503736,0.0007721831916365218,0.0015352132147989916
2.948,0.0020652344077078943,0.014466871198114184,0.02181789818286539,0.00963878406131835,0.0007696225882880547,0.0015309229359170562
2.95,0.0020555468418668177,0.014435948686840172,0.02179330812015512,0.009632121166410101,0.0007670704819022767,0.0015266446464483607
2.952,0.002045903242718694,0.014405092270401543,0.021768745564602288,0.009625462854716105,0.0007645268442719733,0.0015223783128879287
2.954,0.0020363034187005358,0.014374301807841272,0.0217442104860901,0.009618809123175254,0.000761991647283855,0.0015181239018244863
2.956,0.0020267471790336167,0.014343577158498322,0.021719702854531953,0.009612159968727996,0.0007594648629174472,0.0015138813799404627
2.958,0.0020172343337192533,0.014312918182007861,0.021695222639872558,0.009605515388316777,0.0007569464632453116,0.0015096507140111015
2.96,0.0020077646935370286,0.014282324738300378,0.021670769812087265,0.009598875378885374,0.0007544364204328247,0.0015054318709046832
2.962,0.001998338070041683,0.014251796687601237,0.02164634434118251,0.009592239937379565,0.0007519347067377335,0.0015012248175818588
2.964,0.0019889542755600065,0.014221333890429788,0.021621946197195152,0.009585609060746902,0.0007494412945097118,0.0014970295210956497
2.966,0.001979613123188395,0.014190936207599147,0.021597575350193132,0.009578982745936493,0.0007469561561901372,0.001492845948591448
2.968,0.0019703144267897432,0.014160603500215307,0.021573231770274814,0.00957236098989922,0.0007444792643118703,0.0014886740673061283
2.97,0.0019610580009910006,0.014130335629676694,0.021548915427569648,0.009565743789587522,0.0007420105914990316,0.0014845138445680472
2.972,0.0019518436611800638,0.01410013245767372,0.021524626292237503,0.009559131141955612,0.000739550110466336,0.0014803652477972662
2.974,0.0019426712235028898,0.014069993846188344,0.02150036433446889,0.009552523043959704,0.0007370977940193146,0.0014762282445046626
2.976,0.0019335405048610532,0.014039919657492517,0.021476129524485188,0.009545919492557342,0.0007346536150534266,0.0014721028022917082
2.978,0.00192445132290886,0.014009909754149064,0.02145192183253819,0.009539320484707847,0.0007322175465542813,0.001467988888850691
2.98,0.0019154034960506827,0.013979963999009914,0.021427741228910335,0.00953272601737254,0.0007297895615969718,0.0014638864719642708
2.982,0.001906396843437852,0.013950082255216323,0.021403587683914704,0.009526136087514292,0.0007273696333458535,0.001459795519504814
2.984,0.001897431184966214,0.013920264386197534,0.021379461167894798,0.009519550692097534,0.0007249577350547654,0.0014557159994348368
2.986,0.001888506341273244,0.013890510255671007,0.021355361651224536,0.009512969828088469,0.0007225538400656983,0.0014516478798058952
2.988,0.0018796221337356034,0.013860819727641083,0.021331289104308704,0.0095063934924553,0.0007201579218096832,0.0014475911287592513
2.99,0.00187077838446581,0.013831192666399206,0.021307243497582062,0.009499821682167564,0.0007177699538054583,0.0014435457145252073
2.992,0.0018619749163102384,0.013801628936522814,0.021283224801510237,0.009493254394196793,0.0007153899096596916,0.0014395116054224388
2.994,0.0018532115528460125,0.013772128402874673,0.02125923298658905,0.009486691625516075,0.000713017763066981,0.0014354887698586616
2.996,0.0018444881183783401,0.013742690930602874,0.021235268023344744,0.009480133373100275,0.0007106534878087434,0.0014314771763295209
2.998,0.001835804437937849,0.013713316385139729,0.021211329882333763,0.009473579633926033,0.0007082970577536596,0.0014274767934188137
3.0,0.0018271603372777,0.013684004632201319,0.021187418534142965,0.009467030404971544,0.0007059484468572297,0.0014234875897980448
3.0020000000000002,0.0018185556428713667,0.013654755537787278,0.021163533949389635,0.00946048568321678,0.0007036076291611071,0.0014195095342266484
3.004,0.0018099901819097486,0.01362556896817968,0.02113967609872147,0.009453945465643487,0.0007012745787933206,0.0014155425955508782
3.0060000000000002,0.0018014637822980628,0.013596444789942819,0.021115844952815932,0.00944740974923497,0.0006989492699676081,0.0014115867427042517
3.008,0.0017929762726538456,0.013567382869922762,0.021092040482381114,0.009440878530976526,0.0006966316769831948,0.0014076419447068833
3.0100000000000002,0.0017845274823040658,0.013538383075246463,0.021068262658155312,0.009434351807855013,0.0006943217742247931,0.0014037081706659293
3.012,0.00177611724128246,0.013509445273321097,0.021044511450906578,0.009427829576858837,0.0006920195361621584,0.0013997853897746992
3.0140000000000002,0.0017677453803268683,0.01348056933183428,0.021020786831433602,0.009421311834978408,0.000689724937349423,0.0013958735713122117
3.016,0.00175941173087657,0.013451755118752518,0.020997088770565053,0.009414798579205685,0.0006874379524255403,0.0013919726846438607
3.0180000000000002,0.0017511161250696183,0.013423002502321424,0.020973417239159797,0.009408289806534409,0.0006851585561133966,0.0013880826992203055
3.02,0.0017428583957406207,0.013394311351064392,0.020949772208106454,0.009401785513960093,0.0006828867232200331,0.0013842035845779144
3.0220000000000002,0.0017346383764176299,0.013365681533783036,0.020926153648323842,0.009395285698479805,0.0006806224286357576,0.0013803353103376548
3.024,0.0017264559013197012,0.013337112919555638,0.020902561530760977,0.009388790357092391,0.0006783656473343669,0.0013764778462059812
3.0260000000000002,0.0017183108053548946,0.01330860537773737,0.02087899582639663,0.009382299486798473,0.0006761163543729243,0.0013726311619737253
3.028,0.0017102029241164995,0.013280158777958961,0.020855456506239767,0.009375813084600226,0.0006738745248908717,0.0013687952275158732
3.0300000000000002,0.001702132093881703,0.01325177299012692,0.020831943541329112,0.009369331147501825,0.0006716401341102518,0.0013649700127920106
3.032,0.0016940981516080367,0.013223447884422646,0.020808456902733363,0.009362853672508775,0.0006694131573357076,0.0013611554878456555
3.0340000000000003,0.0016861009349313782,0.013195183331301985,0.020784996561551194,0.009356380656628804,0.0006671935699533726,0.0013573516228038152
3.036,0.0016781402821635094,0.013166979201494122,0.020761562488911256,0.009349912096870971,0.0006649813474313149,0.0013535583878769852
3.0380000000000003,0.001670216032289007,0.0131388353660018,0.02073815465597173,0.009343447990246112,0.0006627764653190926,0.0013497757533591503
3.04,0.0016623280249630223,0.013110751696100431,0.020714773033920997,0.009336988333766838,0.0006605788992473105,0.0013460036896271177
3.0420000000000003,0.0016544761005090614,0.013082728063337434,0.020691417593976746,0.009330533124447316,0.0006583886249271753,0.0013422421671405171
3.044,0.0016466600999158754,0.01305476433953201,0.020668088307386867,0.00932408235930371,0.0006562056181511622,0.001338491156441357
3.0460000000000003,0.001638879864835241,0.013026860396774254,0.020644785145429,0.009317636035353738,0.0006540298547914603,0.0013347506281544685
3.048,0.0016311352375797394,0.01299901610742471,0.0206215080794101,0.009311194149616897,0.0006518613108006388,0.001331020552986173
3.0500000000000003,0.0016234260611196483,0.012971231344113932,0.020598257080667315,0.009304756699114236,0.0006496999622109811,0.0013273009017249482
3.052,0.0016157521790811646,0.012943505979742032,0.020575032120567105,0.009298323680868581,0.0006475457851344846,0.0013235916452409846
3.0540000000000003,0.0016081134357430749,0.012915839887477576,0.020551833170505684,0.009291895091904756,0.0006453987557624163,0.0013198927544857408
3.056,0.001600509676034978,0.012888232940758027,0.02052866020190902,0.009285470929248918,0.0006432588503648695,0.0013162042004919439
3.0580000000000003,0.0015929407455343991,0.012860685013287965,0.020505513186232394,0.009279051189929222,0.000641126045290763,0.001312525954373145
3.06,0.0015854064904647913,0.012833195979039758,0.020482392094960833,0.009272635870975154,0.0006390003169676195,0.0013088579873237194
3.0620000000000003,0.0015779067576928707,0.012805765712252226,0.020459296899608903,0.009266224969418424,0.0006368816419011214,0.001305200270618423
3.064,0.001570441394725508,0.0127783940874302,0.020436227571720922,0.00925981848229207,0.0006347699966751108,0.0013015527756126133
3.0660000000000003,0.0015630102497086185,0.01275108097934452,0.020413184082870295,0.009253416406631132,0.0006326653579509234,0.0012979154737411402
3.068,0.0015556131714233867,0.012723826263030702,0.02039016640465996,0.009247018739472201,0.0006305677024673884,0.0012942883365192337
3.0700000000000003,0.001548250009284713,0.01269662981378894,0.020367174508722385,0.009240625477853426,0.0006284770070408285,0.0012906713355413935
3.072,0.0015409206133387698,0.012669491507183439,0.020344208366719796,0.00923423661881495,0.0006263932485639501,0.0012870644424816113
3.074,0.0015336248342598946,0.01264241121904175,0.02032126795034328,0.009227852159398475,0.0006243164040069527,0.001283467629092927
3.076,0.001526362523349034,0.012615388825454765,0.02029835323131346,0.009221472096647476,0.0006222464504157532,0.00127988086720765
3.078,0.0015191335325308586,0.012588424202775172,0.020275464181380487,0.009215096427607206,0.0006201833649128741,0.0012763041287362498
3.08,0.0015119377143515411,0.012561517227618113,0.020252600772323603,0.00920872514932447,0.0006181271246965547,0.0012727373856682433
3.082,0.001504774921976093,0.012534667776859632,0.020229762975951582,0.009202358258848076,0.000616077707040974,0.0012691806100710856
3.084,0.0014976450091865878,0.012507875727636675,0.02020695076410206,0.009195995753228159,0.0006140350892955837,0.0012656337740903911
3.086,0.001490547830379052,0.012481140957346648,0.020184164108642433,0.009189637629516856,0.0006119992488851089,0.00126209684994949
3.088,0.0014834832405619114,0.012454463343646527,0.020161402981468957,0.009183283884767857,0.0006099701633091037,0.00125856980994965
3.09,0.001476451095353104,0.012427842764452413,0.0201386673545072,0.009176934516036628,0.000607947810141729,0.0012550526264694106
3.092,0.001469451250977638,0.01240127909793931,0.02011595719971182,0.009170589520380412,0.0006059321670319751,0.0012515452719641385
3.094,0.0014624835642658152,0.012374772222540464,0.020093272489066782,0.009164248894858007,0.0006039232117025506,0.0012480477189666939
3.096,0.001455547892650344,0.012348322016946245,0.02007061319458514,0.009157912636530208,0.0006019209219505495,0.0012445599400865426
3.098,0.001448644094164342,0.012321928360104817,0.020047979288308815,0.009151580742459142,0.0005999252756465623,0.0012410819080095337
3.1,0.0014417720274388923,0.012295591131220363,0.020025370742309034,0.009145253209708937,0.0005979362507346764,0.0012376135954978995
3.102,0.0014349315517008243,0.012269310209753526,0.020002787528686117,0.009138930035345494,0.0005959538252320318,0.0012341549753900338
3.104,0.0014281225267704922,0.012243085475420079,0.019980229619569245,0.009132611216436048,0.0005939779772290432,0.0012307060206002696
3.106,0.001421344813059111,0.012216916808191147,0.01995769698711647,0.009126296750049834,0.000592008684888734,0.001227266704118657
3.108,0.0014145982715669803,0.012190804088292317,0.019935189603514925,0.00911998663325786,0.0005900459264467361,0.0012238369990107412
3.11,0.001407882763880819,0.012164747196203196,0.01991270744098106,0.00911368086313269,0.0005880896802106239,0.0012204168784171188
3.112,0.0014011981521715455,0.012138746012656743,0.01989025047175974,0.009107379436748664,0.0005861399245601362,0.0012170063155534372
3.114,0.0013945442991922796,0.012112800418638603,0.019867818668124704,0.009101082351181677,0.0005841966379469543,0.001213605283710617
3.116,0.0013879210682758991,0.012086910295387332,0.019845412002378993,0.009094789603509623,0.0005822597988940359,0.0012102137562537418
3.118,0.00138132832333282,0.012061075524393283,0.019823030446854295,0.009088501190811948,0.0005803293859958369,0.001206831706622724
3.12,0.0013747659288487757,0.012035295987397943,0.019800673973910943,0.009082217110169877,0.0005784053779178677,0.0012034591083314172
3.122,0.001368233749882597,0.012009571566393928,0.019778342555938355,0.009075937358666408,0.0005764877533962487,0.0012000959349676155
3.124,0.001361731652063769,0.011983902143624103,0.019756036165354374,0.009069661933385875,0.0005745764912381546,0.001196742160193276
3.126,0.0013552595015904334,0.011958287601581352,0.019733754774605927,0.00906339083141483,0.0005726715703207041,0.0011933977577436305
3.128,0.0013488171652271674,0.011932727823007694,0.019711498356168367,0.009057124049841159,0.0005707729695911823,0.00119006270142763
3.13,0.0013424045103027638,0.01190722269089406,0.01968926688254613,0.009050861585754744,0.0005688806680668179,0.0011867369651270554
3.132,0.001336021404708232,0.011881772088479847,0.019667060326271857,0.0090446034362468,0.000566994644834784,0.001183420522796963
3.134,0.001329667716894134,0.011856375899252036,0.019644878659907272,0.009038349598410766,0.0005651148790513094,0.0011801133484650173
3.136,0.0013233433158685859,0.011831034006944963,0.019622721856042302,0.009032100069341409,0.0005632413499419009,0.0011768154162314914
3.138,0.0013170480711957033,0.011805746295539876,0.01960058988729574,0.009025854846135273,0.0005613740368011211,0.0011735267002690453
3.14,0.001310781852992271,0.011780512649264274,0.019578482726315016,0.00901961392589068,0.0005595129189923664,0.001170247174822725
3.142,0.0013045445319266324,0.011755332952591457,0.019556400345775993,0.009013377305707726,0.0005576579759474232,0.0011669768142090753
3.144,0.0012983359792158033,0.011730207090239864,0.019534342718382947,0.009007144982688065,0.0005558091871662452,0.0011637155928170273
3.146,0.0012921560666239174,0.011705134947172846,0.0195123098168688,0.009000916953935123,0.0005539665322171761,0.0011604634851065665
3.148,0.0012860046664595615,0.011680116408598229,0.019490301613994676,0.008994693216554106,0.0005521299907360611,0.0011572204656091767
3.15,0.0012798816515739997,0.011655151359967197,0.019468318082550562,0.008988473767651994,0.000550299542426691,0.00115398650892784
3.152,0.0012737868953591747,0.01163023968697452,0.019446359195354646,0.008982258604337323,0.0005484751670599142,0.001150761589735927
3.154,0.001267720271745043,0.011605381275557658,0.019424424925253536,0.008976047723720182,0.0005466568444740805,0.0011475456827780839
3.156,0.0012616816551977994,0.011580576011896326,0.019402515245122265,0.008969841122912658,0.0005448445545741532,0.0011443387628693458
3.158,0.0012556709207176553,0.011555823782412045,0.019380630127864285,0.008963638799028617,0.0005430382773319309,0.0011411408048951355
3.16,0.0012496879438372854,0.011531124473767695,0.019358769546411025,0.008957440749183254,0.0005412379927858257,0.001137951783811042
3.162,0.0012437326006187188,0.011506477972866636,0.019336933473722562,0.008951246970493765,0.0005394436810406411,0.0011347716746425984
3.164,0.0012378047676522286,0.011481884166852918,0.019315121882786945,0.00894505746007912,0.0005376553222666836,0.0011316004524852818
3.166,0.0012319043220536674,0.01145734294310996,0.01929333474662087,0.008938872215059845,0.000535872896700651,0.0011284380925040693
3.168,0.0012260311414626912,0.011432854189260988,0.019271572038269014,0.008932691232558021,0.0005340963846447444,0.001125284569933438
3.17,0.0012201851040405387,0.01140841779316748,0.019249833730804244,0.008926514509697725,0.000532325766466446,0.0011221398600766985
3.172,0.001214366088467811,0.011384033642929614,0.019228119797327636,0.00892034204360459,0.0005305610225985191,0.001119003938306662
3.174,0.0012085739739429169,0.011359701626885377,0.01920643021096846,0.008914173831406025,0.000528802133538564,0.0011158767800647507
3.176,0.0012028086401798532,0.011335421633609899,0.01918476494488419,0.008908009870231215,0.00052704907984924,0.0011127583608609992
3.178,0.0011970699674055396,0.011311193551915233,0.019163123972260054,0.0089018501572109,0.0005253018421573774,0.0011096486562738317
3.18,0.0011913578363587085,0.011287017270849908,0.0191415072663097,0.008895694689477596,0.0005235604011544215,0.001106547641950062
3.182,0.0011856721282876848,0.011262892679698044,0.01911991480027475,0.008889543464165373,0.0005218247375957663,0.0011034552936044495
3.184,0.001180012724947721,0.01123881966797935,0.019098346547425038,0.0088833964784103,0.0005200948323007548,0.0011003715870196995
3.186,0.0011743795085994435,0.011214798125448455,0.01907680248105792,0.008877253729349999,0.0005183706661524567,0.0010972964980462407
3.188,0.0011687723620072976,0.01119082794209425,0.019055282574498955,0.00887111521412387,0.0005166522200974466,0.0010942300026017815
3.19,0.0011631911684368834,0.01116690900813988,0.019033786801101904,0.008864980929872868,0.0005149394751453595,0.0010911720766715316
3.192,0.0011576358116529573,0.011143041214041416,0.01901231513424828,0.008858850873739943,0.0005132324123691134,0.0010881226963075363
3.194,0.0011521061759180995,0.011119224450488074,0.018990867547347356,0.00885272504286938,0.0005115310129044648,0.0010850818376291205
3.196,0.00114660214599005,0.011095458608401776,0.01896944401383638,0.008846603434407463,0.0005098352579497867,0.0010820494768220001
3.198,0.0011411236071201536,0.011071743578936255,0.018948044507180573,0.008840486045502027,0.0005081451287656247,0.001079025590138727
3.2,0.0011356704450511401,0.011048079253476839,0.01892666900087292,0.008834372873302465,0.0005064606066751409,0.0010760101538982436
3.202,0.0011302425460155696,0.011024465523639781,0.018905317468434157,0.008828263914960388,0.000504781673063448,0.0010730031444854404
3.204,0.001124839796733168,0.01100090228127204,0.018883989883413,0.008822159167628518,0.0005031083093771649,0.0010700045383511547
3.206,0.001119462084409717,0.01097738941845039,0.01886268621938547,0.008816058628461798,0.0005014404971248609,0.0010670143120121711
3.208,0.0011141092967346111,0.010953926827481641,0.0188414064499558,0.008809962294616502,0.0004997782178763899,0.0010640324420509994
3.21,0.001108781321879082,0.010930514400901314,0.018820150548755743,0.008803870163250682,0.0004981214532628897,0.0010610589051154307
3.212,0.0011034780484941997,0.010907152031473633,0.018798918489444816,0.008797782231524165,0.0004964701849763387,0.0010580936779187589
3.214,0.001098199365708874,0.010883839612191304,0.018777710245710066,0.008791698496598555,0.0004948243947693332,0.0010551367372388931
3.216,0.0010929451631285225,0.010860577036274632,0.018756525791266077,0.008785618955637231,0.0004931840644555319,0.0010521880599190236
3.218,0.001087715330832184,0.010837364197170851,0.018735365099855406,0.008779543605804907,0.0004915491759087676,0.0010492476228669556
3.22,0.0010825097593714084,0.010814200988554346,0.018714228145247924,0.008773472444268293,0.0004899197110630471,0.0010463154030548871
3.222,0.0010773283397682576,0.010791087304325542,0.01869311490124126,0.008767405468195655,0.0004882956519125514,0.0010433913775196313
3.224,0.001072170963513308,0.010768023038610686,0.018672025341660348,0.008761342674757255,0.0004866769805109694,0.00104047552336195
3.226,0.0010670375225634299,0.01074500808576162,0.01865095944035766,0.00875528406112469,0.00048506367897172,0.0010375678177465542
3.228,0.0010619279093404543,0.010722042340354898,0.018629917171213428,0.008749229624471333,0.0004834557294675079,0.0010346682379023253
3.23,0.001056842016729398,0.010699125697191336,0.018608898508134963,0.00874317936197233,0.00048185311423032395,0.001031776761121428
3.232,0.0010517797380757976,0.010676258051296239,0.01858790342505734,0.008737133270804609,0.0004802558155514447,0.001028893364759531
3.234,0.0010467409671846006,0.010653439297917844,0.01856693189594294,0.008731091348146869,0.0004786638157805445,0.0010260180262358087
3.236,0.0010417255983183882,0.010630669332527543,0.01854598389478168,0.008725053591179144,0.0004770770973259175,0.0010231507230322734
3.238,0.0010367335261949329,0.010607948050819438,0.01852505939559057,0.008719019997083466,0.0004754956426546997,0.0010202914326939982
3.24,0.0010317646459856444,0.010585275348709677,0.018504158372413926,0.008712990563043643,0.00047391943429175853,0.001017440132828673
3.242,0.0010268188533140155,0.010562651122336009,0.018483280799323598,0.008706965286244817,0.00047234845482035936,0.0010145968011068263
3.244,0.001021896044253623,0.010540075268057336,0.01846242665041875,0.008700944163874125,0.000470782686881277,0.0010117614152611587
3.246,0.0010169961153259077,0.010517547682453499,0.018441595899825858,0.008694927193120483,0.0004692221131732399,0.0010089339530867658
3.248,0.0010121189634992867,0.010495068262324159,0.01842078852169826,0.008688914371174139,0.00046766671645248614,0.0010061143924404714
3.25,0.0010072644861864877,0.010472636904689248,0.01840000449021706,0.008682905695227339,0.0004661164795320971,0.0010033027112414938
3.2520000000000002,0.0010024325812429957,0.010450253506787632,0.018379243779589993,0.008676901162473882,0.0004645713852824418,0.0010004988874701137
3.254,0.0009976231469654984,0.010427917966077338,0.01835850636405234,0.008670900770109569,0.0004630314166309546,0.0009977028991687842
3.2560000000000002,0.0009928360820898874,0.01040563018023466,0.01833779221786669,0.008664904515331306,0.0004614965565616913,0.0009949147244410206
3.258,0.0009880712857897045,0.01038339004715394,0.01831710131532227,0.008658912395338225,0.00045996678811510705,0.0009921343414514006
3.2600000000000002,0.000983328657674365,0.010361197464946903,0.01829643363073563,0.008652924407331009,0.0004584420943880563,0.000989361728425564
3.262,0.000978608097786715,0.010339052331942655,0.018275789138450627,0.008646940548512116,0.0004569224585333487,0.0009865968636504352
3.2640000000000002,0.0009739095066023662,0.010316954546686574,0.018255167812837758,0.008640960816085341,0.0004554078637599712,0.0009838397254728903
3.266,0.000969232785027252,0.010294904007940309,0.01823456962829484,0.008634985207256696,0.0004538982933326441,0.00098109029230109
3.2680000000000002,0.0009645778343960743,0.010272900614681557,0.01821399455924655,0.008629013719233525,0.0004523937305715986,0.0009783485426029248
3.27,0.0009599445564703046,0.010250944266102735,0.01819344258014466,0.00862304634922495,0.0004508941588525772,0.0009756144549066814
3.2720000000000002,0.0009553328534370742,0.010229034861611197,0.018172913665467805,0.008617083094441869,0.0004493995616063895,0.0009728880078005986
3.274,0.000950742627906731,0.010207172300829015,0.018152407789721492,0.008611123952096733,0.000447909922318912,0.0009701691799328671
3.2760000000000002,0.000946173782911508,0.010185356483591868,0.018131924927438314,0.008605168919403772,0.0004464252245308664,0.0009674579500111857
3.278,0.0009416262219039684,0.010163587309948818,0.018111465053177733,0.00859921799357899,0.00044494545183759726,0.0009647542968029832
3.2800000000000002,0.0009370998487550075,0.010141864680162316,0.018091028141525856,0.008593271171839945,0.0004434705878890721,0.0009620581991349741
3.282,0.0009325945677522984,0.010120188494707083,0.018070614167095878,0.008587328451405973,0.00044200061638943744,0.0009593696358927151
3.2840000000000003,0.0009281102835985156,0.010098558654270118,0.01805022310452764,0.008581389829498187,0.00044053552109701855,0.0009566885860210483
3.286,0.0009236469014095583,0.010076975059750026,0.018029854928487632,0.00857545530333903,0.0004390752858240976,0.0009540150285236582
3.2880000000000003,0.0009192043267129968,0.010055437612256801,0.018009509613669428,0.008569524870153167,0.0004376198944366916,0.0009513489424628485
3.29,0.0009147824654465175,0.010033946213110934,0.01798918713479325,0.008563598527166594,0.0004361693308543302,0.0009486903069595432
3.2920000000000003,0.0009103812239561471,0.010012500763843635,0.017968887466605965,0.008557676271607084,0.0004347235790500559,0.0009460391011928415
3.294,0.0009060005089944756,0.009991101166195948,0.017948610583881086,0.008551758100704188,0.0004332826230499798,0.0009433953044000187
3.2960000000000003,0.0009016402277191027,0.009969747322118083,0.017928356461418993,0.008545844011689008,0.0004318464469335037,0.0009407588958765256
3.298,0.0008973002876908609,0.00994843913376986,0.017908125074046266,0.008539934001794425,0.00043041503483287613,0.0009381298549755446
3.3000000000000003,0.0008929805968727056,0.009927176503519375,0.0178879163966168,0.008534028068254873,0.000428988370932748,0.0009355081611079896
3.302,0.0008886810636274944,0.009905959333942782,0.017867730404010462,0.008528126208306785,0.0004275664394706169,0.0009328937937425064
3.3040000000000003,0.0008844015967162111,0.00988478752782429,0.017847567071133774,0.00852222841918815,0.0004261492247361609,0.0009302867324048059
3.306,0.000880142105297077,0.009863660988155276,0.01782742637292012,0.008516334698138284,0.00042473671107123856,0.0009276869566778867
3.3080000000000003,0.000875902498923109,0.009842579618134062,0.017807308284329082,0.008510445042398729,0.00042332888286966686,0.000925094446202035
3.31,0.0008716826875412309,0.00982154332116525,0.017787212780347117,0.008504559449212579,0.00042192572457744326,0.0009225091806741581
3.3120000000000003,0.0008674825814902754,0.009800552000859497,0.017767139835986656,0.008498677915824482,0.00042052722069185755,0.000919931139847785
3.314,0.0008633020914994294,0.009779605561033078,0.017747089426287,0.008492800439480641,0.00041913335576171384,0.0009173603035335098
3.3160000000000003,0.0008591411286866801,0.009758703905707433,0.017727061526313648,0.008486927017429258,0.0004177441143873306,0.0009147966515981043
3.318,0.0008549996045570385,0.00973784693910873,0.017707056111158526,0.008481057646920087,0.0004163594812200966,0.0009122401639645172
3.3200000000000003,0.0008508774310012068,0.009717034565667415,0.017687073155940203,0.008475192325204661,0.0004149794409622487,0.0009096908206116527
3.322,0.0008467745202938026,0.009696266690017552,0.017667112635803006,0.008469331049536066,0.0004136039783668721,0.0009071486015748143
3.3240000000000003,0.0008426907850920262,0.00967554321699704,0.017647174525918352,0.008463473817168943,0.00041223307823790023,0.0009046134869448164
3.326,0.0008386261384341065,0.009654864051646506,0.017627258801483192,0.008457620625360152,0.0004108667254296705,0.0009020854568679848
3.3280000000000003,0.0008345804937373025,0.009634229099209302,0.017607365437721345,0.008451771471367664,0.0004095049048464805,0.0008995644915466006
3.33,0.0008305537647965711,0.009613638265130842,0.01758749440988261,0.00844592635245145,0.0004081476014432539,0.0008970505712377896
3.332,0.0008265458657834568,0.009593091455058156,0.017567645693243206,0.008440085265873032,0.0004067948002244304,0.0008945436762539671
3.334,0.0008225567112436494,0.009572588574839891,0.017547819263105335,0.00843424820889549,0.00040544648624463164,0.0008920437869626152
3.336,0.0008185862160963175,0.009552129530525422,0.0175280150947974,0.008428415178784121,0.00040410264460777334,0.0008895508837860611
3.338,0.0008146342956323327,0.009531714228364407,0.017508233163674225,0.008422586172805335,0.00040276326046773114,0.0008870649472014769
3.34,0.0008107008655122705,0.009511342574806791,0.017488473445116615,0.008416761188227317,0.00040142831902723053,0.0008845859577404358
3.342,0.0008067858417653007,0.009491014476502135,0.017468735914531353,0.008410940222320251,0.0004000978055382909,0.0008821138959889119
3.344,0.0008028891407878547,0.009470729840299175,0.017449020547351424,0.008405123272355874,0.00039877170530200345,0.0008796487425872801
3.346,0.0007990106793416274,0.009450488573245153,0.017429327319035792,0.00839931033560748,0.00039745000366808725,0.0008771904782296502
3.348,0.0007951503745524668,0.009430290582586043,0.017409656205069846,0.008393501409350135,0.0003961326860351111,0.000874739083664533
3.35,0.0007913081439085978,0.00941013577576566,0.017390007180964506,0.008387696490860463,0.00039481973785004953,0.0008722945396941739
3.352,0.0007874839052592897,0.00939002406042544,0.017370380222256898,0.008381895577416865,0.00039351114460828285,0.0008698568271741092
3.354,0.000783677576813524,0.009369955344403547,0.017350775304510124,0.008376098666299514,0.000392206891853375,0.0008674259270138318
3.356,0.0007798890771379963,0.009349929535735324,0.017331192403313267,0.008370305754790142,0.0003909069651766295,0.0008650018201756815
3.358,0.0007761183251560055,0.009329946542652179,0.017311631494281166,0.008364516840172254,0.00038961135021753357,0.0008625844876757327
3.36,0.0007723652401461223,0.009310006273581362,0.01729209255305464,0.00835873191973091,0.00038832003266331405,0.0008601739105826844
3.362,0.000768629741740412,0.009290108637145744,0.017272575555300484,0.008352950990752728,0.00038703299824849324,0.0008577700700185265
3.364,0.0007649117499231028,0.009270253542163154,0.017253080476711258,0.00834717405052654,0.00038575023275488896,0.000855372947157429
3.366,0.0007612111850290315,0.00925044089764615,0.017233607293005493,0.008341401096342294,0.00038447172201183655,0.0008529825232268529
3.368,0.0007575279677425328,0.009230670612801362,0.01721415597992726,0.008335632125491932,0.00038319745189574483,0.0008505987795062175
3.37,0.0007538620190954415,0.009210942597029259,0.017194726513246605,0.008329867135268954,0.000381927408329652,0.0008482216973275669
3.372,0.0007502132604659817,0.009191256759923938,0.017175318868759115,0.008324106122968411,0.00038066157728366967,0.0008458512580749034
3.374,0.0007465816135776571,0.009171613011272228,0.01715593302228635,0.008318349085887355,0.0003793999447743168,0.0008434874431841877
3.376,0.0007429670004970301,0.009152011261053916,0.017136568949675635,0.008312596021324392,0.00037814249686451973,0.0008411302341435611
3.378,0.0007393693436328341,0.009132451419440635,0.017117226626799598,0.008306846926579459,0.000376889219663612,0.0008387796124926794
3.38,0.0007357885657346408,0.009112933396796086,0.017097906029556853,0.008301101798954713,0.00037564009932689046,0.0008364355598229345
3.382,0.000732224589891084,0.009093457103675373,0.01707860713387177,0.008295360635753646,0.00037439512205583725,0.0008340980577770107
3.384,0.0007286773395287494,0.009074022450824115,0.01705932991569381,0.008289623434281523,0.0003731542740978977,0.0008317670880488848
3.386,0.0007251467384106203,0.00905462934917911,0.017040074350998635,0.008283890191845167,0.00037191754174581426,0.0008294426323838255
3.388,0.0007216327106345233,0.009035277709867229,0.017020840415786997,0.008278160905753396,0.00037068491133784853,0.0008271246725779502
3.39,0.00071813518063224,0.009015967444204742,0.017001628086085407,0.008272435573316361,0.00036945636925822534,0.0008248131904784461
3.392,0.0007146540731675088,0.00899669846369755,0.01698243733794591,0.008266714191845992,0.0003682319019355784,0.0008225081679829049
3.394,0.0007111893133349145,0.008977470680040733,0.016963268147445865,0.00826099675865577,0.0003670114958442827,0.0008202095870399884
3.396,0.0007077408265590002,0.008958284005117667,0.016944120490688386,0.008255283271061176,0.00036579513750334414,0.0008179174296483183
3.398,0.0007043085385918246,0.00893913835100002,0.016924994343801902,0.008249573726379245,0.0003645828134766216,0.0008156316778571426
3.4,0.0007008923755125185,0.00892003362994731,0.016905889682940156,0.008243868121928344,0.00036337451037260493,0.0008133523137658916
3.402,0.0006974922637257297,0.008900969754406463,0.016886806484282424,0.00823816645502884,0.000362170214844193,0.0008110793195237331
3.404,0.0006941081299596252,0.008881946637011362,0.016867744724033296,0.008232468723002873,0.0003609699135884714,0.0008088126773300175
3.406,0.000690739901265669,0.00886296419058219,0.016848704378422896,0.008226774923173918,0.00035977359334715686,0.0008065523694336107
3.408,0.0006873875050164013,0.008844022328125867,0.016829685423706442,0.00822108505286745,0.0003585812409054867,0.000804298378132895
3.41,0.0006840508689041069,0.008825120962834943,0.016810687836164462,0.00821539910941027,0.00035739284309310726,0.0008020506857762122
3.412,0.0006807299209401485,0.008806260008087374,0.016791711592102798,0.008209717090131186,0.0003562083867829635,0.0007998092747607544
3.414,0.0006774245894529685,0.008787439377446082,0.01677275666785283,0.00820403899236033,0.00035502785889174326,0.0007975741275330073
3.416,0.0006741348030872008,0.008768658984658506,0.0167538230397708,0.008198364813429837,0.0003538512463798771,0.0007953452265887506
3.418,0.0006708604908018945,0.008749918743656826,0.01673491068423827,0.008192694550673174,0.00035267853625065015,0.0007931225544723919
3.42,0.0006676015818696257,0.008731218568556631,0.01671601957766211,0.008187028201425806,0.00035150971555064636,0.0007909060937774104
3.422,0.0006643580058751652,0.008712558373657142,0.01669714969647429,0.008181365763024528,0.0003503447713697483,0.0007886958271454692
3.424,0.0006611296927137023,0.008693938073440766,0.016678301017131858,0.008175707232808138,0.00034918369084047107,0.000786491737267081
3.426,0.0006579165725901781,0.00867535758257243,0.016659473516117185,0.008170052608116984,0.0003480264611381845,0.0007842938068811645
3.428,0.00065471857601751,0.008656816815899582,0.016640667169937284,0.008164401886292971,0.00034687306948066876,0.0007821020187748218
3.43,0.000651535633815703,0.008638315688451526,0.016621881955124707,0.008158755064679779,0.0003457235031283368,0.0007799163557831168
3.432,0.0006483676771100733,0.008619854115439196,0.016603117848237092,0.008153112140622643,0.0003445777493837898,0.0007777368007892971
3.434,0.0006452146373303602,0.008601432012254273,0.01658437482585673,0.008147473111468573,0.00034343579559203974,0.0007755633367241277
3.436,0.0006420764462091721,0.008583049294469847,0.016565652864590996,0.008141837974566135,0.00034229762913984274,0.0007733959465663354
3.438,0.000638953035781098,0.008564705877839085,0.016546951941072363,0.008136206727265671,0.0003411632374559215,0.0007712346133421644
3.44,0.000635844338381153,0.008546401678295013,0.01652827203195839,0.008130579366919077,0.000340032608010965,0.0007690793201253765
3.442,0.0006327502866436685,0.00852813661195051,0.016509613113931287,0.008124955890880026,0.00033890572831696275,0.000766930050036807
3.444,0.0006296708135007378,0.00850991059509787,0.01649097516369813,0.008119336296503743,0.0003377825859276484,0.0007647867862445867
3.446,0.0006266058521811058,0.008491723544207908,0.016472358157991307,0.00811372058114701,0.0003366631684380561,0.0007626495119639198
3.448,0.0006235553362092805,0.008473575375930409,0.016453762073567635,0.008108108742168607,0.0003355474634842981,0.000760518210456862
3.45,0.0006205191994037573,0.008455466007092793,0.01643518688720902,0.008102500776928645,0.00033443545874356495,0.0007583928650320981
3.452,0.0006174973758761304,0.008437395354700339,0.016416632575722012,0.008096896682789234,0.0003333271419341255,0.0007562734590453868
3.454,0.0006144898000297605,0.008419363335935959,0.01639809911593826,0.008091296457113817,0.0003322225008148827,0.0007541599758986717
3.456,0.0006114964065584427,0.008401369868159314,0.016379586484713826,0.008085700097267612,0.0003311215231853737,0.0007520523990403039
3.458,0.0006085171304455184,0.008383414868906813,0.01636109465892943,0.008080107600617392,0.0003300241968857698,0.0007499507119648197
3.46,0.0006055519069620985,0.008365498255891168,0.016342623615491103,0.008074518964531707,0.0003289305097966544,0.0007478548982129407
3.462,0.0006026006716661758,0.008347619947000728,0.016324173331329073,0.008068934186380883,0.000327840449838801,0.0007457649413715739
3.464,0.0005996633604017365,0.008329779860299702,0.01630574378339822,0.008063353263536577,0.0003267540049731732,0.0007436808250733673
3.466,0.0005967399092969838,0.008311977914027047,0.01628733494867851,0.008057776193372446,0.00032567116320070255,0.0007416025329964882
3.468,0.00059383025476345,0.008294214026596691,0.016268946804174123,0.008052202973263478,0.00032459191256206665,0.0007395300488650669
3.47,0.0005909343334946637,0.00827648811659687,0.016250579326913872,0.008046633600586661,0.00032351624113768906,0.0007374633564485311
3.472,0.0005880520824650404,0.00825880010279012,0.01623223249395145,0.008041068072720314,0.00032244413704773933,0.0007354024395618275
3.474,0.0005851834389287713,0.008241149904112177,0.016213906282364743,0.008035506387044533,0.0003213755884516889,0.0007333472820647557
3.476,0.000582328340418492,0.008223537439672413,0.016195600669256516,0.008029948540940968,0.0003203105835483111,0.0007312978678626347
3.478,0.0005794867247441715,0.008205962628753172,0.016177315631753952,0.008024394531793266,0.0003192491105759032,0.0007292541809054143
3.48,0.0005766585299920024,0.008188425390808884,0.01615905114700844,0.00801884435698641,0.0003181911578113983,0.0007272162051883413
3.482,0.0005738436945230685,0.008170925645466731,0.016140807192196238,0.008013298013906933,0.0003171367135708092,0.0007251839247508496
3.484,0.0005710421569722346,0.008153463312525311,0.016122583744517804,0.00800775549994337,0.0003160857662092287,0.000723157323677448
3.486,0.0005682538562472583,0.008136038311954863,0.016104380781198024,0.008002216812485807,0.00031503830411994116,0.0007211363860968323
3.488,0.0005654787315272358,0.008118650563896601,0.016086198279486208,0.007996681948925666,0.0003139943157353109,0.0007191210961821071
3.49,0.0005627167222617135,0.008101299988662714,0.01606803621665609,0.007991150906656364,0.00031295378952567177,0.0007171114381505639
3.492,0.000559967768169356,0.008083986506735474,0.01604989457000583,0.007985623683072873,0.0003119167139997714,0.0007151073962636811
3.494,0.0005572318092368356,0.008066710038767466,0.01603177331685779,0.007980100275571722,0.0003108830777047711,0.0007131089548269021
3.496,0.0005545087857179443,0.00804947050558047,0.016013672434558535,0.007974580681551213,0.00030985286922557975,0.0007111160981896347
3.498,0.0005517986381324835,0.008032267828166129,0.015995591900479056,0.007969064898411204,0.000308826077185298,0.00070912881074503
3.5,0.0005491013072644879,0.00801510192768462,0.015977531692014768,0.007963552923553108,0.00030780269024455187,0.0007071470769295374
3.5020000000000002,0.0005464167341617809,0.007997972725464875,0.015959491786585067,0.007958044754380333,0.00030678269710171513,0.0007051708812233493
3.504,0.0005437448601346428,0.00798088014300391,0.015941472161633552,0.007952540388297624,0.000305766086492687,0.0007032002081499567
3.5060000000000002,0.0005410856267547004,0.00796382410196661,0.015923472794628024,0.007947039822711277,0.0003047528471906702,0.0007012350422761493
3.508,0.0005384389758535946,0.007946804524185502,0.01590549366306071,0.007941543055029587,0.00030374296800661504,0.0006992753682117936
3.5100000000000002,0.0005358048495225365,0.007929821331660092,0.015887534744447596,0.007936050082662183,0.0003027364377881092,0.0006973211706098326
3.512,0.000533183190110309,0.007912874446556861,0.01586959601632909,0.007930560903020467,0.00030173324542004387,0.0006953724341660639
3.5140000000000002,0.0005305739402226006,0.007895963791208604,0.015851677456269808,0.007925075513517621,0.0003007333798241696,0.0006934291436189177
3.516,0.0005279770427213393,0.007879089288114205,0.0158337790418579,0.007919593911568157,0.00029973682995909634,0.0006914912837496789
3.5180000000000002,0.000525392440722694,0.007862250859938413,0.015815900750705936,0.007914116094588586,0.00029874358482007146,0.0006895588393820429
3.52,0.0005228200775968528,0.007845448429511181,0.015798042560450698,0.007908642059996529,0.0002977536334387576,0.0006876317953823374
3.5220000000000002,0.0005202598969664685,0.00782868191982744,0.0157802044487525,0.007903171805211828,0.0002967669648834548,0.0006857101366588569
3.524,0.0005177118427057703,0.0078119512540471,0.01576238639329608,0.007897705327655657,0.00029578356825865626,0.0006837938481620842
3.5260000000000002,0.0005151758589392319,0.007795256355494162,0.015744588371789936,0.007892242624750745,0.0002948034327050486,0.0006818829148849126
3.528,0.0005126518900406829,0.007778597147656718,0.015726810361966326,0.007886783693921817,0.0002938265473992896,0.0006799773218617577
3.5300000000000002,0.0005101398806324209,0.0077619735541862855,0.01570905234158171,0.007881328532594933,0.00029285290155423027,0.0006780770541692238
3.532,0.0005076397755838791,0.0077453854988980275,0.015691314288416303,0.007875877138197707,0.00029188248441847087,0.0006761820969254373
3.5340000000000003,0.0005051515200105161,0.007728832905769867,0.015673596180274307,0.007870429508159749,0.0002909152852763608,0.000674292435289825
3.536,0.000502675059273372,0.0077123156989422625,0.01565589799498368,0.007864985639912003,0.00028995129344755455,0.00067240805446378
3.5380000000000003,0.0005002103389772916,0.0076958338027179884,0.01563821971039614,0.007859545530887191,0.0002889904982874558,0.000670528939689996
3.54,0.0004977573049700368,0.007679387141561467,0.015620561304387381,0.007854109178519586,0.0002880328891867734,0.0006686550762520227
3.5420000000000003,0.0004953159033416199,0.007662975640099212,0.01560292275485664,0.00784867658024524,0.0002870784555715211,0.000666786449474932
3.544,0.0004928860804227497,0.0076465992231185,0.015585304039727133,0.007843247733501535,0.0002861271869027959,0.0006649230447244303
3.5460000000000003,0.0004904677827843873,0.007630257815567809,0.015567705136945609,0.007837822635727854,0.0002851790726763337,0.000663064847407524
3.548,0.00048806095723641363,0.007613951342555714,0.015550126024482802,0.00783240128436491,0.0002842341024233974,0.0006612118429716318
3.5500000000000003,0.0004856655508262975,0.0075976797293515475,0.01553256668033276,0.007826983676855193,0.000283292265709445,0.0006593640169050285
3.552,0.00048328151083865123,0.00758144290138385,0.01551502708251351,0.007821569810642748,0.00028235355213501734,0.0006575213547366232
3.5540000000000003,0.00048090878479389865,0.007565240784241256,0.015497507209066619,0.007816159683173396,0.0002814179513350723,0.0006556838420357369
3.556,0.00047854732044716464,0.007549073303671383,0.015480007038057186,0.007810753291894512,0.0002804854529787626,0.0006538514644116589
3.5580000000000003,0.0004761970657876091,0.007532940385580611,0.015462526547574074,0.007805350634255026,0.0002795560467698799,0.0006520242075145344
3.56,0.0004738579690373168,0.0075168419560336375,0.015445065715729678,0.0077999517077056435,0.00027862972244618867,0.0006502020570340328
3.5620000000000003,0.00047152997864996493,0.0075007779412537,0.01542762452065971,0.007794556509698625,0.0002777064697796483,0.0006483849987000134
3.564,0.0004692130433101571,0.007484748267621688,0.015410202940523643,0.007789165037687784,0.000276786278576191,0.0006465730182823037
3.5660000000000003,0.0004669071119325352,0.00746875286167592,0.015392800953504482,0.007783777289128491,0.0002758691386757217,0.0006447661015904771
3.568,0.00046461213366044696,0.007452791650111923,0.01537541853780855,0.0077783932614778895,0.00027495503995167425,0.0006429642344736308
3.5700000000000003,0.00046232805786528,0.007436864559781986,0.015358055671665927,0.007773012952194902,0.0002740439723110111,0.0006411674028206082
3.572,0.0004600548341453514,0.007420971517694941,0.015340712333329565,0.00776763635873956,0.00027313592569444545,0.0006393755925595546
3.5740000000000003,0.00045779241232479784,0.007405112451015716,0.015323388501076396,0.007762263478574116,0.00027223089007621937,0.0006375887896579169
3.576,0.000455540742452909,0.007389287287065338,0.015306084153206445,0.0077568943091621545,0.0002713288554636595,0.0006358069801222221
3.5780000000000003,0.0004532997748027956,0.00737349595331982,0.015288799268043274,0.007751528847968814,0.0002704298118973991,0.0006340301499985213
3.58,0.0004510694598707232,0.007357738377410827,0.015271533823933758,0.007746167092461009,0.0002695337494509342,0.0006322582853715009
3.5820000000000003,0.00044884974837522407,0.007342014487124349,0.01525428779924809,0.0077408090401072105,0.0002686406582308454,0.0006304913723649275
3.584,0.0004466405912555427,0.007326324210401358,0.015237061172379551,0.007735454688377441,0.0002677505283767978,0.0006287293971412033
3.586,0.0004444419396714139,0.007310667475336929,0.015219853921744964,0.007730104034743501,0.00026686335006087525,0.0006269723459013665
3.588,0.0004422537450019526,0.007295044210179569,0.01520266602578424,0.0077247570766787454,0.00026597911348802405,0.0006252202048853128
3.59,0.0004400759588443215,0.007279454343331659,0.015185497462960607,0.007719413811658082,0.0002650978088956091,0.0006234729603709077
3.592,0.000437908533013065,0.0072638978033487955,0.015168348211760607,0.007714074237157975,0.00026421942655363573,0.0006217305986748745
3.594,0.0004357514195392209,0.007248374518939116,0.015151218250693876,0.007708738350656885,0.00026334395676408384,0.000619993106151906
3.596,0.00043360457066921043,0.0072328844189637476,0.015134107558293142,0.007703406149634384,0.00026247138986135177,0.0006182604691948868
3.598,0.0004314679388641718,0.007217427432435697,0.015117016113114223,0.00769807763157182,0.0002616017162118123,0.0006165326742346711
3.6,0.0004293414767990722,0.007202003488519848,0.015099943893736478,0.007692752793952318,0.0002607349262140346,0.0006148097077398607
3.602,0.00042722513736115353,0.007186612516532742,0.01508289087876169,0.007687431634260555,0.0002598710102981183,0.000613091556217471
3.604,0.00042511887364971024,0.007171254445942354,0.0150658570468154,0.007682114149982766,0.0002590099589265815,0.0006113782062115991
3.606,0.0004230226389747571,0.007155929206367206,0.015048842376545801,0.007676800338606959,0.0002581517625930285,0.0006096696443040894
3.608,0.0004209363868565852,0.007140636727576588,0.015031846846624175,0.007671490197622477,0.00025729641182281604,0.0006079658571145341
3.61,0.00041886007102442946,0.007125376939490113,0.015014870435744898,0.007666183724520437,0.0002564438971728311,0.0006062668312996067
3.612,0.0004167936454155807,0.007110149772177499,0.01499791312262544,0.007660880916793511,0.0002555942092312691,0.0006045725535535063
3.614,0.00041473706417471945,0.007094955155857674,0.014980974886005916,0.0076555817719359265,0.00025474733861763355,0.0006028830106075134
3.616,0.00041269028165302757,0.007079793020899228,0.014964055704649537,0.007650286287443686,0.0002539032759825144,0.00060119818922999
3.618,0.00041065325240685624,0.00706466329781974,0.014947155557342606,0.007644994460814569,0.0002530620120075877,0.0005995180762263796
3.62,0.00040862593119728174,0.007049565917285117,0.014930274422894074,0.0076397062895474654,0.00025222353740561587,0.000597842658438763
3.622,0.00040660827298943936,0.007034500810110256,0.014913412280135763,0.007634421771143041,0.00025138784291978133,0.0005961719227460804
3.624,0.000404600232950747,0.007019467907257493,0.014896569107922586,0.007629140903103959,0.00025055491932457485,0.0005945058560641314
3.626,0.0004026017664509052,0.007004467139837267,0.014879744885132107,0.007623863682933996,0.0002497247574249073,0.0005928444453451309
3.628,0.0004006128290607869,0.0069894984391072335,0.014862939590664759,0.007618590108138701,0.0002488973480558876,0.0005911876775777092
3.63,0.00039863337655132725,0.006974561736472484,0.014846153203443846,0.00761332017622518,0.0002480726820837109,0.0005895355397866897
3.632,0.0003966633648928575,0.00695965696348444,0.01482938570241532,0.007608053884702537,0.0002472507504043264,0.0005878880190337554
3.634,0.0003947027502539946,0.006944784051841291,0.014812637066547785,0.007602791231080763,0.0002464315439441034,0.0005862451024161164
3.636,0.0003927514890011974,0.006929942933387334,0.01479590727483271,0.007597532212872071,0.0002456150536596091,0.0005846067770673979
3.638,0.0003908095376978782,0.00691513354011275,0.014779196306284437,0.0075922768275900054,0.00024480127053760903,0.0005829730301569747
3.64,0.0003888768531028486,0.006900355804153158,0.014762504139939514,0.007587025072749887,0.00024399018559440044,0.0005813438488901923
3.642,0.0003869533921705415,0.006885609657789615,0.01474583075485758,0.007581776945868368,0.00024318178987647876,0.0005797192205081458
3.644,0.0003850391120492347,0.006870895033447955,0.014729176130120702,0.007576532444463879,0.0002423760744598713,0.0005780991322876794
3.646,0.00038313397008082895,0.006856211863698558,0.014712540244833594,0.007571291566056404,0.00024157303045035938,0.0005764835715409422
3.648,0.00038123792379973764,0.006841560081256359,0.014695923078123396,0.00756605430816748,0.00024077264898325623,0.0005748725256156106
3.65,0.00037935093093177663,0.006826939618980177,0.01467932460914012,0.007560820668320423,0.00023997492122318498,0.0005732659818948882
3.652,0.0003774729493941642,0.00681235040987227,0.014662744817056206,0.0075555906440401,0.00023917983836430068,0.0005716639277970614
3.654,0.00037560393729374475,0.006797792387078783,0.014646183681066516,0.007550364232852713,0.00023838739162984623,0.000570066350775722
3.656,0.0003737438529267667,0.006783265483888412,0.014629641180388564,0.00754514143228624,0.00023759757227237444,0.0005684732383195445
3.658,0.00037189265477777234,0.006768769633733074,0.014613117294262068,0.0075399222398704335,0.00023681037157330387,0.0005668845779518428
3.66,0.0003700503015189316,0.006754304770187014,0.014596612001949616,0.0075347066531363804,0.00023602578084291892,0.0005653003572312354
3.662,0.00036821675200915394,0.006739870826966365,0.014580125282735779,0.007529494669616721,0.00023524379142081386,0.0005637205637507581
3.664,0.00036639196529364426,0.006725467737929591,0.014563657115927997,0.007524286286846094,0.00023446439467500468,0.0005621451851383075
3.666,0.00036457590060234857,0.006711095437076375,0.014547207480855695,0.0075190815023602475,0.00023368758200215112,0.0005605742090564192
3.668,0.0003627685173495099,0.006696753858547844,0.014530776356870945,0.007513880313696708,0.00023291334482755666,0.0005590076232018237
3.67,0.00036096977513322415,0.006682442936625899,0.014514363723348023,0.007508682718394777,0.00023214167460516855,0.0005574454153058905
3.672,0.00035917963373433004,0.006668162605733219,0.01449796955968341,0.007503488713995088,0.0002313725628171337,0.0005558875731341839
3.674,0.0003573980531152987,0.006653912800432815,0.014481593845296237,0.0074982982980400514,0.00023060600097402073,0.000554334084486463
3.676,0.00035562499342001175,0.006639693455428031,0.014465236559627614,0.007493111468073632,0.00022984198061437588,0.0005527849371964599
3.678,0.00035386041497265097,0.00662550450556143,0.014448897682141082,0.007487928221641127,0.00022908049330494507,0.0005512401191321015
3.68,0.0003521042782770323,0.006611345885815467,0.014432577192322382,0.007482748556289831,0.0002283215306404518,0.0005496996181950653
3.682,0.0003503565440157175,0.006597217531311594,0.014416275069679463,0.007477572469568372,0.00022756508424381927,0.0005481634223210019
3.684,0.00034861717304934814,0.006583119377310265,0.014399991293742254,0.007472399959026932,0.00022681114576528216,0.0005466315194793125
3.686,0.00034688612641575745,0.006569051359210265,0.014383725844063111,0.007467231022217469,0.0002260597068832748,0.0005451038976727052
3.688,0.000345163365329082,0.006555013412548716,0.014367478700216596,0.007462065656693273,0.0002253107593037651,0.0005435805449376385
3.69,0.0003434488511795397,0.006541005473001071,0.014351249841799252,0.007456903860009634,0.00022456429476003237,0.000542061449343878
3.692,0.00034174254553187566,0.00652702747638001,0.014335039248429604,0.00745174562972295,0.00022382030501288952,0.0005405465989947178
3.694,0.0003400444101253619,0.006513079358635654,0.014318846899748383,0.007446590963391397,0.00022307878185068297,0.0005390359820265367
3.696,0.0003383544068724653,0.0064991610558555735,0.014302672775418523,0.0074414398585749275,0.00022233971708907063,0.0005375295866090202
3.698,0.0003366724978584035,0.006485272504263895,0.014286516855124942,0.007436292312834825,0.0002216031025705778,0.0005360274009447163
3.7,0.0003349986453404785,0.00647141364022108,0.014270379118574317,0.007431148323733927,0.00022086893016504128,0.000534529413269258
3.702,0.0003333328117467449,0.006457584400224148,0.014254259545495529,0.00742600788883685,0.00022013719176938729,0.0005330356118511403
3.704,0.0003316749596757873,0.0064437847209060095,0.014238158115639665,0.0074208710057097615,0.00021940787930696537,0.0005315459849917215
3.706,0.0003300250518960546,0.006430014539035023,0.01422207480877935,0.007415737671920164,0.0002186809847286586,0.0005300605210249998
3.708,0.00032838305134474943,0.006416273791515215,0.014206009604709191,0.007410607885037335,0.0002179565000115513,0.0005285792083173924
3.71,0.00032674892112716236,0.006402562415385171,0.014189962483246,0.007405481642632328,0.00021723441715959524,0.0005271020352679567
3.712,0.0003251226245164496,0.006388880347818704,0.014173933424228125,0.0074003589422775296,0.00021651472820316542,0.000525628990308391
3.714,0.00032350412495185665,0.006375227526123961,0.014157922407516121,0.007395239781546659,0.00021579742519928224,0.0005241600619023679
3.716,0.0003218933860391626,0.006361603887743206,0.014141929412992083,0.007390124158015654,0.00021508250023116737,0.0005226952385459782
3.718,0.00032029037154912565,0.006348009370252816,0.014125954420560083,0.007385012069261343,0.00021436994540846577,0.0005212345087675097
3.72,0.00031869504541703897,0.006334443911362619,0.01410999741014618,0.007379903512862551,0.00021365975286702366,0.0005197778611272241
3.722,0.00031710737174228676,0.006320907448915669,0.014094058361697748,0.0073747984863996585,0.00021295191476866648,0.000518325284217136
3.724,0.00031552731478678986,0.006307399920888468,0.014078137255184364,0.007369696987454599,0.00021224642330142096,0.000516876766661678
3.726,0.00031395483897544985,0.006293921265389857,0.014062234070596924,0.00736459901361064,0.00021154327067929302,0.0005154322971165914
3.728,0.0003123899088943727,0.00628047142066146,0.014046348787948526,0.007359504562452823,0.0002108424491418237,0.0005139918642693697
3.73,0.00031083248929109075,0.006267050325077239,0.014030481387273586,0.007354413631567747,0.0002101439509545333,0.0005125554568394808
3.732,0.0003092825450727865,0.006253657917142608,0.014014631848628278,0.0073493262185435615,0.00020944776840869928,0.0005111230635774788
3.734,0.0003077400413067366,0.006240294135494873,0.01399880015209054,0.007344242320969974,0.00020875389382113418,0.0005096946732656704
3.736,0.0003062049432189795,0.006226958918902792,0.013982986277759846,0.007339161936438465,0.00020806231953418575,0.0005082702747176704
3.738,0.00030467721619342747,0.006213652206266129,0.013967190205757207,0.007334085062541629,0.00020737303791551476,0.0005068498567781798
3.74,0.0003031568257716444,0.006200373936615433,0.013951411916225398,0.007329011696874055,0.00020668604135831714,0.0005054334083229861
3.742,0.0003016437376519576,0.006187124049111814,0.013935651389328507,0.007323941837031667,0.00020600132228087986,0.0005040209182594069
3.744,0.00030013791768879194,0.006173902483046501,0.013919908605252607,0.007318875480612164,0.00020531887312658093,0.0005026123755254019
3.746,0.0002986393318920033,0.0061607091778406176,0.01390418354420464,0.007313812625214577,0.00020463868636433347,0.0005012077690897954
3.748,0.0002971479464262128,0.006147544073045408,0.013888476186413756,0.007308753268439494,0.00020396075448769757,0.0004998070879524974
3.75,0.0002956637276096963,0.006134407108341122,0.013872786512129975,0.007303697407889276,0.00020328507001510232,0.0004984103211440605
3.7520000000000002,0.00029418664191460664,0.0061212982235372415,0.0138571145016253,0.007298645041167839,0.00020261162549006784,0.0004970174577256792
3.754,0.0002927166559654193,0.006108217358572032,0.013841460135192607,0.007293596165880434,0.00020194041348098324,0.0004956284867889682
3.7560000000000002,0.00029125373653871023,0.006095164453512547,0.013825823393146752,0.007288550779634084,0.0002012714265804405,0.0004942433974561844
3.758,0.00028979785056248986,0.00608213944855418,0.013810204255823688,0.007283508880037148,0.0002006046574059006,0.0004928621788802268
3.7600000000000002,0.00028834896511553687,0.0060691422840200016,0.013794602703580683,0.00727847046469976,0.00019994009859947148,0.0004914848202437483
3.762,0.00028690704742628803,0.006056172900360979,0.01377901871679632,0.007273435531233607,0.0001992777428274639,0.0004901113107600441
3.7640000000000002,0.00028547206487283816,0.006043231238155755,0.013763452275870947,0.007268404077251933,0.0001986175827806136,0.0004887416396723854
3.766,0.00028404398498205197,0.0060303172381099834,0.013747903361225555,0.007263376100369312,0.00019795961117408112,0.0004873757962542413
3.7680000000000002,0.0002826227754284538,0.006017430841056326,0.013732371953303124,0.007258351598202095,0.00019730382074700792,0.00048601376980883515
3.77,0.00028120840403422775,0.0060045719879542325,0.01371685803256728,0.007253330568368188,0.00019665020426273827,0.0004846555496695881
3.7720000000000002,0.0002798008387683293,0.005991740619889274,0.013701361579503413,0.007248313008487051,0.00019599875450859727,0.00048330112519945345
3.774,0.0002784000477458193,0.0059789366780733655,0.01368588257461778,0.007243298916179697,0.00019534946429589084,0.0004819504857911383
3.7760000000000002,0.0002770059992271978,0.00596616010384432,0.01367042099843796,0.007238288289068473,0.0001947023264599057,0.00048060362086710384
3.778,0.000275618661617516,0.005953410838665407,0.013654976831512622,0.007233281124777502,0.00019405733385946533,0.0004792605198795652
3.7800000000000002,0.00027423800346637606,0.005940688824125129,0.013639550054411753,0.007228277420932461,0.000193414479377374,0.0004779211723096033
3.782,0.00027286399346659884,0.00592799400193722,0.013624140647726213,0.007223277175160581,0.0001927737559199727,0.0004765855676682751
3.7840000000000003,0.0002714966004542241,0.005915326313940206,0.013608748592068398,0.007218280385090425,0.00019213515641736123,0.0004752536954957254
3.786,0.00027013579340717797,0.005902685702096955,0.013593373868071579,0.007213287048352557,0.00019149867382250996,0.00047392554536140885
3.7880000000000003,0.00026878154144549526,0.005890072108494904,0.013578016456389896,0.007208297162578647,0.00019086430111259212,0.000472601106863868
3.79,0.000267433813829987,0.005877485475345168,0.013562676337699031,0.0072033107254019235,0.0001902320312874295,0.0004712803696307333
3.7920000000000003,0.00026609257996179636,0.005864925744982541,0.013547353492695091,0.00719832773445761,0.0001896018573703806,0.00046996332331850077
3.794,0.00026475780938173266,0.005852392859865718,0.013532047902095723,0.007193348187382043,0.0001889737724078966,0.0004686499576127545
3.7960000000000003,0.0002634294717702712,0.005839886762575963,0.013516759546639223,0.007188372081813332,0.0001883477694697433,0.0004673402622277223
3.798,0.0002621075369459991,0.005827407395817996,0.013501488407084983,0.007183399415390923,0.00018772384164855715,0.00046603422690649765
3.8000000000000003,0.0002607919748656151,0.005814954702419106,0.013486234464213487,0.007178430185756035,0.00018710198205962314,0.0004647318414208179
3.802,0.0002594827556230417,0.005802528625328707,0.01347099769882587,0.007173464390551443,0.00018648218384154092,0.00046343309557106416
3.8040000000000003,0.00025817984944898065,0.005790129107618558,0.013455778091744364,0.007168502027421253,0.0001858644401555587,0.0004621379791858171
3.806,0.0002568832267102472,0.0057777560924821,0.013440575623812068,0.007163543094011127,0.0001852487441853512,0.0004608464821225233
3.8080000000000003,0.0002555928579091038,0.005765409523234899,0.013425390275892735,0.007158587587968501,0.00018463508913768578,0.000459558594266829
3.81,0.00025430871368281593,0.005753089343313311,0.01341022202887121,0.0071536355069421464,0.00018402346824153426,0.00045827430553258
3.8120000000000003,0.00025303076480298614,0.005740795496275153,0.013395070863653213,0.007148686848582386,0.00018341387474829496,0.00045699360586159976
3.814,0.0002517589821748878,0.00572852792579881,0.013379936761165112,0.007143741610541321,0.0001828063019322368,0.0004557164852243556
3.8160000000000003,0.000250493336836799,0.00571628657568346,0.013364819702353925,0.007138799790472383,0.0001822007430896111,0.00045444293361884824
3.818,0.00024923379995978046,0.005704071389848631,0.013349719668187765,0.00713386138603056,0.00018159719153887366,0.0004531729410710561
3.8200000000000003,0.0002479803428467875,0.005691882312333751,0.013334636639655173,0.00712892639487217,0.00018099564062090678,0.0004519064976351572
3.822,0.0002467329369320037,0.005679719287298157,0.013319570597765562,0.007123994814655532,0.00018039608369857518,0.0004506435933928632
3.8240000000000003,0.00024549155378061904,0.005667582259020865,0.013304521523548996,0.007119066643040295,0.00017979851415694803,0.0004493842184536412
3.826,0.0002442561650877195,0.005655471171899906,0.013289489398056187,0.007114141877687441,0.00017920292540263283,0.0004481283629547139
3.8280000000000003,0.00024302674267828728,0.00564338597045233,0.013274474202358721,0.007109220516259729,0.00017860931086466358,0.0004468760170608377
3.83,0.00024180325850631235,0.0056313265993144235,0.013259475917548613,0.007104302556421471,0.00017801766399339058,0.0004456271709640802
3.8320000000000003,0.00024058568465412655,0.0056192930032406,0.013244494524738526,0.007099387995838313,0.00017742797826136858,0.00044438181488426487
3.834,0.00023937399333218146,0.005607285127103623,0.013229530005061552,0.007094476832177676,0.0001768402471624686,0.00044313993906808236
3.8360000000000003,0.00023816815687816018,0.0055953029158943846,0.013214582339671654,0.007089569063108314,0.00017625446421232205,0.00044190153378975694
3.838,0.0002369681477565333,0.00558334631472146,0.013199651509743227,0.007084664686300535,0.00017567062294809865,0.00044066658935082437
3.84,0.0002357739385581148,0.0055714152688111085,0.01318473749647131,0.007079763699426422,0.00017508871692850647,0.00043943509607946574
3.842,0.00023458550199917383,0.005559509723506606,0.013169840281071155,0.007074866100159172,0.00017450873973356984,0.0004382070443313957
3.844,0.00023340281092121273,0.005547629624268469,0.013154959844778658,0.007069971886173754,0.00017393068496440733,0.0004369824244889742
3.846,0.0002322258382900788,0.005535774916674008,0.013140096168850368,0.007065081055146694,0.00017335454624367586,0.00043576122696165065
3.848,0.00023105455719596435,0.005523945546416664,0.013125249234563041,0.007060193604756071,0.00017278031721512654,0.0004345434421855199
3.85,0.00022988894085229639,0.005512141459306674,0.01311041902321386,0.007055309532681298,0.00017220799154360478,0.000433329060623322
3.852,0.00022872896259529263,0.005500362601269959,0.013095605516120434,0.007050428836603562,0.00017163756291505017,0.0004321180727646645
3.854,0.0002275745958837394,0.005488608918348348,0.013080808694621027,0.007045551514205162,0.00017106902503627452,0.0004309104691255783
3.856,0.0002264258142981035,0.005476880356699132,0.013066028540073882,0.0070406775631706164,0.0001705023716351839,0.00042970624024851745
3.858,0.00022528259154031005,0.005465176862594845,0.013051265033857895,0.007035806981185333,0.00016993759646011242,0.00042850537670280353
3.86,0.00022414490143263244,0.005453498382423261,0.013036518157372168,0.007030939765936495,0.00016937469328048849,0.00042730786908351526
3.862,0.00022301271791769217,0.005441844862686507,0.013021787892036008,0.007026075915112617,0.00016881365588639063,0.0004261137080123767
3.864,0.00022188601505801486,0.005430216250001729,0.01300707421928915,0.007021215426404215,0.0001682544780883255,0.00042492288413731316
3.866,0.00022076476703491998,0.005418612491100205,0.012992377120591314,0.0070163582975026895,0.0001676971537176719,0.00042373538813245126
3.868,0.00021964894814852087,0.005407033532827121,0.01297769657742287,0.007011504526101442,0.00016714167662601476,0.00042255121069767476
3.87,0.00021853853281683655,0.005395479322141572,0.012963032571284394,0.007006654109895427,0.00016658804068536703,0.00042137034255884664
3.872,0.00021743349557556968,0.005383949806116339,0.012948385083696223,0.00700180704658071,0.00016603623978816984,0.0004201927744682532
3.874,0.00021633381107721839,0.005372444931937448,0.012933754096199124,0.006996963333855133,0.00016548626784729237,0.0004190184972034938
3.876,0.00021523945409107625,0.005360964646903721,0.01291913959035429,0.006992122969418091,0.0001649381187953658,0.0004178475015681471
3.878,0.0002141503995021221,0.005349508898427224,0.012904541547742454,0.006987285950970312,0.00016439178658567144,0.0004166797783915488
3.88,0.00021306662231102003,0.005338077634032379,0.012889959949965224,0.0069824522762140795,0.00016384726519147463,0.00041551531852879187
3.882,0.00021198809763323112,0.005326670801355959,0.012875394778643523,0.006977621942853451,0.00016330454860580268,0.0004143541128600603
3.884,0.0002109148006985695,0.005315288348147096,0.012860846015418925,0.006972794948593597,0.0001627636308416669,0.00041319615229129525
3.886,0.00020984670685098017,0.005303930222266384,0.012846313641952989,0.0069679712911416836,0.0001622245059320626,0.000412041427753973
3.888,0.00020878379154787297,0.005292596371686331,0.012831797639927034,0.006963150968205767,0.00016168716792996918,0.00041088993020488296
3.89,0.00020772603035923431,0.0052812867444909095,0.012817297991042587,0.006958333977496123,0.00016115161090768382,0.0004097416506259055
3.892,0.00020667339896762726,0.005270001288874893,0.012802814677020935,0.006953520316723916,0.00016061782895770982,0.0004085965800240121
3.894,0.00020562587316752534,0.005258739953144298,0.012788347679603795,0.006948709983602308,0.0001600858161916463,0.00040745470943170936
3.896,0.00020458342886486847,0.0052475026857159435,0.012773896980552646,0.006943902975845573,0.0001595555667410764,0.00040631602990637283
3.898,0.00020354604207639682,0.005236289435116559,0.012759462561648727,0.006939099291169759,0.0001590270747566791,0.0004051805325302471
3.9,0.00020251368892920674,0.005225100149983453,0.012745044404693262,0.006934298927292248,0.00015850033440889533,0.0004040482084106678
3.902,0.0002014863456605287,0.005213934779063845,0.01273064249150746,0.0069295018819321985,0.00015797533988726187,0.0004029190486798395
3.904,0.00020046398861683912,0.005202793271214645,0.012716256803932291,0.0069247081528098775,0.00015745208540063338,0.00040179304449461384
3.906,0.0001994465942536383,0.005191675575402233,0.012701887323828931,0.006919917737647552,0.00015693056517740445,0.0004006701870367113
3.908,0.00019843413913478436,0.005180581640702453,0.012687534033077874,0.006915130634168376,0.00015641077346484344,0.00039955046751205536
3.91,0.00019742659993204903,0.0051695114162999545,0.012673196913579599,0.006910346840097503,0.00015589270452931459,0.0003984338771518825
3.912,0.00019642395342489571,0.005158464851488409,0.012658875947254788,0.006905566353161641,0.00015537635265627792,0.000397320407211188
3.914,0.00019542617649959126,0.005147441895669624,0.012644571116043224,0.006900789171088606,0.00015486171215028932,0.0003962100489700582
3.916,0.00019443324614898394,0.00513644249835421,0.012630282401904891,0.006896015291607771,0.00015434877733455643,0.0003951027937325602
3.918,0.00019344513947205932,0.005125466609160689,0.012616009786819538,0.006891244712450284,0.0001538375425513827,0.000393998632826964
3.92,0.00019246183367327419,0.005114514177815499,0.012601753252786452,0.0068864774313486254,0.00015332800216172338,0.0003928975576061866
3.922,0.0001914833060621124,0.005103585154152546,0.012587512781824461,0.00688171344603683,0.00015282015054540743,0.0003917995594469037
3.924,0.00019050953405286286,0.005092679488113205,0.012573288355972378,0.006876952754250487,0.00015231398210069358,0.00039070462974999387
3.926,0.00018954049516395344,0.005081797129746102,0.012559079957288555,0.006872195353726518,0.00015180949124449228,0.00038961275994053857
3.928,0.00018857616701728475,0.005070938029206884,0.012544887567850882,0.006867441242203398,0.00015130667241236573,0.00038852394146760005
3.93,0.00018761652733845224,0.0050601021367577825,0.012530711169757236,0.006862690417421158,0.00015080552005830583,0.00038743816580399937
3.932,0.0001866615539551919,0.005049289402767609,0.012516550745124588,0.006857942877121381,0.00015030602865451215,0.0003863554244460943
3.934,0.00018571122479804636,0.005038499777711314,0.012502406276089673,0.006853198619046985,0.00014980819269183598,0.00038527570891466745
3.936,0.00018476551789925466,0.0050277332121699825,0.012488277744808762,0.00684845764094244,0.00014931200667955835,0.0003841990107535942
3.938,0.00018382441139253025,0.005016989656830395,0.012474165133457893,0.006843719940553772,0.00014881746514472383,0.00038312532153073064
3.94,0.00018288788351217278,0.005006269062485025,0.012460068424232196,0.0068389855156285595,0.00014832456263258464,0.00038205463283746965
3.942,0.00018195591259351218,0.004995571380031594,0.012445987599346564,0.006834254363915493,0.0001478332937070448,0.00038098693628851876
3.944,0.0001810284770713544,0.004984896560473073,0.012431922641035431,0.00682952648316526,0.00014734365294932772,0.00037992222352212224
3.946,0.00018010555548064744,0.00497424455491724,0.012417873531552548,0.00682480187112966,0.00014685563495930865,0.0003788604862000611
3.948,0.00017918712645492718,0.004963615314576675,0.012403840253171206,0.0068200805255622665,0.0001463692343544043,0.00037780171600698687
3.95,0.00017827316872676136,0.004953008790768321,0.01238982278818379,0.006815362444217987,0.00014588444577001702,0.00037674590465130997
3.952,0.00017736366112686142,0.004942424934913259,0.012375821118902675,0.006810647624853283,0.00014540126385931273,0.0003756930438640893
3.954,0.0001764585825838605,0.004931863698536709,0.01236183522765888,0.006805936065225948,0.0001449196832932209,0.0003746431253999205
3.956,0.00017555791212364724,0.004921325033267809,0.012347865096803412,0.00680122776309533,0.00014443969876021256,0.0003735961410362698
3.958,0.00017466162886914383,0.004910808890838947,0.012333910708706375,0.006796522716222331,0.0001439613049667443,0.0003725520825736961
3.96,0.0001737697120398618,0.0049003152230859826,0.012319972045756966,0.006791820922369407,0.00014348449663659224,0.0003715109418354068
3.962,0.00017288214095101395,0.004889843981947806,0.012306049090363924,0.006787122379300348,0.00014300926851107398,0.00037047271066770193
3.964,0.00017199889501373633,0.004879395119466334,0.012292141824955305,0.006782427084780496,0.00014253561534904868,0.00036943738093953016
3.966,0.00017111995373420008,0.004868968587786293,0.01227825023197826,0.006777735036576749,0.000142063531926917,0.00036840494454271067
3.968,0.00017024529671361144,0.0048585643391545474,0.012264374293899483,0.006773046232457336,0.00014159301303795502,0.00036737539339148917
3.97,0.00016937490364732355,0.004848182325920325,0.012250513993204315,0.00676836067019182,0.00014112405349320234,0.00036634871942298197
3.972,0.00016850875432461443,0.004837822500534994,0.012236669312397863,0.00676367834755176,0.000140656648120574,0.00036532491459650984
3.974,0.00016764682862846492,0.004827484815551397,0.012222840234004106,0.006758999262309828,0.00014019079176530447,0.00036430397089426414
3.976,0.0001667891065346705,0.004817169223624518,0.01220902674056612,0.006754323412240026,0.00013972647928994775,0.00036328588032041864
3.978,0.0001659355681118413,0.004806875677510147,0.01219522881464652,0.006749650795118356,0.00013926370557371115,0.0003622706349017957
3.98,0.000165086193520958,0.0047966041300653295,0.01218144643882657,0.006744981408721706,0.00013880246551312148,0.000361258226687422
3.982,0.00016424096301448365,0.0047863545342483604,0.01216767959570686,0.006740315250828965,0.00013834275402135887,0.00036024864774852894
3.984,0.00016339985693658576,0.0047761268431179005,0.012153928267907066,0.006735652319220131,0.00013788456602892296,0.0003592418901785521
3.986,0.0001625628557224701,0.004765921009833418,0.012140192438065744,0.006730992611676756,0.00013742789648274467,0.0003582379460929097
3.988,0.00016172993989771456,0.004755736987654302,0.012126472088840767,0.0067263361259819465,0.00013697274034663032,0.0003572368076292243
3.99,0.00016090109007826925,0.004745574729940305,0.01211276720290888,0.006721682859920364,0.0001365190926012616,0.0003562384669468788
3.992,0.00016007628696979026,0.004735434190150878,0.012099077762965704,0.006717032811278001,0.00013606694824375154,0.0003552429162274606
3.994,0.00015925551136741767,0.004725315321845169,0.012085403751726176,0.0067123859778421835,0.00013561630228786647,0.00035425014767409557
3.996,0.0001584387441551094,0.004715218078681804,0.012071745151923663,0.006707742357402013,0.0001351671497640261,0.00035326015351166973
3.998,0.00015762596630564119,0.0047051424144184395,0.012058101946311073,0.006703101947747925,0.00013471948571930348,0.0003522729259870516
4.0,0.00015681715887971848,0.0046950882829119855,0.012044474117659965,0.006698464746671684,0.0001342733052169809,0.00035128845736887016
4.002,0.00015601230302597635,0.004685055638117941,0.012030861648760771,0.006693830751966834,0.0001338286033365499,0.00035030673994684847
4.0040000000000004,0.00015521137998031342,0.004675044434090392,0.0120172645224228,0.006689199961428027,0.00013338537517415539,0.0003493277660326921
4.006,0.0001544143710656698,0.00466505462498179,0.01200368272147423,0.006684572372851694,0.00013294361584215153,0.00034835152795964497
4.008,0.00015362125769158297,0.004655086165042954,0.011990116228762115,0.006679947984035595,0.00013250332046932378,0.00034737801808204516
4.01,0.00015283202135396579,0.004645139008622401,0.011976565027152164,0.006675326792779046,0.00013206448420000072,0.0003464072287757691
4.0120000000000005,0.00015204664363444031,0.004635213110166347,0.011963029099529177,0.006670708796882696,0.00013162710219538631,0.0003454391524380096
4.014,0.00015126510619989375,0.00462530842421871,0.011949508428796829,0.006666093994148525,0.0001311911696320056,0.00034447378148705354
4.016,0.00015048739080247842,0.004615424905420662,0.011936002997877004,0.0066614823823802904,0.000130756681703037,0.00034351110836272625
4.018,0.00014971347927872358,0.00460556250851063,0.011922512789710904,0.006656873959383081,0.00013032363361742405,0.00034255112552550315
4.0200000000000005,0.00014894335354997956,0.0045957211883236315,0.011909037787258159,0.006652268722963539,0.00012989202059987548,0.000341593825457398
4.022,0.0001481769956208634,0.004585900899791495,0.011895577973497051,0.006647666670929642,0.00012946183789086518,0.0003406392006610748
4.024,0.00014741438757992498,0.004576101597942639,0.01188213333142496,0.006643067801090696,0.00012903308074685427,0.00033968724366029157
4.026,0.0001466555115987589,0.004566323237901626,0.011868703844057471,0.006638472111257787,0.00012860574444029105,0.00033873794699967874
4.0280000000000005,0.00014590034993178236,0.004556565774889165,0.011855289494429044,0.006633879599243331,0.00012817982425872287,0.00033779130324496087
4.03,0.00014514888491579114,0.004546829164221888,0.01184189026559257,0.006629290262861076,0.00012775531550590635,0.0003368473049820686
4.032,0.00014440109896951547,0.004537113361311906,0.01182850614061981,0.006624704099926548,0.00012733221350069712,0.00033590594481824887
4.034,0.00014365697459317595,0.00452741832166681,0.011815137102601181,0.006620121108256161,0.00012691051357793803,0.00033496721538095464
4.0360000000000005,0.00014291649436870557,0.004517744000889667,0.011801783134645305,0.006615541285668325,0.00012649021108779301,0.0003340311093185111
4.038,0.00014217964095863955,0.004508090354678362,0.011788444219879679,0.006610964629982785,0.00012607130139574707,0.0003330976192996715
4.04,0.00014144639710611528,0.004498457338825812,0.01177512034145023,0.006606391139020618,0.0001256537798826063,0.00033216673801383934
4.042,0.0001407167456346503,0.004488844909219303,0.011761811482521312,0.006601820810604231,0.0001252376419449419,0.00033123845817062403
4.0440000000000005,0.00013999066944725413,0.004479253021840934,0.011748517626275712,0.00659725364255781,0.0001248228829942022,0.0003303127725000632
4.046,0.00013926815152665029,0.004469681632766509,0.01173523875591509,0.006592689632706872,0.00012440949845715643,0.0003293896737526225
4.048,0.00013854917493461016,0.00446013069816642,0.01172197485465909,0.006588128778878266,0.000123997483775673,0.0003284691546987517
4.05,0.000137833722811731,0.004450600174304542,0.011708725905746231,0.0065835710789003965,0.0001235868344069413,0.00032755120812955063
4.0520000000000005,0.00013712177837676975,0.0044410900175384516,0.011695491892433019,0.006579016530602999,0.0001231775458232498,0.0003266358268558811
4.054,0.00013641332492664304,0.0044316001843192065,0.011682272797994608,0.006574465131817586,0.00012276961351176396,0.00032572300370903307
4.056,0.00013570834583598312,0.0044221306311911235,0.011669068605724586,0.0065699168803767805,0.00012236303297452622,0.00032481273153983636
4.058,0.00013500682455669377,0.0044126813147913335,0.011655879298934746,0.006565371774114537,0.00012195779972890008,0.00032390500321954896
4.0600000000000005,0.0001343087446175062,0.0044032521918500045,0.01164270486095531,0.006560829810866808,0.00012155390930668197,0.0003229998116391908
4.062,0.00013361408962420107,0.004393843219189897,0.011629545275134934,0.006556290988470437,0.00012115135725498938,0.00032209714970954373
4.064,0.00013292284325849835,0.0043844543537261416,0.011616400524840254,0.00655175530476404,0.00012075013913515065,0.00032119701036159576
4.066,0.0001322349892780572,0.00437508555246624,0.01160327059345656,0.006547222757587345,0.00012035025052359316,0.00032029938654543066
4.0680000000000005,0.00013155051151625408,0.004365736772509621,0.01159015546438713,0.00654269334478208,0.00011995168701139924,0.00031940427123156034
4.07,0.00013086939388173846,0.004356407971047416,0.01157705512105367,0.0065381670641908585,0.00011955444420430617,0.00031851165740959253
4.072,0.00013019162035798892,0.004347099105362462,0.011563969546896091,0.0065336439136580715,0.00011915851772248409,0.0003176215380888969
4.074,0.000129517175003091,0.004337810132829301,0.011550898725372294,0.0065291238910294425,0.00011876390320075814,0.00031673390629838316
4.0760000000000005,0.00012884604194929317,0.004328541010913511,0.011537842639958829,0.006524606994152027,0.00011837059628838631,0.0003158487550865008
4.078,0.00012817820540278468,0.004319291697171712,0.01152480127415001,0.0065200932208744344,0.00011797859264905952,0.0003149660775212393
4.08,0.00012751364964325163,0.004310062149251337,0.011511774611458359,0.006515582569046607,0.00011758788796112363,0.00031408586668968397
4.082,0.00012685235902387682,0.004300852324890636,0.011498762635414606,0.006511075036520264,0.00011719847791669125,0.00031320811569823803
4.0840000000000005,0.00012619431797022962,0.004291662181918232,0.011485765329567688,0.006506570621148233,0.00011681035822275199,0.0003123328176728446
4.086,0.00012553951098093208,0.00428249167825312,0.011472782677484528,0.006502069320784676,0.00011642352460028427,0.0003114599657585426
4.088,0.00012488792262654869,0.004273340771904222,0.011459814662750034,0.006497571133285529,0.00011603797278447736,0.00031058955311924485
4.09,0.00012423953754980843,0.0042642094209706105,0.011446861268967545,0.0064930760565080625,0.0001156536985247314,0.00030972157293840397
4.0920000000000005,0.00012359434046471662,0.004255097583640621,0.01143392247975794,0.006488584088310656,0.00011527069758443531,0.0003088560184183464
4.094,0.00012295231615655489,0.004246005218192295,0.01142099827876053,0.006484095226553688,0.0001148889657411889,0.0003079928827802725
4.096,0.00012231344948188116,0.0042369322829931555,0.011408088649632386,0.006479609469098424,0.00011450849878658076,0.00030713215926447823
4.098,0.0001216777253674195,0.004227878736499768,0.011395193576048568,0.006475126813807908,0.00011412929252618831,0.00030627384113013356
4.1,0.00012104512881050411,0.004218844537257516,0.011382313041702341,0.006470647258546514,0.00011375134277935572,0.0003054179216550601
4.102,0.00012041564487841327,0.004209829643900598,0.011369447030304736,0.006466170801179949,0.000113374645379416,0.0003045643941361753
4.104,0.00011978925870770318,0.004200834015151589,0.011356595525584767,0.006461697439575698,0.00011299919617369092,0.0003037132518890484
4.106,0.00011916595550465203,0.004191857609821659,0.011343758511289215,0.006457227171602131,0.00011262499102282497,0.0003028644882476783
4.108,0.00011854572054459389,0.004182900386810129,0.011330935971182843,0.006452759995129398,0.00011225202580167348,0.0003020180965649377
4.11,0.00011792853917125257,0.004173962305104251,0.011318127889048402,0.006448295908028978,0.0001118802963986365,0.00030117407021212905
4.112,0.00011731439679696365,0.004165043323778983,0.011305334248686405,0.006443834908173907,0.0001115097987156588,0.00030033240257920646
4.114,0.00011670327890200838,0.00415614340199677,0.01129255503391513,0.00643937699343855,0.00011114052866845192,0.00029949308707477584
4.116,0.0001160951710343916,0.0041472624990079865,0.01127979022857084,0.0064349221616986085,0.00011077248218605007,0.0002986561171252067
4.118,0.00011549005880984176,0.004138400574149603,0.01126703981650734,0.006430470410831335,0.00011040565521125423,0.00029782148617596427
4.12,0.00011488792791114477,0.004129557586846078,0.01125430378159642,0.006426021738715093,0.00011004004370018805,0.00029698918769049953
4.122,0.00011428876408769995,0.004120733496608464,0.011241582107727632,0.006421576143230245,0.00010967564362229787,0.00029615921515047106
4.124,0.000113692553155742,0.0041119282630346365,0.011228874778808295,0.006417133622258042,0.00010931245096057474,0.00029533156205574507
4.126,0.00011309928099767497,0.004103141845809066,0.011216181778763268,0.00641269417368151,0.00010895046171155442,0.0002945062219246175
4.128,0.0001125089335618501,0.004094374204702156,0.011203503091535172,0.006408257795385008,0.00010858967188442925,0.0002936831882933699
4.13,0.00011192149686212183,0.004085625299570683,0.011190838701084393,0.006403824485254006,0.00010823007750238034,0.0002928624547162695
4.132,0.00011133695697762569,0.0040768950903571355,0.011178188591389082,0.006399394241175971,0.00010787167460124536,0.00029204401476556896
4.134,0.00011075530005300038,0.004068183537089931,0.011165552746444929,0.006394967061039258,0.00010751445923018466,0.00029122786203150675
4.136,0.0001101765122970555,0.004059490599883198,0.011152931150265166,0.006390542942733779,0.0001071584274514592,0.00029041399012230684
4.138,0.00010960057998343764,0.004050816238936106,0.011140323786880568,0.006386121884150997,0.00010680357534043061,0.00028960239266417886
4.14,0.00010902748944974228,0.004042160414533313,0.011127730640339895,0.006381703883183709,0.00010644989898556112,0.0002887930633006519
4.142,0.00010845722709751371,0.0040335230870440775,0.011115151694709224,0.0063772889377260444,0.00010609739448819155,0.00028798599569368477
4.144,0.00010788977939202304,0.00402490421692292,0.011102586934071956,0.006372877045673686,0.00010574605796254133,0.00028718118352255573
4.146,0.00010732513286160206,0.00401630376470874,0.011090036342529475,0.00636846820492365,0.00010539588553593049,0.0002863786204840846
4.148,0.00010676327409764319,0.004007721691025035,0.011077499904200483,0.006364062413374283,0.00010504687334833562,0.00028557830029307674
4.15,0.00010620418975415546,0.003999157956579458,0.011064977603221227,0.00635965966892571,0.0001046990175526119,0.0002847802166816571
4.152,0.00010564786654776448,0.003990612522164039,0.011052469423745492,0.0063552599694789436,0.00010435231431427106,0.00028398436339949207
4.154,0.00010509429125704628,0.003982085348654296,0.011039975349944386,0.006350863312936772,0.00010400675981192542,0.0002831907342137896
4.156,0.0001045434507227494,0.003973576397009904,0.011027495366006335,0.006346469697203316,0.0001036623502363998,0.0002823993229090771
4.158,0.00010399533184668464,0.003965085628273801,0.011015029456137748,0.006342079120183808,0.0001033190817913976,0.0002816101232874235
4.16,0.00010344992159239119,0.003956613003572418,0.011002577604561692,0.006337691579785476,0.00010297695069327872,0.00028082312916799523
4.162,0.00010290720698424849,0.003948158484115449,0.010990139795519216,0.006333307073916439,0.00010263595317105967,0.00028003833438750014
4.164,0.00010236717510725413,0.003939722031195636,0.01097771601326869,0.006328925600486368,0.00010229608546574731,0.00027925573279952154
4.166,0.00010182981310702388,0.003931303606188541,0.010965306242085582,0.006324547157406268,0.00010195734383144917,0.0002784753182749622
4.168,0.00010129510818934762,0.003922903170552106,0.010952910466262678,0.00632017174258892,0.00010161972453426316,0.00027769708470204435
4.17,0.00010076304761996724,0.003914520685827094,0.010940528670110305,0.006315799353947993,0.00010128322385294375,0.00027692102598586565
4.172,0.00010023361872413261,0.0039061561136366496,0.010928160837956113,0.006311429989398931,0.00010094783807845786,0.0002761471360486212
4.174,9.97068088863795e-05,0.003897809415685849,0.010915806954144847,0.006307063646858513,0.00010061356351398487,0.00027537540882960343
4.176,9.918260555030756e-05,0.003889480553761704,0.010903467003038791,0.0063027003242446256,0.00010028039647513864,0.00027460583828475826
4.178,9.866099621880231e-05,0.0038811694897331606,0.01089114096901711,0.0062983400194769334,9.994833328996755e-05,0.00027383841838712897
4.18,9.814196845270295e-05,0.0038728761855508775,0.010878828836476284,0.006293982730476211,9.961737029828832e-05,0.0002730731431266342
4.182,9.762550987146845e-05,0.0038646006032465596,0.010866530589830337,0.006289628455164786,9.928750385213014e-05,0.00027231000650984605
4.184,9.711160815251141e-05,0.003856342704933402,0.010854246213510166,0.006285277191466543,9.89587303159567e-05,0.00027154900256021186
4.186,9.660025103075398e-05,0.0038481024528058683,0.01084197569196399,0.006280928937306474,9.863104606600004e-05,0.0002707901253176104
4.188,9.609142629907197e-05,0.003839879809139024,0.010829719009656902,0.006276583690610904,9.830444749048262e-05,0.00027003336883901774
4.19,9.558512180718459e-05,0.0038316747362887593,0.010817476151071537,0.006272241449307936,9.797893098983934e-05,0.00026927872719761936
4.192,9.508132546187653e-05,0.0038234871966917883,0.010805247100707405,0.006267902211326781,9.765449297649553e-05,0.00026852619448347603
4.194,9.458002522655384e-05,0.003815317152864983,0.010793031843081335,0.006263565974597984,9.733112987442283e-05,0.0002677757648028578
4.196,9.408120912124396e-05,0.0038071645674053745,0.010780830362727034,0.006259232737053644,9.700883811980532e-05,0.0002670274322786881
4.198,9.358486522215159e-05,0.0037990294029901506,0.010768642644195303,0.0062549024966274125,9.668761416037341e-05,0.0002662811910505436
4.2,9.309098166099261e-05,0.003790911622376436,0.010756468672054043,0.0062505752512538315,9.636745445584793e-05,0.00026553703527376626
4.202,9.259954662566017e-05,0.0037828111884008475,0.010744308430888028,0.006246250998869218,9.604835547771806e-05,0.0002647949591205734
4.204,9.211054835933652e-05,0.0037747280639799374,0.010732161905299353,0.006241929737411223,9.57303137090193e-05,0.0002640549567793915
4.206,9.162397516027099e-05,0.0037666622121090843,0.01072002907990699,0.006237611464819048,9.541332564455551e-05,0.0002633170224546344
4.208,9.113981538155791e-05,0.0037586135958633804,0.010707909939346782,0.006233296179032788,9.509738779067689e-05,0.0002625811503669251
4.21,9.06580574309146e-05,0.003750582178396744,0.010695804468271675,0.00622898387799431,9.478249666550198e-05,0.00026184733475353994
4.212,9.017868977068133e-05,0.0037425679229419195,0.010683712651351485,0.0062246745596468145,9.446864879847361e-05,0.0002611155698670764
4.214,8.970170091715524e-05,0.0037345707928102545,0.010671634473272906,0.0062203682219348355,9.415584073080296e-05,0.0002603858499770073
4.216,8.922707944081232e-05,0.0037265907513917007,0.010659569918739509,0.006216064862804238,9.384406901502551e-05,0.0002596581693681266
4.218,8.875481396541929e-05,0.0037186277621545916,0.010647518972471737,0.006211764480202442,9.353333021500099e-05,0.0002589325223416594
4.22,8.828489316825561e-05,0.00371068178864542,0.010635481619207132,0.006207467072077977,9.32236209063575e-05,0.0002582089032143742
4.222,8.781730578011349e-05,0.0037027527944886174,0.010623457843700113,0.006203172636380927,9.291493767582537e-05,0.00025748730631924843
4.224,8.735204058418766e-05,0.0036948407433867736,0.010611447630721527,0.006198881171062931,9.260727712145922e-05,0.00025676772600502495
4.226,8.688908641674153e-05,0.003686945599119751,0.010599450965059543,0.006194592674076738,9.230063585263792e-05,0.00025605015663621167
4.228,8.642843216621898e-05,0.0036790673255451267,0.010587467831518538,0.006190307143376428,9.199501049006464e-05,0.00025533459259308167
4.23,8.597006677346641e-05,0.0036712058865977504,0.01057549821492021,0.006186024576917637,9.169039766554477e-05,0.00025462102827145117
4.232,8.551397923128867e-05,0.0036633612462897425,0.010563542100102907,0.006181744972657555,9.138679402220795e-05,0.0002539094580831236
4.234,8.506015858400495e-05,0.003655533368710273,0.010551599471921413,0.006177468328554259,9.108419621406405e-05,0.00025319987645522346
4.236,8.460859392767084e-05,0.00364772221802534,0.010539670315247607,0.006173194642567603,9.078260090644719e-05,0.00025249227783064043
4.238,8.415927440919013e-05,0.003639927758477546,0.01052775461497002,0.006168923912658553,9.048200477579371e-05,0.00025178665666758526
4.24,8.371218922698098e-05,0.003632149954386099,0.010515852355993838,0.006164656136789626,9.018240450942017e-05,0.0002510830074398118
4.242,8.32673276300877e-05,0.0036243887701463695,0.010503963523240678,0.0061603913129246735,8.988379680552327e-05,0.0002503813246366171
4.244,8.28246789177367e-05,0.00361664417023011,0.010492088101649033,0.006156129439029101,8.958617837362404e-05,0.00024968160276284124
4.246,8.238423244000259e-05,0.003608916119185235,0.01048022607617427,0.006151870513069202,8.928954593390159e-05,0.0002489838363382013
4.248,8.194597759669797e-05,0.0036012045816351534,0.010468377431787967,0.006147614533013046,8.899389621741527e-05,0.0002482880198981796
4.25,8.150990383759549e-05,0.0035935095222792146,0.010456542153478354,0.006143361496829813,8.869922596632662e-05,0.0002475941479935795
4.252,8.107600066198373e-05,0.003585830905892484,0.010444720226250537,0.00613911140249046,8.84055319332333e-05,0.0002469022151898592
4.2540000000000004,8.064425761866723e-05,0.0035781686973250793,0.010432911635126052,0.006134864247966831,8.81128108818352e-05,0.0002462122160682423
4.256,8.021466430574442e-05,0.00357052286150239,0.010421116365142868,0.006130620031232326,8.782105958626829e-05,0.00024552414522505117
4.258,7.978721036994152e-05,0.0035628933634250792,0.010409334401355608,0.006126378750261896,8.753027483154874e-05,0.0002448379972712633
4.26,7.936188550683454e-05,0.0035552801681686397,0.010397565728835545,0.006122140403031606,8.724045341335085e-05,0.0002441537668333993
4.2620000000000005,7.893867946062727e-05,0.0035476832408831704,0.010385810332670165,0.006117904987519074,8.695159213800707e-05,0.00024347144855263458
4.264,7.851758202348513e-05,0.0035401025467933778,0.010374068197963604,0.006113672501703027,8.6663687822508e-05,0.00024279103708524374
4.266,7.809858303597927e-05,0.003532538051198353,0.010362339309836655,0.006109442943563748,8.63767372942803e-05,0.00024211252710260034
4.268,7.768167238619839e-05,0.003524989719471572,0.010350623653426094,0.006105216311083073,8.609073739118678e-05,0.00024143591329095493
4.2700000000000005,7.72668400101928e-05,0.0035174575170606737,0.010338921213885577,0.006100992602243727,8.580568496174834e-05,0.00024076119035099097
4.272,7.685407589086424e-05,0.0035099414094870163,0.010327231976384743,0.006096771815029989,8.552157686492201e-05,0.000240088352998713
4.274,7.644337005885404e-05,0.0035024413623458983,0.01031555592611011,0.006092553947427692,8.52384099701009e-05,0.0002394173959647805
4.276,7.603471259143291e-05,0.0034949573413061152,0.010303893048264179,0.006088338997424003,8.495618115711423e-05,0.00023874831399428587
4.2780000000000005,7.562809361272294e-05,0.0034874893121099593,0.010292243328065886,0.006084126963007197,8.467488731578321e-05,0.00023808110184719844
4.28,7.522350329325356e-05,0.0034800372405732194,0.01028060675075082,0.006079917842167104,8.439452534680925e-05,0.00023741575429814255
4.282,7.482093184996153e-05,0.003472601092584515,0.010268983301570556,0.006075711632894665,8.411509216066371e-05,0.00023675226613639744
4.284,7.442036954596887e-05,0.003465180834105741,0.010257372965793099,0.006071508333182596,8.38365846784761e-05,0.00023609063216589732
4.2860000000000005,7.402180668991676e-05,0.0034577764311714,0.010245775728702888,0.006067307941024502,8.355899983136794e-05,0.0002354308472045652
4.288,7.36252336364096e-05,0.003450387849888825,0.010234191575600349,0.0060631104544157655,8.32823345606748e-05,0.00023477290608542312
4.29,7.323064078557096e-05,0.003443015056437959,0.010222620491802337,0.006058915871352877,8.300658581794629e-05,0.00023411680365570398
4.292,7.283801858259942e-05,0.0034356580170709083,0.010211062462641918,0.00605472418983366,8.273175056472404e-05,0.00023346253477707357
4.2940000000000005,7.244735751776865e-05,0.003428316698111944,0.010199517473468367,0.0060505354078574936,8.245782577276373e-05,0.00023281009432540856
4.296,7.205864812620533e-05,0.0034209910659577236,0.010187985509647168,0.006046349523424865,8.218480842381304e-05,0.00023215947719101848
4.298,7.167188098766708e-05,0.0034136810870766254,0.010176466556560237,0.006042166534537818,8.191269550961167e-05,0.00023151067827842375
4.3,7.128704672632047e-05,0.003406386728008748,0.010164960599605255,0.006037986439199505,8.164148403189131e-05,0.00023086369250657768
4.3020000000000005,7.090413601074097e-05,0.0033991079553656878,0.01015346762419611,0.006033809235414633,8.137117100237568e-05,0.00023021851480842237
4.304,7.052313955324685e-05,0.0033918447358307624,0.010141987615763348,0.006029634921189242,8.110175344278048e-05,0.00022957514013133284
4.306,7.014404810989916e-05,0.0033845970361583433,0.010130520559753053,0.006025463494530703,8.083322838436935e-05,0.00022893356343622884
4.308,6.976685248072378e-05,0.0033773648231740783,0.010119066441627522,0.00602129495344772,8.056559286861997e-05,0.00022829377969890707
4.3100000000000005,6.939154350882326e-05,0.0033701480637744474,0.01010762524686526,0.00601712929595033,8.029884394678e-05,0.00022765578390848695
4.312,6.901811208059883e-05,0.003362946724926985,0.01009619696096098,0.0060129665200499005,8.003297867964498e-05,0.00022701957106852078
4.314,6.864654912575041e-05,0.003355760773669614,0.01008478156942516,0.006008806623759133,7.976799413778046e-05,0.0002263851361963276
4.316,6.827684561638847e-05,0.003348590177111088,0.010073379057784493,0.006004649605092061,7.950388740174397e-05,0.00022575247432321532
4.3180000000000005,6.790899256725602e-05,0.003341434902430329,0.010061989411581651,0.006000495462064048,7.924065556164095e-05,0.0002251215804944806
4.32,6.754298103572864e-05,0.0033342949168766456,0.010050612616375298,0.005996344192692016,7.897829571734682e-05,0.00022449244976896487
4.322,6.71788021213704e-05,0.0033271701877692905,0.010039248657740085,0.005992195794993993,7.871680497806288e-05,0.00022386507721972038
4.324,6.681644696571176e-05,0.003320060682497683,0.010027897521266427,0.005988050266989342,7.845618046276037e-05,0.0002232394579333441
4.3260000000000005,6.645590675202762e-05,0.00331296636852052,0.01001655919256117,0.005983907606698979,7.819641930018051e-05,0.0002226155870101998
4.328,6.609717270533721e-05,0.003305887213366665,0.010005233657246704,0.0059797678121447095,7.793751862816833e-05,0.00022199345956419592
4.33,6.574023609196011e-05,0.0032988231846340366,0.009993920900961406,0.005975630881350336,7.767947559433885e-05,0.00022137307072322976
4.332,6.538508821973821e-05,0.003291774249990276,0.00998262090935964,0.005971496812340549,7.742228735563295e-05,0.00022075441562852127
4.3340000000000005,6.50317204373696e-05,0.0032847403771718575,0.00997133366811176,0.005967365603141372,7.716595107853941e-05,0.00022013748943483513
4.336,6.46801241344086e-05,0.0032777215339845345,0.009960059162903656,0.005963237251780162,7.691046393887291e-05,0.00021952228731070278
4.338,6.433029074126573e-05,0.0032707176883028932,0.009948797379437435,0.005959111756285829,7.665582312177399e-05,0.00021890880443797833
4.34,6.398221172854157e-05,0.003263728808070132,0.009937548303430743,0.005954989114688614,7.640202582193112e-05,0.00021829703601228267
4.3420000000000005,6.363587860769293e-05,0.0032567548612980612,0.009926311920616993,0.00595086932501987,7.614906924313658e-05,0.00021768697724233732
4.344,6.329128292970054e-05,0.0032497958160671025,0.009915088216745804,0.005946752385312504,7.589695059873058e-05,0.00021707862335018646
4.346,6.294841628573522e-05,0.0032428516405258456,0.009903877177582121,0.005942638293600311,7.564566711093512e-05,0.00021647196957164105
4.348,6.260727030671376e-05,0.0032359223028910478,0.009892678788907094,0.005938527047919084,7.539521601129806e-05,0.00021586701115539064
4.3500000000000005,6.226783666329894e-05,0.003229007771447412,0.009881493036517197,0.005934418646305506,7.514559454069314e-05,0.0002152637433636695
4.352,6.193010706523339e-05,0.0032221080145475867,0.00987031990622489,0.0059303130867975895,7.489679994887588e-05,0.0002146621614718125
4.354,6.159407326156163e-05,0.003215223000611944,0.009859159383858396,0.005926210367434903,7.464882949514973e-05,0.00021406226076847723
4.356,6.125972704040805e-05,0.0032083526981281363,0.009848011455261485,0.005922110486258125,7.44016804476999e-05,0.0002134640365554219
4.358,6.0927060228754826e-05,0.0032014970756517602,0.00983687610629369,0.005918013441309267,7.415535008359342e-05,0.00021286748414772738
4.36,6.05960646922199e-05,0.003194656101805249,0.009825753322830089,0.005913919230631892,7.390983568900111e-05,0.0002122725988731311
4.362,6.026673233483493e-05,0.0031878297452783144,0.009814643090761521,0.005909827852270677,7.36651345594197e-05,0.00021167937607269316
4.364,5.9939055098823246e-05,0.0031810179748277267,0.009803545395994595,0.005905739304271629,7.342124399900563e-05,0.00021108781110057429
4.366,5.961302496504395e-05,0.003174220759277091,0.009792460224451238,0.005901653584682309,7.317816132079713e-05,0.0002104978993238138
4.368,5.928863395165962e-05,0.003167438067516626,0.009781387562069144,0.005897570691551168,7.293588384693628e-05,0.0002099096361223296
4.37,5.896587411502452e-05,0.003160669868503163,0.009770327394801548,0.005893490622928432,7.269440890844692e-05,0.00020932301688914023
4.372,5.8644737549018444e-05,0.003153916131259926,0.00975927970861723,0.005889413376865438,7.245373384523468e-05,0.00020873803702992078
4.374,5.8325216384824685e-05,0.0031471768248763077,0.009748244489500513,0.0058853389514148535,7.221385600586494e-05,0.00020815469196344694
4.376,5.8007302790930027e-05,0.0031404519185080915,0.009737221723451261,0.005881267344630459,7.197477274778485e-05,0.00020757297712092893
4.378,5.7690988973124746e-05,0.0031337413813767867,0.009726211396485107,0.0058771985545678085,7.173648143710132e-05,0.00020699288794667758
4.38,5.737626717361444e-05,0.003127045182770072,0.00971521349463278,0.005873132579283569,7.149897944902506e-05,0.0002064144198976603
4.382,5.7063129671908186e-05,0.0031203632920411284,0.009704228003940774,0.005869069416835515,7.126226416698245e-05,0.00020583756844350098
4.384,5.675156878370835e-05,0.003113695678608419,0.009693254910470905,0.005865009065282978,7.102633298350369e-05,0.00020526232906625808
4.386,5.644157686135465e-05,0.003107042311956354,0.009682294200300534,0.005860951522686397,7.079118329955669e-05,0.00020468869726109062
4.388,5.6133146292935976e-05,0.003100403161634402,0.00967134585952234,0.005856896787107768,7.055681252454704e-05,0.00020411666853537014
4.39,5.5826269503178594e-05,0.003093778197257091,0.009660409874244547,0.005852844856610417,7.032321807698416e-05,0.00020354623840912467
4.392,5.552093895255794e-05,0.0030871673885040085,0.009649486230590698,0.005848795729258782,7.009039738337108e-05,0.0002029774024150388
4.394,5.5217147137076594e-05,0.0030805707051198006,0.009638574914699882,0.005844749403118632,6.985834787909262e-05,0.0002024101560980096
4.396,5.491488658848631e-05,0.0030739881169135064,0.009627675912726286,0.0058407058762570685,6.962706700819332e-05,0.00020184449501559065
4.398,5.461414987384394e-05,0.003067419593759224,0.009616789210839416,0.005836665146742526,6.939655222271135e-05,0.00020128041473777003
4.4,5.4314929595289385e-05,0.003060865105595001,0.009605914795224546,0.005832627212644992,6.916680098356665e-05,0.00020071791084674828
4.402,5.401721839026763e-05,0.0030543246224232767,0.009595052652081826,0.0058285920720353435,6.893781075967276e-05,0.00020015697893716045
4.404,5.372100893108467e-05,0.0030477981143108845,0.009584202767626948,0.005824559722986011,6.870957902882502e-05,0.00019959761461607606
4.406,5.34262939249075e-05,0.003041285551388606,0.009573365128090927,0.005820530163570536,6.848210327703441e-05,0.0001990398135027771
4.408,5.313306611309798e-05,0.003034786903851172,0.009562539719719876,0.005816503391864014,6.825538099830553e-05,0.000198483571228536
4.41,5.284131827187899e-05,0.00302830214195704,0.009551726528775228,0.005812479405942872,6.802940969552473e-05,0.0001979288834370596
4.412,5.255104321144621e-05,0.003021831236028394,0.009540925541533518,0.005808458203884426,6.780418687934997e-05,0.0001973757457842673
4.414,5.226223377641226e-05,0.003015374156450479,0.009530136744286821,0.0058044397837677675,6.757971006909891e-05,0.00019682415393806885
4.416,5.197488284491847e-05,0.0030089308736724885,0.009519360123342091,0.0058004241436731,6.735597679186078e-05,0.00019627410357880848
4.418,5.168898332907901e-05,0.0030025013582064553,0.009508595665021824,0.005796411281681957,6.713298458338457e-05,0.00019572559039837678
4.42,5.140452817453678e-05,0.002996085580627472,0.009497843355663393,0.005792401195876984,6.691073098741285e-05,0.00019517861010109883
4.422,5.112151036068546e-05,0.002989683511573915,0.009487103181619272,0.00578839388434238,6.668921355590385e-05,0.00019463315840306805
4.424,5.083992290022543e-05,0.002983295121746554,0.009476375129257253,0.005784389345163676,6.646842984880941e-05,0.00019408923103259035
4.426,5.055975883871966e-05,0.0029769203819092205,0.009465659184960451,0.005780387576427515,6.624837743429701e-05,0.00019354682372996201
4.428,5.0281011254815766e-05,0.0029705592628881394,0.009454955335126636,0.005776388576221869,6.602905388830571e-05,0.00019300593224702567
4.43,5.000367326024602e-05,0.002964211735571709,0.009444263566168898,0.005772392342636046,6.581045679521225e-05,0.00019246655234761434
4.432,4.972773799916119e-05,0.002957877770910944,0.009433583864515427,0.005768398873760683,6.559258374738697e-05,0.00019192867980755146
4.434,4.945319864857467e-05,0.002951557339918809,0.009422916216609512,0.005764408167687529,6.537543234474974e-05,0.0001913923104142068
4.436,4.9180048417474254e-05,0.0029452504136704416,0.009412260608909317,0.005760420222509888,6.515900019565812e-05,0.00019085743996716253
4.438,4.89082805474883e-05,0.002938956963302486,0.00940161702788811,0.005756435036322172,6.494328491624124e-05,0.00019032406427732518
4.44,4.8637888312441646e-05,0.002932676960013758,0.009390985460034251,0.005752452607220349,6.472828413039977e-05,0.0001897921791675916
4.442,4.83688650174674e-05,0.002926410375064581,0.009380365891850984,0.005748472933301274,6.451399547002801e-05,0.000189261780472183
4.444,4.810120400011719e-05,0.0029201571797767834,0.009369758309856646,0.005744496012663358,6.430041657501384e-05,0.00018873286403731093
4.446,4.783489862947299e-05,0.0029139173455332568,0.009359162700584234,0.005740521843406343,6.408754509301673e-05,0.00018820542572051124
4.448,4.756994230592504e-05,0.002907690843778399,0.009348579050582284,0.005736550423631304,6.387537867924564e-05,0.0001876794613913102
4.45,4.730632846139393e-05,0.0029014776460174474,0.009338007346413546,0.005732581751440202,6.366391499690316e-05,0.00018715496693033629
4.452,4.7044050558886497e-05,0.0028952777238169247,0.009327447574656311,0.005728615824936778,6.345315171674137e-05,0.00018663193822998636
4.454,4.6783102092717854e-05,0.002889091048803971,0.009316899721903305,0.005724652642225658,6.324308651772803e-05,0.00018611037119398155
4.456,4.652347658784528e-05,0.0028829175926663453,0.009306363774762572,0.005720692201413025,6.30337170859363e-05,0.0001855902617375893
4.458,4.626516760009025e-05,0.002876757327152646,0.009295839719856591,0.005716734500606391,6.282504111543297e-05,0.00018507160578740134
4.46,4.600816871613844e-05,0.002870610224071646,0.009285327543822941,0.005712779537914381,6.261705630805636e-05,0.0001845543992815557
4.462,4.575247355265155e-05,0.002864476255292514,0.009274827233314076,0.005708827311446729,6.24097603729723e-05,0.00018403863816929267
4.464,4.5498075757155476e-05,0.0028583553927443717,0.009264338774996883,0.005704877819314946,6.220315102711815e-05,0.00018352431841139882
4.466,4.524496900737418e-05,0.002852247608416958,0.009253862155553572,0.005700931059631431,6.199722599475876e-05,0.00018301143597998504
4.468,4.4993147010785606e-05,0.002846152874359298,0.009243397361681005,0.005696987030509915,6.179198300815258e-05,0.0001824999868582644
4.47,4.4742603504843714e-05,0.002840071162680591,0.00923294438009048,0.005693045730065682,6.158741980666349e-05,0.00018198996704055226
4.472,4.449333225697849e-05,0.002834002445549544,0.009222503197508392,0.005689107156414908,6.138353413742692e-05,0.00018148137253271024
4.474,4.4245327064373896e-05,0.002827946695194372,0.00921207380067579,0.0056851713076753185,6.118032375490579e-05,0.00018097419935148018
4.476,4.3998581753301735e-05,0.0028219038839027988,0.009201656176348383,0.005681238181965975,6.097778642111251e-05,0.00018046844352470615
4.478,4.375309017978779e-05,0.0028158739840218328,0.00919125031129675,0.005677307777407048,6.0775919905387e-05,0.00017996410109177852
4.48,4.3508846228945686e-05,0.002809856967957547,0.009180856192305908,0.005673380092119817,6.057472198461866e-05,0.00017946116810252377
4.482,4.326584381497689e-05,0.002803852808175078,0.00917047380617575,0.0056694551242273405,6.0374190442802345e-05,0.0001789596406183147
4.484,4.3024076881170714e-05,0.0027978614771984045,0.009160103139720821,0.00566553287185334,6.0174323071482405e-05,0.00017845951471118227
4.486,4.2783539399460224e-05,0.002791882947610347,0.009149744179770103,0.0056616133331233165,5.997511766930863e-05,0.00017796078646448166
4.488,4.2544225370644284e-05,0.002785917192052345,0.009139396913167452,0.005657696506163878,5.977657204270237e-05,0.0001774634519720042
4.49,4.230612882394347e-05,0.0027799641832244593,0.009129061326771382,0.005653782389102968,5.957868400496835e-05,0.0001769675073390875
4.492,4.20692438172221e-05,0.002774023893884925,0.009118737407454836,0.005649870980069416,5.938145137673878e-05,0.00017647294868150531
4.494,4.183356443654418e-05,0.0027680962968503753,0.009108425142105192,0.005645962277193828,5.9184871985751286e-05,0.00017597977212591154
4.496,4.159908479595131e-05,0.0027621813649956195,0.009098124517624706,0.005642056278607921,5.8988943667293015e-05,0.00017548797381006231
4.498,4.136579903768478e-05,0.00275627907125342,0.009087835520930065,0.005638152982444522,5.8793664263534495e-05,0.00017499754988237193
4.5,4.113370133196348e-05,0.0027503893886144937,0.00907755813895239,0.005634252386838012,5.859903162397373e-05,0.00017450849650169076
4.502,4.090278587676188e-05,0.002744512290127288,0.00906729235863768,0.005630354489923883,5.8405043605214146e-05,0.00017402080983819346
4.5040000000000004,4.0673046897587994e-05,0.002738647748897982,0.009057038166945919,0.005626459289838737,5.821169807074256e-05,0.00017353448607226873
4.506,4.044447864748335e-05,0.0027327957380900436,0.009046795550851972,0.005622566784720728,5.8018992891373244e-05,0.00017304952139518548
4.508,4.021707540702302e-05,0.002726956230924449,0.009036564497344912,0.005618676972709125,5.782692594502592e-05,0.00017256591200887073
4.51,3.99908314838715e-05,0.002721129200679684,0.00902634499342847,0.005614789851944302,5.763549511650368e-05,0.00017208365412590965
4.5120000000000005,3.97657412130048e-05,0.0027153146206910783,0.009016137026120807,0.005610905420568413,5.7444698297715036e-05,0.0001716027439693235
4.514,3.9541798956266305e-05,0.002709512464351249,0.009005940582454297,0.0056070236767242765,5.72545333874519e-05,0.00017112317777279173
4.516,3.931899910214476e-05,0.002703722705109435,0.008995755649475967,0.005603144618556266,5.70649982916116e-05,0.00017064495178042982
4.518,3.909733606644039e-05,0.002697945316471939,0.008985582214247279,0.005599268244210087,5.6876090922974853e-05,0.00017016806224701142
4.5200000000000005,3.88768042911547e-05,0.0026921802720014654,0.008975420263843903,0.005595394551832555,5.668780920120575e-05,0.00016969250543752423
4.522,3.8657398244934527e-05,0.00268642754531756,0.008965269785355723,0.005591523539571819,5.650015105285178e-05,0.0001692182776276141
4.524,3.843911242285003e-05,0.0026806871100959473,0.008955130765887276,0.005587655205577358,5.6313114411565834e-05,0.00016874537510336296
4.526,3.822194134617263e-05,0.00267495894006875,0.008945003192557532,0.005583789547999762,5.612669721766217e-05,0.0001682737941610668
4.5280000000000005,3.8005879562152955e-05,0.002669243009024269,0.00893488705249923,0.005579926564990956,5.5940897418116364e-05,0.00016780353110723567
4.53,3.779092164446496e-05,0.002663539290806982,0.008924782332859982,0.005576066254704193,5.575571296700943e-05,0.00016733458225903775
4.532,3.757706219231771e-05,0.0026578477593171,0.008914689020801392,0.005572208615293839,5.5571141825083714e-05,0.00016686694394385526
4.534,3.736429583067746e-05,0.0026521683885107894,0.008904607103499496,0.005568353644915591,5.538718195996495e-05,0.0001664006124992845
4.5360000000000005,3.715261721048968e-05,0.0026465011523997273,0.008894536568144318,0.005564501341726258,5.520383134571816e-05,0.00016593558427313582
4.538,3.694202100779087e-05,0.0026408460250513244,0.008884477401940538,0.005560651703884201,5.502108796351379e-05,0.00016547185562343358
4.54,3.673250192459676e-05,0.0026352029805887245,0.008874429592106603,0.005556804729548892,5.48389498009616e-05,0.00016500942291841625
4.542,3.652405468757003e-05,0.0026295719931899164,0.008864393125875392,0.005552960416880914,5.4657414852332664e-05,0.00016454828253631426
4.5440000000000005,3.631667404890848e-05,0.0026239530370884,0.008854367990494216,0.0055491187640424045,5.447648111878145e-05,0.00016408843086557212
4.546,3.6110354785900967e-05,0.0026183460865727426,0.008844354173224156,0.005545279769196387,5.429614660790172e-05,0.00016362986430484838
4.548,3.590509170070533e-05,0.002612751115986578,0.0088343516613405,0.005541443430507442,5.411640933372652e-05,0.0001631725792627936
4.55,3.57008796203484e-05,0.002607168099728163,0.008824360442132972,0.005537609746141037,5.3937267317394344e-05,0.00016271657215805035
4.5520000000000005,3.549771339628194e-05,0.0026015970122506005,0.008814380502905284,0.005533778714264415,5.375871858603887e-05,0.00016226183941947525
4.554,3.5295587904826675e-05,0.002596037828061837,0.008804411830975356,0.005529950333045708,5.3580761173899205e-05,0.00016180837748547283
4.556,3.5094498046950307e-05,0.0025904905217242202,0.008794454413675101,0.005526124600654381,5.3403393121209675e-05,0.00016135618280466169
4.558,3.489443874760134e-05,0.0025849550678544997,0.00878450823835042,0.005522301515261008,5.322661247486593e-05,0.0001609052518356524
4.5600000000000005,3.469540495593115e-05,0.002579431441123603,0.00877457329236142,0.005518481075037718,5.305041728842497e-05,0.0001604555810470476
4.562,3.449739164573806e-05,0.002573919616256637,0.008764649563082205,0.00551466327815775,5.287480562188307e-05,0.00016000716691677574
4.564,3.430039381435712e-05,0.002568419568033109,0.008754737037901084,0.005510848122795453,5.269977554123173e-05,0.0001595600059332014
4.566,3.41044064831042e-05,0.0025629312712858177,0.008744835704220133,0.005507035607126287,5.252532511956787e-05,0.0001591140945942371
4.5680000000000005,3.390942469727598e-05,0.002557454700901962,0.008734945549455642,0.005503225729327488,5.235145243576156e-05,0.00015866942940778728
4.57,3.371544352570588e-05,0.0025519898318222545,0.008725066561037886,0.005499418487577179,5.217815557534422e-05,0.00015822600689108235
4.572,3.352245806098608e-05,0.0025465366390411415,0.008715198726411133,0.005495613880054595,5.200543263028656e-05,0.00015778382357156673
4.574,3.333046341902346e-05,0.0025410950976061386,0.008705342033033414,0.0054918119049405245,5.1833281698776545e-05,0.00015734287598623276
4.5760000000000005,3.3139454739039564e-05,0.002535665182618496,0.008695496468376973,0.005488012560416866,5.1661700885219375e-05,0.00015690316068139865
4.578,3.2949427183570634e-05,0.002530246869232533,0.00868566201992782,0.005484215844666851,5.149068830045955e-05,0.00015646467421359667
4.58,3.2760375938245545e-05,0.002524840132655859,0.008675838675185954,0.005480421755874598,5.1320242061336785e-05,0.00015602741314868496
4.582,3.257229621156377e-05,0.002519444948149152,0.008666026421665363,0.0054766302922260035,5.1150360291352115e-05,0.00015559137406206958
4.5840000000000005,3.2385183235339454e-05,0.0025140612910257154,0.0086562252468938,0.0054728414519076285,5.0981041119779746e-05,0.0001551565535387045
4.586,3.219903226403531e-05,0.0025086891366516983,0.008646435138413011,0.005469055233107811,5.081228268255522e-05,0.00015472294817331367
4.588,3.201383857476259e-05,0.002503328460446097,0.008636656083778282,0.005465271634015556,5.064408312138724e-05,0.00015429055457016894
4.59,3.1829597467059045e-05,0.00249797923788031,0.008626888070559335,0.005461490652821643,5.04764405844238e-05,0.000153859369342646
4.5920000000000005,3.1646304263333036e-05,0.0024926414444785827,0.008617131086339214,0.005457712287717964,5.0309353225808096e-05,0.00015342938911389048
4.594,3.146395430797533e-05,0.0024873150558168966,0.00860738511871495,0.005453936536897297,5.014281920590058e-05,0.00015300061051637392
4.596,3.128254296802524e-05,0.002482000047523858,0.008597650155297343,0.0054501633985539755,4.997683669127895e-05,0.00015257303019211577
4.598,3.1102065632504505e-05,0.0024766963952802534,0.008587926183710959,0.005446392870883443,4.981140385407201e-05,0.00015214664479246132
4.6000000000000005,3.0922517712417275e-05,0.002471404074818606,0.008578213191594353,0.005442624952082475,4.964651887306992e-05,0.00015172145097785972
4.602,3.074389464097216e-05,0.0024661230619233976,0.008568511166599624,0.005438859640348959,4.948217993283599e-05,0.00015129744541853007
4.604,3.056619187313814e-05,0.0024608533324310677,0.008558820096392639,0.005435096933882111,4.9318385224150774e-05,0.00015087462479357328
4.606,3.0389404885644566e-05,0.002455594862229571,0.00854913996865303,0.005431336830882483,4.915513294334595e-05,0.00015045298579163813
4.6080000000000005,3.0213529176759124e-05,0.0024503476272583757,0.008539470771074198,0.005427579329551513,4.899242129319248e-05,0.0001500325251106993
4.61,3.003856026650986e-05,0.0024451116035086873,0.008529812491363087,0.005423824428091972,4.8830248482234495e-05,0.0001496132394576133
4.612,2.9864493696463157e-05,0.002439886767022781,0.008520165117240408,0.005420072124708186,4.8668612724789284e-05,0.00014919512554878445
4.614,2.969132502905758e-05,0.002434673093894224,0.00851052863644064,0.005416322417605368,4.8507512241613426e-05,0.00014877818010949895
4.616,2.9519049848492074e-05,0.0024294705602676547,0.008500903036711804,0.005412575304989842,4.834694525879257e-05,0.00014836239987459088
4.618,2.9347663760059817e-05,0.002424279142339003,0.008491288305815692,0.005408830785069707,4.8186910008629624e-05,0.00014794778158755406
4.62,2.917716238992618e-05,0.0024190988163546034,0.008481684431527414,0.00540508885605373,4.8027404728978595e-05,0.00014753432200143024
4.622,2.9007541385128732e-05,0.0024139295586120824,0.008472091401636073,0.00540134951615201,4.786842766391075e-05,0.0001471220178779209
4.624,2.8838796413799273e-05,0.0024087713454594706,0.00846250920394409,0.005397612763576198,4.7709977063270514e-05,0.00014671086598805338
4.626,2.8670923164941797e-05,0.002403624153295647,0.008452937826267659,0.005393878596538837,4.7552051182453425e-05,0.00014630086311173685
4.628,2.850391734776636e-05,0.002398487958569673,0.00844337725643629,0.005390147013253799,4.739464828285023e-05,0.00014589200603798425
4.63,2.8337774692577256e-05,0.002393362737781013,0.008433827482293266,0.005386418011936067,4.723776663162482e-05,0.00014548429156469034
4.632,2.8172490949884832e-05,0.0023882484674793147,0.008424288491695409,0.00538269159080218,4.708140450149223e-05,0.00014507771649863166
4.634,2.80080618904055e-05,0.0023831451242646295,0.008414760272512867,0.005378967748069341,4.692556017094063e-05,0.00014467227765591062
4.636,2.7844483305505818e-05,0.0023780526847869687,0.008405242812629554,0.00537524648195653,4.6770231924231354e-05,0.00014426797186106732
4.638,2.7681751006314315e-05,0.0023729711257460817,0.008395736099942708,0.005371527790683617,4.661541805162095e-05,0.0001438647959477457
4.64,2.7519860824609665e-05,0.002367900423891678,0.008386240122363109,0.005367811672471801,4.646111684847298e-05,0.00014346274675824944
4.642,2.7358808611710472e-05,0.0023628405560232046,0.008376754867814862,0.005364098125543393,4.630732661614623e-05,0.00014306182114376398
4.644,2.719859023891935e-05,0.0023577914989898474,0.008367280324235615,0.005360387148122037,4.615404566155057e-05,0.00014266201596457861
4.646,2.7039201597522933e-05,0.0023527532296900855,0.008357816479576563,0.005356678738432485,4.600127229714701e-05,0.00014226332808942033
4.648,2.6880638598347772e-05,0.002347725725071692,0.008348363321802221,0.005352972894700825,4.5849004841169716e-05,0.00014186575439589788
4.65,2.672289717176035e-05,0.0023427089621319563,0.008338920838890651,0.005349269615154251,4.569724161740396e-05,0.00014146929177027978
4.652,2.6565973268111165e-05,0.0023377029179174613,0.008329489018833014,0.005345568898021069,4.5545980954964094e-05,0.00014107393710749427
4.654,2.64098628566245e-05,0.00233270756952364,0.008320067849634016,0.005341870741531141,4.539522118851558e-05,0.0001406796873113514
4.656,2.6254561926286613e-05,0.0023277228940947747,0.008310657319311687,0.005338175143915214,4.524496065871908e-05,0.00014028653929409884
4.658,2.610006648495755e-05,0.0023227488688244424,0.008301257415897378,0.005334482103405369,4.509519771112025e-05,0.00013989448997686615
4.66,2.594637256003729e-05,0.0023177854709546253,0.008291868127435986,0.005330791618234798,4.494593069725994e-05,0.00013950353628899848
4.662,2.5793476197799592e-05,0.0023128326777761554,0.008282489441985508,0.005327103686638024,4.479715797378603e-05,0.00013911367516872275
4.664,2.564137346361406e-05,0.0023078904666282707,0.008273121347617263,0.005323418306850902,4.464887790289751e-05,0.00013872490356292566
4.666,2.5490060441502038e-05,0.0023029588148988367,0.008263763832415894,0.005319735477110177,4.4501088852344495e-05,0.00013833721842670954
4.668,2.5339533234580713e-05,0.0022980377000241248,0.008254416884479365,0.005316055195653924,4.435378919520616e-05,0.00013795061672383646
4.67,2.5189787964619015e-05,0.002293127099488368,0.008245080491918966,0.005312377460721329,4.420697730989076e-05,0.0001375650954265062
4.672,2.504082077203762e-05,0.0022882269908239827,0.008235754642859083,0.005308702270553134,4.406065158013561e-05,0.0001371806515153562
4.674,2.4892627815464863e-05,0.0022833373516117916,0.008226439325437207,0.005305029623390967,4.3914810395229154e-05,0.00013679728197946162
4.676,2.474520527240287e-05,0.0022784581594801345,0.00821713452780437,0.005301359517477788,4.376945214978889e-05,0.00013641498381655737
4.678,2.459854933878347e-05,0.002273589392105313,0.008207840238124708,0.005297691951057448,4.3624575243539354e-05,0.000136033754032594
4.68,2.445265622830206e-05,0.002268731027211368,0.008198556444575456,0.005294026922375572,4.348017808175619e-05,0.00013565358964173768
4.682,2.4307522173305784e-05,0.0022638830425703027,0.008189283135346948,0.005290364429678451,4.3336259075044126e-05,0.00013527448766659234
4.684,2.4163143424127398e-05,0.002259045416000971,0.008180020298642843,0.005286704471213932,4.319281663889285e-05,0.00013489644513819954
4.686,2.4019516248863226e-05,0.0022542181253701887,0.008170767922680122,0.005283047045230749,4.304984919434318e-05,0.00013451945909603857
4.688,2.3876636934039297e-05,0.0022494011485920673,0.008161525995688423,0.00527939214997919,4.2907355167765004e-05,0.00013414352658736028
4.69,2.373450178372316e-05,0.0022445944636275694,0.008152294505910707,0.005275739783710431,4.2765332990413185e-05,0.00013376864466807525
4.692,2.3593107119745937e-05,0.0022397980484851754,0.008143073441603255,0.005272089944676983,4.2623781099093705e-05,0.00013339481040208767
4.694,2.345244928192436e-05,0.002235011881220217,0.008133862791035229,0.005268442631132464,4.2482697935497526e-05,0.00013302202086173942
4.696,2.3312524627172593e-05,0.002230235939935099,0.008124662542488892,0.005264797841331825,4.234208194664468e-05,0.000132650273127366
4.698,2.317332953039042e-05,0.0022254702027786344,0.008115472684259606,0.005261155573531129,4.220193158466223e-05,0.00013227956428774057
4.7,2.303486038357505e-05,0.002220714647946709,0.008106293204655834,0.0052575158259877686,4.206224530700631e-05,0.00013190989143918586
4.702,2.289711359626523e-05,0.0022159692536818376,0.00809712409199892,0.005253878596960027,4.192302157579597e-05,0.00013154125168690634
4.704,2.2760085595319168e-05,0.0022112339982729434,0.008087965334623304,0.005250243884707517,4.1784258858701406e-05,0.00013117364214343397
4.706,2.2623772824692523e-05,0.002206508860055356,0.008078816920876308,0.005246611687491187,4.1645955628277775e-05,0.00013080705992996045
4.708,2.248817174543838e-05,0.002201793817410813,0.008069678839118577,0.005242982003573093,4.150811036196522e-05,0.00013044150217544903
4.71,2.2353278835707258e-05,0.002197088848767237,0.00806055107772341,0.005239354831216181,4.137072154275501e-05,0.00013007696601707863
4.712,2.221909059052507e-05,0.002192393932598513,0.008051433625076987,0.005235730168685171,4.123378765807928e-05,0.00012971344859979972
4.714,2.2085603522015163e-05,0.002187709047424935,0.008042326469578809,0.005232108014245451,4.109730720069926e-05,0.00012935094707655637
4.716,2.195281415873218e-05,0.0021830341718123147,0.008033229599641256,0.005228488366163742,4.09612786684832e-05,0.00012898945860828626
4.718,2.1820719046106163e-05,0.002178369284372428,0.008024143003689366,0.005224871222708316,4.0825700563962286e-05,0.00012862898036414272
4.72,2.168931474622049e-05,0.002173714363763013,0.008015066670161275,0.005221256582147893,4.0690571394996766e-05,0.0001282695095208286
4.722,2.1558597837811888e-05,0.002169069388687106,0.008006000587507778,0.005217644442753189,4.0555889674109835e-05,0.00012791104326281832
4.724,2.1428564916048387e-05,0.002164434337893262,0.00799694474419299,0.005214034802795364,4.042165391893171e-05,0.00012755357878302398
4.726,2.129921259230727e-05,0.0021598091901757765,0.007987899128693465,0.0052104276605473565,4.0287862651755546e-05,0.00012719711328168515
4.728,2.1170537494397124e-05,0.0021551939243742435,0.007978863729498853,0.005206823014282991,4.015451439998152e-05,0.000126841643967035
4.73,2.1042536266335787e-05,0.002150588519373109,0.007969838535111462,0.0052032208622772025,4.00216076958948e-05,0.00012648716805530036
4.732,2.0915205568572404e-05,0.00214599295410256,0.00796082353404648,0.0051996212028064814,3.9889141076665524e-05,0.0001261336827702575
4.734,2.078854207732128e-05,0.0021414072075371937,0.00795181871483197,0.0051960240341479835,3.9757113084348816e-05,0.00012578118534345428
4.736,2.0662542485005986e-05,0.002136831258697125,0.00794282406600888,0.005192429354580419,3.9625522265440694e-05,0.00012542967301421015
4.738,2.053720349981525e-05,0.0021322650866468784,0.007933839576130808,0.005188837162383386,3.949436717176624e-05,0.00012507914302939405
4.74,2.0412521845925014e-05,0.0021277086704960535,0.007924865233764011,0.005185247455838038,3.936364635981349e-05,0.00012472959264409056
4.742,2.028849426327639e-05,0.0021231619893986586,0.007915901027487626,0.005181660233226415,3.923335839051134e-05,0.0001243810191204897
4.744,2.016511750757566e-05,0.0021186250225535552,0.007906946945893445,0.005178075492831891,3.910350183011779e-05,0.00012403341972855308
4.746,2.0042388350072216e-05,0.0021140977492037916,0.007898002977586138,0.005174493232938726,3.8974075249109674e-05,0.00012368679174623587
4.748,1.992030357778063e-05,0.002109580148637047,0.007889069111183034,0.005170913451832737,3.8845077223070845e-05,0.00012334113245859868
4.75,1.97988599928145e-05,0.0021050722001849653,0.007880145335314115,0.0051673361478008495,3.87165063322481e-05,0.00012299643915869574
4.752,1.9678054413052593e-05,0.002100573883223822,0.007871231638622023,0.005163761319130877,3.858836116155118e-05,0.0001226527091466867
4.7540000000000004,1.9557883671694754e-05,0.0020960851771734124,0.007862328009762276,0.005160188964111967,3.8460640300330695e-05,0.00012230993973094684
4.756,1.9438344617261905e-05,0.0020916060614981635,0.007853434437402607,0.005156619081034597,3.833334234304431e-05,0.00012196812822673486
4.758,1.9319434113151956e-05,0.002087136515706023,0.007844550910223846,0.005153051668190134,3.820646588859056e-05,0.00012162727195708101
4.76,1.9201149038083898e-05,0.0020826765193486807,0.007835677416919262,0.005149486723871277,3.8080009540530924e-05,0.00012128736825256503
4.7620000000000005,1.908348628587575e-05,0.002078226052021792,0.007826813946194555,0.005145924246371836,3.795397190708982e-05,0.00012094841445109417
4.764,1.896644276544457e-05,0.002073785093364533,0.007817960486768527,0.005142364233986951,3.782835160115461e-05,0.00012061040789790312
4.766,1.8850015400362352e-05,0.0020693536230596,0.00780911702737197,0.0051388066850126535,3.7703147240053525e-05,0.00012027334594599814
4.768,1.8734201129300132e-05,0.002064931620832988,0.007800283556748555,0.005135251597746304,3.7578357445777755e-05,0.00011993722595571299
4.7700000000000005,1.8618996905583884e-05,0.002060519066454214,0.007791460063654609,0.005131698970486376,3.7453980844981416e-05,0.00011960204529448681
4.772,1.8504399696972484e-05,0.0020561159397360917,0.007782646536858895,0.005128148801532673,3.733001606875952e-05,0.00011926780133708625
4.774,1.839040648632384e-05,0.002051722220534513,0.007773842965142608,0.005124601089185887,3.720646175264797e-05,0.00011893449146604951
4.776,1.827701427092876e-05,0.002047337888748446,0.007765049337299601,0.005121055831748267,3.70833165368456e-05,0.00011860211307079815
4.7780000000000005,1.816422006251095e-05,0.0020429629243197134,0.007756265642136384,0.005117513027522724,3.6960579066214194e-05,0.00011827066354830329
4.78,1.8052020887227016e-05,0.002038597307232992,0.007747491868471457,0.005113972674813727,3.683824798983437e-05,0.00011794014030286348
4.782,1.794041378544442e-05,0.0020342410175160364,0.007738728005136197,0.005110434771926631,3.671632196122765e-05,0.00011761054074566069
4.784,1.7829395812185567e-05,0.0020298940352392325,0.007729974040974419,0.005106899317168123,3.659479963857848e-05,0.00011728186229542636
4.7860000000000005,1.771896403646167e-05,0.0020255563405153776,0.007721229964842369,0.0051033663088462244,3.6473679684512206e-05,0.00011695410237821946
4.788,1.7609115541494802e-05,0.002021227913499901,0.007712495765608507,0.005099835745269621,3.6352960766095066e-05,0.00011662725842676025
4.79,1.749984742449584e-05,0.0020169087343904213,0.00770377143215395,0.005096307624748553,3.623264155483419e-05,0.00011630132788154057
4.792,1.7391156796664475e-05,0.0020125987834274106,0.007695056953372248,0.005092781945594371,3.611272072645555e-05,0.00011597630818993565
4.7940000000000005,1.7283040783411252e-05,0.002008298040893086,0.007686352318169165,0.005089258706119315,3.599319696112602e-05,0.00011565219680620409
4.796,1.717549652391348e-05,0.0020040064871120755,0.007677657515462899,0.0050857379046371776,3.587406894345335e-05,0.000115328991192154
4.798,1.706852117133728e-05,0.0019997241024509727,0.007668972534184304,0.005082219539462418,3.575533536248621e-05,0.00011500668881669895
4.8,1.696211189217145e-05,0.001995450867318338,0.007660297363276225,0.0050787036089112725,3.563699491149208e-05,0.00011468528715541382
4.8020000000000005,1.685626586711564e-05,0.0019911867621646984,0.007651631991693941,0.005075190111300643,3.551904628795732e-05,0.00011436478369120096
4.804,1.675098028997013e-05,0.001986931767482325,0.0076429764084049445,0.0050716790449487625,3.5401488194031216e-05,0.00011404517591406815
4.806,1.6646252368524017e-05,0.0019826858638050116,0.007634330602389383,0.005068170408174977,3.528431933585985e-05,0.00011372646132068454
4.808,1.6542079324111114e-05,0.001978449031708518,0.007625694562639618,0.00506466419929974,3.51675384240302e-05,0.0001134086374150467
4.8100000000000005,1.6438458391165867e-05,0.0019742212518099045,0.00761706827816,0.005061160416644839,3.505114417334809e-05,0.00011309170170803462
4.812,1.633538681766744e-05,0.001970002504767754,0.0076084517379675365,0.005057659058532948,3.4935135302838205e-05,0.00011277565171763371
4.814,1.623286186491768e-05,0.001965792771281949,0.007599844931091226,0.005054160123288076,3.48195105359661e-05,0.0001124604849684907
4.816,1.613088080731906e-05,0.001961592032093451,0.00759124784657228,0.00505066360923534,3.4704268600194155e-05,0.00011214619899213574
4.8180000000000005,1.6029440932818773e-05,0.0019574002679847435,0.007582660473464342,0.005047169514701189,3.458940822742562e-05,0.0001118327913274264
4.82,1.592853954202056e-05,0.0019532174597791663,0.007574082800833271,0.005043677838012739,3.447492815356057e-05,0.0001115202595196596
4.822,1.5828173949072877e-05,0.0019490435883411372,0.007565514817757135,0.005040188577498661,3.436082711871791e-05,0.00011120860112123765
4.824,1.5728341480558683e-05,0.0019448786345759306,0.007556956513325996,0.005036701731488735,3.4247103867235396e-05,0.0001108978136912242
4.8260000000000005,1.5629039476605655e-05,0.0019407225794296767,0.007548407876642349,0.00503321729831363,3.413375714766964e-05,0.00011058789479578834
4.828,1.553026528977597e-05,0.0019365754038893623,0.007539868896820678,0.005029735276305347,3.40207857127961e-05,0.00011027884200753846
4.83,1.543201628573243e-05,0.001932437088982164,0.007531339562987682,0.005026255663797219,3.390818831916498e-05,0.0001099706529059663
4.832,1.5334289842572346e-05,0.0019283076157763368,0.007522819864282271,0.005022778459123245,3.379596372798943e-05,0.00010966332507766907
4.8340000000000005,1.5237083351271608e-05,0.0019241869653803256,0.007514309789855345,0.005019303660618979,3.368411070403532e-05,0.0001093568561154612
4.836,1.5140394215684694e-05,0.0019200751189429877,0.007505809328870017,0.005015831266621085,3.35726280165094e-05,0.00010905124361926255
4.838,1.5044219851656493e-05,0.0019159720576535921,0.007497318470501613,0.005012361275467114,3.3461514438615225e-05,0.00010874648519565433
4.84,1.4948557688132524e-05,0.0019118777627415984,0.007488837203937226,0.00500889368549573,3.3350768747775206e-05,0.00010844257845787908
4.8420000000000005,1.4853405166270761e-05,0.0019077922154764337,0.007480365518376386,0.005005428495047148,3.32403897251865e-05,0.00010813952102561863
4.844,1.475875973944163e-05,0.0019037153971677157,0.007471903403030389,0.005001965702462474,3.3130376156043084e-05,0.00010783731052543821
4.846,1.4664618873672097e-05,0.0018996472891650296,0.007463450847122743,0.004998505306083922,3.302072682997981e-05,0.00010753594459056437
4.848,1.4570980046979543e-05,0.0018955878728574849,0.00745500783988895,0.004995047304254818,3.2911440540184245e-05,0.00010723542086066296
4.8500000000000005,1.447784074981584e-05,0.001891537129674603,0.0074465743705764975,0.004991591695319597,3.280251608428486e-05,0.0001069357369822832
4.852,1.4385198484623274e-05,0.0018874950410849856,0.007438150428444867,0.004988138477624027,3.269395226346283e-05,0.00010663689060819159
4.854,1.4293050766278625e-05,0.0018834615885972017,0.007429736002765752,0.004984687649514985,3.258574788311819e-05,0.00010633887939803799
4.856,1.4201395121204996e-05,0.0018794367537593448,0.007421331082822613,0.004981239209340238,3.247790175264775e-05,0.0001060417010176895
4.8580000000000005,1.4110229088259985e-05,0.0018754205181588102,0.007412935657911124,0.004977793155448884,3.2370412685223116e-05,0.00010574535313989664
4.86,1.4019550218069554e-05,0.0018714128634222948,0.007404549717338504,0.004974349486191132,3.226327949823471e-05,0.00010544983344362713
4.862,1.3929356073028032e-05,0.00186741377121602,0.007396173250424187,0.0049709081999183,3.215650101262568e-05,0.00010515513961428802
4.864,1.3839644227298109e-05,0.0018634232232450643,0.007387806246499595,0.00496746929498304,3.205007605355803e-05,0.00010486126934416973
4.866,1.375041226725493e-05,0.0018594412012540307,0.00737944869490792,0.004964032769738669,3.194400344974646e-05,0.00010456822033155788
4.868,1.366165779037587e-05,0.0018554676870261577,0.007371100585004342,0.004960598622539836,3.183828203412453e-05,0.00010427599028139944
4.87,1.3573378406350756e-05,0.0018515026623837638,0.0073627619061560345,0.004957166851742523,3.173291064340056e-05,0.00010398457690508067
4.872,1.3485571735971646e-05,0.0018475461091882472,0.0073544326477417155,0.0049537374557036,3.162788811805761e-05,0.00010369397792042712
4.874,1.3398235412021009e-05,0.00184359800933942,0.007346112799152316,0.004950310432781269,3.152321330257557e-05,0.00010340419105125953
4.876,1.331136707838354e-05,0.0018396583447759518,0.007337802349790312,0.00494688578133462,3.141888504498702e-05,0.00010311521402806001
4.878,1.3224964390712302e-05,0.0018357270974751483,0.007329501289070395,0.004943463499724077,3.1314902197543404e-05,0.00010282704458774994
4.88,1.313902501554054e-05,0.0018318042494527287,0.007321209606418799,0.004940043586311171,3.121126361582682e-05,0.00010253968047346795
4.882,1.305354663139191e-05,0.001827889782762826,0.00731292729127353,0.004936626039458325,3.110796815963823e-05,0.00010225311943456994
4.884,1.296852692744821e-05,0.001823983679498209,0.0073046543330848035,0.004933210857529291,3.10050146923313e-05,0.00010196735922685107
4.886,1.2883963604659598e-05,0.001820085921789616,0.007296390721314161,0.004929798038889155,3.090240208103445e-05,0.00010168239761210174
4.888,1.2799854374634378e-05,0.001816196491806199,0.007288136445435134,0.004926387581903668,3.080012919665087e-05,0.00010139823235877365
4.89,1.2716196960305126e-05,0.00181231537175508,0.0072798914949328,0.0049229794849399156,3.06981949138585e-05,0.00010111486124131375
4.892,1.2632989095706648e-05,0.00180844254388135,0.007271655859304449,0.0049195737463660905,3.059659811111004e-05,0.00010083228204038619
4.894,1.2550228525975982e-05,0.0018045779904682924,0.007263429528058696,0.004916170364551498,3.0495337670410905e-05,0.0001005504925428724
4.896,1.2467913006908304e-05,0.0018007216938369375,0.007255212490716145,0.004912769337866552,3.039441247776331e-05,0.00010026949054187106
4.898,1.2386040305401025e-05,0.0017968736363460636,0.0072470047368089485,0.004909370664682777,3.0293821422500145e-05,9.998927383669809e-05
4.9,1.2304608199231737e-05,0.0017930338003919744,0.007238806255880803,0.00490597434337281,3.0193563397951095e-05,9.97098402326646e-05
4.902,1.2223614476836175e-05,0.0017892021684091652,0.007230617037487397,0.0049025803723106165,3.0093637300998566e-05,9.943118754129898e-05
4.904,1.2143056937308216e-05,0.001785378722868991,0.007222437071196186,0.004899188749871053,2.9994042032077672e-05,9.91533135801248e-05
4.906,1.2062933390621922e-05,0.0017815634462807761,0.007214266346585729,0.004895799474430085,2.989477649539829e-05,9.887621617310494e-05
4.908,1.1983241657409494e-05,0.0017777563211911485,0.0072061048532467975,0.004892412544364788,2.9795839598723006e-05,9.859989314997541e-05
4.91,1.1903979568961276e-05,0.0017739573301838174,0.007197952580781486,0.004889027958053571,2.9697230253367124e-05,9.832434234668952e-05
4.912,1.1825144966781664e-05,0.0017701664558797958,0.007189809518803658,0.00488564571387573,2.9598947374420703e-05,9.804956160519573e-05
4.914,1.174673570325524e-05,0.0017663836809374,0.007181675656938946,0.004882265810211672,2.9500989880526518e-05,9.777554877343775e-05
4.916,1.1668749640758591e-05,0.001762608988052028,0.007173550984824084,0.004878888245443136,2.9403356693880056e-05,9.75023017055765e-05
4.918,1.1591184652548492e-05,0.0017588423599557146,0.007165435492107797,0.004875513017952748,2.9306046740451563e-05,9.722981826132404e-05
4.92,1.1514038621873723e-05,0.0017550837794177987,0.007157329168450133,0.004872140126124247,2.920905894931991e-05,9.695809630683172e-05
4.922,1.1437309442419163e-05,0.0017513332292440342,0.0071492320035229096,0.004868769568342479,2.911239225356077e-05,9.668713371402404e-05
4.924,1.1360995018083742e-05,0.0017475906922774787,0.007141143987009491,0.004865401342993625,2.901604558935844e-05,9.641692836059867e-05
4.926,1.1285093262980439e-05,0.0017438561513973827,0.007133065108604564,0.004862035448464752,2.8920017896894024e-05,9.614747813047053e-05
4.928,1.1209602101436289e-05,0.0017401295895198565,0.007124995358014585,0.004858671883144039,2.8824308119679287e-05,9.587878091332769e-05
4.93,1.1134519467770332e-05,0.0017364109895974256,0.007116934724957336,0.004855310645420996,2.872891520455667e-05,9.561083460485342e-05
4.932,1.1059843306293615e-05,0.0017327003346188086,0.0071088831991621415,0.004851951733686022,2.8633838101921327e-05,9.534363710650418e-05
4.934,1.0985571571531239e-05,0.0017289976076095837,0.007100840770369876,0.004848595146330625,2.8539075765721122e-05,9.507718632573159e-05
4.936,1.0911702227778264e-05,0.0017253027916313002,0.007092807428332959,0.004845240881747426,2.8444627153456636e-05,9.481148017576047e-05
4.938,1.083823324932176e-05,0.0017216158697817008,0.007084783162814912,0.004841888938330152,2.8350491225959118e-05,9.454651657558877e-05
4.94,1.076516262021876e-05,0.0017179368251949434,0.007076767963591024,0.004838539314473866,2.8256666947390485e-05,9.428229344998762e-05
4.942,1.0692488334296257e-05,0.001714265641040713,0.007068761820447911,0.004835192008574296,2.8163153285687414e-05,9.401880872972335e-05
4.944,1.0620208395373254e-05,0.0017106023005251103,0.007060764723183732,0.004831847019028723,2.8069949211895207e-05,9.375606035111339e-05
4.946,1.0548320817038714e-05,0.0017069467868899846,0.0070527766616079735,0.004828504344235096,2.7977053700611876e-05,9.34940462564704e-05
4.948,1.0476823622207476e-05,0.0017032990834131567,0.0070447976255412215,0.004825163982592917,2.7884465729766106e-05,9.323276439365813e-05
4.95,1.040571484356434e-05,0.0016996591734077526,0.007036827604816054,0.004821825932502355,2.7792184280839294e-05,9.297221271653555e-05
4.952,1.0334992523564068e-05,0.0016960270402230915,0.007028866589275928,0.004818490192365132,2.770020833842146e-05,9.271238918451274e-05
4.954,1.0264654713765253e-05,0.0016924026672435755,0.007020914568775849,0.004815156760583639,2.7608536890655344e-05,9.24532917625509e-05
4.956,1.0194699475718494e-05,0.001688786037889578,0.007012971533181922,0.004811825635561595,2.7517168929014346e-05,9.219491842160643e-05
4.958,1.0125124880078218e-05,0.0016851771356165557,0.007005037472372022,0.004808496815703611,2.7426103448080497e-05,9.19372671379648e-05
4.96,1.0055929007268816e-05,0.001681575943915714,0.006997112376235126,0.004805170299415629,2.7335339446210583e-05,9.168033589390667e-05
4.962,9.987109946596462e-06,0.0016779824463131199,0.006989196234671535,0.0048018460851047,2.7244875924870016e-05,9.142412267704181e-05
4.964,9.91866579691525e-06,0.0016743966263701449,0.006981289037592653,0.004798524171178764,2.7154711888632832e-05,9.116862548097515e-05
4.966,9.850594666183099e-06,0.0016708184676834659,0.0069733907749214286,0.004795204556046873,2.706484634562578e-05,9.091384230464072e-05
4.968,9.78289467190585e-06,0.0016672479538848428,0.006965501436591914,0.004791887238119408,2.6975278307306283e-05,9.065977115252366e-05
4.97,9.715563940693173e-06,0.0016636850686408966,0.0069576210125497084,0.0047885722158076405,2.688600678824038e-05,9.040641003488226e-05
4.972,9.648600608036517e-06,0.0016601297956531091,0.006949749492751289,0.004785259487523952,2.679703080610274e-05,9.015375696730388e-05
4.974,9.582002818531166e-06,0.0016565821186578233,0.006941886867164682,0.004781949051682055,2.670834938234279e-05,8.990180997114905e-05
4.976,9.515768726098273e-06,0.001653042021426021,0.00693403312576879,0.00477864090669633,2.661996154107449e-05,8.965056707332941e-05
4.978,9.449896493540777e-06,0.0016495094877637673,0.006926188258554067,0.004775335050982488,2.6531866310186558e-05,8.940002630608568e-05
4.98,9.384384292543402e-06,0.0016459845015113217,0.006918352255521842,0.004772031482957351,2.6444062720232253e-05,8.915018570720967e-05
4.982,9.319230303672654e-06,0.0016424670465438052,0.006910525106684995,0.004768730201038629,2.6356549805539586e-05,8.890104332004434e-05
4.984,9.25443271659887e-06,0.0016389571067705333,0.006902706802067282,0.004765431203645365,2.6269326603101106e-05,8.865259719326168e-05
4.986,9.189989729652126e-06,0.0016354546661354608,0.0068948973317035644,0.004762134489197489,2.6182392153462075e-05,8.840484538108484e-05
4.988,9.12589955004428e-06,0.001631959708616737,0.006887096685640248,0.004758840056116265,2.609574550027638e-05,8.815778594328805e-05
4.99,9.06216039342489e-06,0.0016284722182264844,0.00687930485393462,0.004755547902823842,2.600938569030653e-05,8.791141694497462e-05
4.992,8.998770484547336e-06,0.001624992179011464,0.006871521826655069,0.004752258027743483,2.5923311773423663e-05,8.766573645657694e-05
4.994,8.935728056824743e-06,0.0016215195750521882,0.006863747593881087,0.004748970429299781,2.5837522802829582e-05,8.742074255385646e-05
4.996,8.873031351885885e-06,0.0016180543904633637,0.0068559821457032655,0.004745685105917996,2.5752017834834717e-05,8.717643331812575e-05
4.998,8.810678620463364e-06,0.0016145966093936703,0.006848225472223302,0.004742402056024497,2.5666795928636077e-05,8.693280683602644e-05
5.0,8.748668121505432e-06,0.0016111462160255385,0.006840477563554215,0.004739121278047209,2.5581856146983384e-05,8.668986119952926e-05
5.002,8.686998122398037e-06,0.0016077031945751497,0.006832738409819683,0.0047358427704145,2.5497197555290896e-05,8.644759450593398e-05
5.0040000000000004,8.625666899186868e-06,0.0016042675292926578,0.006825008001154709,0.004732566531556293,2.5412819222081495e-05,8.620600485786944e-05
5.006,8.564672736355305e-06,0.0016008392044617459,0.006817286327705174,0.0047292925599036195,2.5328720219430778e-05,8.596509036329358e-05
5.008,8.504013926602383e-06,0.0015974182043996255,0.006809573379628064,0.00472602085388818,2.5244899622078876e-05,8.572484913527134e-05
5.01,8.443688771064828e-06,0.001594004513457259,0.006801869147091466,0.004722751411943005,2.5161356507874544e-05,8.548527929241878e-05
5.0120000000000005,8.383695579095019e-06,0.0015905981160186933,0.006794173620274346,0.004719484232502458,2.5078089957775163e-05,8.524637895845899e-05
5.014,8.324032668483028e-06,0.0015871989965015043,0.006786486789366775,0.004716219314001346,2.4995099055846737e-05,8.500814626244413e-05
5.016,8.264698365012535e-06,0.0015838071393567965,0.006778808644569478,0.004712956654876033,2.491238288904185e-05,8.477057933831134e-05
5.018,8.205691002904913e-06,0.001580422529068537,0.0067711391760945094,0.004709696253563989,2.482994054764376e-05,8.453367632577091e-05
5.0200000000000005,8.147008924375143e-06,0.0015770451501542215,0.0067634783741648,0.004706438108503352,2.474777112460025e-05,8.429743536941814e-05
5.022,8.08865047963181e-06,0.0015736749871639866,0.006755826229014161,0.004703182218133595,2.466587371618978e-05,8.406185461895532e-05
5.024,8.030614027099148e-06,0.0015703120246812752,0.006748182730887287,0.004699928580895518,2.4584247421355343e-05,8.38269322291918e-05
5.026,7.972897933195e-06,0.001566956247322615,0.00674054787003997,0.004696677195230592,2.450289134214856e-05,8.359266636048801e-05
5.0280000000000005,7.915500572330814e-06,0.0015636076397371745,0.006732921636738665,0.004693428059581395,2.4421804583729667e-05,8.335905517808939e-05
5.03,7.858420326911641e-06,0.0015602661866067624,0.006725304021260925,0.0046901811723916165,2.4340986253923447e-05,8.31260968523484e-05
5.032,7.801655587114098e-06,0.0015569318726464942,0.006717695013894964,0.004686936532106278,2.4260435463885344e-05,8.289378955894655e-05
5.034,7.745204751108403e-06,0.00155360468260346,0.006710094604940098,0.004683694137171068,2.4180151327657384e-05,8.266213147822832e-05
5.0360000000000005,7.689066224836338e-06,0.0015502846012578342,0.006702502784706521,0.004680453986033228,2.410013296194613e-05,8.243112079608927e-05
5.038,7.633238422011246e-06,0.00154697161342221,0.006694919543515088,0.004677216077140445,2.4020379486566767e-05,8.220075570330998e-05
5.04,7.577719764340074e-06,0.001543665703941599,0.0066873448716975314,0.004673980408941958,2.3940890024221062e-05,8.197103439555598e-05
5.042,7.522508680857243e-06,0.0015403668576934315,0.006679778759596466,0.0046707469798878964,2.386166370049736e-05,8.174195507382187e-05
5.0440000000000005,7.467603608590778e-06,0.001537075059587334,0.006672221197565387,0.004667515788429721,2.3782699643870586e-05,8.151351594398726e-05
5.046,7.413002992118223e-06,0.0015337902945653514,0.006664672175968223,0.004664286833019338,2.370399698592429e-05,8.128571521703876e-05
5.048,7.35870528378868e-06,0.0015305125476015036,0.006657131685180229,0.004661060112110427,2.3625554860684517e-05,8.105855110862592e-05
5.05,7.304708943278726e-06,0.0015272418037022284,0.006649599715587096,0.004657835624157114,2.354737240550797e-05,8.083202183994942e-05
5.0520000000000005,7.2510124378144525e-06,0.0015239780479057163,0.006642076257585394,0.004654613367615079,2.3469448760193856e-05,8.060612563665082e-05
5.054,7.197614242393513e-06,0.0015207212652821323,0.006634561301582131,0.004651393340940668,2.339178306787204e-05,8.038086072970074e-05
5.056,7.144512839118988e-06,0.0015174714409338375,0.0066270548379956384,0.0046481755425917815,2.3314374474114885e-05,8.015622535473277e-05
5.058,7.09170671786552e-06,0.0015142285599947236,0.0066195568572544605,0.004644959971026763,2.323722212738133e-05,7.993221775248749e-05
5.0600000000000005,7.039194375613178e-06,0.0015109926076306568,0.006612067349798245,0.004641746624705512,2.3160325179016894e-05,7.970883616859048e-05
5.062,6.986974316891548e-06,0.0015077635690390334,0.006604586306076854,0.004638535502088814,2.308368278325368e-05,7.948607885377434e-05
5.064,6.935045053557687e-06,0.0015045414294492243,0.006597113716551473,0.004635326601638345,2.3007294096988318e-05,7.926394406321258e-05
5.066,6.883405104796125e-06,0.0015013261741216866,0.006589649571693501,0.004632119921817113,2.2931158280004027e-05,7.90424300571857e-05
5.0680000000000005,6.832052996674776e-06,0.0014981177883486296,0.006582193861984997,0.004628915461089234,2.28552744949706e-05,7.882153510085921e-05
5.07,6.780987263033111e-06,0.0014949162574535713,0.0065747465779189,0.0046257132179194915,2.2779641907000325e-05,7.860125746428359e-05
5.072,6.730206444593989e-06,0.0014917215667915595,0.006567307709998804,0.0046225131907740025,2.270425968431411e-05,7.838159542217227e-05
5.074,6.6797090891856925e-06,0.0014885337017489508,0.0065598772487387436,0.0046193153781199925,2.26291269977974e-05,7.816254725434568e-05
5.0760000000000005,6.629493751963977e-06,0.0014853526477431878,0.00655245518466363,0.004616119778425354,2.2554243021000175e-05,7.794411124506517e-05
5.078,6.579558994967982e-06,0.0014821783902227992,0.006545041508308813,0.004612926390159533,2.2479606930136953e-05,7.77262856836991e-05
5.08,6.529903387342273e-06,0.0014790109146676222,0.006537636210220077,0.004609735211792865,2.2405217904308827e-05,7.750906886427877e-05
5.082,6.480525505114798e-06,0.0014758502065885803,0.006530239280954087,0.004606546241796572,2.2331075125503475e-05,7.729245908549842e-05
5.0840000000000005,6.431423931640978e-06,0.001472696251527239,0.006522850711077943,0.004603359478642988,2.2257177777929016e-05,7.707645465115931e-05
5.086,6.382597257159617e-06,0.0014695490350564722,0.006515470491169406,0.004600174920805777,2.2183525048902197e-05,7.686105386928155e-05
5.088,6.3340440783488106e-06,0.0014664085427795737,0.006508098611816671,0.004596992566759273,2.21101161284043e-05,7.664625505299227e-05
5.09,6.285762999436173e-06,0.0014632747603309237,0.00650073506361859,0.004593812414978915,2.2036950208859096e-05,7.643205652008156e-05
5.0920000000000005,6.237752631088611e-06,0.0014601476733753227,0.006493379837184454,0.004590634463941479,2.1964026485576937e-05,7.621845659300241e-05
5.094,6.190011590856415e-06,0.001457027267608435,0.006486032923133989,0.004587458712124404,2.1891344156310666e-05,7.600545359864874e-05
5.096,6.142538503173256e-06,0.0014539135287563454,0.006478694312097799,0.0045842851580064625,2.181890242192175e-05,7.579304586902147e-05
5.098,6.095331998912101e-06,0.0014508064425755585,0.006471363994716484,0.004581113800067538,2.17467004854921e-05,7.558123174056242e-05
5.1000000000000005,6.0483907162733885e-06,0.0014477059948534432,0.006464041961641298,0.004577944636788178,2.1674737552768164e-05,7.537000955437634e-05
5.102,6.00171329945276e-06,0.0014446121714071225,0.006456728203534157,0.004574777666650265,2.1603012832382973e-05,7.515937765623093e-05
5.104,5.955298399751285e-06,0.0014415249580845835,0.00644942271106741,0.004571612888136789,2.1531525535412044e-05,7.494933439655682e-05
5.106,5.909144674909328e-06,0.0014384443407637892,0.006442125474923621,0.004568450299731408,2.146027487559543e-05,7.473987813022553e-05
5.1080000000000005,5.863250789550634e-06,0.001435370305352901,0.006434836485795792,0.004565289899919334,2.138926006911568e-05,7.453100721677153e-05
5.11,5.817615414294153e-06,0.001432302837790278,0.006427555734387802,0.004562131687186444,2.131848033504191e-05,7.43227200203922e-05
5.112,5.772237226864263e-06,0.0014292419240442555,0.006420283211413302,0.004558975660019726,2.1247934894885745e-05,7.411501490994787e-05
5.114,5.727114911202591e-06,0.001426187550113145,0.006413018907596824,0.0045558218169072795,2.117762297282333e-05,7.390789025851774e-05
5.1160000000000005,5.682247157468012e-06,0.0014231397020250114,0.00640576281367311,0.00455267015633809,2.1107543795473305e-05,7.370134444406595e-05
5.118,5.63763266292483e-06,0.0014200983658381183,0.006398514920387344,0.0045495206768024765,2.103769659211885e-05,7.349537584899757e-05
5.12,5.593270130610506e-06,0.001417063527640483,0.006391275218494918,0.004546373376791646,2.0968080594485627e-05,7.328998286015853e-05
5.122,5.549158270223842e-06,0.0014140351735494328,0.0063840436987616656,0.004543228254797693,2.08986950367418e-05,7.308516386905772e-05
5.124,5.505295797680887e-06,0.0014110132897124927,0.006376820351964074,0.004540085309314046,2.08295391559421e-05,7.288091727142287e-05
5.126,5.461681435336985e-06,0.0014079978623064981,0.006369605168888404,0.004536944538835019,2.076061219158376e-05,7.267724146764465e-05
5.128,5.418313911764727e-06,0.001404988877537816,0.006362398140331571,0.004533805941855817,2.0691913385384453e-05,7.24741348625546e-05
5.13,5.375191961753956e-06,0.0014019863216423456,0.00635519925710093,0.004530669516872976,2.0623441981726387e-05,7.227159586564724e-05
5.132,5.33231432631176e-06,0.0013989901808852956,0.006348008510013603,0.004527535262383697,2.0555197227656308e-05,7.206962289041385e-05
5.134,5.289679752884524e-06,0.001396000441561407,0.0063408258898975944,0.004524403176886738,2.048717837266345e-05,7.186821435523072e-05
5.136,5.247286994691791e-06,0.0013930170899947303,0.0063336513875908995,0.004521273258881298,2.041938466867954e-05,7.166736868269297e-05
5.138,5.205134811392398e-06,0.0013900401125384043,0.00632648499394195,0.00451814550686791,2.0351815370078796e-05,7.146708429983661e-05
5.14,5.163221968640386e-06,0.0013870694955746554,0.006319326699809169,0.004515019919348218,2.0284469733677923e-05,7.126735963791653e-05
5.142,5.121547238085e-06,0.00138410522551502,0.006312176496061417,0.004511896494824752,2.021734701873612e-05,7.106819313285051e-05
5.144,5.080109397370691e-06,0.0013811472887999,0.006305034373577545,0.004508775231801154,2.015044648717712e-05,7.086958322477521e-05
5.146,5.0389072303591576e-06,0.0013781956718987853,0.006297900323247063,0.004505656128782176,2.0083767403145103e-05,7.067152835804613e-05
5.148,4.997939526685258e-06,0.001375250361310032,0.006290774335969251,0.004502539184273235,2.0017309033226738e-05,7.047402698190375e-05
5.15,4.957205082201099e-06,0.0013723113435608614,0.0062836564026538255,0.004499424396781304,1.995107064667323e-05,7.027707754914125e-05
5.152,4.9167026985319495e-06,0.0013693786052073609,0.0062765465142207155,0.0044963117648137985,1.988505151495623e-05,7.008067851765887e-05
5.154,4.87643118329828e-06,0.0013664521328340395,0.006269444661599843,0.004493201286879689,1.9819250911989883e-05,6.988482834913157e-05
5.156,4.836389349671677e-06,0.0013635319130542722,0.006262350835731345,0.004490092961488834,1.9753668114130818e-05,6.968952550967522e-05
5.158,4.796576017040977e-06,0.0013606179325102996,0.006255265027565571,0.004486986787151759,1.968830240017816e-05,6.949476846962455e-05
5.16,4.756990010568174e-06,0.00135771017787234,0.006248187228063085,0.004483882762380542,1.9623153051151476e-05,6.930055570375515e-05
5.162,4.7176301609663795e-06,0.0013548086358396993,0.006241117428194443,0.004480780885687929,1.955821935051283e-05,6.910688569106149e-05
5.164,4.678495304943908e-06,0.0013519132931396616,0.006234055618940415,0.004477681155587776,1.9493500584166767e-05,6.891375691475687e-05
5.166,4.63958428476019e-06,0.001349024136527932,0.006227001791291764,0.004474583570595048,1.9428996040460333e-05,6.872116786227345e-05
5.168,4.600895948447814e-06,0.00134614115278886,0.006219955936249466,0.004471488129225598,1.9364705009961014e-05,6.852911702526221e-05
5.17,4.56242914981253e-06,0.0013432643287345503,0.006212918044824489,0.004468394829996392,1.9300626785678787e-05,6.833760289959301e-05
5.172,4.524182747989158e-06,0.0013403936512057513,0.006205888108038016,0.004465303671425502,1.9236760662844077e-05,6.814662398535454e-05
5.174,4.486155608329767e-06,0.0013375291070709672,0.00619886611692122,0.004462214652031671,1.9173105939129798e-05,6.795617878707638e-05
5.176,4.448346601293451e-06,0.0013346706832269017,0.006191852062515046,0.004459127770335192,1.910966191442931e-05,6.776626581284084e-05
5.178,4.410754602890421e-06,0.0013318183665982364,0.006184845935871097,0.004456043024856804,1.9046427891078466e-05,6.75768835756152e-05
5.18,4.3733784949040455e-06,0.00132897214413763,0.006177847728050523,0.004452960414118801,1.8983403173633562e-05,6.738803059191945e-05
5.182,4.33621716466881e-06,0.0013261320028254975,0.006170857430124466,0.004449879936644141,1.8920587069093386e-05,6.719970538293651e-05
5.184,4.299269504626224e-06,0.0013232979296702307,0.006163875033174282,0.004446801590956895,1.885797888645513e-05,6.70119064736241e-05
5.186,4.262534413213004e-06,0.0013204699117079777,0.006156900528291542,0.0044437253755822415,1.8795577937380514e-05,6.682463239315872e-05
5.188,4.226010793750845e-06,0.0013176479360024196,0.006149933906577143,0.004440651289046249,1.873338353552967e-05,6.663788167493578e-05
5.19,4.1896975555566485e-06,0.0013148319896449934,0.0061429751591426385,0.004437579329875874,1.867139499700521e-05,6.645165285612542e-05
5.192,4.153593612832296e-06,0.0013120220597548915,0.006136024277109131,0.004434509496599404,1.8609611640130197e-05,6.626594447833867e-05
5.194,4.117697885330784e-06,0.0013092181334783959,0.006129081251607937,0.0044314417877460155,1.8548032785448143e-05,6.608075508718336e-05
5.196,4.0820092981341816e-06,0.001306420197989766,0.006122146073779922,0.004428376201845996,1.8486657755723e-05,6.589608323226415e-05
5.198,4.0465267816536254e-06,0.001303628240490351,0.006115218734776384,0.004425312737430298,1.842548587616122e-05,6.571192746740451e-05
5.2,4.01124927140728e-06,0.0013008422482088111,0.006108299225758174,0.004422251393031207,1.836451647396764e-05,6.552828635020269e-05
5.202,3.9761757084644245e-06,0.0012980622084011184,0.006101387537896352,0.004419192167181896,1.830374887856756e-05,6.534515844247579e-05
5.204,3.941305039001364e-06,0.0012952881083507783,0.00609448366237153,0.004416135058416648,1.8243182421828763e-05,6.516254230981566e-05
5.206,3.906636214301429e-06,0.0012925199353679417,0.00608758759037431,0.004413080065270636,1.8182816437617433e-05,6.498043652225505e-05
5.208,3.8721681907549765e-06,0.001289757676790515,0.006080699313105287,0.004410027186280141,1.81226502620202e-05,6.47988396533794e-05
5.21,3.837899930303479e-06,0.0012870013199828279,0.0060738188217750455,0.004406976419982334,1.806268323356619e-05,6.461775028099304e-05
5.212,3.8038303995513445e-06,0.0012842508523365215,0.006066946107603721,0.004403927764915494,1.8002914692782923e-05,6.443716698689705e-05
5.214,3.7699585704320526e-06,0.0012815062612703265,0.006060081161821218,0.004400881219619013,1.794334398241837e-05,6.425708835666732e-05
5.216,3.7362834199861084e-06,0.001278767534229619,0.006053223975667654,0.004397836782632947,1.7883970447440944e-05,6.407751298009856e-05
5.218,3.7028039303610427e-06,0.0012760346586866422,0.006046374540392918,0.004394794452498685,1.7824793434817465e-05,6.389843945076024e-05
5.22,3.669519088589368e-06,0.001273307622140285,0.006039532847256446,0.004391754227758282,1.776581229395724e-05,6.371986636599658e-05
5.222,3.636427886588578e-06,0.0012705864121165256,0.0060326988875276655,0.004388716106955126,1.770702637604593e-05,6.354179232759272e-05
5.224,3.6035293216052366e-06,0.0012678710161675433,0.006025872652485775,0.004385680088633714,1.764843503493374e-05,6.336421594066444e-05
5.226,3.570822395548845e-06,0.001265161421872385,0.006019054133419521,0.004382646171338989,1.759003762602518e-05,6.318713581454638e-05
5.228,3.5383061154359297e-06,0.001262457616836743,0.006012243321627864,0.004379614353617445,1.7531833507389294e-05,6.301055056234794e-05
5.23,3.505979493167999e-06,0.0012597595886925106,0.006005440208419088,0.004376584634016467,1.747382203887149e-05,6.283445880095329e-05
5.232,3.4738415453094973e-06,0.0012570673250980047,0.005998644785111473,0.004373557011084106,1.7416002582537615e-05,6.265885915146541e-05
5.234,3.4418912937539403e-06,0.0012543808137381873,0.005991857043033066,0.004370531483369744,1.7358374502673968e-05,6.248375023854003e-05
5.236,3.4101277648357353e-06,0.001251700042324222,0.005985076973521464,0.004367508049423652,1.73009371653432e-05,6.230913069082966e-05
5.238,3.378549989774271e-06,0.0012490249985934732,0.005978304567924031,0.0043644867077972105,1.72436899392725e-05,6.213499914053955e-05
5.24,3.3471570046739174e-06,0.0012463556703092848,0.005971539817597682,0.004361467457042689,1.7186632194743368e-05,6.196135422409377e-05
5.242,3.3159478503019812e-06,0.0012436920452616462,0.005964782713909544,0.004358450295713245,1.7129763304479795e-05,6.178819458146911e-05
5.244,3.2849215723107505e-06,0.0012410341112663037,0.00595803324823585,0.0043554352223631465,1.707308264298213e-05,6.161551885641714e-05
5.246,3.25407722101545e-06,0.0012383818561649829,0.005951291411962822,0.00435242223554777,1.701658958719321e-05,6.14433256966862e-05
5.248,3.223413851394241e-06,0.0012357352678256106,0.005944557196486233,0.004349411333823383,1.6960283515610186e-05,6.127161375357737e-05
5.25,3.1929305233102667e-06,0.001233094334141871,0.005937830593211402,0.004346402515747139,1.6904163809394745e-05,6.110038168238852e-05
5.252,3.162626300845517e-06,0.0012304590430334272,0.00593111159355364,0.0043433957798775236,1.6848229851262886e-05,6.092962814197023e-05
5.2540000000000004,3.132500253189008e-06,0.0012278293824456998,0.005924400188937584,0.004340391124773468,1.679248102615105e-05,6.075935179516989e-05
5.256,3.102551453748603e-06,0.0012252053403498664,0.005917696370797421,0.004337388548995458,1.6736916721216133e-05,6.058955130816557e-05
5.258,3.072778980817148e-06,0.0012225869047428617,0.005911000130577326,0.004334388051104643,1.6681536325391377e-05,6.042022535135416e-05
5.26,3.043181917128379e-06,0.0012199740636471557,0.005904311459730582,0.004331389629663285,1.6626339229608433e-05,6.025137259846325e-05
5.2620000000000005,3.0137593500789706e-06,0.0012173668051109754,0.005897630349720462,0.004328393283234533,1.6571324827019396e-05,6.008299172699516e-05
5.264,2.9845103712844434e-06,0.001214765117207861,0.005890956792019786,0.004325399010382647,1.651649251277476e-05,5.9915081418449034e-05
5.266,2.9554340770232557e-06,0.001212168988036888,0.005884290778110479,0.004322406809672996,1.646184168380138e-05,5.9747640357654674e-05
5.268,2.926529568236802e-06,0.0012095784057226666,0.005877632299484681,0.004319416679671617,1.6407371739246557e-05,5.9580667233216644e-05
5.2700000000000005,2.8977959500853245e-06,0.0012069933584153425,0.0058709813476436334,0.004316428618945656,1.6353082080255987e-05,5.9414160737514266e-05
5.272,2.869232332392002e-06,0.0012044138342899302,0.005864337914098128,0.0043134426260631464,1.629897210975173e-05,5.924811956625753e-05
5.274,2.840837829198861e-06,0.0012018398215469794,0.005857701990368724,0.004310458699593456,1.624504123287629e-05,5.908254241937527e-05
5.276,2.8126115587667755e-06,0.001199271308412353,0.00585107356798531,0.004307476838106616,1.6191288856548525e-05,5.891742799990496e-05
5.2780000000000005,2.7845526442416e-06,0.0011967082831367826,0.0058444526384873186,0.0043044970401737714,1.6137714389685698e-05,5.875277501465881e-05
5.28,2.7566602127659934e-06,0.001194150733996313,0.005837839193423511,0.004301519304367174,1.6084317243203472e-05,5.85885821742238e-05
5.282,2.7289333957014605e-06,0.0011915986492920805,0.005831233224352417,0.004298543629259743,1.6031096830015912e-05,5.842484819251759e-05
5.284,2.701371329072444e-06,0.0011890520173498675,0.005824634722841893,0.004295570013425509,1.5978052565035483e-05,5.8261571787454614e-05
5.2860000000000005,2.6739731531222333e-06,0.0011865108265209923,0.0058180436804693425,0.004292598455439611,1.592518386495101e-05,5.809875168005796e-05
5.288,2.646738012090921e-06,0.0011839750651811976,0.005811460088821496,0.0042896289538782995,1.5872490148449714e-05,5.7936386595125455e-05
5.29,2.6196650546594924e-06,0.0011814447217310953,0.00580488393949441,0.004286661507318268,1.5819970836217223e-05,5.7774475261229696e-05
5.292,2.592753433727779e-06,0.0011789197845961663,0.005798315224093908,0.004283696114337765,1.576762535071552e-05,5.76130164100519e-05
5.2940000000000005,2.566002306414461e-06,0.0011764002422267605,0.005791753934234922,0.004280732773515483,1.5715453116182942e-05,5.745200877727008e-05
5.296,2.5394108338350208e-06,0.0011738860830976527,0.005785200061542151,0.004277771483431669,1.5663453559300322e-05,5.729145110189293e-05
5.298,2.512978181545833e-06,0.0011713772957082647,0.005778653597649175,0.004274812242667014,1.5611626108080756e-05,5.7131342126481854e-05
5.3,2.4867035191000753e-06,0.001168873868582887,0.005772114534199346,0.004271855049803763,1.5559970192757788e-05,5.697168059692892e-05
5.3020000000000005,2.4605860202697727e-06,0.0011663757902700134,0.005765582862845342,0.004268899903424606,1.550848524534132e-05,5.681246526290096e-05
5.304,2.4346248626017086e-06,0.0011638830493427843,0.005759058575249165,0.004265946802113341,1.545717069983965e-05,5.6653694877395466e-05
5.306,2.408819228305603e-06,0.0011613956343985432,0.005752541663082145,0.004262995744454878,1.5406025992037442e-05,5.64953681971847e-05
5.308,2.38316830314389e-06,0.0011589135340592804,0.005746032118024935,0.004260046729035238,1.535505055949571e-05,5.6337483981927505e-05
5.3100000000000005,2.3576712770978503e-06,0.0011564367369711892,0.0057395299317677395,0.004257099754440885,1.5304243841773868e-05,5.618004099527951e-05
5.312,2.332327344367613e-06,0.0011539652318046656,0.005733035096009642,0.004254154819259837,1.5253605280429738e-05,5.602303800422703e-05
5.314,2.307135702928065e-06,0.0011514990072543085,0.0057265476024594975,0.004251211922080778,1.520313431857545e-05,5.5866473779087045e-05
5.316,2.282095554750896e-06,0.0011490380520389198,0.005720067442835264,0.004248271061493503,1.5152830401099493e-05,5.571034709372924e-05
5.3180000000000005,2.257206105804599e-06,0.0011465823549012821,0.005713594608864225,0.004245332236088695,1.5102692975110799e-05,5.5554656725131935e-05
5.32,2.2324665660544696e-06,0.0011441319046083809,0.00570712909228277,0.004242395444457925,1.5052721489272614e-05,5.539940145427025e-05
5.322,2.2078761494626065e-06,0.0011416866899511824,0.005700670884836834,0.004239460685193874,1.5002915394246585e-05,5.524458006500588e-05
5.324,2.183434073543822e-06,0.0011392466997444117,0.005694219978281456,0.004236527956890113,1.4953274142470718e-05,5.509019134497528e-05
5.3260000000000005,2.15913956025382e-06,0.0011368119228269968,0.005687776364381003,0.0042335972581413195,1.4903797187937329e-05,5.493623408492354e-05
5.328,2.1349918348789743e-06,0.0011343823480616244,0.005681340034908944,0.004230668587542841,1.485448398685918e-05,5.478270707914845e-05
5.33,2.1109901271465503e-06,0.001131957964334518,0.005674910981648296,0.004227741943691354,1.4805333997003345e-05,5.462960912505643e-05
5.332,2.087133669892438e-06,0.0011295387605558815,0.005668489196390958,0.004224817325184427,1.4756346677913257e-05,5.447693902382866e-05
5.3340000000000005,2.0634217003934197e-06,0.0011271247256596784,0.005662074670938155,0.00422189473062029,1.4707521490908704e-05,5.4324695579754945e-05
5.336,2.0398534594789908e-06,0.0011247158486034081,0.005655667397100439,0.00421897415859851,1.4658857899307876e-05,5.417287760045575e-05
5.338,2.0164281917534055e-06,0.0011223121183681073,0.0056492673666972415,0.004216055607719316,1.4610355368205319e-05,5.4021483896882216e-05
5.34,1.993145145595676e-06,0.001119913523958349,0.0056428745715575435,0.004213139076584271,1.4562013364249893e-05,5.387051328331616e-05
5.3420000000000005,1.9700035729375287e-06,0.0011175200544022434,0.005636489003519207,0.004210224563795606,1.4513831355866813e-05,5.371996457737005e-05
5.344,1.9470027299295367e-06,0.001115131698751437,0.005630110654429643,0.004207312067956437,1.4465808813257652e-05,5.356983659998704e-05
5.346,1.9241418760529427e-06,0.0011127484460808912,0.005623739516144921,0.004204401587671214,1.4417945208622385e-05,5.342012817544095e-05
5.348,1.901420274341703e-06,0.001110370285488882,0.005617375580530437,0.004201493121545052,1.4370240015493252e-05,5.327083813133626e-05
5.3500000000000005,1.8788371918265767e-06,0.001107997206097,0.005611018839460913,0.004198586668184179,1.4322692709622942e-05,5.312196529838609e-05
5.352,1.8563918990910366e-06,0.0011056291970501508,0.005604669284819952,0.004195682226195707,1.427530276809641e-05,5.297350851041216e-05
5.354,1.8340836704933139e-06,0.0011032662475163324,0.005598326908500262,0.00419277979418764,1.4228069669997012e-05,5.282546660501097e-05
5.356,1.8119117837223087e-06,0.0011009083466866354,0.005591991702403876,0.0041898793707690896,1.4180992896184463e-05,5.26778384226656e-05
5.3580000000000005,1.7898755200196348e-06,0.0010985554837752431,0.0055856636584417085,0.004186980954550057,1.4134071928850744e-05,5.2530622807189786e-05
5.36,1.767974164623709e-06,0.0010962076480196536,0.005579342768534001,0.004184084544141431,1.4087306252186238e-05,5.2383818605505894e-05
5.362,1.7462070061036172e-06,0.0010938648286800134,0.005573029024609655,0.004181190138155211,1.404069535193564e-05,5.223742466786696e-05
5.364,1.7245733363591143e-06,0.0010915270150395617,0.005566722418606895,0.004178297735204284,1.3994238715842044e-05,5.209143984785669e-05
5.3660000000000005,1.7030724512867579e-06,0.0010891941964044083,0.005560422942473053,0.004175407333902426,1.3947935833202862e-05,5.1945863002167414e-05
5.368,1.6817036498917304e-06,0.0010868663621037555,0.005554130588164563,0.004172518932864522,1.3901786194869814e-05,5.1800692990600083e-05
5.37,1.6604662349539723e-06,0.0010845435014892324,0.005547845347646518,0.004169632530706346,1.3855789293470977e-05,5.165592867606428e-05
5.372,1.6393595125840932e-06,0.0010822256039353384,0.005541567212893339,0.0041667481260443395,1.3809944623188741e-05,5.151156892502229e-05
5.3740000000000006,1.6183827922233718e-06,0.0010799126588392216,0.005535296175888327,0.0041638657174964955,1.3764251680203898e-05,5.136761260682299e-05
5.376,1.597535387087845e-06,0.0010776046556209007,0.005529032228623665,0.004160985303681253,1.3718709962029507e-05,5.122405859392387e-05
5.378,1.5768166135021744e-06,0.0010753015837228208,0.0055227753631008625,0.00415810688321816,1.3673318967954984e-05,5.1080905762113105e-05
5.38,1.556225791343735e-06,0.0010730034326100757,0.005516525571330311,0.004155230454727654,1.3628078199046101e-05,5.093815299006543e-05
5.382,1.5357622440426155e-06,0.0010707101917701856,0.00551028284533106,0.004152356016831282,1.3582987157922943e-05,5.0795799160008315e-05
5.384,1.5154252981375294e-06,0.0010684218507130971,0.005504047177131488,0.004149483568151702,1.3538045348981953e-05,5.0653843156833744e-05
5.386,1.4952142837199034e-06,0.0010661383989714057,0.005497818558768852,0.004146613107312014,1.349325227795184e-05,5.051228386898643e-05
5.388,1.4751285342118337e-06,0.001063859826099689,0.005491596982289293,0.004143744632936652,1.3448607452559713e-05,5.037112018757561e-05
5.39,1.4551673861440406e-06,0.0010615861216751732,0.00548538243974761,0.004140878143650717,1.3404110381864953e-05,5.023035100726325e-05
5.392,1.435330179822003e-06,0.001059317275297289,0.005479174923208152,0.00413801363808064,1.3359760576703295e-05,5.008997522537584e-05
5.394,1.415616258215735e-06,0.0010570532765874496,0.005472974424743482,0.004135151114853297,1.331555754968683e-05,4.994999174257053e-05
5.396,1.3960249680700088e-06,0.0010547941151894946,0.005466780936435489,0.004132290572597119,1.3271500814759918e-05,4.981039946261312e-05
5.398,1.376555659238221e-06,0.001052539780769246,0.005460594450374945,0.004129432009940981,1.3227589887421232e-05,4.9671197292155966e-05
5.4,1.3572076849044379e-06,0.0010502902630147304,0.00545441495866128,0.004126575425514867,1.3183824285167844e-05,4.953238414096006e-05
5.402,1.3379804013613494e-06,0.0010480455516359566,0.005448242453403029,0.004123720817949872,1.3140203526607053e-05,4.939395892189502e-05
5.404,1.3188731682323152e-06,0.001045805636364694,0.0054420769267176095,0.004120868185877757,1.3096727132344554e-05,4.9255920550717036e-05
5.406,1.2998853480272743e-06,0.0010435705069551382,0.0054359183707308745,0.004118017527931395,1.305339462454036e-05,4.911826794651297e-05
5.408,1.2810163070309244e-06,0.0010413401531830235,0.0054297667775780045,0.004115168842744543,1.3010205526686747e-05,4.898100003103423e-05
5.41,1.2622654141924983e-06,0.0010391145648458444,0.0054236221394028394,0.004112322128952073,1.296715936405235e-05,4.884411572936287e-05
5.412,1.2436320417918978e-06,0.0010368937317632998,0.005417484448357879,0.0041094773851895194,1.2924255663238071e-05,4.8707613969467545e-05
5.414,1.2251155652176493e-06,0.001034677643776405,0.005411353696604504,0.004106634610093529,1.2881493952843215e-05,4.857149368220348e-05
5.416,1.2067153631889482e-06,0.0010324662907479354,0.0054052298763132,0.004103793802301636,1.2838873762577308e-05,4.843575380153453e-05
5.418,1.1884308170895252e-06,0.0010302596625626492,0.00539911297966289,0.004100954960452263,1.2796394623926233e-05,4.8300393264311126e-05
5.42,1.1702613118558247e-06,0.0010280577491266207,0.005393002998841379,0.004098118083184943,1.2754056069930186e-05,4.816541101049232e-05
5.422,1.1522062353108709e-06,0.0010258605403676846,0.005386899926045352,0.004095283169139874,1.2711857635405721e-05,4.803080598292375e-05
5.424,1.1342649783863124e-06,0.0010236680262349918,0.005380803753480157,0.0040924502169585875,1.2669798856057568e-05,4.7896577127337636e-05
5.426,1.1164369351224224e-06,0.0010214801966992315,0.0053747144733597985,0.004089619225283281,1.2627879269810904e-05,4.776272339235277e-05
5.428,1.0987215022240093e-06,0.0010192970417526315,0.005368632077907165,0.004086790192757039,1.258609841570113e-05,4.762924372991861e-05
5.43,1.0811180799485953e-06,0.0010171185514087355,0.005362556559353804,0.004083963118024059,1.2544455834540003e-05,4.749613709442713e-05
5.432,1.0636260712182377e-06,0.0010149447157021818,0.005356487909940144,0.004081137999729201,1.2502951068471546e-05,4.736340244337889e-05
5.434,1.0462448820636183e-06,0.0010127755246893688,0.005350426121915275,0.0040783148365186594,1.2461583661194098e-05,4.72310387373831e-05
5.436,1.0289739214019988e-06,0.0010106109684475673,0.005344371187536945,0.004075493627039295,1.2420353158182351e-05,4.709904493971351e-05
5.438,1.0118126012592654e-06,0.001008451037075364,0.00533832309907134,0.004072674369938856,1.2379259106021223e-05,4.6967420016530426e-05
5.44,9.947603363258395e-07,0.0010062957206926626,0.005332281848793752,0.0040698570638662,1.2338301052849943e-05,4.68361629371028e-05
5.442,9.778165446228115e-07,0.0010041450094402382,0.005326247428987907,0.004067041707471075,1.2297478548584095e-05,4.6705272673364107e-05
5.444,9.609806468358073e-07,0.0010019988934799606,0.005320219831946416,0.004064228299404116,1.2256791144471535e-05,4.657474820035645e-05
5.446,9.44252066759077e-07,0.0009998573629945717,0.005314199049970325,0.004061416838317067,1.2216238393092382e-05,4.644458849556443e-05
5.448,9.276302308514062e-07,0.0009977204081883517,0.005308185075369343,0.004058607322862118,1.2175819848803116e-05,4.631479253980331e-05
5.45,9.111145684581601e-07,0.0009955880192857869,0.005302177900461835,0.004055799751693012,1.213553506729248e-05,4.6185359316552876e-05
5.452,8.94704511811284e-07,0.0009934601865329018,0.005296177517574829,0.004052994123463938,1.2095383605803534e-05,4.6056287811957475e-05
5.454,8.783994962513475e-07,0.0009913369001959271,0.005290183919044011,0.004050190436830192,1.2055365022689557e-05,4.592757701527006e-05
5.456,8.62198959561411e-07,0.0009892181505624098,0.0052841970972137275,0.004047388690448184,1.2015478878302233e-05,4.5799225918408126e-05
5.458,8.461023426331593e-07,0.000987103927940547,0.0052782170444367615,0.0040445888829747645,1.1975724734103466e-05,4.5671233516175747e-05
5.46,8.301090890228124e-07,0.0009849942226589636,0.005272243753074557,0.004041791013068341,1.1936102153109474e-05,4.554359880604153e-05
5.462,8.142186451731703e-07,0.0009828890250671574,0.005266277215497217,0.004038995079387764,1.1896610699668742e-05,4.5416320788360665e-05
5.464,7.984304601915682e-07,0.0009807883255352756,0.005260317424083061,0.004036201080592994,1.1857249939684067e-05,4.5289398466596964e-05
5.466,7.827439858498764e-07,0.000978692114453894,0.005254364371219511,0.00403340901534488,1.181801944061256e-05,4.516283084643469e-05
5.468,7.671586770285899e-07,0.0009766003822342384,0.005248418049302206,0.004030618882305159,1.1778918771243596e-05,4.503661693666672e-05
5.47,7.516739912727388e-07,0.0009745131193079626,0.005242478450735444,0.004027830680136679,1.1739947501476777e-05,4.491075574897252e-05
5.472,7.36289388569844e-07,0.0009724303161271486,0.005236545567931961,0.0040250444075029534,1.1701105203210105e-05,4.4785246297474046e-05
5.474,7.210043317940062e-07,0.0009703519631643065,0.00523061939331293,0.004022260063068606,1.1662391449451803e-05,4.466008759917983e-05
5.476,7.058182864838614e-07,0.0009682780509123745,0.0052246999193084065,0.004019477645498926,1.1623805814542365e-05,4.453527867398499e-05
5.478,6.907307210646252e-07,0.0009662085698844969,0.005218787138356662,0.004016697153460536,1.1585347874376595e-05,4.4410818544227126e-05
5.48,6.757411064040042e-07,0.000964143510614246,0.005212881042904405,0.004013918585620724,1.1547017206181565e-05,4.428670623535247e-05
5.482,6.608489160342401e-07,0.0009620828636549561,0.005206981625407003,0.004011141940647667,1.1508813388738659e-05,4.416294077502769e-05
5.484,6.460536261521099e-07,0.0009600266195806118,0.005201088878328264,0.004008367217210429,1.1470736001939486e-05,4.403952119425014e-05
5.486,6.313547156189259e-07,0.0009579747689854035,0.00519520279414043,0.0040055944139791855,1.1432784627229964e-05,4.391644652623761e-05
5.488,6.167516659605354e-07,0.0009559273024830617,0.005189323365324183,0.004002823529624999,1.1394958847610326e-05,4.37937158073165e-05
5.49,6.022439613673214e-07,0.000953884210707967,0.005183450584368643,0.004000054562819821,1.1357258247191027e-05,4.367132807603369e-05
5.492,5.878310884721571e-07,0.0009518454843142621,0.005177584443771366,0.0039972875122362694,1.1319682411636833e-05,4.3549282373822606e-05
5.494,5.735125365724514e-07,0.0009498111139758514,0.005171724936038347,0.003994522376548293,1.1282230927722736e-05,4.3427577745003276e-05
5.496,5.59287797630148e-07,0.0009477810903868455,0.0051658720536842395,0.0039917591544302855,1.1244903384000082e-05,4.330621323633821e-05
5.498,5.45156365827637e-07,0.0009457554042611171,0.0051600257892316925,0.003988997844557973,1.1207699370130442e-05,4.3185187897476496e-05
5.5,5.311177384559329e-07,0.0009437340463325228,0.005154186135212013,0.00398623844560797,1.1170618477107652e-05,4.306450078050972e-05
5.502,5.171714148044515e-07,0.000941717007354459,0.005148353084164947,0.003983480956257557,1.1133660297257819e-05,4.294415093997195e-05
5.5040000000000004,5.03316896827144e-07,0.0009397042781003062,0.005142526628638455,0.0039807253751851235,1.109682442446136e-05,4.282413743350588e-05
5.506,4.895536891424968e-07,0.000937695849362985,0.005136706761188936,0.003977971701069727,1.1060110453708916e-05,4.270445932119671e-05
5.508,4.758812985894423e-07,0.0009356917119551778,0.005130893474381004,0.003975219932591756,1.1023517981545439e-05,4.258511566579415e-05
5.51,4.622992348934929e-07,0.0009336918567093289,0.005125086760787934,0.0039724700684320435,1.098704660584815e-05,4.246610553249042e-05
5.5120000000000005,4.4880701000060697e-07,0.0009316962744772006,0.005119286612991214,0.003969722107272533,1.0950695925604492e-05,4.2347427989364306e-05
5.514,4.354041382992335e-07,0.0009297049561303172,0.005113493023580551,0.003966976047796278,1.0914465541356222e-05,4.2229082106715055e-05
5.516,4.2209013662031225e-07,0.0009277178925595209,0.005107705985154087,0.003964231888686998,1.0878355054755318e-05,4.211106695772848e-05
5.518,4.088645242372735e-07,0.0009257350746751936,0.005101925490318182,0.0039614896286293,1.0842364068786026e-05,4.1993381618254944e-05
5.5200000000000005,3.957268230880828e-07,0.0009237564934070353,0.005096151531687632,0.003958749266308903,1.0806492187986905e-05,4.187602516658728e-05
5.522,3.826765573311519e-07,0.0009217821397042858,0.005090384101885448,0.003956010800412191,1.0770739018228781e-05,4.1758996683460836e-05
5.524,3.6971325334533844e-07,0.0009198120045355029,0.005084623193543081,0.003953274229626658,1.073510416627066e-05,4.164229525249752e-05
5.526,3.568364401740354e-07,0.0009178460788885623,0.005078868799299974,0.003950539552640686,1.0699587240425856e-05,4.152591995976174e-05
5.5280000000000005,3.440456490810817e-07,0.0009158843537704353,0.00507312091180423,0.003947806768143547,1.0664187850562001e-05,4.140986989353834e-05
5.53,3.313404137728071e-07,0.0009139268202074113,0.005067379523711946,0.003945075874825177,1.0628905607434902e-05,4.129414414522081e-05
5.532,3.1872027039803186e-07,0.0009119734692448755,0.005061644627687434,0.003942346871376623,1.0593740123132633e-05,4.1178741808201025e-05
5.534,3.0618475732602235e-07,0.000910024291947531,0.005055916216403444,0.0039396197564898205,1.0558691011297583e-05,4.106366197897948e-05
5.5360000000000005,2.93733415146491e-07,0.0009080792793989545,0.005050194282540721,0.003936894528857815,1.0523757886682361e-05,4.094890375605509e-05
5.538,2.8136578711368543e-07,0.0009061384227018188,0.005044478818788445,0.003934171187174096,1.0488940365149801e-05,4.083446624059128e-05
5.54,2.690814182582102e-07,0.0009042017129778923,0.005038769817844013,0.003931449730133485,1.045423806411705e-05,4.072034853641604e-05
5.542,2.5687985649724965e-07,0.0009022691413678174,0.005033067272412817,0.00392873015643147,1.0419650602333519e-05,4.0606549749799825e-05
5.5440000000000005,2.447606517463896e-07,0.0009003406990313323,0.005027371175208684,0.00392601246476465,1.0385177599436801e-05,4.0493068989455594e-05
5.546,2.3272335614166195e-07,0.0008984163771468268,0.005021681518953436,0.003923296653830066,1.03508186766188e-05,4.037990536676084e-05
5.548,2.2076752403954458e-07,0.0008964961669115645,0.005015998296377111,0.003920582722326094,1.0316573456181644e-05,4.026705799531349e-05
5.55,2.0889271223900607e-07,0.0008945800595419051,0.0050103215002181845,0.003917870668951995,1.0282441561759725e-05,4.015452599115399e-05
5.5520000000000005,1.9709847975946104e-07,0.0008926680462726377,0.005004651123222903,0.003915160492407699,1.0248422618097663e-05,4.004230847320933e-05
5.554,1.8538438784077016e-07,0.0008907601183574254,0.004998987158145951,0.0039124521913942445,1.0214516251272343e-05,3.993040456240493e-05
5.556,1.7374999972119554e-07,0.0008888562670683609,0.004993329597750007,0.003909745764613337,1.0180722088914962e-05,3.9818813382552776e-05
5.558,1.6219488108148994e-07,0.0008869564836966326,0.004987678434805964,0.003907041210768014,1.0147039759322851e-05,3.9707534059463256e-05
5.5600000000000005,1.5071859982285218e-07,0.0008850607595518589,0.004982033662092711,0.003904338528561535,1.0113468892347655e-05,3.959656572183334e-05
5.562,1.3932072584488253e-07,0.0008831690859620878,0.004976395272397571,0.0039016377166987137,1.0080009118951239e-05,3.948590750035841e-05
5.564,1.280008314896719e-07,0.0008812814542740188,0.0049707632585156425,0.003898938773884808,1.0046660071427738e-05,3.937555852839836e-05
5.566,1.1675849087566803e-07,0.0008793978558525595,0.004965137613250015,0.003896241698826186,1.0013421383403553e-05,3.926551794175559e-05
5.5680000000000005,1.0559328078585395e-07,0.0008775182820814909,0.004959518329412216,0.0038935464902301042,9.980292689393266e-06,3.915578487867499e-05
5.57,9.45047795575249e-08,0.0008756427243628018,0.0049539053998217675,0.003890853146804485,9.947273625243724e-06,3.90463584796219e-05
5.572,8.349256819251138e-08,0.0008737711741169107,0.004948298817306185,0.003888161667258583,9.914363828134043e-06,3.8937237887726184e-05
5.574,7.255622946900075e-08,0.0008719036227824439,0.004942698574701199,0.0038854720503020967,9.88156293635356e-06,3.882842224833816e-05
5.5760000000000005,6.16953483856264e-08,0.0008700400618164572,0.004937104664850311,0.0038827842946458357,9.848870589301839e-06,3.871991070925063e-05
5.578,5.0909512161467774e-08,0.0008681804826939921,0.004931517080605241,0.003880098399001497,9.816286427710708e-06,3.8611702420476846e-05
5.58,4.0198310014005756e-08,0.0008663248769087417,0.004925935814825921,0.003877414362081666,9.783810093422218e-06,3.85037965346946e-05
5.582,2.9561333381167287e-08,0.000864473235972163,0.0049203608603798354,0.003874732182599816,9.751441229610691e-06,3.839619220680213e-05
5.5840000000000005,1.899817525519154e-08,0.0008626255514139203,0.004914792210142904,0.003872051859270087,9.719179480338624e-06,3.82888885939181e-05
5.586,8.508431292852947e-09,0.0008607818147821078,0.004909229856999042,0.003869373390807951,9.687024491222829e-06,3.81818848556037e-05
5.588,-1.9083008506726173e-09,0.0008589420176423612,0.0049036737938399355,0.0038666967759293236,9.654975908768293e-06,3.807518015408462e-05
5.59,-1.2252421965897042e-08,0.0008571061515787459,0.004898124013565264,0.0038640220133514536,9.623033380812274e-06,3.796877365336293e-05
5.5920000000000005,-2.2524330400841563e-08,0.0008552742081930909,0.004892580509082922,0.003861349101792033,9.591196556080206e-06,3.786266452032727e-05
5.594,-3.272442250512597e-08,0.0008534461791052106,0.004887043273308578,0.003858678039969865,9.559465084851837e-06,3.775685192386469e-05
5.596,-4.2853092629968614e-08,0.0008516220559529053,0.004881512299165891,0.00385600882660464,9.527838618295092e-06,3.765133503530471e-05
5.598,-5.2910733350231e-08,0.0008498018303917387,0.004875987579586516,0.003853341460416937,9.496316808910166e-06,3.7546113028197325e-05
5.6000000000000005,-6.289773502032858e-08,0.0008479854940952603,0.0048704691075101,0.003850675940128001,9.464899310307473e-06,3.7441185078312955e-05
5.602,-7.281448621831998e-08,0.0008461730387545607,0.004864956875884285,0.0038480122644604098,9.433585776985609e-06,3.733655036408656e-05
5.604,-8.266137307977317e-08,0.0008443644560784946,0.004859450877664484,0.0038453504321371845,9.402375864997481e-06,3.723220806595151e-05
5.606,-9.243878040798847e-08,0.000842559737793902,0.004853951105814103,0.003842690441882457,9.371269231284174e-06,3.7128157366783654e-05
5.6080000000000005,-1.0214709056377558e-07,0.0008407588756451645,0.0048484575533043195,0.003840032292421025,9.340265533896996e-06,3.702439745167929e-05
5.61,-1.1178668413158732e-07,0.0008389618613942051,0.004842970213114528,0.003837375982479019,9.309364432219525e-06,3.692092750795517e-05
5.612,-1.213579399195197e-07,0.0008371686868204886,0.0048374890782316715,0.0038347215107827903,9.278565586523513e-06,3.681774672514848e-05
5.614,-1.308612347372673e-07,0.0008353793437212431,0.004832014141650687,0.003832068876060246,9.247868658190939e-06,3.671485429523891e-05
5.6160000000000005,-1.402969431740786e-07,0.0008335938239112384,0.004826545396374504,0.003829418077039737,9.217273310158092e-06,3.661224941242658e-05
5.618,-1.4966543826488987e-07,0.0008318121192223416,0.004821082835414048,0.003826769112450501,9.186779206027396e-06,3.650993127313207e-05
5.62,-1.5896709104623596e-07,0.0008300342215044054,0.004815626451787569,0.0038241219810231097,9.156386010511497e-06,3.64078990759964e-05
5.622,-1.6820227055625026e-07,0.0008282601226243802,0.004810176238521757,0.003821476681488356,9.126093389877354e-06,3.630615202188103e-05
5.6240000000000006,-1.773713442787539e-07,0.0008264898144665356,0.004804732188650629,0.0038188332125783653,9.09590101105806e-06,3.620468931386789e-05
5.626,-1.8647467725507738e-07,0.0008247232889326828,0.004799294295216638,0.003816191573025929,9.065808542318976e-06,3.6103510157481367e-05
5.628,-1.9551263341632819e-07,0.0008229605379419525,0.004793862551269346,0.0038135517615647263,9.035815652813639e-06,3.600261376002223e-05
5.63,-2.0448557425112313e-07,0.0008212015534305728,0.004788436949866748,0.0038109137769295476,9.005922013027856e-06,3.590199933145577e-05
5.632,-2.1339385947172218e-07,0.0008194463273518693,0.004783017484074392,0.0038082776178558486,8.976127294335612e-06,3.580166608374569e-05
5.634,-2.222378472360731e-07,0.0008176948516767091,0.004777604146965375,0.0038056432830797515,8.946431169221114e-06,3.570161323129817e-05
5.636,-2.3101789370372217e-07,0.0008159471183928346,0.004772196931621009,0.0038030107713387107,8.916833311500838e-06,3.560183999029576e-05
5.638,-2.3973435325785886e-07,0.0008142031195053079,0.004766795831130377,0.0038003800813708466,8.887333395879438e-06,3.550234557936349e-05
5.64,-2.483875782832712e-07,0.0008124628470360662,0.004761400838589891,0.003797751211914946,8.857931097949745e-06,3.540312921934685e-05
5.642,-2.5697791983247953e-07,0.0008107262930243664,0.004756011947104177,0.0037951241617111275,8.828626094858905e-06,3.530419013308972e-05
5.644,-2.6550572673755823e-07,0.0008089934495261186,0.0047506291497854125,0.0037924989294999545,8.799418064420195e-06,3.520552754587847e-05
5.646,-2.739713462762694e-07,0.0008072643086145526,0.0047452524397535445,0.003789875514022878,8.770306685557117e-06,3.510714068477583e-05
5.648,-2.823751237279737e-07,0.0008055388623795512,0.004739881810136071,0.0037872539140226813,8.741291638525439e-06,3.500902877928702e-05
5.65,-2.907174028177195e-07,0.0008038171029280949,0.004734517254068704,0.00378463412824237,8.712372604247065e-06,3.4911191061137714e-05
5.652,-2.989985254941985e-07,0.0008020990223838176,0.0047291587646942634,0.003782016155426282,8.68354926519821e-06,3.4813626764051975e-05
5.654,-3.072188319297453e-07,0.0008003846128872283,0.004723806335163783,0.003779399994319421,8.654821304299176e-06,3.471633512375227e-05
5.656,-3.153786605203379e-07,0.0007986738665959336,0.0047184599586358456,0.0037767856436679015,8.626188406024582e-06,3.461931537840357e-05
5.658,-3.23478348107642e-07,0.0007969667756839716,0.004713119628276585,0.003774173102218281,8.597650255737221e-06,3.452256676816923e-05
5.66,-3.315182295349217e-07,0.0007952633323420333,0.004707785337260129,0.0037715623687184507,8.569206539688068e-06,3.442608853521101e-05
5.662,-3.394986380911291e-07,0.0007935635287779075,0.00470245707876793,0.0037689534419167448,8.540856945460362e-06,3.4329879924133166e-05
5.664,-3.4741990551090396e-07,0.0007918673572155921,0.004697134845989215,0.003766346320562608,8.512601161303479e-06,3.4233940181316314e-05
5.666,-3.5528236153048454e-07,0.0007901748098957384,0.004691818632120981,0.0037637410034063734,8.48443887679906e-06,3.4138268555361506e-05
5.668,-3.6308633433179693e-07,0.0007884858790758731,0.004686508430367775,0.00376113748919904,8.456369782416928e-06,3.40428642968682e-05
5.67,-3.70832150542455e-07,0.0007868005570299541,0.004681204233941916,0.0037585357766927174,8.428393569737125e-06,3.394772665887835e-05
5.672,-3.7852013501371573e-07,0.0007851188360481487,0.004675906036063271,0.003755935864640181,8.400509931227873e-06,3.385285489621026e-05
5.674,-3.861506108204793e-07,0.0007834407084374995,0.004670613829959258,0.003753337751795094,8.372718560689663e-06,3.3758248265680635e-05
5.676,-3.9372389948333364e-07,0.0007817661665212583,0.004665327608864844,0.0037507414369122305,8.345019152589117e-06,3.366390602654867e-05
5.678,-4.0124032096855444e-07,0.0007800952026391084,0.00466004736602299,0.0037481469187468086,8.317411402503083e-06,3.356982743984993e-05
5.68,-4.0870019368810517e-07,0.0007784278091471641,0.004654773094683762,0.0037455541960551564,8.289895006896586e-06,3.347601176884041e-05
5.682,-4.1610383405554785e-07,0.0007767639784177494,0.004649504788105219,0.00374296326759449,8.262469663566918e-06,3.338245827855246e-05
5.684,-4.2345155715217686e-07,0.000775103702839619,0.004644242439552748,0.0037403741321226924,8.235135070977506e-06,3.328916623646094e-05
5.686,-4.3074367650497436e-07,0.0007734469748177375,0.004638986042299509,0.003737786788398756,8.207890928924044e-06,3.31961349120391e-05
5.688,-4.3798050364252106e-07,0.0007717937867730562,0.004633735589626209,0.0037352012351823394,8.18073693786836e-06,3.310336357653654e-05
5.69,-4.4516234898317464e-07,0.00077014413114318,0.004628491074820884,0.003732617471234212,8.15367279960455e-06,3.301085150342331e-05
5.692,-4.5228952116893595e-07,0.000768498000381479,0.0046232524911793416,0.0037300354953155868,8.126698216592843e-06,3.291859796794583e-05
5.694,-4.59362327065449e-07,0.0007668553869577543,0.004618019832004716,0.003727455306188787,8.09981289240369e-06,3.282660224779299e-05
5.696,-4.6638107220609015e-07,0.0007652162833575726,0.004612793090608136,0.0037248769026170248,8.073016531495725e-06,3.2734863622430055e-05
5.698,-4.7334606056992357e-07,0.0007635806820827096,0.004607572260307613,0.003722300283364177,8.046308839437799e-06,3.264338137332068e-05
5.7,-4.802575943596565e-07,0.0007619485756509281,0.004602357334429152,0.0037197254471952323,8.01968952290899e-06,3.255215478414897e-05
5.702,-4.871159744457287e-07,0.0007603199565959784,0.004597148306306087,0.0037171523928758443,7.99315828925451e-06,3.246118314037538e-05
5.704,-4.939215001442676e-07,0.0007586948174678199,0.004591945169279299,0.0037145811191727773,7.96671484692979e-06,3.2370465729458786e-05
5.706,-5.006744689950438e-07,0.000757073150831955,0.004586747916696998,0.0037120116248532398,7.940358905278444e-06,3.228000184085644e-05
5.708,-5.073751774276047e-07,0.0007554549492698737,0.004581556541915166,0.00370944390868555,7.914090174754307e-06,3.218979076602402e-05
5.71,-5.140239198730967e-07,0.0007538402053788307,0.004576371038296889,0.0037068779694386933,7.887908366699392e-06,3.2099831798637624e-05
5.712,-5.206209896524427e-07,0.0007522289117720682,0.004571191399213248,0.003704313805882764,7.861813193343892e-06,3.201012423414973e-05
5.714,-5.271666783102091e-07,0.0007506210610785935,0.004566017618042206,0.0037017514167885235,7.83580436802822e-06,3.192066736978916e-05
5.716,-5.336612760586945e-07,0.0007490166459431791,0.004560849688169499,0.003699190800927843,7.809881604980973e-06,3.183146050500518e-05
5.718,-5.401050715558853e-07,0.0007474156590261405,0.004555687602988412,0.0036966319570730377,7.784044619096875e-06,3.1742502941245476e-05
5.72,-5.464983519054556e-07,0.0007458180930035585,0.004550531355899334,0.0036940748839975335,7.758293126602922e-06,3.165379398173407e-05
5.722,-5.52841402878812e-07,0.000744223940567279,0.004545380940310206,0.003691519580475644,7.732626844614288e-06,3.156533293169339e-05
5.724,-5.591345089150934e-07,0.0007426331944246911,0.004540236349636517,0.003688966045282349,7.707045490912279e-06,3.1477119098344275e-05
5.726,-5.653779524550373e-07,0.0007410458472985049,0.004535097577301084,0.003686414277193517,7.68154878461047e-06,3.1389151790905956e-05
5.728,-5.715720150512027e-07,0.0007394618919274176,0.00452996461673405,0.003683864274985904,7.656136445266526e-06,3.130143032015198e-05
5.73,-5.777169764797918e-07,0.0007378813210652257,0.004524837461372888,0.0036813160374371545,7.630808193770378e-06,3.121395399929838e-05
5.732,-5.838131151847392e-07,0.0007363041274814908,0.004519716104662619,0.003678769563325801,7.605563751900135e-06,3.1126722143115515e-05
5.734,-5.898607082777119e-07,0.0007347303039610953,0.004514600540055591,0.0036762248514310425,7.5804028421000424e-06,3.103973406859417e-05
5.736,-5.958600313160645e-07,0.000733159843304243,0.004509490761011703,0.0036736819005329657,7.555325187924566e-06,3.095298909427946e-05
5.738,-6.018113585248841e-07,0.0007315927383269027,0.004504386760997736,0.003671140709412546,7.530330513816352e-06,3.086648654093693e-05
5.74,-6.077149625749456e-07,0.0007300289818599204,0.004499288533488466,0.0036686012768516463,7.505418545106224e-06,3.078022573088646e-05
5.742,-6.135711148047562e-07,0.0007284685667496849,0.0044941960719653284,0.0036660636016330184,7.480589008235228e-06,3.0694205988668344e-05
5.744,-6.193800852205555e-07,0.0007269114858579062,0.004489109369917532,0.0036635276825400798,7.4558416300885e-06,3.060842664059926e-05
5.746,-6.251421424963155e-07,0.0007253577320613935,0.004484028420841613,0.0036609935183571363,7.431176138883444e-06,3.052288701477224e-05
5.748,-6.308575537516958e-07,0.000723807298252277,0.004478953218241211,0.003658461107869382,7.4065922635035975e-06,3.043758644150074e-05
5.75,-6.365265847740886e-07,0.0007222601773380077,0.004473883755627295,0.0036559304498628986,7.3820897339427205e-06,3.0352524252430513e-05
5.752,-6.421495000186184e-07,0.0007207163622409141,0.004468820026518161,0.003653401543124657,7.357668280638663e-06,3.0267699781427737e-05
5.7540000000000004,-6.477265623860973e-07,0.0007191758458984232,0.004463762024439655,0.003650874386442071,7.333327635583586e-06,3.0183112364357e-05
5.756,-6.532580338891592e-07,0.0007176386212632835,0.004458709742924505,0.003648348978603888,7.309067531213742e-06,3.0098761338637203e-05
5.758,-6.58744174764081e-07,0.0007161046813033423,0.004453663175513212,0.0036458253183995204,7.2848877008535595e-06,3.00146460434636e-05
5.76,-6.641852441369167e-07,0.0007145740190011018,0.004448622315752937,0.003643303404619047,7.260787878937691e-06,2.9930765820251892e-05
5.7620000000000005,-6.69581499579408e-07,0.0007130466273543856,0.004443587157198614,0.0036407832360536574,7.236767800566923e-06,2.9847120011972095e-05
5.764,-6.749331975530737e-07,0.000711522499375894,0.00443855769341206,0.0036382648114952065,7.212827201730221e-06,2.9763707963592623e-05
5.766,-6.802405929651201e-07,0.0007100016280929822,0.00443353391796264,0.003635748129736216,7.188965819526771e-06,2.9680529021636204e-05
5.768,-6.855039398345752e-07,0.0007084840065483267,0.004428515824426604,0.0036332331895705394,7.1651833917218966e-06,2.9597582534846012e-05
5.7700000000000005,-6.907234904041104e-07,0.0007069696277994808,0.004423503406387974,0.0036307199897922526,7.141479656969096e-06,2.9514867853519533e-05
5.772,-6.958994958061737e-07,0.0007054584849184309,0.004418496657437432,0.0036282085291967636,7.117854354810049e-06,2.9432384329952654e-05
5.774,-7.010322058409457e-07,0.0007039505709920402,0.004413495571173209,0.0036256988065801465,7.094307225452567e-06,2.935013131821762e-05
5.776,-7.061218689763393e-07,0.000702445879122271,0.004408500141200422,0.0036231908207393637,7.070838010436731e-06,2.9268108173940988e-05
5.7780000000000005,-7.111687325700444e-07,0.0007009444024255185,0.004403510361131957,0.0036206845704720436,7.047446451746708e-06,2.9186314254747714e-05
5.78,-7.161730426474833e-07,0.0006994461340328328,0.00439852622458714,0.003618180054576703,7.024132292476892e-06,2.9104748920039114e-05
5.782,-7.211350436797659e-07,0.0006979510670903633,0.00439354772519307,0.0036156772718527463,7.0008952763878085e-06,2.902341153099286e-05
5.784,-7.260549794718685e-07,0.0006964591947584697,0.004388574856583949,0.003613176221100467,6.977735148128161e-06,2.894230145056298e-05
5.7860000000000005,-7.309330918303658e-07,0.0006949705102121673,0.004383607612400642,0.003610676901120824,6.9546516532348335e-06,2.8861418043701903e-05
5.788,-7.357696218956988e-07,0.0006934850066413478,0.004378645986291785,0.0036081793107156646,6.9316445379108416e-06,2.8780760676694328e-05
5.79,-7.405648092539963e-07,0.0006920026772501142,0.0043736899719128974,0.0036056834486879463,6.908713549469425e-06,2.8700328718045398e-05
5.792,-7.453188923811638e-07,0.0006905235152572242,0.004368739562926605,0.003603189313840849,6.885858436112002e-06,2.8620121537592524e-05
5.7940000000000005,-7.500321086428841e-07,0.0006890475138958685,0.004363794753002637,0.003600696904978884,6.86307894648408e-06,2.8540138507393564e-05
5.796,-7.547046938505275e-07,0.0006875746664138926,0.004358855535818051,0.0035982062209072296,6.840374830341389e-06,2.8460379000838643e-05
5.798,-7.593368827052416e-07,0.0006861049660733531,0.00435392190505679,0.003595717260431952,6.817745838327838e-06,2.8380842393316286e-05
5.8,-7.639289090199952e-07,0.0006846384061507393,0.004348993854410121,0.0035932300223597835,6.7951917217534685e-06,2.8301528061991377e-05
5.8020000000000005,-7.684810048314006e-07,0.0006831749799369735,0.0043440713775761974,0.0035907445054983445,6.772712232594458e-06,2.822243538558311e-05
5.804,-7.72993401509936e-07,0.0006817146807371888,0.004339154468260498,0.0035882607086563656,6.750307124159249e-06,2.8143563744809086e-05
5.806,-7.774663288717676e-07,0.0006802575018709511,0.004334243120175163,0.0035857786306427997,6.727976149978332e-06,2.8064912521719165e-05
5.808,-7.819000156228384e-07,0.0006788034366720375,0.004329337327039884,0.0035832982702681537,6.7057190649144616e-06,2.798648110058366e-05
5.8100000000000005,-7.862946893588685e-07,0.0006773524784884355,0.004324437082581234,0.003580819626343157,6.683535624274484e-06,2.7908268867005148e-05
5.812,-7.906505763433103e-07,0.0006759046206825658,0.0043195423805328925,0.0035783426976796484,6.661425584475467e-06,2.7830275208362565e-05
5.814,-7.949679019514377e-07,0.0006744598566306159,0.004314653214635422,0.003575867483090134,6.639388702378568e-06,2.7752499514033246e-05
5.816,-7.992468900042127e-07,0.000673018179723206,0.004309769578636713,0.0035733939813880067,6.6174247359551686e-06,2.7674941174726797e-05
5.8180000000000005,-8.03487763656463e-07,0.0006715795833649452,0.004304891466291316,0.003570922191387549,6.595533443842783e-06,2.7597599582929178e-05
5.82,-8.076907445087045e-07,0.0006701440609746534,0.004300018871361333,0.0035684521119039303,6.573714585567103e-06,2.752047413312475e-05
5.822,-8.118560530512298e-07,0.0006687116059851395,0.004295151787615303,0.003565983741752987,6.551967921319957e-06,2.7443564221130146e-05
5.824,-8.159839086641085e-07,0.000667282211843423,0.004290290208829095,0.0035635170797514437,6.530293212181348e-06,2.736686924453835e-05
5.8260000000000005,-8.20074529839232e-07,0.0006658558720100682,0.004285434128785681,0.0035610521247166904,6.508690220119462e-06,2.7290388602718707e-05
5.828,-8.241281335141792e-07,0.0006644325799600725,0.004280583541274696,0.003558588875467228,6.48715870754657e-06,2.7214121696816918e-05
5.83,-8.281449359603954e-07,0.0006630123291821999,0.004275738440093102,0.003556127330822001,6.465698437985168e-06,2.7138067929532994e-05
5.832,-8.321251518950135e-07,0.000661595113178981,0.004270898819044744,0.0035536674896010645,6.44430917584593e-06,2.7062226705121262e-05
5.8340000000000005,-8.36068995146988e-07,0.0006601809254669355,0.0042660646719403506,0.0035512093506253617,6.422990685761576e-06,2.6986597429612402e-05
5.836,-8.399766782130058e-07,0.0006587697595765718,0.004261235992597756,0.00354875291271628,6.401742733697091e-06,2.691117951059141e-05
5.838,-8.438484129236201e-07,0.000657361609052165,0.004256412774841456,0.0035462981746963163,6.380565086283596e-06,2.6835972357419635e-05
5.84,-8.476844095550717e-07,0.000655956467451535,0.004251595012503273,0.0035438451353886347,6.3594575105963e-06,2.6760975381234786e-05
5.8420000000000005,-8.514848774954231e-07,0.0006545543283467126,0.004246782699421692,0.003541393793617287,6.338419775042681e-06,2.6686187994506838e-05
5.844,-8.552500250225137e-07,0.0006531551853230511,0.0042419758294423016,0.0035389441482072126,6.317451648252259e-06,2.6611609611704168e-05
5.846,-8.589800595260044e-07,0.0006517590319796707,0.004237174396417576,0.003536496197984018,6.2965528997427356e-06,2.653723964862742e-05
5.848,-8.626751868412441e-07,0.0006503658619294583,0.0042323783942070925,0.0035340499417741977,6.275723300142033e-06,2.6463077522853595e-05
5.8500000000000005,-8.663356121374477e-07,0.0006489756687990678,0.00422758781667687,0.0035316053784051338,6.25496262030012e-06,2.6389122653514008e-05
5.852,-8.699615394736071e-07,0.0006475884462284753,0.004222802657700253,0.003529162506704653,6.23427063239923e-06,2.6315374461294283e-05
5.854,-8.735531715764466e-07,0.0006462041878714242,0.004218022911157249,0.0035267213255019136,6.21364710906569e-06,2.6241832368878448e-05
5.856,-8.771107105065568e-07,0.0006448228873952022,0.004213248570934969,0.003524281833626519,6.193091823591956e-06,2.6168495800060754e-05
5.8580000000000005,-8.806343569922603e-07,0.000643444538480642,0.004208479630927187,0.0035218440299091824,6.172604550158667e-06,2.609536418063385e-05
5.86,-8.841243106516572e-07,0.0006420691348218988,0.004203716085034559,0.0035194079131810607,6.152185063612592e-06,2.602243693772266e-05
5.862,-8.875807702146687e-07,0.0006406966701268946,0.004198957927164848,0.0035169734822744214,6.1318331396886805e-06,2.5949713500228455e-05
5.864,-8.91003933523038e-07,0.0006393271381168741,0.004194205151232477,0.003514540736021976,6.1115485547880155e-06,2.5877193298606826e-05
5.8660000000000005,-8.943939970862402e-07,0.0006379605325264048,0.004189457751158754,0.0035121096732577683,6.091331085977814e-06,2.580487576464563e-05
5.868,-8.977511567476171e-07,0.0006365968471033767,0.004184715720871868,0.0035096802928162862,6.07118051121347e-06,2.5732760332353166e-05
5.87,-9.010756067961978e-07,0.0006352360756092246,0.004179979054306671,0.0035072525935329057,6.0510966088944684e-06,2.5660846436625917e-05
5.872,-9.043675410769225e-07,0.0006338782118187059,0.0041752477454051196,0.003504826574243669,6.031079158530517e-06,2.5589133514358764e-05
5.8740000000000006,-9.076271518804191e-07,0.0006325232495196786,0.004170521788115833,0.0035024022337857286,6.011127940297456e-06,2.55176210040009e-05
5.876,-9.108546310532262e-07,0.0006311711825135458,0.004165801176394313,0.003499979570996903,5.991242734815216e-06,2.544630834533379e-05
5.878,-9.140501688875702e-07,0.0006298220046145886,0.0041610859042029436,0.0034975585847156765,5.971423323813951e-06,2.537519497991525e-05
5.88,-9.172139552315883e-07,0.0006284757096506333,0.00415637596551055,0.0034951392737814224,5.951669489245859e-06,2.5304280350635366e-05
5.882000000000001,-9.203461786011502e-07,0.0006271322914626065,0.004151671354293063,0.0034927216370344016,5.93198101417336e-06,2.5233563902382627e-05
5.884,-9.234470264019023e-07,0.0006257917439045357,0.004146972064533072,0.0034903056733155413,5.912357682547054e-06,2.5163045081155744e-05
5.886,-9.265166853733575e-07,0.0006244540608435489,0.004142278090220053,0.0034878913814666568,5.892799278539584e-06,2.5092723334507738e-05
5.888,-9.295553411448054e-07,0.0006231192361598747,0.004137589425350141,0.0034854787603304516,5.8733055872117745e-06,2.5022598111990035e-05
5.89,-9.325631784573574e-07,0.0006217872637470645,0.004132906063926356,0.0034830678087502953,5.853876394512625e-06,2.4952668864264282e-05
5.892,-9.355403809419016e-07,0.0006204581375113261,0.004128227999958378,0.003480658525570446,5.8345114868352255e-06,2.488293504354644e-05
5.894,-9.384871311191034e-07,0.00061913185137219,0.00412355522746255,0.003478250909635827,5.815210651682889e-06,2.4813396103828822e-05
5.896,-9.414036110655388e-07,0.0006178083992620653,0.004118887740462096,0.0034758449597922514,5.795973676780974e-06,2.4744051500436015e-05
5.898,-9.442900015255162e-07,0.0006164877751262399,0.004114225532986904,0.003473440674886197,5.7768003507430166e-06,2.4674900690246915e-05
5.9,-9.471464823551656e-07,0.0006151699729228799,0.004109568599073521,0.003471038053765252,5.75769046307073e-06,2.460594313169473e-05
5.902,-9.499732325224386e-07,0.0006138549866232523,0.004104916932765379,0.0034686370952776713,5.73864380370992e-06,2.453717828476698e-05
5.904,-9.527704298850637e-07,0.0006125428102115027,0.004100270528112349,0.0034662377982721537,5.7196601634945665e-06,2.4468605610783456e-05
5.906,-9.555382516346356e-07,0.0006112334376846551,0.004095629379171406,0.00346384016159873,5.700739333924787e-06,2.44002245728403e-05
5.908,-9.58276873852526e-07,0.0006099268630523902,0.004090993480005745,0.003461444184107876,5.681881106944786e-06,2.4332034635143884e-05
5.91,-9.60986471953973e-07,0.0006086230803370452,0.004086362824685663,0.003459049864651176,5.663085275386948e-06,2.4264035263898975e-05
5.912,-9.636672200219465e-07,0.0006073220835742799,0.0040817374072879,0.0034566572020804376,5.6443516329718335e-06,2.4196225926420567e-05
5.914,-9.663192914732832e-07,0.0006060238668119666,0.004077117221896076,0.003454266195249023,5.62567997364205e-06,2.412860609180001e-05
5.916,-9.689428586145965e-07,0.0006047284241108564,0.004072502262600031,0.003451876843010515,5.607070092228383e-06,2.4061175230238874e-05
5.918,-9.715380933084106e-07,0.0006034357495443565,0.004067892523496708,0.0034494891442193865,5.588521784449796e-06,2.399393281371509e-05
5.92,-9.74105166084982e-07,0.0006021458371987531,0.004063287998689491,0.003447103097730997,5.5700348464693406e-06,2.3926878315538858e-05
5.922,-9.76644246586389e-07,0.0006008586811725447,0.004058688682288425,0.0034447187024015946,5.551609075116204e-06,2.3860011210574683e-05
5.924,-9.791555037885757e-07,0.0005995742755773303,0.004054094568410216,0.003442335957088094,5.533244268107751e-06,2.3793330975019344e-05
5.926,-9.816391057793084e-07,0.0005982926145369216,0.004049505651178231,0.0034399548606480757,5.514940223605436e-06,2.3726837086845975e-05
5.928,-9.840952195361297e-07,0.0005970136921877867,0.0040449219247225,0.00343757541194023,5.496696740436846e-06,2.3660529025137933e-05
5.93,-9.865240111484042e-07,0.0005957375026790501,0.00404034338317949,0.0034351976098236925,5.4785136183177485e-06,2.359440627075493e-05
5.932,-9.889256462614071e-07,0.0005944640401722712,0.004035770020692331,0.0034328214531587076,5.4603906574079986e-06,2.3528468305666905e-05
5.934,-9.913002891881462e-07,0.0005931932988412214,0.004031201831410591,0.0034304469408059646,5.442327658533586e-06,2.3462714613398106e-05
5.936,-9.936481033534506e-07,0.000591925272872551,0.0040266388094909455,0.003428074071627263,5.424324423408677e-06,2.3397144679249138e-05
5.938,-9.959692517380603e-07,0.0005906599564649007,0.004022080949096063,0.003425702844485068,5.406380754191531e-06,2.3331757989408786e-05
5.94,-9.982638962124923e-07,0.0005893973438295674,0.004017528244395496,0.0034233332582425113,5.388496453706537e-06,2.326655403184219e-05
5.942,-1.0005321977590853e-06,0.000588137429190283,0.00401298068956546,0.003420965311763835,5.370671325444221e-06,2.320153229584676e-05
5.944,-1.002774316694044e-06,0.0005868802067827694,0.004008438278788384,0.003418599003913725,5.3529051737832845e-06,2.3136692272274217e-05
5.946,-1.00499041222335e-06,0.0005856256708554053,0.004003901006253585,0.003416234333557755,5.335197803324476e-06,2.307203345330855e-05
5.948,-1.0071806428868513e-06,0.0005843738156687817,0.003999368866156594,0.0034138712995621656,5.317549019556722e-06,2.3007555332466012e-05
5.95,-1.0093451663362174e-06,0.00058312463549548,0.003994841852699826,0.0034115099007943073,5.299958628635082e-06,2.2943257404817174e-05
5.952,-1.011484139556984e-06,0.0005818781246207383,0.003990319960091915,0.0034091501361221965,5.2824264373807495e-06,2.2879139166764872e-05
5.954,-1.0135977184244638e-06,0.000580634277341785,0.003985803182548153,0.003406792004414294,5.264952253059008e-06,2.2815200116266254e-05
5.956,-1.0156860581478355e-06,0.0005793930879680609,0.003981291514290497,0.003404435504540393,5.247535883823318e-06,2.275143975238869e-05
5.958,-1.0177493130480997e-06,0.0005781545508209973,0.003976784949547119,0.00340208063537073,5.23017713827123e-06,2.2687857575753867e-05
5.96,-1.0197876367801229e-06,0.00057691866023446,0.003972283482553074,0.0033997273957762086,5.21287582566643e-06,2.2624453088537777e-05
5.962,-1.0218011818885486e-06,0.0005756854105540832,0.003967787107549414,0.003397375784628842,5.195631755938734e-06,2.256122579402664e-05
5.964,-1.0237901004739314e-06,0.0005744547961379354,0.003963295818784074,0.00339502580080131,5.178444739684096e-06,2.2498175197283032e-05
5.966,-1.0257545435266024e-06,0.0005732268113558536,0.003958809610511205,0.003392677443166958,5.161314587942556e-06,2.2435300804257707e-05
5.968,-1.027694661592804e-06,0.0005720014505898874,0.003954328476991842,0.0033903307106000202,5.144241112642334e-06,2.237260212245573e-05
5.97,-1.029610604108555e-06,0.0005707787082338545,0.003949852412493016,0.0033879856019753962,5.127224126377783e-06,2.2310078661158528e-05
5.972,-1.031502519843741e-06,0.0005695585786937851,0.003945381411288418,0.0033856421161688743,5.1102634419653015e-06,2.2247729930313653e-05
5.974,-1.0333705566800688e-06,0.0005683410563877,0.003940915467657957,0.003383300252057131,5.0933588733315105e-06,2.2185555441867066e-05
5.976,-1.0352148618331114e-06,0.0005671261357451662,0.003936454575888426,0.0033809600085172864,5.076510234403031e-06,2.212355470887495e-05
5.978,-1.0370355816302634e-06,0.0005659138112081852,0.003931998730272834,0.0033786213844275714,5.059717340438752e-06,2.2061727245503704e-05
5.98,-1.0388328617327858e-06,0.0005647040772300826,0.0039275479251106304,0.0033762843786666608,5.042980006697562e-06,2.2000072567696094e-05
5.982,-1.0406068469137608e-06,0.0005634969282763969,0.003923102154707481,0.0033739489901143394,5.026298049548572e-06,2.1938590192727148e-05
5.984,-1.0423576812801372e-06,0.0005622923588244344,0.0039186614133757125,0.0033716152176510583,5.0096712855829395e-06,2.1877279638760072e-05
5.986,-1.0440855082727296e-06,0.0005610903633632702,0.003914225695434093,0.003369283060157935,4.993099532057954e-06,2.1816140425956476e-05
5.988,-1.0457904704441745e-06,0.0005598909363937477,0.003909794995207605,0.0033669525165169745,4.976582607119084e-06,2.1755172075144102e-05
5.99,-1.0474727094589298e-06,0.0005586940724282563,0.003905369307027673,0.0033646235856108486,4.960120329133844e-06,2.1694374109149095e-05
5.992,-1.0491323665373642e-06,0.0005574997659913983,0.003900948625232159,0.003362296266323117,4.943712517357923e-06,2.163374605146373e-05
5.994,-1.0507695817896234e-06,0.0005563080116188779,0.003896532944165365,0.0033599705575380057,4.927358991491104e-06,2.157328742757869e-05
5.996,-1.052384494881764e-06,0.0005551188038583899,0.0038921222581778103,0.0033576464581406285,4.911059572121346e-06,2.1512997763872832e-05
5.998,-1.053977244591664e-06,0.0005539321372693973,0.003887716561626453,0.0033553239670167656,4.894814079836607e-06,2.145287658805728e-05
6.0,-1.0555479690310676e-06,0.0005527480064226875,0.003883315848874691,0.0033530030830530855,4.87862233633507e-06,2.139292342939747e-05
6.002,-1.0570968054235408e-06,0.0005515664059010383,0.003878920114291917,0.0033506838051369225,4.862484163759007e-06,2.1333137818269066e-05
6.0040000000000004,-1.05862389054856e-06,0.0005503873302983298,0.0038745293522544078,0.0033483661321562774,4.846399384916822e-06,2.1273519286379994e-05
6.006,-1.0601293600753792e-06,0.0005492107742202101,0.0038701435571444343,0.003346050063000261,4.830367822838966e-06,2.1214067366992495e-05
6.008,-1.0616133492291624e-06,0.0005480367322838742,0.0038657627233504854,0.003343735596558428,4.814389301666111e-06,2.1154781594479033e-05
6.01,-1.0630759925689404e-06,0.0005468651991180629,0.0038613868452677114,0.003341422731721222,4.798463645760975e-06,2.1095661504322294e-05
6.0120000000000005,-1.0645174237655652e-06,0.0005456961693628415,0.0038570159172974794,0.0033391114673799738,4.78259068015241e-06,2.1036706633559277e-05
6.014,-1.0659377758237554e-06,0.0005445296376698217,0.003852649933847374,0.003336801802426459,4.7667702305354e-06,2.0977916520559248e-05
6.016,-1.0673371810820953e-06,0.0005433655987021613,0.0038482888893311973,0.003334493735753563,4.75100212304902e-06,2.0919290704801696e-05
6.018,-1.0687157712130357e-06,0.0005422040471341205,0.00384393277816919,0.003332187266254838,4.735286184498477e-06,2.0860828727320424e-05
6.0200000000000005,-1.070073677000849e-06,0.0005410449776515058,0.003839581594787811,0.0033298823928245014,4.719622242355115e-06,2.080253013003741e-05
6.022,-1.0714110285636735e-06,0.00053988838495167,0.0038352353336197353,0.0033275791143576594,4.704010124312319e-06,2.074439445642895e-05
6.024,-1.0727279555755587e-06,0.000538734263742846,0.0038308939891040783,0.0033252774297500842,4.688449659173699e-06,2.0686421251081555e-05
6.026,-1.0740245868223752e-06,0.0005375826087448132,0.003826557555686172,0.003322977337898214,4.672940675742865e-06,2.0628610060136054e-05
6.0280000000000005,-1.0753010504238603e-06,0.0005364334146886751,0.0038222260278175657,0.0033206788376995977,4.657483003711604e-06,2.0570960430621454e-05
6.03,-1.076557473833617e-06,0.0005352866763168596,0.0038178993999560262,0.0033183819280520055,4.6420764734378395e-06,2.0513471911121073e-05
6.032,-1.0777939836170702e-06,0.0005341423883828966,0.0038135776665657595,0.0033160866078545403,4.6267209155015365e-06,2.0456144051550496e-05
6.034,-1.0790107061176002e-06,0.0005330005456514186,0.0038092608221167445,0.003313792876006749,4.611416161148796e-06,2.0398976402713487e-05
6.0360000000000005,-1.0802077667904086e-06,0.0005318611428983822,0.003804948861085844,0.003311500731409067,4.596162042513896e-06,2.0341968516968123e-05
6.038,-1.081385290202519e-06,0.000530724174910846,0.0038006417779554713,0.0033092101729628176,4.580958391731116e-06,2.0285119947782704e-05
6.04,-1.0825434004768653e-06,0.0005295896364871933,0.0037963395672149236,0.0033069211995695458,4.565805042044957e-06,2.0228430249957796e-05
6.042,-1.083682221070248e-06,0.0005284575224366872,0.003792042223359049,0.0033046338101321293,4.550701826921966e-06,2.0171898979626235e-05
6.0440000000000005,-1.0848018747733335e-06,0.0005273278275796933,0.003787749740889357,0.00330234800355389,4.535648580494822e-06,2.0115525693809033e-05
6.046,-1.08590248348861e-06,0.0005262005467476794,0.0037834621143133518,0.0033000637787390374,4.520645137118251e-06,2.005930995130356e-05
6.048,-1.086984168896521e-06,0.0005250756747832153,0.003779179338144756,0.00329778113459267,4.5056913322572e-06,2.0003251311573322e-05
6.05,-1.0880470515672869e-06,0.0005239532065399732,0.00377490140690373,0.0032955000700203296,4.490787001598662e-06,1.9947349335636133e-05
6.0520000000000005,-1.0890912518490836e-06,0.0005228331368825057,0.003770628315115987,0.0032932205839284467,4.475931981495762e-06,1.9891603585620032e-05
6.054,-1.0901168892019086e-06,0.000521715460686023,0.003766360057314122,0.00329094267522434,4.461126108523672e-06,1.9836013624985327e-05
6.056,-1.0911240824196256e-06,0.0005206001728372822,0.0037620966280365042,0.0032886663428157714,4.446369220367785e-06,1.9780579018302547e-05
6.058,-1.0921129498520088e-06,0.0005194872682334761,0.0037578380218274976,0.0032863915856116144,4.431661154713495e-06,1.972529933147449e-05
6.0600000000000005,-1.0930836089606544e-06,0.000518376741783122,0.0037535842332381275,0.0032841184025214076,4.41700174991233e-06,1.9670174131736218e-05
6.062,-1.094036176763069e-06,0.0005172685884051731,0.0037493352568251925,0.0032818467924553563,4.402390845203996e-06,1.9615202986988933e-05
6.064,-1.0949707696106259e-06,0.000516162803029685,0.0037450910871514864,0.0032795767543243315,4.387828279828199e-06,1.956038546691019e-05
6.066,-1.095887503188564e-06,0.0005150593805975934,0.0037408517187862422,0.0032773082870400927,4.3733138939128224e-06,1.950572114228777e-05
6.0680000000000005,-1.0967864925159887e-06,0.0005139583160602701,0.0037366171463046882,0.0032750413895152874,4.358847528029841e-06,1.9451209584797624e-05
6.07,-1.0976678521679162e-06,0.0005128596043804112,0.00373238736428827,0.0032727760606630074,4.344429023417362e-06,1.9396850367670027e-05
6.072,-1.0985316960532288e-06,0.000511763240531149,0.003728162367324428,0.0032705122993972324,4.330058221535538e-06,1.9342643065023424e-05
6.074,-1.0993781371926303e-06,0.0005106692194964957,0.0037239421500068204,0.0032682501046328305,4.3157349645106535e-06,1.928858725230853e-05
6.0760000000000005,-1.1002072883847802e-06,0.0005095775362708999,0.0037197267069348783,0.003265989475285336,4.301459094913085e-06,1.923468250630833e-05
6.078,-1.1010192617622039e-06,0.0005084881858599122,0.003715516032714472,0.0032637304102707265,4.287230456201385e-06,1.9180928404693987e-05
6.08,-1.1018141685692484e-06,0.0005074011632792974,0.0037113101219574673,0.0032614729085063132,4.273048891834108e-06,1.9127324526468925e-05
6.082,-1.1025921196061717e-06,0.0005063164635559225,0.003707108969281725,0.0032592169689096284,4.258914246157985e-06,1.9073870451968844e-05
6.0840000000000005,-1.1033532252291423e-06,0.0005052340817268686,0.003702912569311101,0.003256962590399315,4.244826363963838e-06,1.902056576241762e-05
6.086,-1.1040975949061504e-06,0.0005041540128403188,0.0036987209166756685,0.0032547097718944595,4.230785090264533e-06,1.896741004037139e-05
6.088,-1.1048253378831419e-06,0.0005030762519544485,0.003694534006011496,0.0032524585123152594,4.216790271183157e-06,1.8914402869496527e-05
6.09,-1.1055365625178837e-06,0.0005020007941383131,0.0036903518319606476,0.0032502088105823557,4.202841752620756e-06,1.886154383479166e-05
6.0920000000000005,-1.106231376724054e-06,0.0005009276344716262,0.003686174389171182,0.0032479606656172777,4.188939381588597e-06,1.8808832522143604e-05
6.094,-1.1069098877491967e-06,0.0004998567680443156,0.0036820016722973747,0.003245714076342221,4.1750830053199905e-06,1.8756268518771435e-05
6.096,-1.1075722023967671e-06,0.0004987881899569668,0.003677833675999498,0.003243469041680047,4.161272471492339e-06,1.8703851412782413e-05
6.098,-1.1082184265820416e-06,0.0004977218953203799,0.0036736703949435956,0.003241225560554728,4.147507628671221e-06,1.8651580793838107e-05
6.1000000000000005,-1.1088486659982522e-06,0.0004966578792562348,0.0036695118238019298,0.0032389836318906795,4.133788325422216e-06,1.859945625271031e-05
6.102,-1.1094630256724969e-06,0.0004955961368964257,0.0036653579572527573,0.0032367432546129837,4.120114411199083e-06,1.8547477380836952e-05
6.104,-1.11006160996574e-06,0.0004945366633830606,0.0036612087899803303,0.003234504427647611,4.106485735677623e-06,1.8495643771432313e-05
6.106,-1.110644522794857e-06,0.0004934794538689058,0.003657064316674896,0.0032322671499214195,4.092902149199773e-06,1.8443955018376812e-05
6.1080000000000005,-1.1112118674105886e-06,0.0004924245035169417,0.0036529245320324755,0.003230031420361712,4.0793635025515584e-06,1.8392410716883134e-05
6.11,-1.1117637466195873e-06,0.0004913718075005846,0.003648789430755528,0.003227797237896679,4.0658696471851385e-06,1.8341010463274188e-05
6.112,-1.1123002625623712e-06,0.0004903213610032431,0.0036446590075518426,0.0032255646014553996,4.052420434552673e-06,1.8289753854983104e-05
6.114,-1.1128215169353695e-06,0.0004892731592189836,0.0036405332571358695,0.0032233335099673965,4.039015717216543e-06,1.8238640490553237e-05
6.1160000000000005,-1.1133276107688772e-06,0.00048822719735208686,0.003636412174227388,0.003221103962363081,4.025655347739132e-06,1.8187669969638165e-05
6.118,-1.1138186446491005e-06,0.0004871834706170475,0.003632295753552617,0.0032188759575737524,4.012339179571001e-06,1.8136841893001687e-05
6.12,-1.1142947184961116e-06,0.00048614197423835215,0.0036281839898435475,0.003216649494531154,3.999067066162709e-06,1.8086155862739872e-05
6.122,-1.1147559317858935e-06,0.00048510270345092366,0.003624076877837945,0.0032144245721679177,3.985838862075042e-06,1.8035611481836966e-05
6.1240000000000006,-1.1152023833282954e-06,0.00048406565349989883,0.0036199744122795696,0.003212201189417563,3.9726544216467374e-06,1.798520835438744e-05
6.126,-1.1156341717111218e-06,0.0004830308196404065,0.0036158765879181765,0.0032099793452140535,3.959513600326758e-06,1.7934946085595982e-05
6.128,-1.116051394633999e-06,0.0004819981971377896,0.003611783399509516,0.0032077590384922416,3.946416253564067e-06,1.788482428177751e-05
6.13,-1.1164541493524638e-06,0.00048096778126738293,0.0036076948418151122,0.0032055402681876455,3.933362237695803e-06,1.783484255057921e-05
6.132000000000001,-1.116842532677964e-06,0.00047993956731495757,0.0036036109096024838,0.0032033230332366713,3.920351409281153e-06,1.7785000500314396e-05
6.134,-1.1172166409778583e-06,0.00047891355057605445,0.0035995315976451447,0.0032011073325763917,3.907383625323391e-06,1.7735297740850697e-05
6.136,-1.1175765697313267e-06,0.0004778897263562065,0.0035954569007221604,0.003198893165144767,3.894458743491924e-06,1.7685733882721877e-05
6.138,-1.1179224144175492e-06,0.00047686808997138286,0.003591386813618591,0.0031966805298799805,3.881576621678207e-06,1.7636308537793965e-05
6.140000000000001,-1.1182542696275277e-06,0.00047584863674710043,0.0035873213311257146,0.0031944694257215467,3.868737118661869e-06,1.7587021319043217e-05
6.142,-1.1185722295081746e-06,0.0004748313620188682,0.0035832604480403596,0.0031922598516094247,3.855940093222543e-06,1.7537871840334063e-05
6.144,-1.1188763877623131e-06,0.0004738162611326313,0.003579204159165128,0.00319005180648424,3.843185404805993e-06,1.7488859716863203e-05
6.146,-1.1191668374266328e-06,0.0004728033294438827,0.003575152459308839,0.0031878452892875053,3.830472913302074e-06,1.7439984564715516e-05
6.148,-1.1194436713157785e-06,0.0004717925623181074,0.003571105343285863,0.0031856402989614008,3.81780247904473e-06,1.7391246001308147e-05
6.15,-1.1197069815782612e-06,0.0004707839551307824,0.0035670628059163434,0.003183436834448994,3.805173962811992e-06,1.7342643644724376e-05
6.152,-1.1199568596964582e-06,0.00046977750326715473,0.003563024842026641,0.0031812348946937963,3.7925872260480276e-06,1.7294177114157705e-05
6.154,-1.120193396930702e-06,0.00046877320212224127,0.003558991446448667,0.003179034478640208,3.780042130419048e-06,1.724584603035595e-05
6.156,-1.1204166838751917e-06,0.00046777104710127304,0.0035549626140203294,0.0031768355852332952,3.767538538257398e-06,1.7197650014511012e-05
6.158,-1.1206268106800366e-06,0.0004667710336188069,0.0035509383395850858,0.003174638213419012,3.755076312117467e-06,1.714958868936911e-05
6.16,-1.1208238670512571e-06,0.00046577315709961375,0.0035469186179926115,0.003172442362143757,3.7426553149977337e-06,1.7101661678342595e-05
6.162,-1.12100794202874e-06,0.00046477741297801245,0.0035429034440979112,0.0031702480303550384,3.730275410562811e-06,1.705386860617608e-05
6.164,-1.121179124430327e-06,0.0004637837966980918,0.0035388928127622066,0.003168055217000809,3.7179364629214007e-06,1.7006209098724412e-05
6.166,-1.1213375024077266e-06,0.0004627923037137105,0.0035348867188520483,0.00316586392102991,3.705638336404249e-06,1.695868278250856e-05
6.168,-1.1214831636685574e-06,0.0004618029294884973,0.0035308851572404265,0.003163674141391848,3.693380896008236e-06,1.691128928538177e-05
6.17,-1.1216161954763493e-06,0.0004608156694956289,0.0035268881228054383,0.003161485877036796,3.6811640071743312e-06,1.686402823608546e-05
6.172,-1.1217366844284982e-06,0.00045983051921805185,0.003522895610431398,0.0031592991269155934,3.668987535565549e-06,1.6816899264471274e-05
6.174,-1.1218447169003554e-06,0.0004588474741484827,0.003518907615008171,0.0031571138899799678,3.6568513475110365e-06,1.676990200150108e-05
6.176,-1.121940378823183e-06,0.0004578665297889639,0.003514924131431396,0.0031549301651823125,3.6447553097840313e-06,1.6723036079024922e-05
6.178,-1.1220237554621093e-06,0.0004568876816513079,0.003510945154602707,0.0031527479514759094,3.632699289379815e-06,1.667630113000307e-05
6.18,-1.1220949316381734e-06,0.00045591092525687493,0.0035069706794292888,0.003150567247814484,3.6206831539598028e-06,1.662969678850601e-05
6.182,-1.1221539917283252e-06,0.0004549362561365733,0.0035030007008238773,0.003148388053152429,3.6087067716294996e-06,1.6583222689492416e-05
6.184,-1.1222010196654253e-06,0.00045396366983108116,0.003499035213705204,0.0031462103664452457,3.5967700107164546e-06,1.653687846903118e-05
6.186,-1.1222360991602898e-06,0.0004529931618904026,0.003495074212997773,0.003144034186649103,3.584872740214351e-06,1.6490663764079372e-05
6.188,-1.1222593130355563e-06,0.00045202472787408965,0.00349111769363164,0.0031418595127203908,3.5730148293389163e-06,1.6444578212704286e-05
6.19,-1.1222707438918178e-06,0.0004510583633510201,0.003487165650542634,0.003139686343616832,3.5611961479720122e-06,1.6398621453861395e-05
6.192,-1.1222704738855782e-06,0.00045009406389984186,0.0034832180786723566,0.0031375146782965935,3.5494165662175448e-06,1.635279312783844e-05
6.194,-1.1222585845072075e-06,0.00044913182510852856,0.0034792749729679606,0.003135344515718508,3.5376759546235093e-06,1.630709287558929e-05
6.196,-1.1222351572470757e-06,0.0004481716425743798,0.0034753363283823724,0.003133175854842074,3.525974184404035e-06,1.6261520339178048e-05
6.198,-1.1222002727073743e-06,0.00044721351190402103,0.003471402139874291,0.0031310086946279014,3.5143111269952954e-06,1.6216075161556986e-05
6.2,-1.1221540110462058e-06,0.00044625742871384766,0.0034674724024079673,0.003128843034036821,3.5026866542775537e-06,1.6170756987010648e-05
6.202,-1.1220964524216726e-06,0.0004453033886291369,0.0034635471109534244,0.0031266788720307748,3.491100638575162e-06,1.6125565460711755e-05
6.204,-1.1220276761036985e-06,0.00044435138728493584,0.003459626260486237,0.0031245162075721478,3.479552952434517e-06,1.608050022849916e-05
6.206,-1.121947761140163e-06,0.00044340142032539553,0.0034557098459877533,0.003122355039624214,3.468043469290194e-06,1.603556093754399e-05
6.208,-1.121856786134856e-06,0.0004424534834037708,0.003451797862445094,0.003120195367150913,3.456572062576768e-06,1.59907472356835e-05
6.21,-1.1217548292474788e-06,0.00044150757218308634,0.0034478903048507092,0.0031180371891170733,3.4451386063949485e-06,1.5946058772087213e-05
6.212,-1.121641968193643e-06,0.0004405636823352488,0.0034439871682030443,0.0031158805044877447,3.4337429750674886e-06,1.590149519681283e-05
6.214,-1.1215182802448709e-06,0.0004396218095417126,0.0034400884475058735,0.0031137253122293096,3.422385043583276e-06,1.5857056160806238e-05
6.216,-1.121383842228596e-06,0.00043868194949281403,0.0034361941377687444,0.0031115716113083725,3.4110646871532424e-06,1.5812741316123535e-05
6.218,-1.1212387305281624e-06,0.00043774409788843727,0.0034323042340069776,0.003109419400692648,3.3997817814324094e-06,1.5768550315486962e-05
6.22,-1.1210830210828249e-06,0.0004368082504373483,0.003428418731241223,0.0031072686793502946,3.3885362022978427e-06,1.5724482812951024e-05
6.222,-1.1209167896097938e-06,0.0004358744028576389,0.003424537624497903,0.0031051194462501375,3.3773278265147866e-06,1.568053846323636e-05
6.224,-1.1207401111601456e-06,0.0004349425508765048,0.0034206609088089923,0.0031029717003618895,3.3661565308484853e-06,1.5636716922395877e-05
6.226,-1.1205530605629122e-06,0.0004340126902304675,0.0034167885792120156,0.00310082544065593,3.3550221925082724e-06,1.5593017847148616e-05
6.228,-1.1203557119809915e-06,0.00043308481666470833,0.0034129206307502713,0.003098680666103526,3.343924689369615e-06,1.5549440895101796e-05
6.23,-1.1201481395772817e-06,0.00043215892593395644,0.0034090570584726088,0.003096537375676167,3.3328638995300253e-06,1.5505985725194904e-05
6.232,-1.1199304168485469e-06,0.0004312350138016008,0.0034051978574334285,0.003094395568346675,3.321839701531104e-06,1.5462651996811516e-05
6.234,-1.1197026166254176e-06,0.0004303130760405782,0.003401343022692682,0.0030922552430880934,3.3108519741364972e-06,1.5419439370667476e-05
6.236,-1.1194648119605688e-06,0.00042939310843248535,0.0033974925493156505,0.003090116398874354,3.2999005967759842e-06,1.537634750858885e-05
6.238,-1.1192170747964525e-06,0.00042847510676780054,0.0033936464323736093,0.003087979034680055,3.2889854491013892e-06,1.5333376072845795e-05
6.24,-1.1189594772975653e-06,0.0004275590668465501,0.0033898046669431636,0.0030858431494806826,3.27810641143067e-06,1.529052472681869e-05
6.242,-1.11869209096227e-06,0.000426644984477198,0.0033859672481066916,0.003083708742252389,3.267263364081785e-06,1.5247793134998133e-05
6.244,-1.1184149866227955e-06,0.0004257328554773121,0.0033821341709516783,0.0030815758119717707,3.2564561880388254e-06,1.520518096276291e-05
6.246,-1.1181282351113708e-06,0.000424822675673564,0.0033783054305713822,0.003079444357616312,3.245684764507928e-06,1.5162687876379977e-05
6.248,-1.1178319068161358e-06,0.00042391444090128516,0.0033744810220646126,0.0030773143781641643,3.2349489753613625e-06,1.5120313543004471e-05
6.25,-1.1175260716811408e-06,0.00042300814700491074,0.0033706609405359522,0.003075185872594366,3.2242487024713995e-06,1.5078057630679709e-05
6.252,-1.1172107992063474e-06,0.00042210378983775776,0.0033668451810948685,0.0030730588398864,3.213583828376443e-06,1.5035919808559228e-05
6.2540000000000004,-1.1168861584476275e-06,0.00042120136526180296,0.0033630337388570464,0.003070933279020638,3.2029542360589858e-06,1.4993899746462702e-05
6.256,-1.1165522182388088e-06,0.0004203008691479049,0.0033592266089432776,0.0030688091889781166,3.192359808723566e-06,1.495199711554207e-05
6.258,-1.1162090469696295e-06,0.00041940229737602586,0.003355423786479683,0.00306668656874054,3.1818004300188107e-06,1.4910211587393363e-05
6.26,-1.1158567125857388e-06,0.00041850564583456595,0.0033516252665983792,0.003064565417290277,3.171275984037436e-06,1.4868542834944876e-05
6.2620000000000005,-1.1154952825886966e-06,0.00041761091042102905,0.003347831044436589,0.003062445733610586,3.160786355094203e-06,1.482699053179104e-05
6.264,-1.1151248244800627e-06,0.0004167180870413567,0.0033440411151373084,0.0030603275166851684,3.150331427947961e-06,1.4785554352414465e-05
6.266,-1.1147454048732186e-06,0.0004158271716103723,0.003340255473848641,0.0030582107654986146,3.13991108780165e-06,1.4744233972407983e-05
6.268,-1.1143570903815458e-06,0.00041493816005178097,0.0033364741157246858,0.0030560954790361805,3.1295252203022983e-06,1.470302906803056e-05
6.2700000000000005,-1.1139599471743367e-06,0.0004140510482979476,0.0033326970359244257,0.0030539816562837885,3.119173711318979e-06,1.4661939316651385e-05
6.272,-1.1135540407547495e-06,0.00041316583228967474,0.0033289242296126176,0.003051869296228249,3.108856447164854e-06,1.4620964396527825e-05
6.274,-1.1131394368479874e-06,0.0004122825079766468,0.0033251556919593472,0.0030497583978565945,3.098573314597175e-06,1.4580103986583381e-05
6.276,-1.112716200291075e-06,0.0004114010713169858,0.0033213914181402515,0.003047648960156968,3.0883242005952383e-06,1.4539357767073824e-05
6.2780000000000005,-1.1122843956989925e-06,0.0004105215182779176,0.0033176314033365184,0.003045540982118178,3.078108992582429e-06,1.449872541869901e-05
6.28,-1.1118440872426305e-06,0.0004096438448348838,0.003313875642734443,0.0030434344627296994,3.0679275784262217e-06,1.4458206623046976e-05
6.282,-1.11139533909288e-06,0.00040876804697198565,0.003310124131525871,0.003041329400981674,3.0577798462161354e-06,1.4417801063038027e-05
6.284,-1.1109382147544977e-06,0.00040789412068198416,0.0033063768649084224,0.0030392257958649083,3.0476656844857786e-06,1.43775084222586e-05
6.2860000000000005,-1.1104727772881517e-06,0.00040702206196607804,0.003302633838084601,0.0030371236463710982,3.0375849824348933e-06,1.4337328384961268e-05
6.288,-1.1099990897545098e-06,0.00040615186683412574,0.003298895046262462,0.003035022951492383,3.027537629041177e-06,1.4297260636508824e-05
6.29,-1.1095172145481058e-06,0.0004052835313044234,0.0032951604846558347,0.003032923710221569,3.017523514170506e-06,1.4257304863152243e-05
6.292,-1.1090272138414292e-06,0.0004044170514039269,0.003291430148483432,0.003030825921552349,3.0075425276887557e-06,1.421746075180863e-05
6.2940000000000005,-1.1085291493628802e-06,0.0004035524231678078,0.0032877040329697405,0.003028729584479306,2.9975945599058917e-06,1.4177727990505318e-05
6.296,-1.1080230826188142e-06,0.00040268964263989737,0.003283982133344354,0.0030266346979972436,2.987679501798013e-06,1.4138106268157813e-05
6.298,-1.1075090748935423e-06,0.0004018287058726866,0.003280264444842418,0.003024541261101854,2.977797244341218e-06,1.4098595274347758e-05
6.3,-1.1069871868052417e-06,0.0004009696089266601,0.0032765509627044054,0.003022449272789718,2.9679476789556958e-06,1.405919469976702e-05
6.3020000000000005,-1.1064574787500447e-06,0.0004001123478709623,0.0032728416821763417,0.0030203587320578595,2.958130697505723e-06,1.4019904235773595e-05
6.304,-1.105920010679995e-06,0.00039925691878317515,0.003269136598509137,0.0030182696379039697,2.9483461922996668e-06,1.3980723574613663e-05
6.306,-1.1053748425471355e-06,0.00039840331774909643,0.003265435706959474,0.0030161819893266273,2.938594055867938e-06,1.3941652409421579e-05
6.308,-1.104822033637376e-06,0.0003975515408629615,0.0032617390027893656,0.003014095785325077,2.9288741809629926e-06,1.3902690433997833e-05
6.3100000000000005,-1.104261643236626e-06,0.0003967015842274435,0.0032580464812659304,0.0030120110248992304,2.91918646100342e-06,1.3863837343475183e-05
6.312,-1.1036937297426164e-06,0.0003958534439532091,0.003254358137661839,0.0030099277070496644,2.9095307894078104e-06,1.3825092833430475e-05
6.314,-1.103118351775123e-06,0.00039500711615980677,0.003250673967254869,0.0030078458307776224,2.8999070602608867e-06,1.3786456600550778e-05
6.316,-1.1025355675098325e-06,0.0003941625969745566,0.0032469939653283486,0.003005765395085236,2.8903151678694172e-06,1.3747928342189297e-05
6.3180000000000005,-1.1019454344562973e-06,0.00039331988253321626,0.0032433181271709355,0.0030036863989748586,2.8807550067622145e-06,1.3709507756587413e-05
6.32,-1.1013480103461148e-06,0.00039247896897998125,0.0032396464480763942,0.0030016088414501763,2.871226472134225e-06,1.3671194542652643e-05
6.322,-1.100743352022704e-06,0.00039163985246681854,0.0032359789233438185,0.002999532721515097,2.8617294591803955e-06,1.3632988400624768e-05
6.324,-1.1001315163294834e-06,0.0003908025291545769,0.003232315548277853,0.0029974580381741944,2.852263863761806e-06,1.3594889030965618e-05
6.3260000000000005,-1.0995125596657829e-06,0.0003899669952116547,0.003228656318188028,0.002995384790432931,2.8428295817395366e-06,1.3556896135469287e-05
6.328,-1.0988865382088875e-06,0.00038913324681510986,0.0032250012283896456,0.0029933129772974354,2.8334265096408018e-06,1.3519009416596006e-05
6.33,-1.098253507691993e-06,0.0003883012801499941,0.0032213502742028943,0.0029912425977747237,2.8240545439928155e-06,1.3481228577694182e-05
6.332,-1.0976135238482954e-06,0.00038747109140935265,0.003217703450953513,0.0029891736508720346,2.8147135822109703e-06,1.3443553322778357e-05
6.3340000000000005,-1.0969666415228119e-06,0.00038664267679466846,0.0032140607539723476,0.002987106135597495,2.805403521488614e-06,1.340598335675125e-05
6.336,-1.0963129157826046e-06,0.00038581603251541807,0.0032104221785955733,0.0029850400509601194,2.796124259463184e-06,1.3368518385181716e-05
6.338,-1.0956524012506463e-06,0.00038499115478907164,0.0032067877201646944,0.0029829753959693672,2.786875694438251e-06,1.3331158114970876e-05
6.34,-1.0949851521058207e-06,0.00038416803984109293,0.003203157374026322,0.0029809121696355856,2.7776577249394308e-06,1.3293902253241896e-05
6.3420000000000005,-1.0943112223049667e-06,0.0003833466839053834,0.0031995311355323963,0.0029788503709695657,2.7684702494923386e-06,1.325675050845021e-05
6.344,-1.093630665360834e-06,0.00038252708322361606,0.003195909000039965,0.002976789998982987,2.759313167288724e-06,1.3219702589495341e-05
6.346,-1.0929435347861727e-06,0.00038170923404545753,0.003192290962911626,0.0029747310526879733,2.7501863777423807e-06,1.3182758206387035e-05
6.348,-1.0922498834275984e-06,0.00038089313262856805,0.003188677019514863,0.002972673531097536,2.7410897807111922e-06,1.3145917069579127e-05
6.3500000000000005,-1.0915497641317273e-06,0.00038007877523904554,0.0031850671652224882,0.0029706174332255753,2.7320232762750862e-06,1.3109178890635675e-05
6.352,-1.0908432290790415e-06,0.0003792661581503154,0.0031814613954126436,0.002968562758086213,2.722986764736035e-06,1.3072543381786872e-05
6.354,-1.0901303306720678e-06,0.0003784552776442407,0.0031778597054685775,0.002966509504694459,2.7139801468401004e-06,1.3036010256151087e-05
6.356,-1.089411120647199e-06,0.0003776461300104561,0.0031742620907788677,0.00296445767206599,2.705003323777433e-06,1.2999579227512825e-05
6.3580000000000005,-1.0886856505187836e-06,0.00037683871154636783,0.0031706685467371987,0.002962407259217148,2.696056196960228e-06,1.2963250010544769e-05
6.36,-1.0879539713570807e-06,0.00037603301855759774,0.0031670790687423622,0.002960358265165164,2.6871386682447707e-06,1.292702232080778e-05
6.362,-1.0872161342323494e-06,0.00037522904735753926,0.003163493652198479,0.002958310688927712,2.678250639487345e-06,1.2890895874528852e-05
6.364,-1.0864721899928043e-06,0.00037442679426735737,0.003159912292514777,0.002956264529523134,2.66939201321037e-06,1.2854870388823159e-05
6.3660000000000005,-1.0857221885984814e-06,0.00037362625561621066,0.003156334985105813,0.0029542197859704356,2.660562692158308e-06,1.2818945581472008e-05
6.368,-1.084966180453506e-06,0.0003728274277410293,0.003152761725391029,0.0029521764572895126,2.6517625792976673e-06,1.2783121171144884e-05
6.37,-1.0842042150738251e-06,0.00037203030698651496,0.0031491925087954176,0.002950134542500926,2.6429915780390445e-06,1.2747396877399453e-05
6.372,-1.0834363421974302e-06,0.000371234889705363,0.003145627330748857,0.0029480940406256817,2.634249592015081e-06,1.2711772420237466e-05
6.3740000000000006,-1.082662610896179e-06,0.00037044117225781825,0.003142066186686332,0.0029460549506856726,2.6255365253025076e-06,1.26762475207709e-05
6.376,-1.081883070241929e-06,0.00036964915101211915,0.0031385090720479347,0.0029440172717034585,2.616852281978055e-06,1.2640821900777865e-05
6.378,-1.0810977686404044e-06,0.00036885882234405365,0.0031349559822793083,0.002941981002702043,2.6081967667845873e-06,1.2605495282702606e-05
6.38,-1.0803067547193734e-06,0.0003680701826374033,0.0031314069128309807,0.0029399461427053186,2.5995698849090587e-06,1.2570267389877543e-05
6.382000000000001,-1.0795100762184262e-06,0.00036728322828349924,0.003127861859158365,0.0029379126907378428,2.590971541316378e-06,1.2535137946523278e-05
6.384,-1.078707781321242e-06,0.000366497955681222,0.0031243208167224257,0.002935880645824618,2.5824016416375883e-06,1.2500106677304501e-05
6.386,-1.0778999173233217e-06,0.0003657143612376679,0.0031207837809890115,0.002933850006991756,2.5738600919478216e-06,1.2465173307996125e-05
6.388,-1.077086531520166e-06,0.0003649324413670385,0.003117250747429079,0.002931820773265592,2.56534679832221e-06,1.2430337565039196e-05
6.390000000000001,-1.0762676709852315e-06,0.0003641521924915292,0.003113721711518913,0.0029297929436735703,2.5568616670579303e-06,1.2395599175540895e-05
6.392,-1.0754433823478848e-06,0.0003633736110408847,0.003110196668739462,0.0029277665172435796,2.5484046053403375e-06,1.236095786749658e-05
6.394,-1.0746137122374932e-06,0.0003625966934523994,0.0031066756145772256,0.0029257414930039527,2.5399755201327423e-06,1.2326413369567746e-05
6.396,-1.07377870661729e-06,0.00036182143617113915,0.0031031585445235876,0.0029237178699841326,2.5315743188425444e-06,1.2291965411304062e-05
6.398000000000001,-1.072938411450508e-06,0.0003610478356497193,0.0030996454540750396,0.0029216956472137845,2.523200909099188e-06,1.225761372269929e-05
6.4,-1.0720928724783363e-06,0.0003602758883483048,0.0030961363387331797,0.0029196748237236836,2.5148551991982515e-06,1.2223358034857412e-05
6.402,-1.071242134997874e-06,0.00035950559073438804,0.0030926311940044915,0.0029176553985450493,2.506537097435313e-06,1.2189198079548547e-05
6.404,-1.0703862443062206e-06,0.00035873693928345496,0.0030891300154007872,0.002915637370709989,2.498246512327995e-06,1.21551335889869e-05
6.406,-1.0695252450343418e-06,0.00035796993047831904,0.0030856327984387644,0.002913620739250833,2.48998335283801e-06,1.2121164296718945e-05
6.408,-1.068659181813203e-06,0.0003572045608091212,0.0030821395386404493,0.002911605503200798,2.4817475283711588e-06,1.2087289936513201e-05
6.41,-1.0677880990517252e-06,0.000356440826773774,0.0030786502315325315,0.002909591661593991,2.4735389483332426e-06,1.2053510243026366e-05
6.412,-1.066912040936785e-06,0.0003556787248775173,0.0030751648726470293,0.0029075792134649614,2.465357522574152e-06,1.201982495158127e-05
6.414,-1.0660310509891247e-06,0.0003549182516331406,0.0030716834575210683,0.0029055681578491477,2.4572031613878664e-06,1.1986233798610968e-05
6.416,-1.0651451731735762e-06,0.0003541594035607609,0.003068205981696437,0.00290355849378221,2.44907577529041e-06,1.1952736520992602e-05
6.418,-1.0642544505667928e-06,0.0003534021771880447,0.0030647324407202525,0.002901550220300919,2.4409752747978075e-06,1.1919332856269449e-05
6.42,-1.063358926245428e-06,0.00035264656905020786,0.0030612628301445177,0.0028995433364424894,2.4329015710922164e-06,1.1886022542872965e-05
6.422,-1.0624586430640903e-06,0.0003518925756895719,0.003057797145526342,0.0028975378412448016,2.4248545755778395e-06,1.1852805319900739e-05
6.424,-1.0615536434332995e-06,0.00035114019365578564,0.0030543353824277197,0.0028955337337466247,2.4168341996588794e-06,1.1819680927338538e-05
6.426,-1.0606439699856196e-06,0.00035038941950626956,0.0030508775364159746,0.0028935310129869496,2.4088403554056725e-06,1.178664910561622e-05
6.428,-1.0597296644654364e-06,0.00034964024980554953,0.003047423603062871,0.0028915296780058775,2.4008729551106e-06,1.175370959605182e-05
6.43,-1.0588107690612247e-06,0.00034889268112570093,0.0030439735779457244,0.0028895297278441756,2.392931911066043e-06,1.1720862140629507e-05
6.432,-1.0578873250732812e-06,0.00034814671004568254,0.0030405274566465135,0.0028875311615428334,2.385017136230516e-06,1.1688106482221627e-05
6.434,-1.0569593738019023e-06,0.0003474023331522247,0.0030370852347523236,0.0028855339781439504,2.3771285435625344e-06,1.165544236414462e-05
6.436,-1.0560269565473845e-06,0.0003466595470389411,0.0030336469078551254,0.0028835381766900703,2.3692660466867466e-06,1.1622869530603097e-05
6.438,-1.0550901141659352e-06,0.000345918348307217,0.0030302124715519962,0.002881543756224403,2.3614295590057566e-06,1.1590387726689855e-05
6.44,-1.0541488870696725e-06,0.0003451787335650991,0.0030267819214448988,0.002879550715790824,2.3536189945883024e-06,1.155799669771973e-05
6.442,-1.053203315892759e-06,0.0003444406994284055,0.0030233552531409025,0.002877559054434098,2.3458342677251665e-06,1.1525696190117785e-05
6.444,-1.0522534406032236e-06,0.0003437042425200598,0.00301993246225174,0.0028755687711992106,2.3380752927071313e-06,1.1493485950975213e-05
6.446,-1.0512993011690952e-06,0.00034296935946986906,0.0030165135443942503,0.0028735798651322586,2.3303419844911133e-06,1.1461365728049344e-05
6.448,-1.0503409371143135e-06,0.0003422360469151897,0.0030130984951901585,0.0028715923352797823,2.3226342580340287e-06,1.142933526976364e-05
6.45,-1.0493783879628182e-06,0.0003415043015004837,0.0030096873102662958,0.0028696061806889883,2.3149520289589276e-06,1.13973943252077e-05
6.452,-1.0484116930165044e-06,0.0003407741198773184,0.0030062799852543787,0.0028676214004077494,2.3072952126668156e-06,1.136554264413725e-05
6.454,-1.0474408911331778e-06,0.0003400454987043666,0.0030028765157910087,0.0028656379934846044,2.299663725224832e-06,1.1333779977196201e-05
6.456,-1.0464660211706445e-06,0.00033931843464762856,0.00299947689751745,0.0028636559589687582,2.292057482700116e-06,1.1302106075472551e-05
6.458,-1.0454871217646655e-06,0.00033859292438020994,0.0029960811260802966,0.002861675295910082,2.2844764016038965e-06,1.127052069116452e-05
6.46,-1.0445042308848684e-06,0.0003378689645820998,0.0029926891971310265,0.0028596960033591134,2.2769203986694464e-06,1.1239023576692375e-05
6.462,-1.0435173867229253e-06,0.00033714655194039267,0.0029893011063255592,0.0028577180803670554,2.2693893908520835e-06,1.1207614485364559e-05
6.464,-1.0425266272484635e-06,0.00033642568314973254,0.002985916849325365,0.0028557415259855556,2.2618832957732593e-06,1.1176293171377694e-05
6.466,-1.0415319899870212e-06,0.0003357063549112027,0.0029825364217961337,0.0028537663392671497,2.2544020306103363e-06,1.1145059389372491e-05
6.468,-1.0405335122420922e-06,0.00033498856393321397,0.002979159819409105,0.0028517925192652616,2.246945513428855e-06,1.1113912894655797e-05
6.47,-1.03953123131717e-06,0.0003342723069312825,0.002975787037839961,0.002849820065033315,2.2395136622943568e-06,1.1082853443200591e-05
6.472,-1.0385251842937038e-06,0.00033355758062780794,0.0029724180727692673,0.002847848975626066,2.232106395716471e-06,1.105188079186803e-05
6.474,-1.0375154075870086e-06,0.00033284438175229525,0.0029690529198826976,0.002845879250098493,2.224723632204828e-06,1.102099469796336e-05
6.476,-1.0365019378344442e-06,0.00033213270704113285,0.00296569157487081,0.00284391088750624,2.217365290713147e-06,1.0990194919680008e-05
6.478,-1.035484811451326e-06,0.0003314225532375925,0.002962334033428826,0.00284194388690584,2.2100312904171915e-06,1.0959481215877531e-05
6.48,-1.0344640644088798e-06,0.0003307139170922735,0.002958980291256852,0.002839978247354491,2.2027215509368148e-06,1.0928853346081624e-05
6.482,-1.0334397326783318e-06,0.0003300067953624364,0.0029556303440596565,0.002838013967909614,2.1954359918918698e-06,1.0898311070262068e-05
6.484,-1.0324118517868186e-06,0.00032930118481222515,0.0029522841875473382,0.0028360510476297396,2.188174533124254e-06,1.0867854149054779e-05
6.486,-1.031380457261477e-06,0.0003285970822128892,0.0029489418174346582,0.002834089485574065,2.1809370951419993e-06,1.0837482344205895e-05
6.488,-1.0303455844073994e-06,0.00032789448434233925,0.0029456032294410406,0.0028321292808020093,2.1737235984531367e-06,1.0807195417683602e-05
6.49,-1.0293072680855886e-06,0.0003271933879855915,0.0029422684192907944,0.0028301704323741017,2.1665339637877423e-06,1.0776993132344259e-05
6.492,-1.0282655431570475e-06,0.00032649378993432343,0.0029389373827131138,0.0028282129393513156,2.159368112097937e-06,1.0746875251710364e-05
6.494,-1.0272204444827793e-06,0.000325795686987318,0.0029356101154418557,0.0028262568007950684,2.1522259647799302e-06,1.07168415397485e-05
6.496,-1.0261720060356083e-06,0.0003250990759500194,0.002932286613215984,0.0028243020157678878,2.145107443451977e-06,1.0686891761313433e-05
6.498,-1.0251202622324485e-06,0.0003244039536347554,0.002928966871779126,0.0028223485833325235,2.138012469732331e-06,1.0657025681926058e-05
6.5,-1.0240652472681688e-06,0.0003237103168607369,0.0029256508868795716,0.0028203965025526134,2.1309409659053813e-06,1.0627243067551362e-05
6.502,-1.0230069946715048e-06,0.00032301816245361437,0.0029223386542707175,0.0028184457724924616,2.1238928544775604e-06,1.059754368504251e-05
6.5040000000000004,-1.0219455379711917e-06,0.0003223274872463655,0.0029190301697104015,0.0028164963922168162,2.1168680577332566e-06,1.0567927301696756e-05
6.506,-1.0208809106959649e-06,0.00032163828807840744,0.0029157254289613466,0.0028145483607913135,2.109866498622992e-06,1.0538393685699532e-05
6.508,-1.0198131459304705e-06,0.0003209505617958186,0.0029124244277913824,0.002812601677282034,2.1028881003193334e-06,1.0508942605458316e-05
6.51,-1.0187422767593546e-06,0.0003202643052515608,0.002909127161972558,0.002810656340755946,2.095932786216892e-06,1.0479573830490807e-05
6.5120000000000005,-1.0176683360452188e-06,0.00031957951530547923,0.0029058336272822505,0.0028087123502802402,2.0890004799323236e-06,1.045028713098084e-05
6.514,-1.0165913562065754e-06,0.00031889618882363635,0.002902543819502279,0.0028067697049232176,2.082091105304329e-06,1.0421082277334293e-05
6.516,-1.0155113696619367e-06,0.00031821432267942207,0.002899257734419125,0.002804828403753623,2.0752045866156976e-06,1.0391959040845222e-05
6.518,-1.0144284086077704e-06,0.00031753391375244355,0.002895975367824377,0.0028028884458408676,2.0683408481492194e-06,1.036291719347382e-05
6.5200000000000005,-1.0133425052405443e-06,0.00031685495892919135,0.002892696715514065,0.0028009498302550284,2.0614998144097285e-06,1.0333956507624364e-05
6.522,-1.0122536910905922e-06,0.00031617745510281736,0.0028894217732888805,0.002799012556066849,2.0546814103461486e-06,1.0305076756589315e-05
6.524,-1.0111619979102926e-06,0.00031550139917291276,0.0028861505369546236,0.0027970766223475163,2.0478855611294478e-06,1.0276277714327264e-05
6.526,-1.0100674572299795e-06,0.00031482678804573005,0.0028828830023217566,0.0027951420281688844,2.0411121921526387e-06,1.0247559155018848e-05
6.5280000000000005,-1.0089701001358975e-06,0.00031415361863440516,0.002879619165205183,0.0027932087726039168,2.034361229030779e-06,1.0218920853954927e-05
6.53,-1.0078699577142913e-06,0.00031348188785829123,0.0028763590214249124,0.0027912768547255773,2.02763259760097e-06,1.0190362586648405e-05
6.532,-1.0067670610514057e-06,0.0003128115926436248,0.0028731025668051746,0.00278934627360794,2.020926223922359e-06,1.0161884129500365e-05
6.534,-1.0056614405673514e-06,0.0003121427299230817,0.0028698497971755277,0.002787417028325301,2.0142420344981815e-06,1.0133485259578023e-05
6.5360000000000005,-1.0045531266822394e-06,0.000311475296635777,0.0028666007083697487,0.002785489117953066,2.007579955831673e-06,1.0105165754392686e-05
6.538,-1.0034421498161805e-06,0.00031080928972770927,0.0028633552962262776,0.002783562541567086,2.0009399146481144e-06,1.0076925392121794e-05
6.54,-1.002328540167241e-06,0.0003101447061508722,0.0028601135565886615,0.0027816372982436555,1.9943218383389194e-06,1.0048763951608919e-05
6.542,-1.0012123277114426e-06,0.0003094815428643649,0.0028568754853048883,0.0027797133870601787,1.987725654073458e-06,1.0020681212363769e-05
6.5440000000000005,-1.0000935419807178e-06,0.00030881979683328176,0.002853641078227609,0.0027777908070940605,1.9811512894651884e-06,9.99267695434014e-06
6.546,-9.989722127290435e-07,0.00030815946502960045,0.002850410331214359,0.0027758695574238157,1.97459867212757e-06,9.964750958380009e-06
6.548,-9.978483692663076e-07,0.000307500544431516,0.0028471832401271158,0.0027739496371284034,1.968067730340195e-06,9.936903005547393e-06
6.55,-9.96722040902398e-07,0.0003068430320236626,0.0028439598008325184,0.0027720310452876706,1.9615583923826563e-06,9.909132877794491e-06
6.5520000000000005,-9.955932565031134e-07,0.0003061869247973359,0.002840740009202092,0.0027701137809816867,1.9550705865345464e-06,9.881440357739635e-06
6.554,-9.944620451562969e-07,0.00030553221975004874,0.0028375238611118014,0.002768197843291631,1.9486042417415916e-06,9.853825228445245e-06
6.556,-9.933284355057026e-07,0.0003048789138857533,0.002834311352442498,0.002766283231298905,1.942159287171563e-06,9.826287273639878e-06
6.558,-9.9219245597304e-07,0.00030422700421484095,0.0028311024790792505,0.0027643699440855762,1.9357356517701874e-06,9.798826277496175e-06
6.5600000000000005,-9.910541347579738e-07,0.0003035764877541425,0.0028278972369122357,0.0027624579807348226,1.9293332651493245e-06,9.771442025074961e-06
6.562,-9.899135002822135e-07,0.0003029273615269279,0.002824695621836071,0.002760547340329822,1.9229520569208347e-06,9.744134301881147e-06
6.564,-9.887705803013347e-07,0.0003022796225626845,0.002821497629750036,0.0027586380219548623,1.9165919571406675e-06,9.716902894085777e-06
6.566,-9.876254027929576e-07,0.00030163326789711675,0.0028183032565580746,0.0027567300246946758,1.9102528958647724e-06,9.689747588526032e-06
6.5680000000000005,-9.86477995512658e-07,0.0003009882945725906,0.0028151124981687925,0.0027548233476344386,1.903934803593188e-06,9.662668172261135e-06
6.57,-9.85328385771922e-07,0.000300344699637467,0.002811925350495015,0.0027529179898604372,1.897637610825953e-06,9.635664433460533e-06
6.572,-9.841766008822361e-07,0.00029970248014654643,0.0028087418094546734,0.00275101395045918,1.8913612485071951e-06,9.608736160515718e-06
6.574,-9.830226679330423e-07,0.0002990616331610685,0.0028055618709701413,0.002749111228517842,1.8851056475810424e-06,9.581883142484315e-06
6.5760000000000005,-9.818666140137822e-07,0.00029842215574849007,0.002802385530968232,0.0027472098231244857,1.8788707394357118e-06,9.555105169090083e-06
6.578,-9.807084657698084e-07,0.0002977840449822633,0.0027992127853806448,0.002745309733367618,1.872656455681465e-06,9.528402030500871e-06
6.58,-9.795482500685182e-07,0.00029714729794227956,0.0027960436301435188,0.002743410958336412,1.8664627281506085e-06,9.501773517772705e-06
6.582,-9.78385993111175e-07,0.00029651191171486957,0.0027928780611974346,0.0027415134971207067,1.8602894886754484e-06,9.475219422183656e-06
6.5840000000000005,-9.772217213210865e-07,0.0002958778833923592,0.002789716074487858,0.0027396173488107856,1.8541366695323802e-06,9.448739535899975e-06
6.586,-9.760554608995164e-07,0.00029524521007329163,0.002786557665964695,0.00273772251249782,1.8480042029977994e-06,9.422333651532e-06
6.588,-9.748872378256834e-07,0.00029461388886242723,0.0027834028315822934,0.0027358289872734254,1.8418920220142354e-06,9.39600156213416e-06
6.59,-9.737170780788063e-07,0.00029398391687074366,0.002780251567299663,0.0027339367722301056,1.8358000593021728e-06,9.36974306164906e-06
6.5920000000000005,-9.725450069719699e-07,0.00029335529121521375,0.0027771038690804772,0.0027320458664605862,1.8297282480261856e-06,9.343557944241354e-06
6.594,-9.713710502623485e-07,0.0002927280090194717,0.002773959732892628,0.0027301562690587033,1.8236765215728923e-06,9.31744600496387e-06
6.596,-9.70195233263027e-07,0.00029210206741270284,0.0027708191547091143,0.002728267979118515,1.8176448133289114e-06,9.291407039313526e-06
6.598,-9.690175810650459e-07,0.0002914774635305317,0.002767682130506932,0.002726380995734745,1.8116330571249506e-06,9.265440843231332e-06
6.6000000000000005,-9.678381187594454e-07,0.00029085419451457817,0.002764548656267962,0.0027244953180030063,1.8056411870137623e-06,9.239547213546473e-06
6.602,-9.666568714372659e-07,0.00029023225751290127,0.0027614187279785263,0.0027226109450193547,1.7996691372701434e-06,9.21372594731018e-06
6.604,-9.65473863523414e-07,0.00028961164967911124,0.002758292341629387,0.002720727875880513,1.793716842168891e-06,9.18797684223982e-06
6.606,-9.642891196648407e-07,0.0002889923681732576,0.00275516949321597,0.002718846109683648,1.787784236428891e-06,9.16229969671889e-06
6.6080000000000005,-9.631026642864526e-07,0.000288374410161385,0.0027520501787381413,0.0027169656455270363,1.7818712547690296e-06,9.136694309797022e-06
6.61,-9.619145215911118e-07,0.0002877577728155334,0.0027489343942002087,0.002715086482508955,1.7759778323522823e-06,9.111160480745895e-06
6.612,-9.6072471578168e-07,0.00028714245331395993,0.0027458221356111423,0.002713208619728791,1.770103904563669e-06,9.085698009725363e-06
6.614,-9.595332708389748e-07,0.00028652844884069495,0.0027427133989843533,0.002711332056286375,1.7642494067882097e-06,9.060306697339371e-06
6.6160000000000005,-9.583402105217687e-07,0.000285915756585986,0.0027396081803376937,0.0027094567912822054,1.7584142748550136e-06,9.034986344635954e-06
6.618,-9.571455585888344e-07,0.00028530437374607587,0.0027365064756934565,0.002707582823817223,1.7525984445931897e-06,9.009736753329278e-06
6.62,-9.559493383548556e-07,0.0002846942975232025,0.0027334082810788196,0.002705710152993257,1.7468018522759365e-06,8.984557725577602e-06
6.622,-9.547515733565604e-07,0.0002840855251253771,0.0027303135925249578,0.0027038387779125816,1.7410244341764525e-06,8.959449064205316e-06
6.6240000000000006,-9.535522866865875e-07,0.00028347805376660595,0.0027272224060677086,0.0027019686976781365,1.7352661267899805e-06,8.934410572702944e-06
6.626,-9.523515014375761e-07,0.00028287188066711266,0.0027241347177473507,0.0027000999113935276,1.7295268670558528e-06,8.909442054783057e-06
6.628,-9.511492404801203e-07,0.00028226700305267194,0.0027210505236088256,0.002698232418162805,1.7238065919134016e-06,8.8845433150464e-06
6.63,-9.499455266848145e-07,0.0002816634181554978,0.0027179698197012936,0.0026963662170909064,1.7181052385240037e-06,8.859714158537813e-06
6.632000000000001,-9.487403827002083e-07,0.0002810611232133553,0.002714892602078578,0.0026945013072832147,1.7124227442710804e-06,8.834954390746219e-06
6.634,-9.47533830952807e-07,0.0002804601154697828,0.002711818866798721,0.002692637687845778,1.706759046760098e-06,8.810263817604636e-06
6.636,-9.463258938691155e-07,0.00027986039217453573,0.0027087486099244273,0.002690775357885311,1.7011140835965222e-06,8.785642245934255e-06
6.638,-9.451165936535944e-07,0.00027926195058314285,0.0027056818275226213,0.0026889143165091944,1.695487793051953e-06,8.761089482778317e-06
6.640000000000001,-9.439059522886595e-07,0.000278664787957128,0.0027026185156648896,0.002687054562825253,1.6898801133979902e-06,8.736605335846193e-06
6.642,-9.426939917567267e-07,0.00027806890156356623,0.00269955867042726,0.0026851960959419774,1.6842909829062336e-06,8.712189613291343e-06
6.644,-9.414807338181674e-07,0.00027747428867530566,0.002696502287889979,0.002683338914968525,1.6787203402923723e-06,8.68784212415541e-06
6.646,-9.402662000113082e-07,0.0002768809465714117,0.0026934493641379564,0.0026814830190144967,1.6731681242720953e-06,8.66356267748003e-06
6.648000000000001,-9.390504120965204e-07,0.00027628887253672296,0.0026903998952603203,0.002679628407190382,1.6676342740051808e-06,8.639351083195024e-06
6.65,-9.378333911680414e-07,0.0002756980638616291,0.00268735387735064,0.002677775078607336,1.6621187288734518e-06,8.615207151896342e-06
6.652,-9.366151585421534e-07,0.00027510851784229295,0.0026843113065069257,0.002675923032376737,1.6566214280366864e-06,8.591130694179938e-06
6.654,-9.353957355351383e-07,0.0002745202317808726,0.0026812721788316285,0.0026740722676110718,1.6511423113207968e-06,8.567121521529941e-06
6.656000000000001,-9.341751427971445e-07,0.0002739332029850772,0.0026782364904316402,0.0026722227834228285,1.6456813183296504e-06,8.543179446096616e-06
6.658,-9.329534014224095e-07,0.00027334742876861107,0.002675204237418072,0.002670374578925827,1.6402383893332484e-06,8.519304280252271e-06
6.66,-9.317305320610814e-07,0.00027276290645072976,0.002672175415906697,0.0026685276532338875,1.6348134646015922e-06,8.49549583703535e-06
6.662,-9.305065551412639e-07,0.0002721796333564619,0.002669150022017508,0.002666682005461718,1.629406484404683e-06,8.471753929928383e-06
6.664,-9.292814910910607e-07,0.00027159760681660927,0.0026661280518747166,0.0026648376347246927,1.6240173894566112e-06,8.448078373080037e-06
6.666,-9.280553603385755e-07,0.00027101682416774686,0.002663109501607197,0.00266299454013863,1.6186461204714675e-06,8.424468980861022e-06
6.668,-9.268281830898673e-07,0.0002704372827517787,0.0026600943673480426,0.0026611527208200147,1.6132926186074315e-06,8.400925568530226e-06
6.67,-9.255999793289504e-07,0.00026985897991682606,0.0026570826452347873,0.0026593121758859972,1.6079568250226828e-06,8.377447951790629e-06
6.672,-9.243707688177949e-07,0.00026928191301611726,0.002654074331409184,0.0026574729044543943,1.6026386813194904e-06,8.354035946567251e-06
6.674,-9.231405715404151e-07,0.0002687060794088758,0.002651069422017427,0.002655634905643467,1.5973381288780786e-06,8.330689369673294e-06
6.676,-9.219094070367362e-07,0.00026813147645987634,0.0026480679132101503,0.002653798178572364,1.5920551095227609e-06,8.307408038144004e-06
6.678,-9.206772948466835e-07,0.0002675581015394446,0.002645069801142208,0.002651962722360457,1.5867895652998953e-06,8.28419176968076e-06
6.68,-9.194442542881376e-07,0.0002669859520239015,0.0026420750819728944,0.0026501285361280047,1.5815414384778848e-06,8.26104038242903e-06
6.682,-9.182103049010237e-07,0.0002664150252946751,0.002639083751865723,0.0026482956189957108,1.5763106713251318e-06,8.237953694978373e-06
6.684,-9.169754655591333e-07,0.00026584531873896644,0.0026360958069886475,0.0026464639700851667,1.5710972065541284e-06,8.214931526584479e-06
6.686,-9.157397553583024e-07,0.00026527682974974987,0.0026331112435138415,0.002644633588518186,1.565900986655322e-06,8.191973697169175e-06
6.688,-9.14503193394367e-07,0.0002647095557251067,0.0026301300576176967,0.0026428044734174705,1.5607219547852935e-06,8.169080026654285e-06
6.69,-9.13265798319074e-07,0.00026414349406933546,0.002627152245481268,0.002640976623906388,1.5555600541006243e-06,8.146250335849814e-06
6.692,-9.120275885621254e-07,0.00026357864219161975,0.002624177803289607,0.0026391500391085287,1.5504152277578953e-06,8.12348444578781e-06
6.694,-9.107885829973128e-07,0.0002630149975071383,0.002621206727232428,0.0026373247181483706,1.545287419357777e-06,8.1007821783885e-06
6.696,-9.095487998322938e-07,0.000262452557436621,0.0026182390135032207,0.0026355006601510578,1.5401765727229844e-06,8.078143355794154e-06
6.698,-9.083082574967705e-07,0.0002618913194059047,0.0026152746583003594,0.0026336778642421788,1.5350826316762323e-06,8.055567800591135e-06
6.7,-9.070669739763559e-07,0.0002613312808465995,0.002612313657825993,0.002631856329547988,1.5300055400402357e-06,8.033055336031936e-06
6.702,-9.058249674787078e-07,0.0002607724391956445,0.0026093560082867118,0.002630036055195406,1.5249452423038434e-06,8.01060578581314e-06
6.704,-9.045822557673944e-07,0.00026021479189553,0.0026064017058935463,0.0026282170403120197,1.5199016829559042e-06,7.988218974297467e-06
6.706,-9.033388568280287e-07,0.0002596583363945193,0.0026034507468617463,0.002626399284025638,1.5148748064852668e-06,7.965894725847633e-06
6.708,-9.020947884241792e-07,0.00025910307014576084,0.0026005031274107804,0.0026245827854649573,1.5098645578248693e-06,7.943632865714534e-06
6.71,-9.008500678753251e-07,0.00025854899060817615,0.002597558843764558,0.002622767543759341,1.5048708819076495e-06,7.921433219593155e-06
6.712,-8.996047129450346e-07,0.0002579960952462379,0.0025946178921509855,0.002620953558038819,1.49989372388859e-06,7.89929561362257e-06
6.714,-8.983587407307425e-07,0.00025744438152952576,0.002591680268802188,0.0026191408274336414,1.4949330291447183e-06,7.877219874385943e-06
6.716,-8.971121685519279e-07,0.0002568938469331705,0.002588745969954731,0.0026173293510749485,1.4899887430530612e-06,7.855205829132572e-06
6.718,-8.958650137280699e-07,0.00025634448893763206,0.002585814991849622,0.0026155191280945456,1.4850608114347352e-06,7.833253305111754e-06
6.72,-8.94617292912514e-07,0.00025579630502892137,0.0025828873307316425,0.0026137101576246824,1.4801491803329014e-06,7.811362130683008e-06
6.722,-8.933690232026947e-07,0.0002552492926983785,0.002579962982850015,0.0026119024387980527,1.4752537957907208e-06,7.789532134427901e-06
6.724,-8.92120221474002e-07,0.0002547034494424505,0.0025770419444584025,0.0026100959707482385,1.4703746038513543e-06,7.767763145150042e-06
6.726,-8.908709041577367e-07,0.0002541587727631356,0.002574124211814466,0.002608290752609488,1.4655115510020522e-06,7.746054992541218e-06
6.728,-8.896210879072441e-07,0.00025361526016776104,0.002571209781180084,0.002606486783516271,1.4606645839521093e-06,7.724407506515263e-06
6.73,-8.883707893758697e-07,0.0002530729091689832,0.0025682986488215764,0.002604684062604168,1.4558336494108204e-06,7.702820517430098e-06
6.732,-8.871200245508248e-07,0.0002525317172847874,0.0025653908110092605,0.0026028825890087592,1.4510186945315695e-06,7.681293856309779e-06
6.734,-8.858688098634104e-07,0.0002519916820384882,0.0025624862640176715,0.0026010823618667356,1.446219666245696e-06,7.65982735462245e-06
6.736,-8.846171615228826e-07,0.0002514528009585071,0.002559585004125564,0.0025992833803150095,1.4414365119286288e-06,7.638420844280347e-06
6.738,-8.833650952944083e-07,0.00025091507157881665,0.0025566870276159115,0.0025974856434913818,1.4366691789557962e-06,7.617074157417747e-06
6.74,-8.821126273872437e-07,0.00025037849143849655,0.002553792330776128,0.0025956891505340973,1.4319176151467161e-06,7.5957871270571076e-06
6.742,-8.808597733445112e-07,0.00024984305808173346,0.0025509009098974023,0.002593893900582067,1.4271817683209065e-06,7.574559586220886e-06
6.744,-8.796065489313776e-07,0.00024930876905826516,0.0025480127612753645,0.0025920998927748684,1.422461586297885e-06,7.553391368819717e-06
6.746,-8.783529696909653e-07,0.00024877562192293645,0.002545127881209641,0.0025903071262523003,1.4177570175633036e-06,7.532282309208327e-06
6.748,-8.770990511663967e-07,0.0002482436142356992,0.0025422462660043,0.0025885156001552723,1.4130680101587245e-06,7.511232241963484e-06
6.75,-8.758448089007942e-07,0.0002477127435620563,0.002539367911967405,0.0025867253136249158,1.408394512791844e-06,7.490241002106046e-06
6.752,-8.745902579931908e-07,0.0002471830074721737,0.00253649281541124,0.0025849362658032504,1.4037364741703584e-06,7.469308425323007e-06
6.7540000000000004,-8.733354135426197e-07,0.0002466544035419904,0.0025336209726523062,0.002583148455832518,1.399093843001964e-06,7.448434347745447e-06
6.756,-8.72080290648114e-07,0.00024612692935210845,0.002530752380011103,0.0025813618828558482,1.394466568438446e-06,7.427618605726494e-06
6.758,-8.708249044087069e-07,0.0002456005824886809,0.0025278870338123482,0.002579576546016815,1.3898545996315903e-06,7.406861036285406e-06
6.76,-8.695692694793422e-07,0.0002450753605427458,0.002525024930384978,0.002577792444459659,1.3852578859552267e-06,7.386161476885533e-06
6.7620000000000005,-8.683134007370086e-07,0.0002445512611108924,0.002522166066061926,0.0025760095773292857,1.3806763767831853e-06,7.365519765434314e-06
6.764,-8.670573128366499e-07,0.00024402828179437286,0.0025193104371805664,0.002574227943771046,1.3761100219333855e-06,7.344935740283276e-06
6.766,-8.658010204332101e-07,0.00024350642019976831,0.002516458040082048,0.0025724475429309557,1.371558771445791e-06,7.324409240228036e-06
6.768,-8.645445377375438e-07,0.00024298567393876702,0.002513608871111961,0.002570668373955698,1.3670225751383214e-06,7.303940104286255e-06
6.7700000000000005,-8.632878794045951e-07,0.00024246604062816424,0.0025107629266196696,0.002568890435992399,1.3625013832729849e-06,7.2835281723637735e-06
6.772,-8.620310594231739e-07,0.00024194751788986224,0.0025079202029589798,0.0025671137281888523,1.35799514611179e-06,7.2631732845884756e-06
6.774,-8.607740922261797e-07,0.0002414301033506483,0.0025050806964879158,0.002565338249693294,1.3535038143608347e-06,7.242875281532335e-06
6.776,-8.595169918024226e-07,0.00024091379464286078,0.0025022444035680547,0.00256356399965485,1.3490273387262164e-06,7.2226340042114145e-06
6.7780000000000005,-8.58259771918668e-07,0.00024039858940327896,0.0024994113205656365,0.0025617909772228664,1.344565669914033e-06,7.2024492940858664e-06
6.78,-8.570024467857706e-07,0.00023988448527423323,0.002496581443850676,0.0025600191815478013,1.3401187590744712e-06,7.182320993059932e-06
6.782,-8.557450299484515e-07,0.00023937147990293894,0.002493754769797407,0.0025582486117801118,1.3356865571356735e-06,7.162248943481941e-06
6.784,-8.54487535173476e-07,0.00023885957094149646,0.00249093129478406,0.0025564792670711434,1.331269015691916e-06,7.142232988144315e-06
6.7860000000000005,-8.53229976005565e-07,0.00023834875604711314,0.002488111015193306,0.0025547111465729078,1.3268660861154302e-06,7.122272970283561e-06
6.788,-8.51972365767395e-07,0.0002378390328821034,0.0024852939274113695,0.0025529442494378607,1.3224777202225368e-06,7.102368733580278e-06
6.79,-8.507147182257313e-07,0.0002373303991136666,0.002482480027828915,0.002551178574819124,1.318103869607512e-06,7.082520122159153e-06
6.792,-8.494570464812057e-07,0.00023682285241388712,0.0024796693128406044,0.0025494141218702637,1.313744486308721e-06,7.0627269805889625e-06
6.7940000000000005,-8.481993636344498e-07,0.00023631639045995634,0.0024768617788453184,0.002547650889745512,1.309399522586574e-06,7.042989153882573e-06
6.796,-8.4694168300814e-07,0.00023581101093417267,0.0024740574222454903,0.002545888877599767,1.3050689307014807e-06,7.023306487274894e-06
6.798,-8.456840174808633e-07,0.00023530671152349747,0.0024712562394482163,0.0025441280845885927,1.3007526631358957e-06,7.00367882666697e-06
6.8,-8.444263801532514e-07,0.0002348034899199991,0.0024684582268643673,0.002542368509867776,1.2964506723722735e-06,6.984106018403935e-06
6.8020000000000005,-8.431687839038915e-07,0.0002343013438204089,0.0024656633809088113,0.0025406101525939917,1.292162911337158e-06,6.964587909275011e-06
6.804,-8.419112413893259e-07,0.00023380027092700928,0.002462871698000635,0.002538853011924358,1.2878893327350482e-06,6.945124346291465e-06
6.806,-8.406537652660973e-07,0.00023330026894630151,0.0024600831745629215,0.00253709708701666,1.2836298899365772e-06,6.925715177130698e-06
6.808,-8.393963679687033e-07,0.00023280133559011595,0.0024572978070225293,0.002535342377029348,1.2793845358682887e-06,6.906360249692156e-06
6.8100000000000005,-8.381390621536866e-07,0.00023230346857494588,0.0024545155918107575,0.002533588881121318,1.2751532241228603e-06,6.887059412319374e-06
6.812,-8.36881860255545e-07,0.00023180666562216956,0.00245173652536268,0.0025318365984519087,1.2709359082929694e-06,6.86781251402202e-06
6.814,-8.356247744867318e-07,0.00023131092445827228,0.0024489606041175893,0.0025300855281813472,1.2667325419712938e-06,6.848619404031808e-06
6.816,-8.343678172817448e-07,0.00023081624281440227,0.002446187824518553,0.002528335669470305,1.2625430789725556e-06,6.82947993202454e-06
6.8180000000000005,-8.331110006309927e-07,0.00023032261842659274,0.0024434181830128576,0.00252658702148012,1.2583674733335215e-06,6.8103939478980635e-06
6.82,-8.318543365248843e-07,0.00022983004903553983,0.002440651676051786,0.0025248395833723514,1.254205679313003e-06,6.791361302438403e-06
6.822,-8.30597836953828e-07,0.00022933853238726876,0.002437888300090396,0.002523093354309669,1.2500576511698114e-06,6.7723818464315855e-06
6.824,-8.293415139082327e-07,0.00022884806623202358,0.0024351280515879647,0.0025213483334549647,1.2459233433848027e-06,6.753455431329769e-06
6.8260000000000005,-8.280853791564624e-07,0.0002283586483251554,0.0024323709270077654,0.0025196045199717965,1.241802710438833e-06,6.734581908807158e-06
6.828,-8.268294442448365e-07,0.00022787027642690028,0.0024296169228168463,0.0025178619130243884,1.2376957072568473e-06,6.715761130982045e-06
6.83,-8.255737209417191e-07,0.00022738294830193517,0.0024268660354866967,0.002516120511777409,1.2336022885417464e-06,6.696992950638858e-06
6.832,-8.243182207934296e-07,0.00022689666172004408,0.0024241182614923584,0.002514380315396192,1.2295224096625645e-06,6.678277220784068e-06
6.8340000000000005,-8.230629553462876e-07,0.00022641141445567392,0.0024213735973128703,0.002512641323046738,1.225456025544247e-06,6.659613794646191e-06
6.836,-8.218079359245678e-07,0.0002259272042881566,0.0024186320394314897,0.00251090353389527,1.2214030915558283e-06,6.641002526119877e-06
6.838,-8.205531736305005e-07,0.00022544402900126492,0.002415893584335471,0.0025091669471091205,1.2173635635104318e-06,6.622443269543865e-06
6.84,-8.192986800104052e-07,0.00022496188638365666,0.0024131582285156217,0.002507431561855622,1.2133373967770922e-06,6.603935879478939e-06
6.8420000000000005,-8.180444659444674e-07,0.00022448077422865254,0.002410425968467189,0.0025056973773032176,1.209324547168933e-06,6.585480211152017e-06
6.844,-8.167905425349176e-07,0.00022400069033445824,0.0024076968006891963,0.0025039643926205724,1.2053249707211222e-06,6.567076119790016e-06
6.846,-8.155369208839858e-07,0.0002235216325039424,0.0024049707216844407,0.0025022326069770173,1.2013386234688284e-06,6.548723461285988e-06
6.848,-8.142836118718577e-07,0.00022304359854441458,0.0024022477279599386,0.0025005020195423278,1.1973654616692642e-06,6.530422091977073e-06
6.8500000000000005,-8.130306261566744e-07,0.0002225665862682913,0.002399527816026703,0.002498772629487167,1.193405441801687e-06,6.512171868644501e-06
6.852,-8.117779746186216e-07,0.00022209059349220794,0.0023968109823993,0.0024970444359826427,1.1894585201233099e-06,6.4939726480695015e-06
6.854,-8.105256679158401e-07,0.00022161561803790697,0.002394097223596514,0.0024953174382005283,1.1855246535574793e-06,6.475824287921483e-06
6.856,-8.092737164844266e-07,0.00022114165773134964,0.002391386536140905,0.0024935916353128196,1.1816037988054973e-06,6.457726646091899e-06
6.8580000000000005,-8.08022130982522e-07,0.00022066871040360425,0.0023886789165590283,0.0024918670264924003,1.1776959127907105e-06,6.439679580694246e-06
6.86,-8.067709218462227e-07,0.00022019677388995795,0.0023859743613816597,0.0024901436109125985,1.1738009526585103e-06,6.421682950508156e-06
6.862,-8.055200992895806e-07,0.00021972584603058287,0.002383272867142905,0.002488421387747408,1.1699188757763324e-06,6.40373661431326e-06
6.864,-8.042696735266475e-07,0.00021925592467009203,0.0023805744303813103,0.0024867003561712675,1.166049639289568e-06,6.385840431777368e-06
6.8660000000000005,-8.030196549935198e-07,0.00021878700765798342,0.0023778790476389755,0.0024849805153592808,1.1621932010097424e-06,6.367994262790333e-06
6.868,-8.017700536822048e-07,0.0002183190928479739,0.0023751867154622186,0.0024832618644872184,1.1583495183042913e-06,6.350197967464055e-06
6.87,-8.005208795847096e-07,0.00021785217809844326,0.0023724974304009105,0.002481544402731073,1.1545185492067844e-06,6.332451406576567e-06
6.872,-7.992721429150862e-07,0.00021738626127265626,0.002369811189009141,0.002479828129267947,1.1507002515287468e-06,6.314754440905901e-06
6.8740000000000006,-7.980238532212525e-07,0.0002169213402380965,0.002367127987844775,0.002478113043274943,1.146894583303748e-06,6.297106932118268e-06
6.876,-7.967760204952157e-07,0.0002164574128671326,0.002364447823469229,0.0024763991439300526,1.1431015027874025e-06,6.27950874187988e-06
6.878,-7.955286545069384e-07,0.000215994477036352,0.0023617706924483617,0.002474686430411932,1.139320968457369e-06,6.261959732301037e-06
6.88,-7.942817650263834e-07,0.00021553253062700506,0.0023590965913515838,0.0024729749018994607,1.1355529387913066e-06,6.244459765936128e-06
6.882000000000001,-7.930353616014685e-07,0.00021507157152478307,0.002356425516752303,0.0024712645575724057,1.131797372266874e-06,6.227008705783632e-06
6.884,-7.917894535580672e-07,0.00021461159762026227,0.0023537574652277016,0.0024695553966109784,1.1280542278058192e-06,6.2096064152861175e-06
6.886,-7.905440506661421e-07,0.00021415260680801573,0.002351092433358959,0.0024678474181960564,1.1243234641078459e-06,6.192252757886152e-06
6.888,-7.89299162029522e-07,0.00021369459698750148,0.002348430417730807,0.002466140621508739,1.1206050405387913e-06,6.174947597914482e-06
6.890000000000001,-7.880547971961249e-07,0.0002132375660623964,0.002345771414932196,0.002464435005731236,1.1168989160204035e-06,6.157690799701854e-06
6.892,-7.868109652697797e-07,0.00021278151194104034,0.0023431154215558525,0.002462730570045757,1.1132050499185198e-06,6.140482228023103e-06
6.894,-7.855676755763596e-07,0.00021232643253621397,0.002340462434198276,0.0024610273136354,1.109523401821022e-06,6.123321748319199e-06
6.896,-7.84324936997649e-07,0.00021187232576491688,0.002337812449459742,0.002459325235683929,1.1058539310937476e-06,6.106209226031112e-06
6.898000000000001,-7.830827588595213e-07,0.0002114191895490336,0.0023351654639443,0.00245762433537533,1.102196597546623e-06,6.089144527265944e-06
6.9,-7.818411498217159e-07,0.00021096702181466753,0.0023325214742602185,0.0024559246118944777,1.0985513609895747e-06,6.072127518130799e-06
6.902,-7.806001189880618e-07,0.0002105158204921409,0.0023298804770193193,0.00245422606442669,1.0949181814545739e-06,6.055158065620958e-06
6.904,-7.793596752403431e-07,0.00021006558351666094,0.0023272424688371984,0.0024525286921579514,1.0912970191956362e-06,6.038236036731703e-06
6.906000000000001,-7.781198272382994e-07,0.00020961630882743165,0.0023246074463332267,0.0024508324942744686,1.0876878342447327e-06,6.021361298902406e-06
6.908,-7.768805836416703e-07,0.00020916799436809796,0.002321975406130994,0.002449137469963336,1.0840905870779238e-06,6.004533720016525e-06
6.91,-7.756419531101955e-07,0.00020872063808696772,0.0023193463448574203,0.002447443618412093,1.0805052381712699e-06,5.987753168179566e-06
6.912,-7.744039440815698e-07,0.00020827423793656763,0.0023167202591436453,0.002445750938808944,1.0769317482228757e-06,5.9710195119411225e-06
6.914,-7.731665652155328e-07,0.00020782879187364323,0.002314097145624139,0.002444059430342538,1.0733700779308464e-06,5.954332620516922e-06
6.916,-7.719298249497797e-07,0.00020738429785982504,0.0023114770009375896,0.002442369092201968,1.0698201882153313e-06,5.937692362900648e-06
6.918,-7.706937317220053e-07,0.00020694075386051836,0.002308859821726461,0.002440679923577216,1.0662820402185247e-06,5.921098608974162e-06
6.92,-7.6945829374786e-07,0.00020649815784556935,0.0023062456046367696,0.0024389919236587065,1.062755594860576e-06,5.904551228619326e-06
6.922,-7.682235192429943e-07,0.00020605650778948714,0.002303634346318306,0.0024373050916373096,1.059240813505724e-06,5.888050092384134e-06
6.924,-7.669894164230584e-07,0.00020561580167077764,0.0023010260434250807,0.0024356194267045606,1.0557376577402522e-06,5.871595071038627e-06
6.926,-7.657559932816582e-07,0.0002051760374726097,0.0022984206926144335,0.002433934928052439,1.052246088928399e-06,5.855186035574889e-06
6.928,-7.645232578123995e-07,0.000204737213182149,0.00229581829054748,0.002432251594873591,1.0487660688784928e-06,5.838822857651138e-06
6.93,-7.632912182309326e-07,0.00020429932679078,0.0022932188338893322,0.0024305694263611066,1.0452975591768165e-06,5.8225054089255934e-06
6.932,-7.620598823088187e-07,0.00020386237629455017,0.002290622319308877,0.0024288884217087414,1.0418405220757876e-06,5.806233561722607e-06
6.934,-7.608292580396636e-07,0.0002034263596937258,0.002288028743478554,0.0024272085801109178,1.0383949193837338e-06,5.790007188588575e-06
6.936,-7.595993529729839e-07,0.00020299127499256997,0.0022854381030747994,0.002425529900762502,1.0349607133530725e-06,5.7738261622919396e-06
6.938,-7.583701751023852e-07,0.00020255712019956462,0.0022828503947776024,0.0024238523828588043,1.0315378662362207e-06,5.7576903562672754e-06
6.94,-7.571417319773843e-07,0.00020212389332785463,0.002280265615270727,0.0024221760255958014,1.0281263402855956e-06,5.7415996441712025e-06
6.942,-7.559140311474977e-07,0.00020169159239480372,0.002277683761241711,0.0024205008281699136,1.0247260984197482e-06,5.725553899882385e-06
6.944,-7.546870801622418e-07,0.00020126021542155037,0.002275104829382091,0.002418826789778228,1.0213371031131402e-06,5.709552997723577e-06
6.946,-7.534608865711334e-07,0.000200829760433896,0.002272528816386732,0.002417153909618497,1.017959317062278e-06,5.693596812461621e-06
6.948,-7.52235457923689e-07,0.00020040022546141678,0.002269955718954497,0.0024154821868889176,1.0145927034077573e-06,5.677685219085404e-06
6.95,-7.510108013253358e-07,0.00019997160853857388,0.0022673855337878024,0.002413811620788131,1.011237225068129e-06,5.661818093027904e-06
6.952,-7.497869243255906e-07,0.00019954390770338115,0.0022648182575928377,0.0024121422105156665,1.0078928451839886e-06,5.645995309944141e-06
6.954,-7.485638340298806e-07,0.00019911712099829337,0.0022622538870795683,0.002410473955271053,1.0045595271179764e-06,5.630216745933225e-06
6.956,-7.473415375436332e-07,0.00019869124646998415,0.002259692418961734,0.00240880685425493,1.0012372342327325e-06,5.614482277316313e-06
6.958,-7.461200421943204e-07,0.00019826628216934594,0.0022571338499566274,0.0024071409066681593,9.979259298908971e-07,5.598791781080692e-06
6.96,-7.448993548653249e-07,0.000197842226151268,0.0022545781767853157,0.002405476111712268,9.946255778991997e-07,5.583145134213652e-06
6.962,-7.436794826620741e-07,0.0001974190764750805,0.002252025396172641,0.00240381246858945,9.913361420643696e-07,5.56754221414657e-06
6.964,-7.424604326899953e-07,0.00019699683120388833,0.0022494755048469983,0.0024021499765021215,9.880575864151808e-07,5.551982898754915e-06
6.966,-7.412422116104267e-07,0.0001965754884052373,0.002246928499540557,0.002400488634653586,9.847898747583628e-07,5.536467066136197e-06
6.968,-7.40024826306751e-07,0.000196155046150448,0.0022443843769892613,0.0023988284422475914,9.815329711226894e-07,5.520994594609974e-06
6.97,-7.388082836623511e-07,0.00019573550251528182,0.0022418431339326084,0.00239716939848833,9.78286839981024e-07,5.505565363161935e-06
6.972,-7.375925903385649e-07,0.00019531685557971912,0.00223930476711387,0.0023955115025806606,9.750514455841852e-07,5.490179250999816e-06
6.974,-7.363777532187754e-07,0.00019489910342751493,0.0022367692732800926,0.002393854753730107,9.718267524050361e-07,5.474836137553396e-06
6.976,-7.35163778742276e-07,0.00019448224414642112,0.0022342366491816534,0.0023921991511424157,9.686127251384846e-07,5.459535902696544e-06
6.978,-7.339506733483603e-07,0.0001940662758288525,0.0022317068915729266,0.0023905446940239994,9.654093284794385e-07,5.444278426525173e-06
6.98,-7.327384436983664e-07,0.00019365119657077656,0.0022291799972116166,0.002388891381582159,9.622165271228056e-07,5.429063589579286e-06
6.982,-7.315270962315878e-07,0.00019323700447237968,0.002226655962859647,0.002387239213024195,9.59034286207583e-07,5.4138912728429744e-06
6.984,-7.303166373873182e-07,0.00019282369763784502,0.0022241347852820503,0.0023855881875582963,9.558625706507229e-07,5.39876135730033e-06
6.986,-7.291070733828064e-07,0.00019241127417579662,0.002221616461247633,0.0023839383043933182,9.527013458132672e-07,5.383673724601579e-06
6.988,-7.278984106573461e-07,0.00019199973219841127,0.002219100987529199,0.002382289562738338,9.495505768342127e-07,5.368628256396946e-06
6.99,-7.26690655428186e-07,0.00019158906982186252,0.0022165883609026604,0.0023806419618030983,9.464102290746013e-07,5.35362483500279e-06
6.992,-7.254838136905306e-07,0.00019117928516676486,0.0022140785781481487,0.002378995500798009,9.43280268117519e-07,5.338663342957517e-06
6.994,-7.242778918836734e-07,0.00019077037635772953,0.0022115716360489035,0.0023773501789339235,9.401606597680967e-07,5.323743662799529e-06
6.996,-7.230728957807742e-07,0.00019036234152292053,0.0022090675313919395,0.0023757059954223614,9.370513696094207e-07,5.30886567795541e-06
6.998,-7.218688315990818e-07,0.00018995517879494273,0.002206566260968268,0.0023740629494750642,9.339523636686664e-07,5.294029271851741e-06
7.0,-7.206657053338006e-07,0.0001895488863099537,0.002204067821572009,0.002372421040304662,9.308636077509647e-07,5.27923432813715e-06
7.002,-7.194635227580903e-07,0.00018914346220855194,0.002201572210001279,0.0023707802671242284,9.277850678834909e-07,5.2644807311263975e-06
7.0040000000000004,-7.182622898671553e-07,0.00018873890463511067,0.002199079423057526,0.0023691406291472816,9.247167105375098e-07,5.249768365134244e-06
7.006,-7.170620124341553e-07,0.00018833521173799994,0.002196589457546194,0.0023675021255880058,9.216585017401968e-07,5.235097115141585e-06
7.008,-7.158626962322501e-07,0.0001879323816695866,0.002194102310275836,0.002365864755661029,9.186104081848612e-07,5.2204668659072695e-06
7.01,-7.146643470345992e-07,0.00018753041258601222,0.0021916179780590017,0.002364228518581646,9.155723963427675e-07,5.205877503078327e-06
7.0120000000000005,-7.134669706143626e-07,0.00018712930264741523,0.0021891364577117933,0.0023625934135655946,9.125444326851806e-07,5.191328912301785e-06
7.014,-7.122705723006106e-07,0.00018672905001793083,0.002186657746053644,0.00236095943982928,9.095264841274542e-07,5.176820979890806e-06
7.016,-7.110751578665031e-07,0.00018632965286569103,0.0021841818399077617,0.0023593265965895505,9.065185175849422e-07,5.162353591936508e-06
7.018,-7.098807328631551e-07,0.0001859311093626026,0.002181708736101129,0.002357694883063699,9.035204999729984e-07,5.147926635196143e-06
7.0200000000000005,-7.086873026196372e-07,0.0001855334176845691,0.002179238431463837,0.0023560642984696845,9.005323984290214e-07,5.133539996649006e-06
7.022,-7.074948726870645e-07,0.00018513657601126887,0.0021767709228299736,0.002354434842026132,8.975541800904097e-07,5.119193563718483e-06
7.024,-7.063034483945074e-07,0.00018474058252637704,0.00217430620703718,0.0023528065129518883,8.945858120945616e-07,5.104887224050003e-06
7.026,-7.051130350710366e-07,0.0001843454354173435,0.002171844280926427,0.002351179310466467,8.916272622450094e-07,5.090620865511042e-06
7.0280000000000005,-7.039236380457226e-07,0.00018395113287561493,0.0021693851413424614,0.002349553233790269,8.886784976791517e-07,5.0763943764131625e-06
7.03,-7.027352626476357e-07,0.0001835576730964128,0.0021669287851335817,0.0023479282821436964,8.857394862005208e-07,5.062207645289973e-06
7.032,-7.015479137617575e-07,0.00018316505427895535,0.0021644752091514174,0.0023463044547480383,8.828101956126488e-07,5.048060560897127e-06
7.034,-7.003615967171584e-07,0.0001827732746262356,0.002162024410251373,0.0023446817508250284,8.798905937190682e-07,5.033953012656411e-06
7.0360000000000005,-6.991763166208642e-07,0.00018238233234502133,0.0021595763852924055,0.0023430601695968445,8.769806483233111e-07,5.019884889989612e-06
7.038,-6.97992078579901e-07,0.00018199222564585504,0.0021571311311368024,0.0023414397102863305,8.740803276729991e-07,5.005856082762605e-06
7.04,-6.9680888747925e-07,0.0001816029527432761,0.0021546886446508484,0.0023398203721167743,8.711896000157537e-07,4.991866481063312e-06
7.042,-6.956267482038925e-07,0.00018121451185559856,0.0021522489227037145,0.002338202154312352,8.683084333771518e-07,4.977915975423741e-06
7.0440000000000005,-6.944456658608544e-07,0.0001808269012049113,0.0021498119621687906,0.00233658505609724,8.654367962268594e-07,4.964004456597948e-06
7.046,-6.932656451130725e-07,0.00018044011901685586,0.002147377759922575,0.0023349690766962805,8.625746570345427e-07,4.950131815562031e-06
7.048,-6.920866908455281e-07,0.00018005416352129266,0.0021449463128451196,0.002333354215335204,8.597219842698678e-07,4.936297943514134e-06
7.05,-6.909088079432024e-07,0.00017966903295163483,0.00214251761782025,0.0023317404712399625,8.568787468465899e-07,4.922502732318534e-06
7.0520000000000005,-6.897320010690322e-07,0.0001792847255452923,0.0021400916717349006,0.0023301278436369532,8.540449134564199e-07,4.9087460738395094e-06
7.054,-6.885562748859542e-07,0.00017890123954300563,0.002137668471480003,0.0023285163317534607,8.512204530131129e-07,4.895027860385426e-06
7.056,-6.87381634056905e-07,0.0001785185731897343,0.0021352480139495977,0.002326905934817214,8.484053344304243e-07,4.881347984486695e-06
7.058,-6.862080832448214e-07,0.0001781367247337684,0.002132830296041499,0.0023252966520561635,8.455995268441541e-07,4.867706338895772e-06
7.0600000000000005,-6.850356268905955e-07,0.00017775569242739486,0.0021304153146568527,0.002323688482699149,8.428029993901021e-07,4.854102816809203e-06
7.062,-6.83864269657164e-07,0.00017737547452667535,0.002128003066700357,0.002322081425975453,8.400157214261128e-07,4.840537311867621e-06
7.064,-6.826940157633743e-07,0.00017699606929122425,0.0021255935490802624,0.002320475481114803,8.372376623100308e-07,4.827009717711661e-06
7.066,-6.815248698721632e-07,0.00017661747498465274,0.002123186758708373,0.002318870647347371,8.344687916217453e-07,4.813519928426047e-06
7.0680000000000005,-6.803568362023782e-07,0.0001762396898739027,0.002120782692499823,0.0023172669239042154,8.317090789411452e-07,4.8000678383175455e-06
7.07,-6.791899191949113e-07,0.0001758627122299128,0.0021183813473732993,0.0023156643100166185,8.289584940701644e-07,4.78665334191497e-06
7.072,-6.780241230686102e-07,0.00017548654032717437,0.0021159827202508197,0.002314062804916306,8.262170068107366e-07,4.773276334413268e-06
7.074,-6.768594522643667e-07,0.00017511117244373153,0.0021135868080581766,0.0023124624078358913,8.234845869647955e-07,4.75993671078534e-06
7.0760000000000005,-6.756959107789839e-07,0.00017473660686162518,0.002111193607724271,0.0023108631180084327,8.207612045563195e-07,4.7466343666702215e-06
7.078,-6.745335028313093e-07,0.0001743628418664489,0.002108803116182001,0.00230926493466721,8.180468296092869e-07,4.733369197928994e-06
7.08,-6.733722326401903e-07,0.00017398987574757108,0.0021064153303671507,0.0023076678570463915,8.153414323697206e-07,4.720141100644781e-06
7.082,-6.722121044244744e-07,0.00017361770679769073,0.0021040302472192796,0.0023060718843805894,8.126449833056881e-07,4.706949971344798e-06
7.0840000000000005,-6.7105312195892e-07,0.00017324633331328165,0.0021016478636812774,0.00230447701590486,8.099574526632125e-07,4.6937957065562586e-06
7.086,-6.698952894623744e-07,0.0001728757535945924,0.002099268176699809,0.0023028832508547037,8.072788109103612e-07,4.680678203250466e-06
7.088,-6.687386107095961e-07,0.00017250596594542422,0.0020968911832244252,0.002301290588466509,8.046090287372465e-07,4.6675973586207675e-06
7.09,-6.675830899194324e-07,0.0001721369686731311,0.0020945168802086744,0.002299699027976665,8.019480768339804e-07,4.654553070304601e-06
7.0920000000000005,-6.664287306445971e-07,0.0001717687600888418,0.002092145264609213,0.00229810856862267,7.992959258906751e-07,4.6415452361614484e-06
7.094,-6.65275536881893e-07,0.0001714013385072377,0.0020897763333862507,0.002296519209642023,7.966525468194874e-07,4.62857375449488e-06
7.096,-6.641235126281231e-07,0.00017103470224655304,0.002087410083503327,0.0022949309502731108,7.940179107546186e-07,4.615638523386423e-06
7.098,-6.62972661436001e-07,0.00017066884962857465,0.002085046511927535,0.002293343789754765,7.913919886082255e-07,4.602739441805781e-06
7.1000000000000005,-6.61822987080285e-07,0.00017030377897864213,0.0020826856156295204,0.00229175772732626,7.887747515145094e-07,4.589876408500615e-06
7.102,-6.606744933357334e-07,0.00016993948862586983,0.0020803273915830367,0.002290172762227538,7.861661710517609e-07,4.577049322884719e-06
7.104,-6.595271837550598e-07,0.0001695759769029248,0.002077971836765391,0.002288588893698762,7.835662183541814e-07,4.564258084371886e-06
7.106,-6.583810621130226e-07,0.0001692132421458048,0.0020756189481572207,0.0022870061209809833,7.809748647780168e-07,4.55150259282e-06
7.1080000000000005,-6.572361319623354e-07,0.0001688512826942823,0.002073268722742716,0.002285424443315698,7.783920821236023e-07,4.538782748308989e-06
7.11,-6.560923966336674e-07,0.00016849009689168248,0.00207092115750962,0.002283843859944623,7.758178419692285e-07,4.52609845136287e-06
7.112,-6.549498599017767e-07,0.00016812968308466125,0.0020685762494485616,0.002282264370110365,7.73252115893186e-07,4.513449602505659e-06
7.114,-6.538085250973324e-07,0.00016777003962342718,0.0020662339955541675,0.0022806859730559736,7.706948759178545e-07,4.500836102705463e-06
7.1160000000000005,-6.526683957730484e-07,0.0001674111648619636,0.0020638943928241726,0.002279108668024943,7.681460938435691e-07,4.488257853152433e-06
7.118,-6.515294752595935e-07,0.00016705305715758456,0.0020615574382596424,0.002277532454261433,7.656057416927098e-07,4.4757147554808085e-06
7.12,-6.503917668876369e-07,0.00016669571487115675,0.002059223128864973,0.0022759573310098258,7.630737917097008e-07,4.46320671132483e-06
7.122,-6.492552739878477e-07,0.00016633913636709963,0.002056891461648336,0.002274383297515392,7.605502161389666e-07,4.450733622540781e-06
7.1240000000000006,-6.481199998908949e-07,0.00016598332001338534,0.002054562433620788,0.0022728103530236243,7.580349870028869e-07,4.4382953916510814e-06
7.126,-6.469859479274476e-07,0.00016562826418109466,0.002052236041797162,0.002271238496780681,7.555280769899753e-07,4.4258919214001935e-06
7.128,-6.458531212061303e-07,0.0001652739672453052,0.0020499122831953986,0.0022696677280331645,7.530294583446562e-07,4.413523114310536e-06
7.13,-6.44721523057612e-07,0.0001649204275842031,0.002047591154836992,0.002268098046028344,7.505391037554432e-07,4.401188873792705e-06
7.132000000000001,-6.435911563684726e-07,0.00016456764357952736,0.0020452726537465438,0.002266529450013932,7.480569859108499e-07,4.388889103035254e-06
7.134,-6.424620244693813e-07,0.0001642156136163475,0.0020429567769524315,0.002264961939238308,7.455830774993899e-07,4.3766237056708235e-06
7.136,-6.413341304689624e-07,0.00016386433608350792,0.0020406435214859187,0.0022633955129500727,7.431173514316214e-07,4.3643925857761445e-06
7.138,-6.402074772537958e-07,0.0001635138093731836,0.0020383328843820436,0.0022618301703984933,7.406597806181026e-07,4.352195647649992e-06
7.140000000000001,-6.39082067932506e-07,0.00016316403188088024,0.0020360248626787314,0.002260265910833281,7.382103381914362e-07,4.340032795591142e-06
7.142,-6.379579053916729e-07,0.00016281500200565624,0.0020337194534179037,0.0022587027335048138,7.357689970621806e-07,4.3279039343424586e-06
7.144,-6.368349927399208e-07,0.0001624667181496786,0.002031416653644147,0.0022571406376639125,7.33335730584983e-07,4.315808969090895e-06
7.146,-6.357133328638298e-07,0.00016211917871888915,0.002029116460405822,0.002255579622562065,7.309105118924464e-07,4.303747805023406e-06
7.148000000000001,-6.34592928427935e-07,0.0001617723821225603,0.002026818870754399,0.002254019687450981,7.284933145612627e-07,4.2917203475489885e-06
7.15,-6.33473782540861e-07,0.00016142632677329516,0.0020245238817446776,0.0022524608315830363,7.260841119460792e-07,4.279726502520731e-06
7.152,-6.323558978671429e-07,0.00016108101108702755,0.0020222314904350114,0.002250903054211273,7.236828776235882e-07,4.267766176013765e-06
7.154,-6.312392772933606e-07,0.00016073643348324396,0.002019941693887084,0.0022493463545889547,7.212895851704815e-07,4.255839274547313e-06
7.156000000000001,-6.301239234840494e-07,0.0001603925923845395,0.0020176544891654657,0.002247790731970234,7.189042083854957e-07,4.24394570441855e-06
7.158,-6.290098391037446e-07,0.0001600494862172841,0.0020153698733385017,0.0022462361856092627,7.165267210673676e-07,4.232085372590788e-06
7.16,-6.278970268169815e-07,0.00015970711341095623,0.0020130878434776456,0.0022446827147613035,7.141570970148337e-07,4.2202581862493815e-06
7.162,-6.267854895103397e-07,0.00015936547239836507,0.0020108083966576817,0.0022431303186816187,7.117953104707198e-07,4.20846405280173e-06
7.164000000000001,-6.256752296263102e-07,0.00015902456161565048,0.0020085315299567252,0.002241578996626359,7.094413352337625e-07,4.196702879655234e-06
7.166,-6.24566249829428e-07,0.00015868437950228298,0.0020062572404559997,0.0022400287478518965,7.070951455467878e-07,4.184974574883427e-06
7.168,-6.234585525621839e-07,0.0001583449245012858,0.0020039855252405037,0.0022384795716154926,7.047567158746659e-07,4.173279046559841e-06
7.17,-6.223521402670684e-07,0.0001580061950590128,0.0020017163813979,0.002236931467174408,7.024260202381782e-07,4.161616203202101e-06
7.172,-6.21247015608617e-07,0.00015766818962470452,0.0019994498060198485,0.0022353844337870132,7.001030333242397e-07,4.149985953327828e-06
7.174,-6.201431810293201e-07,0.00015733090665137617,0.0019971857962006734,0.00223383847071168,6.977877293756762e-07,4.138388205898735e-06
7.176,-6.190406389716685e-07,0.0001569943445951516,0.0019949243490382518,0.002232293577207667,6.954800830794028e-07,4.126822870098579e-06
7.178,-6.179393918781528e-07,0.00015665850191548536,0.0019926654616335693,0.0022307497525344555,6.931800691223344e-07,4.11528985533316e-06
7.18,-6.168394419692191e-07,0.0001563233770749406,0.0019904091310913863,0.002229206995951971,6.908876624134308e-07,4.103789071230324e-06
7.182,-6.157407916873581e-07,0.00015598896853963318,0.0019881553545191277,0.0022276653067212493,6.886028376396069e-07,4.092320427639962e-06
7.184,-6.146434434750603e-07,0.00015565527477900964,0.0019859041290277712,0.0022261246841031035,6.863255697098225e-07,4.080883834856053e-06
7.186,-6.135473993307272e-07,0.00015532229426562516,0.001983655451731403,0.0022245851273592354,6.840558335330371e-07,4.0694792033946214e-06
7.188,-6.124526616968495e-07,0.0001549900254751435,0.0019814093197476623,0.002223046635752013,6.817936044622996e-07,4.058106443771692e-06
7.19,-6.113592327938733e-07,0.0001546584668867812,0.0019791657301972965,0.0022215092085440258,6.795388574065697e-07,4.046765466947377e-06
7.192,-6.102671148422445e-07,0.00015432761698286335,0.001976924680204162,0.002219972844998308,6.772915677188962e-07,4.035456184325881e-06
7.194,-6.091763098403646e-07,0.0001539974742488237,0.001974686166895445,0.002218437544378782,6.75051710752328e-07,4.02417850708936e-06
7.196,-6.080868200086798e-07,0.00015366803717364874,0.0019724501874018863,0.0022169033059493692,6.728192618599138e-07,4.012932346864062e-06
7.198,-6.069986475676359e-07,0.00015333930424943354,0.001970216738856889,0.0022153701289751027,6.705941966167472e-07,4.001717615720324e-06
7.2,-6.059117945156345e-07,0.00015301127397115977,0.001967985818397633,0.0022138380127210144,6.683764905979217e-07,3.9905342257284815e-06
7.202,-6.04826262851077e-07,0.00015268394483758385,0.0019657574231641828,0.002212306956452803,6.661661193785307e-07,3.979382089402961e-06
7.204,-6.037420545723649e-07,0.0001523573153503488,0.001963531550299935,0.002210776959436833,6.639630587557122e-07,3.968261119480232e-06
7.206,-6.026591716778995e-07,0.00015203138401420624,0.0019613081969516166,0.0022092480209396914,6.617672845266043e-07,3.957171228696765e-06
7.208,-6.015776161660824e-07,0.00015170614933746052,0.001959087360269063,0.0022077201402288527,6.595787727103897e-07,3.94611233023312e-06
7.21,-6.00497390035315e-07,0.00015138160983130255,0.0019568690374052178,0.002206193316572014,6.573974991042064e-07,3.935084337491901e-06
7.212,-5.994184952839987e-07,0.0001510577640100319,0.0019546532255165783,0.0022046675492373158,6.552234397272372e-07,3.924087164097756e-06
7.214,-5.983409336884904e-07,0.00015073461039150082,0.0019524399217625277,0.002203142837493788,6.530565708207092e-07,3.913120723897379e-06
7.216,-5.972647070251469e-07,0.00015041214749644816,0.001950229123306002,0.002201619180610459,6.508968686258498e-07,3.902184930959507e-06
7.218,-5.961898172923696e-07,0.00015009037384872137,0.0019480208273128241,0.0022000965778572468,6.487443093838863e-07,3.891279699796968e-06
7.22,-5.951162660444709e-07,0.0001497692879754986,0.001945815030951925,0.0021985750285045125,6.465988695580904e-07,3.880404944922589e-06
7.222,-5.94044055279852e-07,0.0001494488884070666,0.001943611731396011,0.0021970545318230617,6.444605256117342e-07,3.869560581071241e-06
7.224,-5.9297318677487e-07,0.00014912917367682077,0.0019414109258202306,0.002195535087084144,6.423292540080894e-07,3.858746523421885e-06
7.226,-5.919036620838369e-07,0.0001488101423212651,0.0019392126114035069,0.002194016693559453,6.402050312104279e-07,3.847962687153483e-06
7.228,-5.908354829831097e-07,0.00014849179288023429,0.001937016785327872,0.0021924993505213486,6.380878341261109e-07,3.837208987889085e-06
7.23,-5.897686512490452e-07,0.00014817412389622753,0.0019348234447782442,0.002190983057242857,6.359776394404548e-07,3.826485341473784e-06
7.232,-5.887031684359556e-07,0.00014785713391529676,0.0019326325869428729,0.0021894678129972256,6.338744238387761e-07,3.815791663752677e-06
7.234,-5.876390360981532e-07,0.00014754082148638048,0.0019304442090133378,0.002187953617058147,6.317781644504805e-07,3.8051278712369907e-06
7.236,-5.865762557899501e-07,0.00014722518516152583,0.0019282583081841054,0.0021864404686999794,6.296888381829291e-07,3.79449388021591e-06
7.238,-5.855148292877033e-07,0.0001469102234961106,0.0019260748816529727,0.002184928367197747,6.276064221655275e-07,3.783889607422708e-06
7.24,-5.844547579236803e-07,0.00014659593504817714,0.0019238939266210675,0.0021834173118266964,6.255308935276815e-07,3.773314969812702e-06
7.242,-5.83396043474238e-07,0.00014628231837932049,0.0019217154402924042,0.002181907301862518,6.234622293987968e-07,3.762769884563255e-06
7.244,-5.823386872716441e-07,0.00014596937205380023,0.0019195394198741056,0.0021803983365817903,6.214004071303236e-07,3.7522542690737737e-06
7.246,-5.812826908702107e-07,0.00014565709463920662,0.0019173658625768475,0.002178890415261092,6.193454040737123e-07,3.7417680409657095e-06
7.248,-5.802280556022055e-07,0.0001453454847060165,0.001915194765614192,0.0021773835371778905,6.172971975804131e-07,3.7313111183046033e-06
7.25,-5.791747830219407e-07,0.00014503454082803735,0.0019130261262028103,0.002175877701610096,6.152557654459656e-07,3.7208834189339512e-06
7.252,-5.78122874461684e-07,0.00014472426158174123,0.0019108599415624816,0.002174372907836064,6.1322108502182e-07,3.7104848613633834e-06
7.2540000000000004,-5.770723312537029e-07,0.00014441464554693084,0.0019086962089163162,0.0021728691551345936,6.111931338814713e-07,3.7001153641025297e-06
7.256,-5.760231547302652e-07,0.00014410569130629547,0.0019065349254905328,0.0021713664427849277,6.091718900425036e-07,3.689774845883065e-06
7.258,-5.74975346445683e-07,0.00014379739744563302,0.001904376088514459,0.002169864770066976,6.071573310784117e-07,3.679463225658708e-06
7.26,-5.739289075101794e-07,0.00014348976255385004,0.0019022196952203085,0.0021683641362610917,6.051494350067799e-07,3.6691804228272673e-06
7.2620000000000005,-5.72883839256022e-07,0.0001431827852225176,0.0019000657428438483,0.0021668645406482945,6.031481798451921e-07,3.6589263567865515e-06
7.264,-5.718401427934339e-07,0.00014287646404653742,0.0018979142286237316,0.002165365982509604,6.011535436112325e-07,3.6487009471564136e-06
7.266,-5.707978196767272e-07,0.00014257079762369784,0.0018957651498014982,0.0021638684611271497,5.991655043224853e-07,3.6385041140007957e-06
7.268,-5.697568707940803e-07,0.0001422657845548958,0.0018936185036222408,0.0021623719757830617,5.971840402185791e-07,3.62833577738364e-06
7.2700000000000005,-5.68717297477761e-07,0.00014196142344391482,0.0018914742873341606,0.002160876525760136,5.952091295391426e-07,3.618195857812978e-06
7.272,-5.676791010600368e-07,0.00014165771289742501,0.0018893324981881232,0.0021593821103418342,5.932407505238046e-07,3.6080842755747966e-06
7.274,-5.666422824290862e-07,0.00014135465152542714,0.0018871931334385472,0.002157888728812063,5.912788816342385e-07,3.5980009516212164e-06
7.276,-5.656068426951322e-07,0.00014105223794058652,0.0018850561903427376,0.00215639638045495,5.893235013321174e-07,3.5879458071264025e-06
7.2780000000000005,-5.645727831904424e-07,0.00014075047075845504,0.001882921666160886,0.0021549050645552903,5.873745883011594e-07,3.577918763042476e-06
7.28,-5.635401048031952e-07,0.0001404493485976932,0.0018807895581567369,0.0021534147803985437,5.854321210030378e-07,3.567919741209735e-06
7.282,-5.625088086436136e-07,0.00014014887008007015,0.001878659863596921,0.002151925527270615,5.834960781214704e-07,3.5579486630243906e-06
7.284,-5.614788958219208e-07,0.00013984903383001956,0.0018765325797511778,0.002150437304457631,5.815664383401753e-07,3.5480054505487857e-06
7.2860000000000005,-5.60450367226295e-07,0.00013954983847508373,0.0018744077038923557,0.002148950111246384,5.796431805649149e-07,3.538090025845264e-06
7.288,-5.594232239669594e-07,0.0001392512826454695,0.0018722852332961892,0.002147463946924111,5.777262837014518e-07,3.528202311198214e-06
7.29,-5.583974669320924e-07,0.00013895336497471433,0.001870165165241744,0.0021459788107787148,5.758157266555486e-07,3.5183422291140687e-06
7.292,-5.573730970098723e-07,0.0001386560840990203,0.0018680474970109717,0.0021444947020985428,5.739114885550123e-07,3.50850970254335e-06
7.2940000000000005,-5.563501153105221e-07,0.00013835943865769806,0.0018659322258891553,0.002143011620172164,5.720135483056055e-07,3.4987046544365796e-06
7.296,-5.553285227222204e-07,0.0001380634272927228,0.0018638193491642419,0.0021415295642890353,5.701218852571799e-07,3.488927007966325e-06
7.298,-5.54308319911101e-07,0.00013776804864917835,0.0018617088641275092,0.0021400485337388364,5.682364785375427e-07,3.4791766865271967e-06
7.3,-5.532895079873867e-07,0.00013747330137481306,0.001859600768073344,0.0021385685278116906,5.663573074965456e-07,3.469453613735851e-06
7.3020000000000005,-5.522720876172116e-07,0.0001371791841204839,0.0018574950582992411,0.0021370895457983874,5.644843514840403e-07,3.4597577136530333e-06
7.304,-5.512560596887539e-07,0.00013688569553993446,0.0018553917321053603,0.0021356115869901604,5.626175900719232e-07,3.4500889101174437e-06
7.306,-5.502414250901921e-07,0.0001365928342895728,0.001853290786795192,0.0021341346506789094,5.607570026100461e-07,3.440447127411872e-06
7.308,-5.492281844876601e-07,0.00013630059902891567,0.001851192219675335,0.002132658736156756,5.589025686703053e-07,3.4308322900411525e-06
7.3100000000000005,-5.482163387693362e-07,0.0001360089884201443,0.0018490960280552748,0.0021311838427162666,5.570542680466417e-07,3.4212443227321643e-06
7.312,-5.472058886013542e-07,0.00013571800112832655,0.0018470022092478278,0.0021297099696506727,5.552120803109517e-07,3.4116831504338307e-06
7.314,-5.46196834649848e-07,0.00013542763582163886,0.0018449107605684745,0.0021282371162538727,5.533759852571762e-07,3.40214869831712e-06
7.316,-5.45189177802996e-07,0.00013513789117070019,0.0018428216793358043,0.0021267652818197647,5.515459629013009e-07,3.3926408915530004e-06
7.3180000000000005,-5.441829185048874e-07,0.0001348487658492381,0.0018407349628715153,0.002125294465643135,5.497219930372665e-07,3.383159655756529e-06
7.32,-5.431780576437006e-07,0.00013456025853386677,0.001838650608500414,0.002123824667019214,5.479040556810588e-07,3.373704916764808e-06
7.322,-5.421745956635249e-07,0.00013427236790386488,0.0018365686135501935,0.0021223558852434543,5.460921308486633e-07,3.3642766004149394e-06
7.324,-5.41172533230494e-07,0.00013398509264139769,0.0018344889753516558,0.0021208881196119744,5.442861985560654e-07,3.3548746327660695e-06
7.3260000000000005,-5.401718712327863e-07,0.000133698431431295,0.0018324116912384891,0.002119421369421559,5.424862390412954e-07,3.345498940321434e-06
7.328,-5.391726098924465e-07,0.00013341238296149527,0.0018303367585474906,0.002117955633969215,5.406922325423835e-07,3.336149449584269e-06
7.33,-5.38174750097653e-07,0.0001331269459223794,0.0018282641746185657,0.0021164909125526155,5.389041595194044e-07,3.3268260875018996e-06
7.332,-5.371782920704504e-07,0.00013284211900743692,0.0018261939367945068,0.002115027204469655,5.371220002103883e-07,3.3175287807996057e-06
7.3340000000000005,-5.361832366990171e-07,0.00013255790091282194,0.0018241260424209926,0.002113564509019117,5.353457350754098e-07,3.3082574568688017e-06
7.336,-5.351895842053978e-07,0.0001322742903375751,0.0018220604888468106,0.0021121028254997842,5.335753445745439e-07,3.299012042878857e-06
7.338,-5.341973352557261e-07,0.0001319912859834016,0.0018199972734238568,0.0021106421532113284,5.318108093899099e-07,3.2897924666652756e-06
7.34,-5.332064902940914e-07,0.00013170888655467117,0.0018179363935071358,0.002109182491453865,5.300521099815825e-07,3.2805986558415157e-06
7.3420000000000005,-5.322170497645828e-07,0.00013142709075886216,0.0018158778464540948,0.002107723839527731,5.282992272537257e-07,3.2714305384651254e-06
7.344,-5.312290141112896e-07,0.00013114589730589543,0.0018138216296257337,0.0021062661967339302,5.265521416664143e-07,3.2622880428156975e-06
7.346,-5.30242383778301e-07,0.0001308653049085784,0.0018117677403857169,0.0021048095623739105,5.248108343458568e-07,3.2531710971728245e-06
7.348,-5.292571592097062e-07,0.00013058531228238301,0.0018097161761008174,0.0021033539357497855,5.230752859741727e-07,3.244079630260188e-06
7.3500000000000005,-5.282733406275497e-07,0.00013030591814566783,0.0018076669341406948,0.002101899316163891,5.213454776775706e-07,3.2350135708014705e-06
7.352,-5.272909284759209e-07,0.00013002712121967797,0.0018056200118781174,0.002100445702919229,5.196213903602143e-07,3.2259728477423977e-06
7.354,-5.263099231989088e-07,0.00012974892022787898,0.00180357540668874,0.002098993095319024,5.179030051483124e-07,3.216957390250741e-06
7.356,-5.253303252406027e-07,0.00012947131389684507,0.0018015331159511039,0.0020975414926671654,5.161903031680737e-07,3.2079671277163158e-06
7.3580000000000005,-5.243521346010027e-07,0.00012919430095581497,0.0017994931370466372,0.00209609089426821,5.144832655457066e-07,3.199001989973027e-06
7.36,-5.233753519462425e-07,0.00012891788013669192,0.0017974554673600984,0.002094641299426936,5.127818736294643e-07,3.190061906632735e-06
7.362,-5.223999772763221e-07,0.00012864205017404373,0.0017954201042789109,0.0020931927074485657,5.110861087676e-07,3.1811468075293448e-06
7.364,-5.214260110353308e-07,0.00012836680980532478,0.0017933870451936063,0.002091745117638988,5.093959523083669e-07,3.17225662294085e-06
7.3660000000000005,-5.204534534453131e-07,0.00012809215777043192,0.001791356287497381,0.002090298529304535,5.077113858220628e-07,3.1633912833672895e-06
7.368,-5.194823047283137e-07,0.00012781809281214862,0.001789327828586762,0.002088852941751984,5.060323906569408e-07,3.154550719308702e-06
7.37,-5.185125651063771e-07,0.00012754461367592285,0.0017873016658609409,0.0020874083542885558,5.043589483832989e-07,3.1457348614871705e-06
7.372,-5.17544234801548e-07,0.00012727171910986712,0.0017852777967222178,0.002085964766221915,5.026910407934793e-07,3.136943640846823e-06
7.3740000000000006,-5.165773140358709e-07,0.0001269994078647585,0.0017832562185757794,0.0020845221768603928,5.010286494577798e-07,3.1281769885538324e-06
7.376,-5.156118028093459e-07,0.00012672767869403856,0.0017812369288294772,0.0020830805855125423,4.993717559464983e-07,3.1194348359964152e-06
7.378,-5.146477015660622e-07,0.0001264565303535914,0.001779219924894715,0.0020816399914878048,4.977203422740217e-07,3.1107171145627888e-06
7.38,-5.136850103060198e-07,0.0001261859616024097,0.0017772052041851172,0.0020802003940956215,4.960743904547371e-07,3.1020237560852593e-06
7.382000000000001,-5.127237290292186e-07,0.00012591597120192866,0.001775192764117639,0.0020787617926461,4.944338822809868e-07,3.0933546926181776e-06
7.384,-5.117638579577033e-07,0.00012564655791602597,0.0017731826021121222,0.0020773241864497916,4.927987997671579e-07,3.08470985599385e-06
7.386,-5.108053973135185e-07,0.0001253777205114659,0.001771174715591295,0.002075887574817914,4.911691249276373e-07,3.076089178710717e-06
7.388,-5.098483470966642e-07,0.00012510945775767723,0.00176916910198055,0.002074451957062129,4.895448397768121e-07,3.0674925930451735e-06
7.390000000000001,-5.088927073071403e-07,0.00012484176842653127,0.001767165758708611,0.00207301733249432,4.879259265511138e-07,3.058920031939749e-06
7.392,-5.07938477944947e-07,0.0001245746512927859,0.0017651646832068657,0.0020715837004268156,4.863123677090186e-07,3.0503714281149286e-06
7.394,-5.069856592321287e-07,0.0001243081051334194,0.001763165872909589,0.0020701510601728312,4.847041452649137e-07,3.041846714513241e-06
7.396,-5.060342509466409e-07,0.00012404212872829667,0.0017611693252541638,0.002068719411045805,4.831012416772751e-07,3.033345824521305e-06
7.398000000000001,-5.050842533105282e-07,0.00012377672085994718,0.001759175037680638,0.0020672887523598416,4.815036394045791e-07,3.0248686915257395e-06
7.4,-5.041356663237906e-07,0.00012351188031334281,0.0017571830076319461,0.0020658590834290447,4.799113209053019e-07,3.016415249135207e-06
7.402,-5.031884897643835e-07,0.00012324760587612005,0.0017551932325541308,0.002064430403568629,4.783242686379197e-07,3.0079854311804155e-06
7.404,-5.022427238543514e-07,0.00012298389633835782,0.0017532057098958997,0.0020630027120935868,4.7674246506090867e-07,2.9995791714920728e-06
7.406000000000001,-5.012983683716499e-07,0.00012272075049302167,0.001751220437109069,0.0020615760083200207,4.751658930768343e-07,2.9911964043449757e-06
7.408,-5.003554233162788e-07,0.0001224581671355196,0.001749237411648119,0.0020601502915642556,4.735945351441728e-07,2.9828370640139212e-06
7.41,-4.994138884661936e-07,0.00012219614506370213,0.0017472566309704174,0.00205872556114306,4.720283741654896e-07,2.9745010852177955e-06
7.412,-4.984737640434389e-07,0.0001219346830780843,0.0017452780925364397,0.0020573018163736467,4.7046739282130545e-07,2.96618840245344e-06
7.414000000000001,-4.975350496039255e-07,0.0001216737799818457,0.0017433017938091044,0.002055879056573673,4.689115742362304e-07,2.957898950661786e-06
7.416,-4.965977451476533e-07,0.00012141343458060838,0.0017413277322546605,0.0020544572810614614,4.673609010907853e-07,2.949632665005808e-06
7.418,-4.956618506746224e-07,0.00012115364568243692,0.0017393559053420216,0.0020530364891555575,4.6581535650958017e-07,2.941389480648482e-06
7.42,-4.947273657407436e-07,0.0001208944120980604,0.0017373863105429876,0.0020516166801751723,4.642749233951804e-07,2.9331693331968722e-06
7.422000000000001,-4.937942905680615e-07,0.00012063573264087246,0.0017354189453320235,0.002050197853439961,4.62739584872196e-07,2.924972158035999e-06
7.424,-4.928626247124868e-07,0.00012037760612670922,0.0017334538071867023,0.0020487800082700236,4.6120932406523707e-07,2.9167978912170156e-06
7.426,-4.919323679519749e-07,0.0001201200313738493,0.001731490893587484,0.002047363143985903,4.596841243209582e-07,2.9086464685690316e-06
7.428,-4.910035202865259e-07,0.00011986300720323584,0.001729530202017493,0.002045947259908587,4.5816396876396936e-07,2.9005178263652454e-06
7.43,-4.900760812720506e-07,0.00011960653243825448,0.0017275717299625182,0.0020445323553597294,4.5664884074092527e-07,2.8924119006568105e-06
7.432,-4.891500509085489e-07,0.00011935060590473334,0.0017256154749116792,0.002043118429661206,4.551387235984805e-07,2.8843286281610148e-06
7.434,-4.882254287519316e-07,0.0001190952264311651,0.0017236614343567602,0.0020417054821355585,4.5363360090533433e-07,2.8762679455951456e-06
7.436,-4.873022145801542e-07,0.00011884039284848491,0.0017217096057919878,0.002040293512105551,4.5213345600814137e-07,2.8682297898985354e-06
7.438,-4.86380408171172e-07,0.00011858610398984837,0.0017197599867149194,0.0020388825188946136,4.5063827247560084e-07,2.860214098010516e-06
7.44,-4.854600093029404e-07,0.0001183323586915197,0.0017178125746257766,0.0020374725018266204,4.49148033876412e-07,2.852220807092465e-06
7.442,-4.845410177534148e-07,0.00011807915579176154,0.001715867367027668,0.00203606346022589,4.476627240013187e-07,2.8442498545278028e-06
7.444,-4.836234330785061e-07,0.00011782649413127899,0.0017139243614263666,0.002034655393417184,4.461823264190201e-07,2.836301177921996e-06
7.446,-4.827072548341249e-07,0.00011757437255366376,0.0017119835553303098,0.0020332483007257096,4.4470682492026015e-07,2.828374715102555e-06
7.448,-4.817924830202713e-07,0.000117322789904728,0.0017100449462512657,0.002031842181477339,4.43236203073738e-07,2.8204704038969908e-06
7.45,-4.808791169708115e-07,0.00011707174503250428,0.001708108531703445,0.002030437034998167,4.4177044511428676e-07,2.812588182576903e-06
7.452,-4.799671564637009e-07,0.00011682123678791179,0.001706174309203945,0.0020290328606149544,4.4030953483265023e-07,2.8047279891918464e-06
7.454,-4.790566012768949e-07,0.00011657126402431217,0.0017042422762727494,0.0020276296576546837,4.3885345601957226e-07,2.796889762235466e-06
7.456,-4.781474507442596e-07,0.00011632182559728754,0.0017023124304325066,0.002026227425445004,4.374021929098859e-07,2.7890734404234507e-06
7.458,-4.772397046437504e-07,0.0001160729203648625,0.0017003847692087515,0.0020248261633140086,4.359557295163796e-07,2.7812789624714895e-06
7.46,-4.763333625312782e-07,0.00011582454718750412,0.0016984592901296836,0.002023425870590234,4.3451404985184183e-07,2.773506267317316e-06
7.462,-4.7542842396275375e-07,0.00011557670492834404,0.0016965359907266109,0.00202202654660244,4.330771381511056e-07,2.7657552941207086e-06
7.464,-4.745248887161324e-07,0.00011532939245273433,0.001694614868533284,0.0020206281906802737,4.31644978649004e-07,2.75802598226349e-06
7.466,-4.736227561252804e-07,0.00011508260862846953,0.0016926959210863401,0.0020192308021536043,4.3021755558037e-07,2.750318271127483e-06
7.468,-4.7272202574610844e-07,0.0001148363523257867,0.001690779145925303,0.0020178343803529675,4.2879485340208134e-07,2.7426321003165555e-06
7.47,-4.71822697356572e-07,0.0001145906224173654,0.0016888645405925828,0.0020164389246091208,4.2737685657101565e-07,2.734967409656619e-06
7.472,-4.7092477029053725e-07,0.00011434541777832763,0.0016869521026330325,0.002015044434253266,4.25963549322006e-07,2.727324138973586e-06
7.474,-4.7002824388187037e-07,0.00011410073728623793,0.0016850418295943914,0.0020136509086172705,4.2455491611192997e-07,2.7197022285374572e-06
7.476,-4.6913311790852674e-07,0.00011385657982088127,0.0016831337190272855,0.0020122583470332245,4.231509416197099e-07,2.7121016186182345e-06
7.478,-4.6823939192641717e-07,0.0001136129442644851,0.0016812277684852273,0.002010866748833884,4.21751610524268e-07,2.7045222497079635e-06
7.48,-4.6734706526940784e-07,0.00011336982950171937,0.0016793239755241718,0.0020094761133524486,4.20356907282482e-07,2.6969640625207347e-06
7.482,-4.664561372713649e-07,0.00011312723441969652,0.0016774223377029607,0.002008086439922563,4.1896681657327406e-07,2.6894269977706386e-06
7.484,-4.6556660771024383e-07,0.00011288515790774944,0.0016755228525833221,0.002006697727878315,4.175813232976111e-07,2.6819109963938104e-06
7.486,-4.6467847569786613e-07,0.00011264359885765352,0.0016736255177296488,0.002005309976554237,4.162004121344154e-07,2.674415999770474e-06
7.488,-4.6379174101218723e-07,0.0001124025561636266,0.0016717303307089981,0.0020039231852853057,4.1482406798465377e-07,2.666941948836765e-06
7.49,-4.629064027650287e-07,0.00011216202872210701,0.0016698372890910917,0.0020025373534069413,4.134522757492931e-07,2.659488785416997e-06
7.492,-4.6202246051230134e-07,0.0001119220154321976,0.0016679463904487601,0.0020011524802552305,4.120850203293003e-07,2.6520564508913935e-06
7.494,-4.611399138099159e-07,0.00011168251519499961,0.0016660576323574983,0.001999768565166482,4.1072228662564214e-07,2.6446448870842687e-06
7.496,-4.6025876199173865e-07,0.00011144352691405679,0.0016641710123952436,0.0019983856074774486,4.0936405998337477e-07,2.6372540360419805e-06
7.498,-4.593790043916357e-07,0.00011120504949535537,0.00166228652814282,0.001997003606525549,4.0801032530346504e-07,2.629883839810887e-06
7.5,-4.5850064034347326e-07,0.00011096708184710202,0.0016604041771839384,0.0019956225616484247,4.066610677089244e-07,2.622534240659391e-06
7.502,-4.576236691811175e-07,0.00011072962287994592,0.0016585239571049737,0.001994242472184382,4.0531627232276435e-07,2.6152051810779398e-06
7.5040000000000004,-4.5674809023843466e-07,0.00011049267150675668,0.0016566458654947436,0.0019928633374721727,4.0397592449004094e-07,2.6078966035569806e-06
7.506,-4.5587390307133546e-07,0.00011025622664262436,0.0016547698999451743,0.0019914851568507697,4.0264000955581025e-07,2.60060845103105e-06
7.508,-4.550011067916415e-07,0.00011002028720530355,0.0016528960580506347,0.0019901079296598123,4.0130851264308376e-07,2.59334066621264e-06
7.51,-4.541297009552636e-07,0.0001097848521147693,0.001651024337408602,0.001988731655239384,3.9998141931896214e-07,2.586093192258332e-06
7.5120000000000005,-4.5325968467402333e-07,0.00010954992029299504,0.0016491547356187741,0.0019873563329300126,3.9865871492850147e-07,2.578865972546751e-06
7.514,-4.5239105728178686e-07,0.00010931549066461876,0.0016472872502837355,0.0019859819620726693,3.973403850388024e-07,2.571658950234479e-06
7.516,-4.51523818334465e-07,0.00010908156215627685,0.001645421879008957,0.00198460854200877,3.960264152169657e-07,2.56447206914423e-06
7.518,-4.5065796672183467e-07,0.0001088481336972702,0.0016435586194025742,0.0019832360720801745,3.9471679103009194e-07,2.557305272654631e-06
7.5200000000000005,-4.497935019998067e-07,0.0001086152042186761,0.0016416974690751651,0.0019818645516291866,3.9341149804528186e-07,2.550158505032485e-06
7.522,-4.489304232802027e-07,0.00010838277265445839,0.0016398384256404164,0.0019804939799985544,3.9211052182963613e-07,2.5430317101005073e-06
7.524,-4.4806873011893344e-07,0.00010815083794035729,0.001637981486714235,0.001979124356531692,3.9081384817230003e-07,2.5359248319034577e-06
7.526,-4.472084214057759e-07,0.0001079193990145555,0.0016361266499156368,0.001977755680572235,3.8952146286241884e-07,2.528837814930185e-06
7.5280000000000005,-4.463494966966408e-07,0.00010768845481767819,0.001634273912866302,0.0019763879514642646,3.8823335191118247e-07,2.5217706036695375e-06
7.53,-4.454919548813052e-07,0.00010745800429234897,0.0016324232731901311,0.0019750211685525265,3.869495008856916e-07,2.514723142832409e-06
7.532,-4.446357955156799e-07,0.00010722804638341188,0.0016305747285143557,0.0019736553311819893,3.8566989579713606e-07,2.507695377129693e-06
7.534,-4.437810174895418e-07,0.00010699858003837548,0.0016287282764684274,0.0019722904386980655,3.843945226567058e-07,2.500687251494327e-06
7.5360000000000005,-4.4292762035880173e-07,0.0001067696042065247,0.0016268839146846847,0.0019709264904468338,3.831233674755907e-07,2.4936987110812936e-06
7.538,-4.4207560301323667e-07,0.00010654111783980902,0.0016250416407979085,0.0019695634857748168,3.818564162649807e-07,2.4867297012676204e-06
7.54,-4.412249647867128e-07,0.00010631311989217629,0.0016232014524459881,0.0019682014240287593,3.8059365503606557e-07,2.4797801674303344e-06
7.542,-4.403757050130963e-07,0.00010608560931979483,0.0016213633472690336,0.0019668403045560723,3.793350700220799e-07,2.4728500549464627e-06
7.5440000000000005,-4.3952782258216416e-07,0.00010585858508105339,0.0016195273229100415,0.0019654801267043887,3.7808064745625813e-07,2.465939309637122e-06
7.546,-4.3868131682778255e-07,0.00010563204613656119,0.0016176933770146729,0.0019641208898222295,3.768303735718348e-07,2.4590478775454727e-06
7.548,-4.3783618686177306e-07,0.00010540599144936991,0.0016158615072312532,0.001962762593258116,3.755842346020444e-07,2.4521757044926318e-06
7.55,-4.3699243179595726e-07,0.00010518041998452965,0.0016140317112107727,0.0019614052363610135,3.7434221678012136e-07,2.4453227367438046e-06
7.5520000000000005,-4.3615005074215674e-07,0.00010495533070931096,0.001612203986606664,0.001960048818480775,3.7310430656134486e-07,2.4384889207862415e-06
7.554,-4.353090430342377e-07,0.00010473072259342686,0.0016103783310752462,0.0019586933389672545,3.7187049040099396e-07,2.431674202885148e-06
7.556,-4.3446940756197705e-07,0.00010450659460836675,0.001608554742275503,0.001957338797170971,3.7064075475434777e-07,2.4248785297498188e-06
7.558,-4.3363114343719644e-07,0.00010428294572828456,0.001606733217869083,0.0019559851924431104,3.694150860766854e-07,2.418101848089549e-06
7.5600000000000005,-4.3279424999376204e-07,0.00010405977492911056,0.0016049137555198545,0.0019546325241346363,3.681934708232859e-07,2.4113441048356776e-06
7.562,-4.319587261214508e-07,0.00010383708118921753,0.001603096352895017,0.0019532807915976225,3.6697589567147304e-07,2.404605247141589e-06
7.564,-4.3112457093208434e-07,0.00010361486348919868,0.0016012810076637685,0.0019519299941843649,3.657623472985705e-07,2.3978852221606672e-06
7.566,-4.302917835374842e-07,0.00010339312081164564,0.001599467717498415,0.0019505801312476034,3.6455281238190196e-07,2.3911839772683408e-06
7.5680000000000005,-4.29460363049472e-07,0.00010317185214137048,0.0015976564800737059,0.0019492312021405223,3.6334727759879115e-07,2.3845014598400383e-06
7.57,-4.286303085798693e-07,0.0001029510564654057,0.0015958472930668322,0.0019478832062167495,3.621457298486064e-07,2.3778376176952776e-06
7.572,-4.2780161901845304e-07,0.00010273073277278222,0.001594040154157872,0.0019465361428303574,3.6094815580867134e-07,2.3711923986535766e-06
7.574,-4.2697429369908946e-07,0.00010251088005497344,0.0015922350610295677,0.0019451900113358622,3.5975454237835436e-07,2.3645657507564977e-06
7.5760000000000005,-4.261483312895109e-07,0.00010229149730567322,0.0015904320113668824,0.0019438448110882245,3.5856487645702373e-07,2.3579576220456033e-06
7.578,-4.2532373112358357e-07,0.00010207258352012971,0.0015886310028578876,0.0019425005414428487,3.5737914494404777e-07,2.351367960562456e-06
7.58,-4.245004920910844e-07,0.00010185413769647766,0.0015868320331930974,0.0019411572017555834,3.561973347387948e-07,2.344796715014752e-06
7.582,-4.2367861330383505e-07,0.00010163615883440613,0.0015850351000654683,0.0019398147913827213,3.550194329626777e-07,2.3382438336660982e-06
7.5840000000000005,-4.228580936516124e-07,0.00010141864593604666,0.0015832402011706215,0.0019384733096809992,3.538454267371094e-07,2.3317092654462357e-06
7.586,-4.220389322462381e-07,0.00010120159800575124,0.0015814473342070645,0.00193713275600782,3.526753031835028e-07,2.325192958840816e-06
7.588,-4.212211279774891e-07,0.00010098501404964821,0.0015796564968755256,0.0019357931297205866,3.515090494232709e-07,2.3186948630016246e-06
7.59,-4.20404679957187e-07,0.00010076889307630843,0.0015778676868796193,0.0019344544301775901,3.503466527998711e-07,2.312214927080447e-06
7.5920000000000005,-4.1958958729715334e-07,0.00010055323409630113,0.001576080901925181,0.0019331166567371216,3.491881004347164e-07,2.3057531004511134e-06
7.594,-4.187758486651205e-07,0.00010033803612219394,0.0015742961397211541,0.0019317798087583604,3.4803337944921964e-07,2.299309332265409e-06
7.596,-4.179634631729101e-07,0.00010012329816877497,0.0015725133979787032,0.0019304438856007078,3.46882477408883e-07,2.2928835721192087e-06
7.598,-4.171524299323437e-07,9.990901925305273e-05,0.0015707326744116568,0.0019291088866240091,3.45735381657164e-07,2.286475769608387e-06
7.6000000000000005,-4.1634274761115364e-07,9.969519839403418e-05,0.0015689539667365082,0.001927774811188554,3.4459207953752014e-07,2.280085874772908e-06
7.602,-4.1553441532116153e-07,9.948183461272464e-05,0.0015671772726721933,0.001926441658655298,3.4345255839340894e-07,2.273713837430691e-06
7.604,-4.1472743195214434e-07,9.92689269323499e-05,0.0015654025899405344,0.0019251094283851966,3.423168057903325e-07,2.2673596076216995e-06
7.606,-4.1392179661592365e-07,9.905647437813414e-05,0.0015636299162653522,0.0019237781197400938,3.41184809293793e-07,2.2610231356079424e-06
7.6080000000000005,-4.1311750798023184e-07,9.8844475977522e-05,0.0015618592493737982,0.0019224477320818334,3.4005655669133716e-07,2.2547043718734727e-06
7.61,-4.1231456515689047e-07,9.86329307599565e-05,0.0015600905869948,0.0019211182647731473,3.3893203532642247e-07,2.2484032669023435e-06
7.612,-4.115129670356765e-07,9.842183775687907e-05,0.0015583239268606164,0.0019197897171769895,3.3781123298659566e-07,2.242119771178608e-06
7.614,-4.10712712506367e-07,9.82111960019516e-05,0.001556559266705504,0.0019184620886565362,3.3669413723735886e-07,2.235853835630408e-06
7.6160000000000005,-4.099138004587388e-07,9.800100453083438e-05,0.001554796604266384,0.0019171353785758516,3.355807358662588e-07,2.2296054111858865e-06
7.618,-4.09116229782569e-07,9.779126238118607e-05,0.0015530359372830649,0.001915809586299222,3.344710166608422e-07,2.22337444899523e-06
7.62,-4.083199993676345e-07,9.758196859266377e-05,0.0015512772634973526,0.0019144847111913776,3.3336496763070045e-07,2.217160899986581e-06
7.622,-4.0752510832575695e-07,9.7373122207145e-05,0.0015495205806541623,0.0019131607526172711,3.322625763413356e-07,2.2109647157542156e-06
7.6240000000000006,-4.0673155532466865e-07,9.71647222685057e-05,0.0015477658865006294,0.001911837709942743,3.31163830802339e-07,2.2047858476703652e-06
7.626,-4.059393392541466e-07,9.69567678226202e-05,0.001546013178786776,0.001910515582533856,3.3006871902330204e-07,2.198624247329306e-06
7.628,-4.051484590039678e-07,9.674925791736122e-05,0.0015442624552646222,0.0019091943697568947,3.28977229013816e-07,2.192479866547359e-06
7.63,-4.0435891324186457e-07,9.654219160282196e-05,0.0015425137136890754,0.001907874070979032,3.278893487834722e-07,2.1863526571408443e-06
7.632000000000001,-4.0357070107965853e-07,9.633556793109399e-05,0.001540766951817485,0.001906554685567441,3.26805066341862e-07,2.1802425711481277e-06
7.634,-4.0278382118508205e-07,9.612938595604525e-05,0.0015390221674098647,0.0019052362128901823,3.2572436969857677e-07,2.1741495606075745e-06
7.636,-4.019982726699567e-07,9.592364473376414e-05,0.0015372793582288935,0.0019039186523153173,3.246472470852524e-07,2.168073578001639e-06
7.638,-4.0121405420201484e-07,9.571834332233742e-05,0.0015355385220392481,0.001902602003211351,3.235736867335248e-07,2.1620145755907316e-06
7.640000000000001,-4.0043116467103346e-07,9.551348078185029e-05,0.0015337996566084922,0.001901286264947677,3.2250367687503e-07,2.1559725058573065e-06
7.642,-3.996496027447449e-07,9.530905617438634e-05,0.0015320627597068537,0.0018999714368936882,3.214372055193593e-07,2.149947321505863e-06
7.644,-3.988693673129262e-07,9.510506856402756e-05,0.0015303278291067812,0.0018986575184194443,3.203742611201932e-07,2.1439389754629445e-06
7.646,-3.980904572653543e-07,9.490151701685434e-05,0.0015285948625831658,0.0018973445088954488,3.1931483213121226e-07,2.1379474206550952e-06
7.648000000000001,-3.9731287149180616e-07,9.469840060116752e-05,0.001526863857913785,0.0018960324076924273,3.1825890678405244e-07,2.1319726102309033e-06
7.65,-3.9653660866001417e-07,9.449571838682225e-05,0.0015251348128788589,0.0018947212141817715,3.172064735323943e-07,2.1260144971169126e-06
7.652,-3.957616676597553e-07,9.429346944589412e-05,0.001523407725260828,0.0018934109277350952,3.161575208299183e-07,2.1200730349058006e-06
7.654,-3.949880471587619e-07,9.409165285245713e-05,0.0015216825928450195,0.0018921015477246783,3.151120371303051e-07,2.1141481769682002e-06
7.656000000000001,-3.94215746046811e-07,9.389026768258368e-05,0.0015199594134187588,0.0018907930735232448,3.140700111092798e-07,2.108239876896789e-06
7.658,-3.934447629916349e-07,9.368931301434458e-05,0.0015182381847724802,0.0018894855045037406,3.130314312205229e-07,2.1023480885062895e-06
7.66,-3.926750968830106e-07,9.348878792758697e-05,0.001516518904698616,0.001888178840039556,3.11996285917715e-07,2.0964727656114235e-06
7.662,-3.919067466107151e-07,9.328869150415642e-05,0.0015148015709922635,0.0018868730795045252,3.1096456409862583e-07,2.0906138620269132e-06
7.664000000000001,-3.911397108424808e-07,9.308902282811893e-05,0.0015130861814511842,0.0018855682222731485,3.0993625421693594e-07,2.08477133201157e-06
7.666,-3.9037398824603997e-07,9.288978098531686e-05,0.0015113727338753602,0.0018842642677201482,3.089113451704151e-07,2.0789451298242057e-06
7.668,-3.8960957771116966e-07,9.269096506359098e-05,0.001509661226067438,0.001882961215220691,3.078898256347884e-07,2.0731352099456757e-06
7.67,-3.8884647790560223e-07,9.24925741525584e-05,0.0015079516558325068,0.0018816590641506092,3.0687168450782565e-07,2.0673415266347916e-06
7.672000000000001,-3.8808468749707004e-07,9.22946073440567e-05,0.00150624402097832,0.0018803578138857358,3.05856910465252e-07,2.061564034594454e-06
7.674,-3.8732420537535006e-07,9.209706373169979e-05,0.00150453831931463,0.0018790574638027913,3.0484549240483716e-07,2.0558026887496084e-06
7.676,-3.865650302081747e-07,9.18999424111e-05,0.001502834548654075,0.0018777580132784966,3.038374192243509e-07,2.050057443803155e-06
7.678,-3.8580716088532085e-07,9.170324247986805e-05,0.0015011327068115143,0.0018764594616902386,3.0283267982156303e-07,2.044328254680039e-06
7.68,-3.8505059607452097e-07,9.150696303739103e-05,0.0014994327916044714,0.0018751618084160704,3.0183126331628785e-07,2.038615076749295e-06
7.682,-3.842953344435074e-07,9.131110318483238e-05,0.0014977348008529123,0.001873865052834045,3.008331586062951e-07,2.0329178651579127e-06
7.684,-3.835413746600125e-07,9.111566202579802e-05,0.0014960387323792457,0.0018725691943226597,2.998383545893546e-07,2.0272365752749266e-06
7.686,-3.827887153917686e-07,9.092063866522615e-05,0.0014943445840083225,0.0018712742322612996,2.9884684060732525e-07,2.021571162469371e-06
7.688,-3.820373555285528e-07,9.072603221027542e-05,0.0014926523535674363,0.0018699801660293502,2.9785860578002143e-07,2.0159215825543697e-06
7.69,-3.8128729373809733e-07,9.053184177010287e-05,0.0014909620388863232,0.001868686995006863,2.968736390052129e-07,2.0102877911210015e-06
7.692,-3.8053852868813465e-07,9.033806645564191e-05,0.0014892736377971616,0.0018673947185741113,2.9589192962475863e-07,2.0046697442044348e-06
7.694,-3.797910590463971e-07,9.014470537960229e-05,0.0014875871481347946,0.001866103336111813,2.9491346698051757e-07,1.9990673978398377e-06
7.696,-3.7904488348061705e-07,8.995175765669217e-05,0.0014859025677360638,0.0018648128470013514,2.939382401923041e-07,1.9934807080623784e-06
7.698,-3.783000008805715e-07,8.975922240361811e-05,0.001484219894440697,0.0018635232506243327,2.929662386019771e-07,1.98790963112927e-06
7.7,-3.7755640969194815e-07,8.956709873886304e-05,0.0014825391260906429,0.0018622345463628065,2.9199745155139567e-07,1.982354123297725e-06
7.702,-3.7681410880452404e-07,8.937538578290827e-05,0.0014808602605305143,0.001860946733599489,2.910318683824187e-07,1.9768141412690454e-06
7.704,-3.760730966639869e-07,8.918408265801148e-05,0.001479183295607145,0.001859659811717318,2.900694784369051e-07,1.971289641522489e-06
7.706,-3.7533337216011375e-07,8.89931884882067e-05,0.0014775082291695885,0.0018583737800994538,2.8911027127875855e-07,1.9657805807593576e-06
7.708,-3.745949337385923e-07,8.880270239952637e-05,0.0014758350590697855,0.0018570886381299445,2.8815423624983794e-07,1.960286915902998e-06
7.71,-3.738577802891996e-07,8.861262352000132e-05,0.001474163783161897,0.0018558043851928385,2.8720136313609146e-07,1.9548086038767565e-06
7.712,-3.731219104796679e-07,8.842295097921671e-05,0.0014724943993025263,0.0018545210206728502,2.862516412793781e-07,1.9493456018260247e-06
7.714,-3.723873227556851e-07,8.823368390875608e-05,0.0014708269053507195,0.001853238543955138,2.8530506024360136e-07,1.9438978668961937e-06
7.716,-3.716540160070281e-07,8.804482144220138e-05,0.0014691612991679648,0.0018519569544250825,2.843616095926649e-07,1.9384653564546994e-06
7.718,-3.7092198867938464e-07,8.785636271468888e-05,0.0014674975786181932,0.0018506762514687303,2.834212788904722e-07,1.9330480278689777e-06
7.72,-3.7019123944048715e-07,8.76683068635753e-05,0.001465835741567556,0.0018493964344723501,2.824840581450161e-07,1.9276458389505535e-06
7.722,-3.69461766958068e-07,8.748065302777164e-05,0.0014641757858846471,0.001848117502822877,2.8154993692020014e-07,1.9222587472889074e-06
7.724,-3.687335698998595e-07,8.729340034818733e-05,0.001462517709440725,0.0018468394559072454,2.806189047799279e-07,1.91688671047352e-06
7.726,-3.680066469335941e-07,8.710654796750816e-05,0.0014608615101092681,0.0018455622931132787,2.7969095173219216e-07,1.911529686760005e-06
7.728,-3.672809967270041e-07,8.692009503019626e-05,0.001459207185765976,0.0018442860138290218,2.787660675629411e-07,1.9061876339598882e-06
7.73,-3.665566179478219e-07,8.673404068249013e-05,0.0014575547342894346,0.001843010617443186,2.7784424205812286e-07,1.9008605103287834e-06
7.732,-3.658335090417353e-07,8.654838407262666e-05,0.001455904153560228,0.0018417361033442603,2.7692546500368564e-07,1.895548274122305e-06
7.734,-3.651116686764766e-07,8.63631243506191e-05,0.001454255441461605,0.0018404624709218442,2.760097264076222e-07,1.890250883818112e-06
7.736,-3.643910955197782e-07,8.617826066825707e-05,0.0014526085958788126,0.0018391897195657592,2.750970162779254e-07,1.8849682976718185e-06
7.738,-3.636717880173279e-07,8.599379217910652e-05,0.001450963614699985,0.0018379178486660486,2.741873246225879e-07,1.8797004746051726e-06
7.74,-3.6295374505890265e-07,8.580971803873183e-05,0.001449320495815254,0.0018366468576132,2.732806414496025e-07,1.874447373317878e-06
7.742,-3.622369650901902e-07,8.562603740425168e-05,0.0014476792371174163,0.0018353767457983672,2.7237695676696205e-07,1.8692089525096378e-06
7.744,-3.6152144677892295e-07,8.544274943478314e-05,0.0014460398365014893,0.0018341075126131479,2.714762605826593e-07,1.863985171324245e-06
7.746,-3.6080718857078864e-07,8.525985329099761e-05,0.0014444022918647104,0.0018328391574491398,2.705785431267316e-07,1.8587759886834476e-06
7.748,-3.6009418913351965e-07,8.507734813578693e-05,0.0014427666011069817,0.001831571679698829,2.696837944071717e-07,1.853581363953083e-06
7.75,-3.5938244713484835e-07,8.489523313337521e-05,0.001441132762130648,0.0018303050787547015,2.687920048760617e-07,1.8484012562769436e-06
7.752,-3.586719612425071e-07,8.471350744998496e-05,0.0014395007728400522,0.0018290393540101313,2.679031645413943e-07,1.8432356252429116e-06
7.7540000000000004,-3.579627299021837e-07,8.453217025339299e-05,0.0014378706311422018,0.0018277745048584926,2.670172636332069e-07,1.8380844302168242e-06
7.756,-3.572547517816105e-07,8.435122071359658e-05,0.001436242334946325,0.0018265105306938256,2.6613429238153685e-07,1.832947631008608e-06
7.758,-3.565480253264752e-07,8.417065800214729e-05,0.001434615882164314,0.0018252474309103928,2.652542412384662e-07,1.8278251874281892e-06
7.76,-3.558425492045103e-07,8.399048129215103e-05,0.001432991270709838,0.0018239852049031224,2.643771006560769e-07,1.8227170592854947e-06
7.7620000000000005,-3.551383218614035e-07,8.381068975871209e-05,0.0014313684984994524,0.0018227238520673872,2.635028606423617e-07,1.8176232063904507e-06
7.764,-3.5443534196488713e-07,8.363128257871111e-05,0.001429747563451933,0.0018214633717985595,2.626315118714473e-07,1.8125435889970731e-06
7.766,-3.537336081826936e-07,8.34522589308051e-05,0.0014281284634882763,0.0018202037634929003,2.6176304479541557e-07,1.8074781673593776e-06
7.768,-3.530331189605107e-07,8.327361799520538e-05,0.001426511196531921,0.001818945026546892,2.6089744986634855e-07,1.8024269019534245e-06
7.7700000000000005,-3.5233387296607077e-07,8.309535895412168e-05,0.0014248957605085266,0.0018176871603572398,2.6003471753632823e-07,1.7973897530332295e-06
7.772,-3.516358686450616e-07,8.291748099131802e-05,0.0014232821533464168,0.0018164301643213143,2.591748382574366e-07,1.7923666810748529e-06
7.774,-3.509391046652155e-07,8.273998329233478e-05,0.001421670372975914,0.0018151740378369308,2.583178027038002e-07,1.7873576467763996e-06
7.776,-3.502435794722203e-07,8.256286504471078e-05,0.0014200604173297826,0.0018139187803023482,2.574636013275011e-07,1.7823626110580193e-06
7.7780000000000005,-3.4954929173380833e-07,8.238612543731705e-05,0.0014184522843432301,0.0018126643911160478,2.566122250247105e-07,1.7773815346178168e-06
7.78,-3.488562398956674e-07,8.220976366102306e-05,0.0014168459719536841,0.0018114108696769549,2.557636642475103e-07,1.7724143785979862e-06
7.782,-3.481644224034852e-07,8.203377890825259e-05,0.0014152414781010147,0.0018101582153844387,2.5491790967002714e-07,1.7674611039186772e-06
7.784,-3.474738379249942e-07,8.18581703734278e-05,0.0014136388007275347,0.0018089064276385347,2.5407495196638763e-07,1.7625216719441283e-06
7.7860000000000005,-3.467844851279267e-07,8.168293725230313e-05,0.001412037937777555,0.0018076555058392785,2.5323478203276295e-07,1.7575960440385785e-06
7.788,-3.460963624579705e-07,8.150807874263144e-05,0.001410438887197829,0.0018064054493873716,2.523973905432797e-07,1.7526841815662664e-06
7.79,-3.454094683608133e-07,8.133359404394191e-05,0.001408841646937331,0.0018051562576839597,2.5156276839410907e-07,1.7477860458914307e-06
7.792,-3.447238015041876e-07,8.115948235731807e-05,0.0014072462149476994,0.0018039079301304106,2.5073090648142227e-07,1.7429015988223995e-06
7.7940000000000005,-3.44039360333781e-07,8.098574288539773e-05,0.001405652589182571,0.0018026604661285361,2.499017957013905e-07,1.7380308021675006e-06
7.796,-3.433561432952814e-07,8.081237483303916e-05,0.0014040607675980254,0.0018014138650808142,2.490754267281403e-07,1.7331736175130175e-06
7.798,-3.4267414905642113e-07,8.063937740621085e-05,0.0014024707481525844,0.001800168126389945,2.4825179067988756e-07,1.7283300071113672e-06
7.8,-3.4199337606288793e-07,8.046674981287971e-05,0.0014008825288067683,0.0017989232494590723,2.4743087845280343e-07,1.7234999327708778e-06
7.8020000000000005,-3.413138229824142e-07,8.029449126256694e-05,0.00139929610752354,0.0017976792336915626,2.466126809430591e-07,1.7186833567439663e-06
7.804,-3.406354880386431e-07,8.012260096679213e-05,0.0013977114822680825,0.00179643607849167,2.457971892688704e-07,1.7138802415050947e-06
7.806,-3.3995836989930694e-07,7.995107813840718e-05,0.0013961286510082438,0.0017951937832636489,2.449843945484531e-07,1.70909054930668e-06
7.808,-3.392824672321382e-07,7.977992199204031e-05,0.00139454761171387,0.0017939523474121977,2.4417428767797844e-07,1.7043142426231839e-06
7.8100000000000005,-3.3860777848282453e-07,7.960913174409612e-05,0.0013929683623570277,0.001792711770342681,2.433668599977068e-07,1.6995512839290683e-06
7.812,-3.379343020970538e-07,7.94387066125335e-05,0.001391390900912226,0.0017914720514604632,2.425621024038094e-07,1.6948016359208395e-06
7.814,-3.372620365205137e-07,7.926864581730975e-05,0.0013898152253561946,0.0017902331901717972,2.417600062365466e-07,1.6900652615170486e-06
7.816,-3.36590980198892e-07,7.90989485794924e-05,0.0013882413336678834,0.0017889951858831576,2.4096056261413423e-07,1.6853421236362465e-06
7.8180000000000005,-3.359211317999211e-07,7.892961412214738e-05,0.001386669223828907,0.0017877580380012414,2.401637628768327e-07,1.6806321854190287e-06
7.82,-3.352524897692888e-07,7.876064167011698e-05,0.001385098893822656,0.0017865217459331895,2.3936959814285785e-07,1.6759354097839463e-06
7.822,-3.345850525526828e-07,7.859203044957574e-05,0.0013835303416351863,0.0017852863090870308,2.3857805975247004e-07,1.6712517598715948e-06
7.824,-3.3391881881783547e-07,7.842377968869663e-05,0.0013819635652545514,0.0017840517268705725,2.377891390459297e-07,1.6665811990446144e-06
7.8260000000000005,-3.332537870104346e-07,7.825588861698485e-05,0.0013803985626712478,0.0017828179986922876,2.370028273634972e-07,1.66192369088769e-06
7.828,-3.32589955576168e-07,7.808835646572199e-05,0.0013788353318779922,0.0017815851239613156,2.36219116045433e-07,1.6572791987634616e-06
7.83,-3.3192732296072336e-07,7.792118246774393e-05,0.0013772738708697219,0.0017803531020867958,2.3543799643199748e-07,1.6526476864786588e-06
7.832,-3.312658876097885e-07,7.775436585788498e-05,0.0013757141776438164,0.0017791219324783114,2.3465946008549565e-07,1.6480291176179662e-06
7.8340000000000005,-3.306056481910957e-07,7.758790587208964e-05,0.001374156250199654,0.0017778916145461121,2.3388349834618793e-07,1.6434234559881133e-06
7.836,-3.2994660292828826e-07,7.742180174852287e-05,0.0013726000865390553,0.0017766621477008915,2.3311010277637934e-07,1.6388306656178742e-06
7.838,-3.2928875048909845e-07,7.725605272645986e-05,0.0013710456846660612,0.0017754335313533431,2.3233926493837487e-07,1.6342507105360227e-06
7.84,-3.2863208931921406e-07,7.709065804695214e-05,0.0013694930425871554,0.0017742057649150489,2.3157097617243494e-07,1.6296835547713329e-06
7.8420000000000005,-3.2797661808636747e-07,7.692561695260558e-05,0.0013679421583105977,0.0017729788477975905,2.3080522826290917e-07,1.6251291625746234e-06
7.844,-3.273223350142018e-07,7.676092868802442e-05,0.0013663930298475346,0.001771752779413216,2.3004201277210257e-07,1.6205874981967128e-06
7.846,-3.266692387704495e-07,7.659659249892314e-05,0.001364845655210667,0.0017705275591743952,2.2928132126232015e-07,1.616058526332509e-06
7.848,-3.260173275787537e-07,7.643260763301463e-05,0.001363300032415582,0.0017693031864942643,2.2852314529586693e-07,1.6115422112328304e-06
7.8500000000000005,-3.253666001068467e-07,7.626897333956606e-05,0.0013617561594796435,0.0017680796607861815,2.2776747665709252e-07,1.607038517592585e-06
7.852,-3.2471705480041635e-07,7.61056888691769e-05,0.0013602140344226576,0.001766856981463949,2.2701430713034654e-07,1.6025474103287252e-06
7.854,-3.240686901051504e-07,7.594275347422297e-05,0.0013586736552668732,0.001765635147941591,2.26263628277934e-07,1.5980688541361587e-06
7.856,-3.2342150446673656e-07,7.578016640863439e-05,0.0013571350200363153,0.001764414159633798,2.2551543210624914e-07,1.5936028139318381e-06
7.8580000000000005,-3.2277549633086267e-07,7.561792692811764e-05,0.0013555981267574513,0.0017631940159557047,2.2476971017759695e-07,1.5891492546327157e-06
7.86,-3.2213066414321645e-07,7.545603428971148e-05,0.0013540629734591914,0.0017619747163226673,2.2402645427632706e-07,1.5847081413777886e-06
7.862,-3.214870065715303e-07,7.529448775223102e-05,0.001352529558172444,0.0017607562601504867,2.232856564088337e-07,1.5802794395280984e-06
7.864,-3.2084452183944734e-07,7.513328657604568e-05,0.0013509978789303378,0.0017595386468554075,2.2254730835946646e-07,1.5758631144446866e-06
7.8660000000000005,-3.202032086147e-07,7.497243002285714e-05,0.0013494679337682225,0.0017583218758538965,2.2181140213461958e-07,1.5714591312665505e-06
7.868,-3.1956306512093136e-07,7.48119173563655e-05,0.0013479397207238897,0.0017571059465633088,2.210779295186427e-07,1.5670674557988207e-06
7.87,-3.1892409002587385e-07,7.465174784160311e-05,0.0013464132378371296,0.001755890858400777,2.2034688251793e-07,1.562688053402539e-06
7.872,-3.1828628177521523e-07,7.449192074515665e-05,0.001344888483149953,0.0017546766107843226,2.1961825313887573e-07,1.558320889882836e-06
7.8740000000000006,-3.1764963859259865e-07,7.433243533516709e-05,0.001343365454706591,0.0017534632031321884,2.188920333878741e-07,1.5539659310448428e-06
7.876,-3.170141591457565e-07,7.417329088155178e-05,0.001341844150553717,0.0017522506348628397,2.1816821527131935e-07,1.5496231429157348e-06
7.878,-3.163798418803765e-07,7.401448665533827e-05,0.0013403245687397813,0.0017510389053954079,2.174467907956057e-07,1.5452924913006427e-06
7.88,-3.1574668524214644e-07,7.385602192977458e-05,0.0013388067073158982,0.0017498280141494682,2.1672775218917195e-07,1.5409739424487867e-06
7.882000000000001,-3.151146876767541e-07,7.36978959789969e-05,0.0013372905643351807,0.0017486179605448182,2.1601109145841235e-07,1.5366674623873422e-06
7.884,-3.1448384740784263e-07,7.35401080791398e-05,0.00133577613785274,0.0017474087440016994,2.1529680060972112e-07,1.5323730173655292e-06
7.886,-3.138541631031444e-07,7.338265750767015e-05,0.001334263425926352,0.0017462003639405754,2.1458487187153708e-07,1.5280905738546124e-06
7.888,-3.132256332083472e-07,7.32255435436091e-05,0.0013327524266155688,0.001744992819782798,2.1387529769434366e-07,1.523820098103812e-06
7.890000000000001,-3.125982561691387e-07,7.30687654677542e-05,0.0013312431379823852,0.0017437861109497188,2.131680700845351e-07,1.5195615570284815e-06
7.892,-3.119720304312068e-07,7.291232256223523e-05,0.0013297355580907944,0.0017425802368631338,2.124631812705502e-07,1.5153149168778413e-06
7.894,-3.113469544402392e-07,7.275621411051425e-05,0.0013282296850070097,0.001741375196945505,2.117606234808278e-07,1.5110801447892896e-06
7.896,-3.1072302664192364e-07,7.260043939805172e-05,0.0013267255167996872,0.0017401709906192941,2.1106038916585135e-07,1.5068572072340913e-06
7.898000000000001,-3.101002454819479e-07,7.244499771141832e-05,0.0013252230515392593,0.0017389676173076296,2.1036247033201505e-07,1.5026460713496448e-06
7.9,-3.094786091839552e-07,7.22898883389611e-05,0.001323722287298823,0.0017377650764338615,2.0966685965184695e-07,1.4984467040513039e-06
7.902,-3.0885811641567784e-07,7.213511057035937e-05,0.0013222232221532515,0.001736563367422006,2.0897354935378587e-07,1.494259072476467e-06
7.904,-3.082387656228036e-07,7.198066369706879e-05,0.0013207258541796385,0.0017353624896963016,2.0828253188831525e-07,1.4900831439845774e-06
7.906000000000001,-3.076205552510203e-07,7.18265470118773e-05,0.0013192301814575202,0.0017341624426814306,2.075937994838739e-07,1.4859188857130334e-06
7.908,-3.07003483523971e-07,7.167275980912713e-05,0.0013177362020682093,0.0017329632258022976,2.069073448129899e-07,1.4817662650212782e-06
7.91,-3.0638754910938815e-07,7.15193013844928e-05,0.0013162439140956828,0.001731764838484473,2.0622316032614663e-07,1.4776252494907993e-06
7.912,-3.057727504529595e-07,7.13661710354252e-05,0.001314753315625694,0.0017305672801537497,2.0554123847382755e-07,1.4734958067030846e-06
7.914000000000001,-3.051590857783282e-07,7.121336806092948e-05,0.0013132644047462172,0.0017293705502363643,2.048615717065161e-07,1.4693779042396216e-06
7.916,-3.045465537532266e-07,7.106089176112107e-05,0.0013117771795474464,0.0017281746481589977,2.0418415247469568e-07,1.4652715099039426e-06
7.918,-3.039351526012979e-07,7.090874143789172e-05,0.0013102916381217966,0.0017269795733487747,2.0350897345089436e-07,1.46117659149958e-06
7.92,-3.0332488099027444e-07,7.075691639468751e-05,0.001308807778563903,0.0017257853252330424,2.0283602730764017e-07,1.457093116830066e-06
7.922000000000001,-3.027157371437994e-07,7.060541593628678e-05,0.001307325598970177,0.0017245919032395918,2.0216530671746114e-07,1.4530210541430222e-06
7.924,-3.0210771950756055e-07,7.045423936902218e-05,0.0013058450974396951,0.00172339930679688,2.014968041308407e-07,1.4489603712419807e-06
7.926,-3.0150082652724564e-07,7.030338600055863e-05,0.0013043662720733096,0.0017222075353333643,2.008305122203069e-07,1.4449110365966078e-06
7.928,-3.0089505664854244e-07,7.015285514011538e-05,0.0013028891209740934,0.001721016588278168,2.0016642388043238e-07,1.4408730184545249e-06
7.930000000000001,-3.002904083171387e-07,7.0002646098688e-05,0.00130141364224734,0.0017198264650606365,1.9950453156170056e-07,1.4368462850633534e-06
7.932,-2.9968687997872223e-07,6.985275818816028e-05,0.001299939834000341,0.0017186371651105592,1.988448281586841e-07,1.4328308051148042e-06
7.934,-2.9908447007898076e-07,6.970319072241438e-05,0.0012984676943428308,0.0017174486878581696,1.9818730634391102e-07,1.4288265468564987e-06
7.936,-2.9848317706360206e-07,6.955394301666473e-05,0.0012969972213865422,0.0017162610327341454,1.9753195901195397e-07,1.4248334792021922e-06
7.938,-2.978829993782739e-07,6.940501438745805e-05,0.001295528413245206,0.0017150741991693863,1.96878778835341e-07,1.4208515708435954e-06
7.94,-2.9728393524663943e-07,6.925640415289536e-05,0.001294061268034774,0.001713888186595236,1.9622775870864473e-07,1.416880790472419e-06
7.942,-2.9668598333643104e-07,6.910811163240993e-05,0.001292595783873196,0.0017127029944437044,1.9557889152643781e-07,1.4129211070024184e-06
7.944,-2.9608914187129187e-07,6.896013614721141e-05,0.0012911319588808645,0.0017115186221468015,1.949321701832929e-07,1.4089724893473488e-06
7.946,-2.954934095189543e-07,6.881247701939763e-05,0.0012896697911799482,0.0017103350691369812,1.9428758757378262e-07,1.4050349068650547e-06
7.948,-2.948987845030615e-07,6.866513357306481e-05,0.0012882092788950583,0.0017091523348475857,1.9364513659247962e-07,1.4011083284692916e-06
7.95,-2.9430526526930123e-07,6.851810513364143e-05,0.0012867504201528046,0.001707970418711735,1.9300481013395654e-07,1.3971927235179038e-06
7.952,-2.9371285026336125e-07,6.83713910276662e-05,0.0012852932130817951,0.0017067893201632156,1.9236660131483063e-07,1.3932880611466913e-06
7.954,-2.931215379309293e-07,6.822499058345421e-05,0.0012838376558128584,0.0017056090386360356,1.9173050302967454e-07,1.3893943109355433e-06
7.956,-2.925313267176932e-07,6.807890313065279e-05,0.0012823837464788213,0.0017044295735648696,1.910965083951055e-07,1.3855114424643489e-06
7.958,-2.919422148472961e-07,6.793312800046358e-05,0.0012809314832147312,0.001703250924384614,1.9046461030569617e-07,1.381639425312997e-06
7.96,-2.9135420098747034e-07,6.778766452519847e-05,0.0012794808641578559,0.0017020730905306092,1.8983480187806379e-07,1.3777782290613771e-06
7.962,-2.907672833618591e-07,6.764251203894567e-05,0.0012780318874474617,0.00170089607143864,1.892070762288256e-07,1.3739278235114227e-06
7.964,-2.901814606381947e-07,6.749766987712569e-05,0.001276584551224813,0.0016997198665447133,1.8858142647459886e-07,1.3700881784650676e-06
7.966,-2.895967310401204e-07,6.735313737626925e-05,0.0012751388536336172,0.0016985444752855017,1.879578457320008e-07,1.3662592637242454e-06
7.968,-2.890130930133239e-07,6.720891387468342e-05,0.0012736947928191356,0.001697369897097678,1.873363271176487e-07,1.3624410495349792e-06
7.97,-2.8843054500349297e-07,6.706499871200755e-05,0.001272252366929072,0.0016961961314185814,1.8671686397020437e-07,1.3586335059212473e-06
7.972,-2.878490854563154e-07,6.692139122921326e-05,0.0012708115741133508,0.0016950231776859948,1.8609944918424048e-07,1.3548366031290726e-06
7.974,-2.872687128174789e-07,6.677809076882646e-05,0.0012693724125236727,0.0016938510353377012,1.854840763204635e-07,1.3510503111824335e-06
7.976,-2.866894253106267e-07,6.663509667448331e-05,0.001267934880313959,0.001692679703812372,1.8487073849549063e-07,1.347274600771442e-06
7.978,-2.861112216034911e-07,6.64924082915963e-05,0.001266498975640351,0.0016915091825486783,1.8425942882593915e-07,1.3435094421421212e-06
7.98,-2.8553409991971535e-07,6.635002496691023e-05,0.001265064696660767,0.0016903394709859576,1.8365014087251552e-07,1.3397548057625386e-06
7.982,-2.8495805870498714e-07,6.620794604828006e-05,0.0012636320415355673,0.0016891705685637692,1.8304286775183698e-07,1.3360106621007617e-06
7.984,-2.8438309640499426e-07,6.606617088511513e-05,0.0012622010084271107,0.0016880024747221167,1.8243760280256538e-07,1.3322769820689473e-06
7.986,-2.838092114654245e-07,6.592469882815699e-05,0.0012607715954995324,0.0016868351889014477,1.8183433958540718e-07,1.3285537363572075e-06
7.988,-2.8323640233196556e-07,6.578352922992359e-05,0.0012593438009194102,0.0016856687105424317,1.8123307121697962e-07,1.3248408958776992e-06
7.99,-2.826646674503053e-07,6.564266144382103e-05,0.0012579176228550981,0.0016845030390864046,1.8063379125798917e-07,1.321138431542579e-06
7.992,-2.820940052661314e-07,6.550209482480973e-05,0.0012564930594771706,0.0016833381739747022,1.8003649304709768e-07,1.3174463142640036e-06
7.994,-2.8152441400308703e-07,6.536182872918239e-05,0.0012550701089584226,0.0016821741146493263,1.794411701450116e-07,1.3137645151761745e-06
7.996,-2.809558923289046e-07,6.522186251456397e-05,0.0012536487694734255,0.001681010860552501,1.7884781611243739e-07,1.310093005413293e-06
7.998,-2.803884384672273e-07,6.508219554035577e-05,0.001252229039198971,0.0016798484111271161,1.782564242880369e-07,1.3064317561095606e-06
8.0,-2.798220508637428e-07,6.49428271668473e-05,0.0012508109163138492,0.001678686765816284,1.7766698801047198e-07,1.3027807388432677e-06
8.002,-2.792567279641389e-07,6.480375675588235e-05,0.0012493943989990708,0.0016775259240633389,1.770795010624937e-07,1.2991399247486157e-06
8.004,-2.7869246821410343e-07,6.4664983670637e-05,0.0012479794854376447,0.0016763658853120589,1.7649395700480852e-07,1.2955092854038952e-06
8.006,-2.781292698372795e-07,6.45265072756196e-05,0.0012465661738143563,0.0016752066490068884,1.7591034917607828e-07,1.2918887923873967e-06
8.008000000000001,-2.7756713150139944e-07,6.438832693689278e-05,0.0012451544623164335,0.001674048214592494,1.7532867135905406e-07,1.2882784174994555e-06
8.01,-2.770060516521511e-07,6.425044202162944e-05,0.0012437443491328803,0.001672890581513764,1.747489171144423e-07,1.284678132318362e-06
8.012,-2.7644602851317757e-07,6.411285189855676e-05,0.0012423358324546996,0.0016717337492160311,1.7417108000294945e-07,1.2810879086444515e-06
8.014,-2.7588706053016665e-07,6.397555593751214e-05,0.0012409289104753363,0.001670577717145294,1.735951538073266e-07,1.2775077185001038e-06
8.016,-2.753291461488061e-07,6.383855350988732e-05,0.0012395235813900118,0.0016694224847475514,1.730211323103248e-07,1.273937533685654e-06
8.018,-2.747722838147837e-07,6.370184398818424e-05,0.0012381198433959462,0.001668268051469246,1.7244900907265048e-07,1.2703773262234819e-06
8.02,-2.742164719737872e-07,6.35654267466812e-05,0.0012367176946923575,0.001667114416757487,1.7187877787705474e-07,1.2668270683580118e-06
8.022,-2.7366170907150433e-07,6.342930116054468e-05,0.0012353171334809065,0.001665961580059605,1.7131043228424403e-07,1.2632867321116237e-06
8.024000000000001,-2.731079933315783e-07,6.329346660649549e-05,0.0012339181579648084,0.0016648095408233754,1.70743966299014e-07,1.2597562899507864e-06
8.026,-2.725553234217415e-07,6.315792246236462e-05,0.0012325207663494986,0.0016636582984967951,1.7017937348207113e-07,1.2562357141199243e-06
8.028,-2.72003697565637e-07,6.302266810775947e-05,0.001231124956842189,0.0016625078525283055,1.6961664783821107e-07,1.2527249770855065e-06
8.03,-2.714531142089527e-07,6.288770292317558e-05,0.0012297307276527558,0.0016613582023667917,1.6905578315018488e-07,1.2492240513140018e-06
8.032,-2.7090357179737623e-07,6.275302629066282e-05,0.001228338076992408,0.001660209347461583,1.6849677320074363e-07,1.2457329092718794e-06
8.034,-2.7035506877659543e-07,6.261863759338127e-05,0.0012269470030747964,0.0016590612872620092,1.6793961177263839e-07,1.2422515238696974e-06
8.036,-2.6980760359229805e-07,6.248453621626737e-05,0.0012255575041155709,0.0016579140212182875,1.673842928706648e-07,1.2387798675739248e-06
8.038,-2.6926117469017186e-07,6.235072154492372e-05,0.0012241695783321571,0.0016567675487808575,1.6683081027757396e-07,1.2353179132951198e-06
8.040000000000001,-2.687157805159046e-07,6.221719296672923e-05,0.0012227832239442016,0.001655621869400159,1.6627915822020611e-07,1.2318656339438405e-06
8.042,-2.681714192931395e-07,6.208394987039512e-05,0.001221398439173127,0.0016544769825277417,1.6572933025926773e-07,1.2284230026526899e-06
8.044,-2.676280894675642e-07,6.195099164552076e-05,0.0012200152222427985,0.0016533328876147113,1.6518132062159907e-07,1.224989992332226e-06
8.046,-2.670857897069112e-07,6.18183176834819e-05,0.0012186335713786356,0.0016521895841132839,1.646351233119958e-07,1.2215665758930072e-06
8.048,-2.665445182348236e-07,6.168592737676448e-05,0.0012172534848085004,0.0016510470714756753,1.6409073211320901e-07,1.2181527266896808e-06
8.05,-2.660042734969892e-07,6.155382011896471e-05,0.0012158749607618091,0.0016499053491543236,1.6354814125207895e-07,1.2147484180768942e-06
8.052,-2.654650539390957e-07,6.142199530523307e-05,0.0012144979974701986,0.001648764416602555,1.6300734473340128e-07,1.2113536234092948e-06
8.054,-2.649268580068309e-07,6.129045233205233e-05,0.001213122593167304,0.0016476242732734736,1.6246833656197168e-07,1.2079683158194854e-06
8.056000000000001,-2.643896841458826e-07,6.115919059679342e-05,0.0012117487460887588,0.0016464849186210717,1.6193111096463042e-07,1.2045924691062027e-06
8.058,-2.638535305798939e-07,6.102820949860366e-05,0.001210376454472195,0.0016453463520995637,1.6139566194617316e-07,1.201226056624094e-06
8.06,-2.6331839597659723e-07,6.0897508437740555e-05,0.0012090057165572432,0.001644208573163386,1.6086198351139558e-07,1.197869052171896e-06
8.062,-2.627842785596357e-07,6.076708681557186e-05,0.0012076365305855319,0.001643071581267419,1.6033006988713794e-07,1.1945214293263007e-06
8.064,-2.622511769967417e-07,6.063694403479758e-05,0.0012062688948006883,0.0016419353758672095,1.5979991530024051e-07,1.1911831618860447e-06
8.066,-2.617190895115584e-07,6.0507079499672045e-05,0.0012049028074483381,0.001640799956418304,1.5927151397754358e-07,1.1878542236498646e-06
8.068,-2.611880145497736e-07,6.037749261533776e-05,0.0012035382667758832,0.0016396653223766933,1.587448599238428e-07,1.1845345886385417e-06
8.07,-2.6065795055707497e-07,6.024818278849153e-05,0.0012021752710329459,0.001638531473198812,1.5821994758802305e-07,1.1812242308728571e-06
8.072000000000001,-2.6012889597915034e-07,6.0119149427162455e-05,0.001200813818470925,0.0016373984083415394,1.5769677097488e-07,1.1779231243735921e-06
8.074,-2.5960084926168747e-07,5.9990391940267784e-05,0.0011994539073434396,0.001636266127261976,1.5717532453329852e-07,1.1746312433835726e-06
8.076,-2.590738088503741e-07,5.9861909738279095e-05,0.0011980955359061074,0.0016351346294176672,1.566556024901189e-07,1.1713485619235797e-06
8.078,-2.5854777319089806e-07,5.9733702232778185e-05,0.0011967387024161003,0.0016340039142666019,1.561375990721814e-07,1.168075054458484e-06
8.08,-2.5802274072894704e-07,5.960576883690116e-05,0.0011953834051330325,0.0016328739812672133,1.5562130872837088e-07,1.164810695231111e-06
8.082,-2.5749870968816424e-07,5.9478108964672316e-05,0.001194029642318295,0.0016317448298781567,1.5510672568552764e-07,1.161555458928376e-06
8.084,-2.56975678736282e-07,5.93507220314482e-05,0.0011926774122350547,0.0016306164595583095,1.5459384439253654e-07,1.158309319793105e-06
8.086,-2.5645364609694354e-07,5.922360745391764e-05,0.0011913267131489214,0.001629488869767215,1.5408265907623786e-07,1.1550722525122126e-06
8.088000000000001,-2.559326104378812e-07,5.909676465010172e-05,0.0011899775433270587,0.0016283620599646387,1.5357316418551648e-07,1.1518442315505695e-06
8.09,-2.554125699827381e-07,5.897019303913176e-05,0.0011886299010386292,0.0016272360296110122,1.5306535416925726e-07,1.1486252318171353e-06
8.092,-2.5489352317720204e-07,5.884389204124929e-05,0.0011872837845547934,0.0016261107781665451,1.525592234763451e-07,1.145415227998825e-06
8.094,-2.543754686890054e-07,5.8717861078250166e-05,0.0011859391921489326,0.0016249863050923352,1.5205476655566486e-07,1.142214195226643e-06
8.096,-2.5385840474179133e-07,5.859209957304046e-05,0.0011845961220959822,0.0016238626098497022,1.5155197785610142e-07,1.139022108187504e-06
8.098,-2.533423297812476e-07,5.846660694963646e-05,0.001183254572672876,0.00162273969190041,1.5105085182653966e-07,1.135838941790368e-06
8.1,-2.5282724225306197e-07,5.834138263338673e-05,0.0011819145421587685,0.0016216175507064445,1.5055138291586445e-07,1.1326646711662391e-06
8.102,-2.523131406029222e-07,5.821642605075006e-05,0.0011805760288348122,0.0016204961857302358,1.5005356579500528e-07,1.1294992716681662e-06
8.104000000000001,-2.5180002327651607e-07,5.809173662973954e-05,0.0011792390309837142,0.0016193755964344358,1.4955739491284703e-07,1.126342718205109e-06
8.106,-2.5128788871953134e-07,5.796731379925646e-05,0.00117790354689018,0.0016182557822823629,1.4906286471827457e-07,1.1231949863521606e-06
8.108,-2.5077673537765577e-07,5.784315698953435e-05,0.0011765695748411353,0.0016171367427375571,1.4856997010426198e-07,1.1200560512403257e-06
8.11,-2.5026656169657713e-07,5.771926563213903e-05,0.0011752371131252826,0.001616018477264003,1.4807870529764955e-07,1.1169258884446975e-06
8.112,-2.497573661219832e-07,5.759563915952448e-05,0.0011739061600333223,0.0016149009853259066,1.4758906519141135e-07,1.113804473318325e-06
8.114,-2.492491470995617e-07,5.747227700569901e-05,0.0011725767138577314,0.0016137842663879187,1.4710104423443227e-07,1.1106917814363015e-06
8.116,-2.4874190307500044e-07,5.734917860578115e-05,0.0011712487728932075,0.0016126683199149117,1.4661463709764178e-07,1.1075877883737206e-06
8.118,-2.4823563249398717e-07,5.722634339622168e-05,0.0011699223354360022,0.0016115531453724241,1.4612983845196936e-07,1.1044924699277203e-06
8.120000000000001,-2.4773033358016505e-07,5.710377081413753e-05,0.0011685973997845878,0.0016104387422262167,1.456466429683445e-07,1.101405801673394e-06
8.122,-2.4722600500126646e-07,5.698146029864404e-05,0.0011672739642392127,0.0016093251099424943,1.451650453176967e-07,1.0983277596299246e-06
8.124,-2.4672264520297915e-07,5.685941128930061e-05,0.001165952027102124,0.0016082122479876837,1.44685040393e-07,1.0952583195944499e-06
8.126,-2.462202526309909e-07,5.6737623227443024e-05,0.001164631586677567,0.0016071001558286557,1.4420662286518393e-07,1.0921974575861526e-06
8.128,-2.4571882573098947e-07,5.661609555529523e-05,0.0011633126412713413,0.0016059888329327254,1.4372978740517794e-07,1.0891451496242155e-06
8.13,-2.45218362726618e-07,5.649482771619141e-05,0.001161995189191689,0.0016048782787674298,1.4325452868391153e-07,1.0861013717278212e-06
8.132,-2.447188622856089e-07,5.6373819155020044e-05,0.001160679228748407,0.0016037684928009721,1.4278084159435878e-07,1.083066100138197e-06
8.134,-2.442203228536499e-07,5.62530693175578e-05,0.0011593647582532896,0.0016026594745015554,1.4230872102949377e-07,1.08003931109657e-06
8.136000000000001,-2.437227428764288e-07,5.613257765091362e-05,0.0011580517760199083,0.001601551223337827,1.41838161660246e-07,1.0770209808441678e-06
8.138,-2.4322612079963335e-07,5.601234360330665e-05,0.0011567402803640547,0.0016004437387788784,1.4136915837958952e-07,1.074011085844262e-06
8.14,-2.427304550689513e-07,5.589236662406627e-05,0.001155430269603075,0.0015993370202942447,1.4090170608049846e-07,1.07100960233808e-06
8.142,-2.422357439080258e-07,5.5772646163854134e-05,0.0011541217420565353,0.0015982310673536837,1.4043579965594688e-07,1.0680165070109382e-06
8.144,-2.417419859845893e-07,5.565318167444211e-05,0.0011528146960457786,0.0015971258794273968,1.3997143377686427e-07,1.0650317763261086e-06
8.146,-2.4124917974432947e-07,5.553397260871229e-05,0.001151509129893924,0.0015960214559860297,1.3950860355826933e-07,1.0620553869689076e-06
8.148,-2.407573236329341e-07,5.541501842065699e-05,0.001150205041926089,0.0015949177965004502,1.3904730389313613e-07,1.059087315402607e-06
8.15,-2.40266416096091e-07,5.52963185656008e-05,0.0011489024304693896,0.001593814900441748,1.3858752967443877e-07,1.0561275387566127e-06
8.152000000000001,-2.397764558015325e-07,5.517787249997852e-05,0.001147601293852718,0.0015927127672819008,1.3812927601719593e-07,1.0531760334941964e-06
8.154,-2.392874409729018e-07,5.505967968155723e-05,0.001146301630406743,0.0015916113964928869,1.376725375923371e-07,1.050232776744764e-06
8.156,-2.387993700558866e-07,5.4941739568992176e-05,0.0011450034384643537,0.001590510787546906,1.3721730973692559e-07,1.0472977454156762e-06
8.158,-2.383122414961747e-07,5.482405162204884e-05,0.0011437067163599934,0.0015894109399168244,1.3676358712189085e-07,1.0443709164142945e-06
8.16,-2.3782605396149847e-07,5.470661530204701e-05,0.001142411462430104,0.00158831185307573,1.363113650842962e-07,1.0414522668700243e-06
8.162,-2.373408056755011e-07,5.458943007097261e-05,0.0011411176750129037,0.0015872135264971554,1.358606382950711e-07,1.0385417739122715e-06
8.164,-2.368564953059149e-07,5.447249539214383e-05,0.001139825352448831,0.0015861159596548546,1.354114020912789e-07,1.0356394146704417e-06
8.166,-2.3637312107638309e-07,5.435581073021112e-05,0.001138534493079879,0.0015850191520232482,1.3496365158793822e-07,1.0327451664959852e-06
8.168000000000001,-2.35890681654638e-07,5.4239375550935165e-05,0.001137245095250039,0.0015839231030767564,1.3451738167802318e-07,1.0298590067403524e-06
8.17,-2.3540917548636742e-07,5.4123189320964826e-05,0.0011359571573050786,0.001582827812290244,1.3407258747655248e-07,1.0269809127549934e-06
8.172,-2.349286007952145e-07,5.400725150828123e-05,0.001134670677592764,0.0015817332791392413,1.336292640985448e-07,1.0241108621134032e-06
8.174,-2.344489562489116e-07,5.389156158197572e-05,0.0011333856544626375,0.0015806395030992793,1.3318740688106345e-07,1.021248832167032e-06
8.176,-2.339702402931465e-07,5.377611901224988e-05,0.00113210208626624,0.0015795464836463324,1.327470107170825e-07,1.0183948007114196e-06
8.178,-2.3349245159565157e-07,5.3660923270415495e-05,0.001130819971356667,0.0015784542202568197,1.3230807094366526e-07,1.015548745098016e-06
8.18,-2.3301558838006997e-07,5.354597382889459e-05,0.0011295393080892335,0.001577362712407604,1.318705826758304e-07,1.0127106433444055e-06
8.182,-2.3253964909208946e-07,5.34312701612194e-05,0.001128260094821032,0.0015762719595757702,1.3143454125064125e-07,1.009880473024083e-06
8.184000000000001,-2.3206463239944242e-07,5.3316811742254444e-05,0.0011269823299109305,0.0015751819612386253,1.3099994178311647e-07,1.0070582121546323e-06
8.186,-2.315905367478166e-07,5.32025980477524e-05,0.0011257060117195739,0.0015740927168741425,1.3056677938827477e-07,1.0042438383095487e-06
8.188,-2.3111736036085517e-07,5.3088628554798234e-05,0.001124431138609605,0.001573004225960739,1.3013504940317944e-07,1.0014373297284607e-06
8.19,-2.306451019062905e-07,5.297490274136507e-05,0.0011231577089454436,0.00157191648797661,1.2970474716489377e-07,9.986386644289524e-07
8.192,-2.3017375982981036e-07,5.2861420086758315e-05,0.0011218857210935074,0.001570829502400839,1.2927586778843647e-07,9.95847820428608e-07
8.194,-2.2970333279914712e-07,5.2748180071171547e-05,0.0011206151734217684,0.0015697432687129531,1.2884840661087082e-07,9.930647757450117e-07
8.196,-2.2923381903794393e-07,5.263518217613061e-05,0.0011193460643004194,0.001568657786392258,1.2842235896926013e-07,9.902895088398367e-07
8.198,-2.2876521699188856e-07,5.252242588404954e-05,0.0011180783921012072,0.001567573054918947,1.279977204227123e-07,9.87521997730667e-07
8.2,-2.282975253287134e-07,5.240991067867462e-05,0.0011168121551978771,0.001566489073773214,1.27574486086246e-07,9.847622208791762e-07
8.202,-2.2783074249410618e-07,5.229763604464033e-05,0.001115547351965951,0.0015654058424359185,1.2715265129692455e-07,9.820101565249928e-07
8.204,-2.2736486693375468e-07,5.21856014679134e-05,0.0011142839807827265,0.0015643233603881423,1.2673221139181123e-07,9.792657833518348e-07
8.206,-2.2689989709334668e-07,5.207380643534876e-05,0.0011130220400272783,0.0015632416271114113,1.2631316193001396e-07,9.765290795993309e-07
8.208,-2.2643583164061454e-07,5.1962250435133583e-05,0.0011117615280806792,0.0015621606420874734,1.2589549824859603e-07,9.73800023951199e-07
8.21,-2.2597266879920141e-07,5.18509329561212e-05,0.0011105024433260002,0.0015610804047985205,1.2547921568462073e-07,9.710785950911571e-07
8.212,-2.2551040723683968e-07,5.1739853488719234e-05,0.001109244784147645,0.0015600009147269667,1.2506430957515136e-07,9.683647717029231e-07
8.214,-2.250490453992171e-07,5.16290115242235e-05,0.0011079885489322372,0.00155892217135567,1.2465077547929582e-07,9.65658532470215e-07
8.216,-2.2458858173202145e-07,5.151840655504003e-05,0.0011067337360681773,0.0015578441741679327,1.24238608956162e-07,9.62959856298795e-07
8.218,-2.241290149029851e-07,5.1408038074463036e-05,0.0011054803439456418,0.0015567669226475012,1.2382780534281324e-07,9.602687218723815e-07
8.22,-2.2367034313575118e-07,5.129790557734104e-05,0.0011042283709565837,0.0015556904162781215,1.234183601983574e-07,9.575851083187814e-07
8.222,-2.232125650980521e-07,5.11880085591887e-05,0.0011029778154947323,0.0015546146545442063,1.2301026908190238e-07,9.549089945437572e-07
8.224,-2.227556792355756e-07,5.10783465166309e-05,0.0011017286759558154,0.00155353963693039,1.226035275525561e-07,9.522403594530715e-07
8.226,-2.2229968421605406e-07,5.0968918947624786e-05,0.001100480950737115,0.001552465362921751,1.2219813094738186e-07,9.49579182396576e-07
8.228,-2.2184457826313064e-07,5.085972535079364e-05,0.0010992346382381335,0.0015513918320038123,1.2179407504753215e-07,9.469254422800333e-07
8.23,-2.2139036004453772e-07,5.075076522631505e-05,0.0010979897368597058,0.0015503190436620962,1.2139135519007027e-07,9.44279118453295e-07
8.232,-2.2093702800596304e-07,5.06420380752548e-05,0.001096746245004665,0.0015492469973827916,1.2098996715614874e-07,9.41640190266213e-07
8.234,-2.20484580815139e-07,5.053354339956684e-05,0.0010955041610778427,0.0015481756926523094,1.2058990650487544e-07,9.390086368465944e-07
8.236,-2.2003301669570874e-07,5.0425280702315334e-05,0.0010942634834856246,0.0015471051289575044,1.201911687953583e-07,9.363844377663355e-07
8.238,-2.1958233431540464e-07,5.031724948789673e-05,0.0010930242106363952,0.0015460353057854537,1.197937495867052e-07,9.337675723752881e-07
8.24,-2.1913253211991446e-07,5.0209449261373607e-05,0.001091786340940093,0.0015449662226236782,1.1939764466006864e-07,9.311580202453484e-07
8.242,-2.1868360877697057e-07,5.01018795291408e-05,0.001090549872808655,0.0015438978789601432,1.1900284957455654e-07,9.285557607263684e-07
8.244,-2.1823556251021614e-07,4.999453979848134e-05,0.0010893148046555723,0.0015428302742830358,1.186093601113214e-07,9.259607736122888e-07
8.246,-2.1778839198738353e-07,4.988742957801051e-05,0.0010880811348965569,0.0015417634080809872,1.1821717182947111e-07,9.233730386970507e-07
8.248,-2.1734209587620512e-07,4.978054837723178e-05,0.0010868488619488748,0.0015406972798428509,1.178262802881136e-07,9.207925355525504e-07
8.25,-2.1689667240032406e-07,4.96738957065368e-05,0.0010856179842313463,0.0015396318890579241,1.1743668149044595e-07,9.182192439727288e-07
8.252,-2.1645212022747273e-07,4.956747107742743e-05,0.0010843885001650122,0.0015385672352159485,1.1704837099557608e-07,9.156531439735716e-07
8.254,-2.160084378033389e-07,4.946127400273781e-05,0.0010831604081724677,0.0015375033178068875,1.1666134458465649e-07,9.13094215126975e-07
8.256,-2.1556562379565491e-07,4.9355303995968214e-05,0.0010819337066780843,0.0015364401363211488,1.1627559803883969e-07,9.105424376709692e-07
8.258000000000001,-2.1512367665010856e-07,4.9249560571729134e-05,0.0010807083941080098,0.001535377690249362,1.1589112713927818e-07,9.079977916215398e-07
8.26,-2.146825948123876e-07,4.914404324596333e-05,0.0010794844688901684,0.001534315979082601,1.1550792766712448e-07,9.054602569946724e-07
8.262,-2.142423769502244e-07,4.90387515352797e-05,0.0010782619294544826,0.0015332550023121616,1.1512599518148647e-07,9.029298138063524e-07
8.264,-2.1380302150930675e-07,4.8933684957619406e-05,0.0010770407742324295,0.0015321947594300056,1.1474532590760589e-07,9.004064422946101e-07
8.266,-2.1336452693532237e-07,4.8828843031811786e-05,0.0010758210016572622,0.001531135249928095,1.1436591540459062e-07,8.978901226974756e-07
8.268,-2.1292689167395906e-07,4.872422527757436e-05,0.0010746026101640105,0.001530076473299058,1.1398775945359318e-07,8.953808352529791e-07
8.27,-2.1249011439294918e-07,4.861983121595692e-05,0.0010733855981894802,0.0015290184290355224,1.1361085405781068e-07,8.928785604211953e-07
8.272,-2.120541937600251e-07,4.8515660368675384e-05,0.0010721699641724758,0.0015279611166307827,1.1323519499839563e-07,8.90383278662199e-07
8.274000000000001,-2.1161912822087459e-07,4.841171225877794e-05,0.0010709557065531339,0.001526904535578355,1.1286077827854513e-07,8.878949702140204e-07
8.276,-2.111849162211854e-07,4.8307986410200954e-05,0.0010697428237738116,0.0015258486853719777,1.1248759967941169e-07,8.854136157587789e-07
8.278,-2.1075155620664532e-07,4.820448234799102e-05,0.0010685313142781983,0.0015247935655060552,1.1211565498214782e-07,8.829391957565491e-07
8.28,-2.103190468449867e-07,4.81011995980829e-05,0.0010673211765119817,0.0015237391754749918,1.1174494041199523e-07,8.804716908894505e-07
8.282,-2.0988738658189732e-07,4.799813768752159e-05,0.001066112408922848,0.0015226855147738583,1.1137545175010644e-07,8.780110818396025e-07
8.284,-2.0945657408510954e-07,4.789529614424026e-05,0.0010649050099595936,0.0015216325828979471,1.1100718477763394e-07,8.75557349511169e-07
8.286,-2.0902660780031113e-07,4.7792674497282306e-05,0.0010636989780734574,0.001520580379342773,1.1064013571981945e-07,8.731104743642248e-07
8.288,-2.0859748639523445e-07,4.769027227657929e-05,0.0010624943117170105,0.0015195289036042947,1.1027430035781549e-07,8.706704373029339e-07
8.290000000000001,-2.081692083155673e-07,4.758808901317302e-05,0.0010612910093446004,0.001518478155178915,1.0990967469481916e-07,8.682372194535048e-07
8.292,-2.077417720069974e-07,4.74861242392155e-05,0.001060089069412573,0.001517428133563259,1.0954625495607218e-07,8.65810801498057e-07
8.294,-2.0731517613725714e-07,4.738437748774693e-05,0.0010588884903786067,0.0015163788382541732,1.0918403692272705e-07,8.63391164562799e-07
8.296,-2.068894193740789e-07,4.728284829269569e-05,0.0010576892707025998,0.001515330268749171,1.0882301659798088e-07,8.609782895518947e-07
8.298,-2.0646450016315043e-07,4.718153618910037e-05,0.0010564914088460053,0.0015142824245459874,1.084631902070754e-07,8.585721578135974e-07
8.3,-2.060404169501595e-07,4.708044071288775e-05,0.0010552949032718306,0.0015132353051428016,1.0810455375320771e-07,8.561727502520711e-07
8.302,-2.056171684028385e-07,4.697956140109483e-05,0.0010540997524448592,0.0015121889100377928,1.0774710323957493e-07,8.537800482155689e-07
8.304,-2.0519475296687517e-07,4.687889779186882e-05,0.001052905954831873,0.0015111432387298063,1.0739083466937416e-07,8.51394033052344e-07
8.306000000000001,-2.0477316908795729e-07,4.6778449424023094e-05,0.0010517135089012086,0.0015100982907181315,1.0703574426784712e-07,8.49014685888605e-07
8.308,-2.0435241565586182e-07,4.667821583770326e-05,0.0010505224131229784,0.001509054065502058,1.0668182803819093e-07,8.466419882946497e-07
8.31,-2.0393249089423193e-07,4.657819657372109e-05,0.0010493326659690716,0.001508010562581319,1.063290822056473e-07,8.442759213966866e-07
8.312,-2.035133936928446e-07,4.647839117422059e-05,0.0010481442659129314,0.0015069677814560922,1.0597750277341333e-07,8.419164667650136e-07
8.314,-2.03095122275343e-07,4.637879918201193e-05,0.0010469572114299996,0.0015059257216269994,1.0562708596673076e-07,8.395636061919731e-07
8.316,-2.0267767530945946e-07,4.627942014079345e-05,0.0010457715009970503,0.0015048843825946623,1.0527782801084129e-07,8.372173210258183e-07
8.318,-2.022610514629264e-07,4.6180253595595744e-05,0.0010445871330928558,0.0015038437638603686,1.0492972490894203e-07,8.348775928368468e-07
8.32,-2.0184524918143154e-07,4.60812990923376e-05,0.0010434041061979649,0.0015028038649256281,1.0458277288627471e-07,8.325444034174012e-07
8.322000000000001,-2.0143026713270729e-07,4.598255617760394e-05,0.0010422224187944806,0.001501764685292395,1.0423696816808103e-07,8.302177343377792e-07
8.324,-2.01016103984486e-07,4.588402439931194e-05,0.0010410420693662825,0.001500726224462845,1.0389230697960272e-07,8.278975673903233e-07
8.326,-2.0060275818245543e-07,4.578570330626697e-05,0.0010398630563990263,0.0014996884819393763,1.0354878554608149e-07,8.255838845894203e-07
8.328,-2.0019022817230336e-07,4.568759244794052e-05,0.0010386853783801442,0.001498651457225053,1.0320640009275905e-07,8.232766677274128e-07
8.33,-1.9977851262176216e-07,4.55896913753584e-05,0.0010375090337984005,0.0014976151498231616,1.0286514684487713e-07,8.209758988186877e-07
8.332,-1.993676101985642e-07,4.5491999639768466e-05,0.0010363340211447802,0.00149657955923721,1.0252502202767744e-07,8.186815596555874e-07
8.334,-1.9895751934839723e-07,4.539451679397288e-05,0.0010351603389113784,0.0014955446849711507,1.0218602186640169e-07,8.163936324745436e-07
8.336,-1.9854823873899363e-07,4.5297242391661996e-05,0.0010339879855927325,0.00149451052652938,1.018481428083362e-07,8.141120990678985e-07
8.338000000000001,-1.9813976681604117e-07,4.520017598697024e-05,0.0010328169596844905,0.0014934770834162947,1.0151138107872271e-07,8.118369418941285e-07
8.34,-1.9773210224727222e-07,4.510331713558635e-05,0.0010316472596840764,0.001492444355137179,1.011757329028029e-07,8.095681429676205e-07
8.342,-1.9732524347837455e-07,4.500666539386522e-05,0.001030478884090913,0.0014914123411970959,1.0084119472786313e-07,8.073056845248061e-07
8.344,-1.9691918939912512e-07,4.491022031927194e-05,0.0010293118314059768,0.0014903810411017737,1.0050776277914508e-07,8.05049548802117e-07
8.346,-1.965139382331671e-07,4.481398146993776e-05,0.0010281461001317993,0.0014893504543571634,1.0017543328189049e-07,8.027997182580293e-07
8.348,-1.9610948887027746e-07,4.4717948405104124e-05,0.001026981688772688,0.0014883205804696598,9.984420290543028e-08,8.005561751289747e-07
8.35,-1.9570583975614397e-07,4.462212068490068e-05,0.0010258185958347266,0.0014872914189458797,9.951406787500616e-08,7.983189018734294e-07
8.352,-1.95302989558499e-07,4.452649787056728e-05,0.0010246568198257755,0.0014862629692928842,9.918502441585986e-08,7.960878809498695e-07
8.354000000000001,-1.9490093672303033e-07,4.4431079524231976e-05,0.0010234963592550272,0.0014852352310181782,9.885706897527768e-08,7.938630950388159e-07
8.356,-1.944996799174703e-07,4.433586520868893e-05,0.0010223372126336727,0.001484208203629267,9.853019822259057e-08,7.916445265987448e-07
8.358,-1.940992178095513e-07,4.4240854488064585e-05,0.0010211793784744572,0.0014831818866340996,9.820440816099563e-08,7.894321583101771e-07
8.36,-1.936995488449611e-07,4.4146046927151517e-05,0.0010200228552919022,0.0014821562795412913,9.787969545982378e-08,7.872259728536335e-07
8.362,-1.9330067169143206e-07,4.405144209163048e-05,0.0010188676416020837,0.0014811313818594574,9.755605656636135e-08,7.850259529096348e-07
8.364,-1.9290258501669655e-07,4.395703954829244e-05,0.0010177137359228539,0.0014801071930978793,9.723348792789466e-08,7.82832081158702e-07
8.366,-1.9250528726644234e-07,4.386283886481657e-05,0.0010165611367736194,0.0014790837127656165,9.691198599171003e-08,7.806443405034003e-07
8.368,-1.921087771084018e-07,4.376883960977018e-05,0.0010154098426757852,0.0014780609403726164,9.659154720509378e-08,7.784627138462952e-07
8.370000000000001,-1.917130532103073e-07,4.36750413526088e-05,0.0010142598521518664,0.0014770388754290487,9.627216801533223e-08,7.762871840899521e-07
8.372,-1.913181142398912e-07,4.358144366367611e-05,0.0010131111637265988,0.001476017517445083,9.59538448697117e-08,7.741177341369365e-07
8.374,-1.9092395864284128e-07,4.348804611442603e-05,0.0010119637759260502,0.001474996865931777,9.563657443756313e-08,7.719543471118584e-07
8.376,-1.9053058508688991e-07,4.339484827697859e-05,0.001010817687278287,0.0014739769203999664,9.532035316617282e-08,7.697970059172832e-07
8.378,-1.9013799223976946e-07,4.330184972456408e-05,0.0010096728963124857,0.0014729576803611533,9.500517750282711e-08,7.676456936778209e-07
8.38,-1.897461785471677e-07,4.320905003130093e-05,0.0010085294015600432,0.0014719391453272834,9.469104411685692e-08,7.655003937401261e-07
8.382,-1.8935514267681697e-07,4.311644877219578e-05,0.0010073872015536889,0.0014709213148103029,9.437794945554856e-08,7.633610890067644e-07
8.384,-1.8896488329644967e-07,4.302404552314343e-05,0.0010062462948281503,0.0014699041883228237,9.406589018823297e-08,7.612277630464348e-07
8.386000000000001,-1.8857539907379817e-07,4.293183986070481e-05,0.0010051066799192654,0.001468887765377458,9.375486276219647e-08,7.591003989837475e-07
8.388,-1.8818668845455022e-07,4.283983136277314e-05,0.0010039683553650924,0.0014678720454874838,9.344486384676998e-08,7.56978980165357e-07
8.39,-1.877987503284828e-07,4.274801960790775e-05,0.001002831319705022,0.0014668570281661797,9.313589011128443e-08,7.548634899379181e-07
8.392,-1.874115831412837e-07,4.265640417555616e-05,0.001001695571479999,0.0014658427129274898,9.282793800302613e-08,7.527539116480852e-07
8.394,-1.8702518556068526e-07,4.2564984646276116e-05,0.001000561109232967,0.0014648290992855806,9.252100419132603e-08,7.506502288645578e-07
8.396,-1.8663955603237525e-07,4.247376060129149e-05,0.0009994279315084231,0.0014638161867548405,9.221508534551504e-08,7.485524251560349e-07
8.398,-1.8625469344613066e-07,4.238273162271433e-05,0.0009982960368524196,0.001462803974850324,9.191017813492408e-08,7.464604840912159e-07
8.4,-1.8587059624763924e-07,4.229189729376692e-05,0.0009971654238125627,0.001461792463086864,9.160627922888409e-08,7.443743892388e-07
8.402000000000001,-1.8548726310463337e-07,4.220125719833767e-05,0.0009960360909380128,0.0014607816509801808,9.130338529672599e-08,7.422941243895309e-07
8.404,-1.8510469268484542e-07,4.211081092120317e-05,0.000994908036780151,0.0014597715380459952,9.100149300778071e-08,7.40219673112108e-07
8.406,-1.8472288365600775e-07,4.202055804825022e-05,0.0009937812598912465,0.0014587621238004722,9.070059903137917e-08,7.381510191972751e-07
8.408,-1.8434183468585275e-07,4.193049816603178e-05,0.000992655758825789,0.0014577534077599985,9.04007000368523e-08,7.36088146435776e-07
8.41,-1.8396154422006816e-07,4.1840630862211015e-05,0.0009915315321396,0.001456745389441405,9.010179269353102e-08,7.340310386183546e-07
8.412,-1.8358201114843098e-07,4.175095572511722e-05,0.0009904085783902783,0.001455738068361967,8.980387367074627e-08,7.319796797577993e-07
8.414,-1.8320323391662896e-07,4.166147234396789e-05,0.000989286896136976,0.0014547314440391812,8.950693985987357e-08,7.29934053644854e-07
8.416,-1.8282521119239448e-07,4.157218030909071e-05,0.0009881664839406223,0.001453725515990989,8.921098793024385e-08,7.27894144292307e-07
8.418000000000001,-1.824479416434599e-07,4.148307921125749e-05,0.0009870473403634783,0.0014527202837353315,8.891601477323263e-08,7.258599359349915e-07
8.42,-1.820714239375576e-07,4.139416864257228e-05,0.0009859294639695815,0.001451715746790816,8.862201683612625e-08,7.238314123636513e-07
8.422,-1.8169565674241994e-07,4.130544819580528e-05,0.0009848128533247458,0.0014507119046762718,8.832899123234483e-08,7.218085578131195e-07
8.424,-1.813206385037347e-07,4.1216917464614866e-05,0.0009836975069961174,0.0014497087569107503,8.803693463121931e-08,7.19791356518229e-07
8.426,-1.8094636811127884e-07,4.112857604354758e-05,0.0009825834235526187,0.001448706303013969,8.77458437020806e-08,7.177797924917684e-07
8.428,-1.8057284401074014e-07,4.104042352781612e-05,0.0009814706015649488,0.0014477045425056456,8.745571533630425e-08,7.157738501906152e-07
8.43,-1.8020006509189557e-07,4.095245951374338e-05,0.0009803590396051387,0.0014467034749059415,8.716654642526578e-08,7.13773513627558e-07
8.432,-1.798280298004329e-07,4.086468359854045e-05,0.000979248736246996,0.0014457030997352405,8.687833363829611e-08,7.11778767481519e-07
8.434000000000001,-1.7945673702612908e-07,4.077709538008456e-05,0.0009781396900658823,0.0014447034165143702,8.659107386677078e-08,7.097895957652867e-07
8.436,-1.790861852146719e-07,4.0689694457363146e-05,0.000977031899638714,0.0014437044247646025,8.630476400206533e-08,7.078059831577832e-07
8.438,-1.7871637303379373e-07,4.060248042980774e-05,0.0009759253635441834,0.0014427061240074313,8.601940093555527e-08,7.058279141158863e-07
8.44,-1.7834729915122693e-07,4.051545289818215e-05,0.0009748200803625373,0.0014417085137647945,8.573498155861614e-08,7.038553730964736e-07
8.442,-1.779789624567485e-07,4.04286114639163e-05,0.0009737160486755769,0.00144071159355863,8.545150276262348e-08,7.018883445564228e-07
8.444,-1.7761136139604616e-07,4.034195572910626e-05,0.0009726132670666576,0.0014397153629115422,8.51689612169082e-08,6.999268131746561e-07
8.446,-1.7724449463685232e-07,4.0255485296958327e-05,0.0009715117341209112,0.001438719821346357,8.488735403489045e-08,6.979707636300958e-07
8.448,-1.7687836084689934e-07,4.016919977134492e-05,0.0009704114484250237,0.0014377249683861226,8.460667810794575e-08,6.960201806016642e-07
8.45,-1.7651295869391959e-07,4.008309875702665e-05,0.0009693124085670135,0.0014367308035543314,8.432693032744965e-08,6.940750487682834e-07
8.452,-1.7614828706769003e-07,3.999718185987433e-05,0.0009682146131368974,0.0014357373263749196,8.404810758477765e-08,6.921353528088758e-07
8.454,-1.7578434441389845e-07,3.991144868620289e-05,0.0009671180607260244,0.0014347445363718236,8.377020677130531e-08,6.902010776244083e-07
8.456,-1.754211294002772e-07,3.982589884343746e-05,0.0009660227499275198,0.001433752433069646,8.349322500045275e-08,6.882722081158477e-07
8.458,-1.7505864069455868e-07,3.974053193966931e-05,0.0009649286793358414,0.0014327610159929893,8.321715916359551e-08,6.863487289621162e-07
8.46,-1.7469687718651983e-07,3.96553475838779e-05,0.0009638358475472231,0.001431770284667122,8.294200615210912e-08,6.844306252862253e-07
8.462,-1.7433583732184843e-07,3.957034538593085e-05,0.0009627442531594532,0.001430780238617535,8.26677630794137e-08,6.82517881989142e-07
8.464,-1.7397551999032146e-07,3.948552495636193e-05,0.0009616538947718745,0.0014297908773699408,8.23944268368848e-08,6.806104841938776e-07
8.466,-1.7361592363762668e-07,3.940088590681512e-05,0.0009605647709853837,0.0014288022004504963,8.212199431589795e-08,6.787084170234436e-07
8.468,-1.7325704715354107e-07,3.9316427849600544e-05,0.0009594768804026543,0.0014278142073858024,8.185046262987328e-08,6.76811665378807e-07
8.47,-1.7289888898375239e-07,3.92321503979165e-05,0.0009583902216276918,0.001426826897702238,8.157982889223092e-08,6.749202146050237e-07
8.472,-1.725414480180376e-07,3.914805316584946e-05,0.0009573047932662782,0.0014258402709272922,8.131009021639102e-08,6.730340496030607e-07
8.474,-1.7218472292412912e-07,3.906413576815204e-05,0.0009562205939255275,0.0014248543265880098,8.10412434937291e-08,6.711531559400186e-07
8.476,-1.7182871236975927e-07,3.8980397820242985e-05,0.0009551376222143304,0.0014238690642123242,8.07732856156207e-08,6.692775185168642e-07
8.478,-1.7147341502266045e-07,3.88968389388733e-05,0.0009540558767433538,0.0014228844833283905,8.050621391753054e-08,6.674071229006984e-07
8.48,-1.71118829550565e-07,3.8813458741238094e-05,0.0009529753561243748,0.001421900583464586,8.024002529083418e-08,6.65541954436577e-07
8.482,-1.7076495484324994e-07,3.873025684542064e-05,0.0009518960589709469,0.0014209173641495099,7.997471684895174e-08,6.636819984695563e-07
8.484,-1.70411789346403e-07,3.8647232870170356e-05,0.0009508179838981778,0.0014199348249124277,7.971028570530336e-08,6.618272403446923e-07
8.486,-1.7005933194980116e-07,3.8564386435346876e-05,0.0009497411295229519,0.001418952965282383,7.944672897330918e-08,6.599776656290857e-07
8.488,-1.697075813211768e-07,3.848171716147597e-05,0.0009486654944634854,0.001417971784789307,7.918404376638932e-08,6.581332598898371e-07
8.49,-1.693565361282623e-07,3.839922466997159e-05,0.0009475910773395491,0.0014169912829633535,7.892222719796393e-08,6.562940086940472e-07
8.492,-1.6900619503879e-07,3.831690858291381e-05,0.000946517876772468,0.0014160114593346762,7.866127638145315e-08,6.544598973867721e-07
8.494,-1.686565567204923e-07,3.8234768523492946e-05,0.0009454458913853436,0.0014150323134340947,7.84011884302771e-08,6.526309117571572e-07
8.496,-1.6830762006314615e-07,3.8152804115343386e-05,0.0009443751198026096,0.001414053844792429,7.814196067990054e-08,6.508070375943475e-07
8.498,-1.6795938351243933e-07,3.8071014982987705e-05,0.0009433055606502538,0.0014130760529411646,7.788359002169898e-08,6.48988260465444e-07
8.5,-1.6761184595814882e-07,3.7989400751836655e-05,0.0009422372125558187,0.0014120989374117876,7.762607379113717e-08,6.471745661595918e-07
8.502,-1.6726500606800698e-07,3.790796104796712e-05,0.0009411700741486229,0.00141112249773645,7.736940910163526e-08,6.453659404659362e-07
8.504,-1.669188627317908e-07,3.7826695498344165e-05,0.0009401041440595392,0.001410146733447526,7.711359306661336e-08,6.435623693956671e-07
8.506,-1.6657341439518802e-07,3.7745603731043076e-05,0.000939039420920551,0.0014091716440773894,7.685862302153623e-08,6.417638385158853e-07
8.508000000000001,-1.6622865994797564e-07,3.7664685374361184e-05,0.0009379759033656399,0.0014081972291590805,7.6604496079824e-08,6.399703340598251e-07
8.51,-1.6588459805788602e-07,3.7583940057706045e-05,0.0009369135900301195,0.0014072234882260837,7.635120957694141e-08,6.381818418166318e-07
8.512,-1.6554122739265154e-07,3.750336741137339e-05,0.0009358524795508583,0.0014062504208118831,7.60987606263086e-08,6.363983477974955e-07
8.514,-1.6519854684204915e-07,3.742296706610304e-05,0.0009347925705665006,0.0014052780264501852,7.58471463413457e-08,6.346198380136059e-07
8.516,-1.6485655507381125e-07,3.7342738653745045e-05,0.0009337338617168012,0.0014043063046755844,7.559636405751746e-08,6.328462984761529e-07
8.518,-1.645152507556702e-07,3.726268180681558e-05,0.0009326763516432912,0.0014033352550224532,7.534641111028861e-08,6.310777154183711e-07
8.52,-1.6417463255535836e-07,3.7182796158719e-05,0.0009316200389890561,0.001402364877025608,7.50972846130793e-08,6.293140748514503e-07
8.522,-1.6383469936265271e-07,3.7103081343303757e-05,0.0009305649223989576,0.0014013951702203098,7.484898190135425e-08,6.27555363008625e-07
8.524000000000001,-1.6349544984528563e-07,3.702353699575056e-05,0.0009295110005187457,0.001400426134142263,7.460150031057822e-08,6.258015661231298e-07
8.526,-1.631568826709895e-07,3.694416275146217e-05,0.0009284582719963907,0.0013994577683271725,7.435483717621594e-08,6.240526706502436e-07
8.528,-1.6281899650749665e-07,3.6864958246951574e-05,0.0009274067354809734,0.001398490072311187,7.410898961168755e-08,6.223086626011565e-07
8.53,-1.624817902445841e-07,3.678592311961992e-05,0.0009263563896231286,0.0013975230456308996,7.386395495245779e-08,6.205695284311474e-07
8.532,-1.6214526254998418e-07,3.670705700731247e-05,0.0009253072330750456,0.001396556687823125,7.36197305339914e-08,6.188352545954956e-07
8.534,-1.618094123134739e-07,3.6628359548762646e-05,0.00092425926449069,0.0013955909984249004,7.337631369175313e-08,6.171058273274355e-07
8.536,-1.6147423820278561e-07,3.654983038337001e-05,0.0009232124825253596,0.0013946259769737068,7.31337017612077e-08,6.153812333042907e-07
8.538,-1.611397388856517e-07,3.647146915164434e-05,0.0009221668858356846,0.0013936616230074694,7.289189207781988e-08,6.136614589813405e-07
8.540000000000001,-1.6080591325184912e-07,3.639327549453952e-05,0.0009211224730802936,0.0013926979360641134,7.265088197705438e-08,6.119464908138639e-07
8.542,-1.6047275996911026e-07,3.63152490538976e-05,0.0009200792429187032,0.00139173491568223,7.241066901642057e-08,6.1023631525714e-07
8.544,-1.6014027770516748e-07,3.623738947244881e-05,0.0009190371940124287,0.0013907725614004107,7.217125030933857e-08,6.085309189884924e-07
8.546,-1.5980846534979776e-07,3.615969639336747e-05,0.0009179963250245393,0.0013898108727576908,7.193262319127314e-08,6.06830288685245e-07
8.548,-1.5947732157073347e-07,3.608216946093812e-05,0.0009169566346192148,0.0013888498492935497,7.16947852197336e-08,6.05134411246766e-07
8.55,-1.5914684503570697e-07,3.600480832011144e-05,0.0009159181214624112,0.001387889490547689,7.145773373018471e-08,6.034432731283346e-07
8.552,-1.5881703463449526e-07,3.592761261628219e-05,0.0009148807842216389,0.0013869297960602545,7.122146605809121e-08,6.017568610072743e-07
8.554,-1.584878892568753e-07,3.585058199617741e-05,0.0009138446215657403,0.0013859707653713915,7.098597976096244e-08,6.000751620049982e-07
8.556000000000001,-1.5815940734853484e-07,3.577371610674618e-05,0.0009128096321651125,0.00138501239802169,7.075127217426314e-08,5.983981625767854e-07
8.558,-1.578315880212955e-07,3.569701459582575e-05,0.0009117758146917065,0.0013840546935521836,7.051734063345805e-08,5.967258498440486e-07
8.56,-1.57504429720845e-07,3.56204771123636e-05,0.0009107431678190281,0.0013830976515043503,7.028418269605652e-08,5.950582107061564e-07
8.562,-1.5717793133696034e-07,3.554410330552926e-05,0.0009097116902219149,0.001382141271419668,7.005179569752329e-08,5.933952320624769e-07
8.564,-1.568520917594185e-07,3.5467892825602476e-05,0.0009086813805767591,0.0013811855528400585,6.98201771953677e-08,5.917369008123785e-07
8.566,-1.5652690965595184e-07,3.5391845323529125e-05,0.0009076522375617291,0.001380230495307666,6.958932452505451e-08,5.900832040772741e-07
8.568,-1.5620238369429273e-07,3.5315960450921224e-05,0.0009066242598561036,0.0013792760983650787,6.935923524409304e-08,5.88434128756532e-07
8.57,-1.5587851276421816e-07,3.524023786005692e-05,0.0009055974461407157,0.0013783223615553286,6.912990668794805e-08,5.867896619715651e-07
8.572000000000001,-1.5555529575550509e-07,3.516467720432459e-05,0.0009045717950981746,0.001377369284421448,6.890133641412888e-08,5.851497908437864e-07
8.574,-1.552327313358859e-07,3.508927813755669e-05,0.0009035473054122001,0.0013764168665069132,6.867352198014487e-08,5.835145027166533e-07
8.576,-1.5491081817309293e-07,3.5014040314251815e-05,0.0009025239757682879,0.0013754651073556445,6.844646094350537e-08,5.818837847115788e-07
8.578,-1.545895551569032e-07,3.493896338979674e-05,0.0009015018048534884,0.0013745140065117845,6.822015063967513e-08,5.802576239499757e-07
8.58,-1.5426894117709367e-07,3.4864047020466415e-05,0.000900480791355962,0.0013735635635199195,6.799458884820808e-08,5.786360077753017e-07
8.582,-1.539489749013967e-07,3.478929086297988e-05,0.0008994609339656456,0.0013726137779246361,6.776977290456898e-08,5.770189233089695e-07
8.584,-1.5362965499754466e-07,3.471469457494436e-05,0.0008984422313738083,0.001371664649270965,6.754570036626717e-08,5.754063581164814e-07
8.586,-1.5331098035531454e-07,3.46402578146332e-05,0.0008974246822732734,0.0013707161771046028,6.732236879081199e-08,5.737982993192503e-07
8.588000000000001,-1.529929498644833e-07,3.456598024120794e-05,0.0008964082853584188,0.0013697683609710243,6.709977551366819e-08,5.721947344827782e-07
8.59,-1.5267556219278333e-07,3.449186151427419e-05,0.0008953930393249543,0.0013688212004163702,6.687791831438972e-08,5.705956511725674e-07
8.592,-1.523588162299916e-07,3.441790129432576e-05,0.0008943789428701443,0.0013678746949867815,6.665679475048591e-08,5.690010367320752e-07
8.594,-1.5204271064384045e-07,3.4344099242522574e-05,0.0008933659946925854,0.001366928844229065,6.643640237946613e-08,5.67410878726804e-07
8.596,-1.517272443241069e-07,3.427045502091275e-05,0.0008923541934926504,0.0013659836476902498,6.621673875883971e-08,5.65825164500211e-07
8.598,-1.5141241616056789e-07,3.419696829221053e-05,0.0008913435379720447,0.001365039104917587,6.5997801446116e-08,5.642438818398432e-07
8.6,-1.510982248209558e-07,3.412363871979629e-05,0.0008903340268338056,0.0013640952154585495,6.577958822084895e-08,5.626670183112026e-07
8.602,-1.5078466919504763e-07,3.405046596771655e-05,0.0008893256587825249,0.0013631519788612767,6.556209664054791e-08,5.610945614797913e-07
8.604000000000001,-1.5047174795057572e-07,3.397744970068395e-05,0.0008883184325241267,0.0013622093946739078,6.534532404067761e-08,5.595264991331561e-07
8.606,-1.5015945997731706e-07,3.390458958452136e-05,0.0008873123467663113,0.001361267462445026,6.512926842283662e-08,5.579628190588437e-07
8.608,-1.4984780416504861e-07,3.38318852852737e-05,0.0008863074002181115,0.0013603261817232148,6.491392712248967e-08,5.564035088223562e-07
8.61,-1.4953677918150277e-07,3.375933646987406e-05,0.0008853035915898921,0.0013593855520579456,6.469929791919071e-08,5.54848556433285e-07
8.612,-1.4922638391645648e-07,3.3686942806143705e-05,0.0008843009195935725,0.00135844557299869,6.44853783704491e-08,5.532979494571322e-07
8.614,-1.4891661703764214e-07,3.3614703962348e-05,0.0008832993829426261,0.0013575062440949193,6.427216625581877e-08,5.517516759034891e-07
8.616,-1.4860747765688131e-07,3.354261960764049e-05,0.0008822989803518588,0.0013565675648969933,6.405965913280909e-08,5.50209723781947e-07
8.618,-1.4829896421986177e-07,3.347068941184084e-05,0.0008812997105374087,0.0013556295349552716,6.384785478097399e-08,5.486720808800527e-07
8.620000000000001,-1.479910758384051e-07,3.339891304543485e-05,0.0008803015722169683,0.001354692153820558,6.363675075782282e-08,5.471387349853529e-07
8.622,-1.4768381118024365e-07,3.3327290179574476e-05,0.0008793045641100061,0.0013537554210438785,6.342634484290954e-08,5.456096743294836e-07
8.624,-1.4737716913515442e-07,3.3255820486299825e-05,0.0008783086849368793,0.0013528193361764806,6.321663459374349e-08,5.44084886922036e-07
8.626,-1.4707114859291437e-07,3.318450363809511e-05,0.0008773139334197211,0.0013518838987700565,6.300761778987862e-08,5.425643607726016e-07
8.628,-1.4676574822125588e-07,3.311333930833271e-05,0.0008763203082822191,0.0013509491083765202,6.279929221086888e-08,5.410480838907716e-07
8.63,-1.4646096690995591e-07,3.3042327171051156e-05,0.0008753278082491711,0.0013500149645482296,6.259165541422362e-08,5.39536044508182e-07
8.632,-1.4615680354879146e-07,3.297146690095509e-05,0.0008743364320469293,0.0013490814668377649,6.238470517949679e-08,5.380282306344242e-07
8.634,-1.4585325702753948e-07,3.290075817341531e-05,0.0008733461784036223,0.0013481486147981503,6.217843928624234e-08,5.365246307231786e-07
8.636000000000001,-1.4555032601393236e-07,3.283020066469078e-05,0.0008723570460482666,0.00134721640798241,6.197285551401421e-08,5.350252327840366e-07
8.638,-1.4524800939774707e-07,3.275979405148455e-05,0.0008713690337116553,0.0013462848459440124,6.176795142032176e-08,5.335300250486341e-07
8.64,-1.4494630606876058e-07,3.268953801116581e-05,0.0008703821401261358,0.0013453539282368698,6.156372500676355e-08,5.320389959706517e-07
8.642,-1.4464521469470526e-07,3.261943222199193e-05,0.0008693963640251656,0.0013444236544151167,6.136017383084891e-08,5.305521337817254e-07
8.644,-1.443447343874027e-07,3.254947636288641e-05,0.0008684117041437567,0.0013434940240333315,6.11572956721318e-08,5.290694269355356e-07
8.646,-1.4404486381458526e-07,3.247967011321684e-05,0.0008674281592184752,0.0013425650366460928,6.095508853221077e-08,5.275908636637183e-07
8.648,-1.4374560186602992e-07,3.241001315346104e-05,0.0008664457279869975,0.0013416366918084233,6.075354996859517e-08,5.261164324199541e-07
8.65,-1.4344694743151365e-07,3.2340505164318856e-05,0.0008654644091887764,0.0013407089890757895,6.055267776083895e-08,5.246461216579235e-07
8.652000000000001,-1.4314889917876883e-07,3.227114582760038e-05,0.000864484201564597,0.0013397819280038803,6.035246991054066e-08,5.231799200533516e-07
8.654,-1.4285145599757243e-07,3.220193482533773e-05,0.0008635051038565766,0.0013388555081486064,6.015292397520966e-08,5.217178158378744e-07
8.656,-1.4255461699974603e-07,3.213287184067326e-05,0.0008625271148083868,0.0013379297290663228,5.99540379564445e-08,5.20259797687217e-07
8.658,-1.42258380853022e-07,3.206395655719341e-05,0.0008615502331650315,0.0013370045903136063,5.975580963379912e-08,5.188058542771046e-07
8.66,-1.4196274622513272e-07,3.199518865915074e-05,0.0008605744576728469,0.001336080091447256,5.955823678682748e-08,5.173559740612177e-07
8.662,-1.4166771222789976e-07,3.192656783146397e-05,0.0008595997870797234,0.0013351562320247368,5.936131719508353e-08,5.159101457152815e-07
8.664,-1.413732777511001e-07,3.1858093759939976e-05,0.0008586262201348838,0.0013342330116032919,5.916504863812122e-08,5.144683579150211e-07
8.666,-1.410794414624661e-07,3.178976613082973e-05,0.0008576537555891051,0.0013333104297410525,5.896942911753911e-08,5.130305995582063e-07
8.668000000000001,-1.4078620225177474e-07,3.172158463127239e-05,0.0008566823921944966,0.0013323884859959279,5.877445641289114e-08,5.115968590985176e-07
8.67,-1.404935592308476e-07,3.1653548948851196e-05,0.0008557121287045,0.0013314671799262712,5.8580128525775876e-08,5.101671254337248e-07
8.672,-1.4020151106741707e-07,3.158565877181552e-05,0.0008547429638741111,0.0013305465110911019,5.8386443235747265e-08,5.087413874615976e-07
8.674,-1.399100566512601e-07,3.151791378930291e-05,0.0008537748964596581,0.0013296264790492174,5.819339832235926e-08,5.073196338578612e-07
8.676,-1.3961919465010908e-07,3.1450313690895015e-05,0.0008528079252188014,0.0013287070833600811,5.800099178721041e-08,5.059018535202853e-07
8.678,-1.3932892417578557e-07,3.138285816683961e-05,0.0008518420489107559,0.0013277883235833787,5.780922140985467e-08,5.044880355686843e-07
8.68,-1.3903924411806656e-07,3.131554690827265e-05,0.0008508772662960684,0.0013268701992790177,5.76180851918906e-08,5.030781686787833e-07
8.682,-1.3875015336672902e-07,3.124837960677418e-05,0.0008499135761366183,0.0013259527100073498,5.7427580912872145e-08,5.016722417483521e-07
8.684000000000001,-1.3846165058950533e-07,3.118135595481242e-05,0.0008489509771958392,0.0013250358553289487,5.723770657439786e-08,5.002702438972051e-07
8.686,-1.3817373489821705e-07,3.111447564529968e-05,0.000847989468238497,0.0013241196348046103,5.704846017806631e-08,4.988721642451566e-07
8.688,-1.3788640496059656e-07,3.1047738371814404e-05,0.0008470290480306897,0.0013232040479955742,5.685983950343143e-08,4.974779916899763e-07
8.69,-1.3759965966642085e-07,3.0981143828601176e-05,0.0008460697153398478,0.0013222890944633026,5.667184255209179e-08,4.960877153514787e-07
8.692,-1.3731349812751148e-07,3.091469171057071e-05,0.0008451114689349559,0.0013213747737694792,5.648446732564594e-08,4.94701324349478e-07
8.694,-1.3702791901160083e-07,3.0848381713299844e-05,0.0008441543075865532,0.0013204610854762322,5.6297711603647826e-08,4.933188078037887e-07
8.696,-1.3674292120846587e-07,3.0782213533031566e-05,0.0008431982300660668,0.0013195480291461337,5.611157338769601e-08,4.919401550562696e-07
8.698,-1.364585038299282e-07,3.071618686667499e-05,0.0008422432351469222,0.0013186356043417558,5.592605067938905e-08,4.905653550046907e-07
8.700000000000001,-1.3617466554372015e-07,3.065030141180536e-05,0.0008412893216034334,0.0013177238106261147,5.5741141480325496e-08,4.891943969909107e-07
8.702,-1.3589140523961873e-07,3.058455686666406e-05,0.0008403364882114683,0.0013168126475624486,5.5556843792103905e-08,4.878272703567887e-07
8.704,-1.3560872202944552e-07,3.051895292993656e-05,0.0008393847337482274,0.00131590211471444,5.537315539427823e-08,4.864639644441837e-07
8.706,-1.3532661458093287e-07,3.0453489301196512e-05,0.0008384340569924653,0.0013149922116459933,5.519007451049163e-08,4.8510446837291e-07
8.708,-1.3504508178385777e-07,3.0388165680461654e-05,0.000837484456724269,0.0013140829379212349,5.500759892029805e-08,4.837487717068711e-07
8.71,-1.347641227500418e-07,3.0322981768637902e-05,0.0008365359317250576,0.0013131742931047352,5.4825726625296056e-08,4.823968637879261e-07
8.712,-1.3448373614721731e-07,3.025793726685322e-05,0.0008355884807775826,0.001312266276761509,5.4644455849128803e-08,4.810487339579339e-07
8.714,-1.342039210872059e-07,3.019303187734579e-05,0.0008346421026659279,0.0013113588884563487,5.4463784371350243e-08,4.797043715587535e-07
8.716,-1.3392467645978456e-07,3.0128265302797885e-05,0.0008336967961757313,0.0013104521277549352,5.4283710415603537e-08,4.783637663763329e-07
8.718,-1.3364600093268564e-07,3.0063637246335873e-05,0.0008327525600939634,0.0013095459942227272,5.4104231761442634e-08,4.770269075304867e-07
8.72,-1.3336789361773072e-07,2.9999147412196336e-05,0.0008318093932087045,0.0013086404874258495,5.3925346632510696e-08,4.7569378480716296e-07
8.722,-1.3309035340469677e-07,2.9934795504615863e-05,0.0008308672943098117,0.001307735606930649,5.374705303040628e-08,4.7436438777026524e-07
8.724,-1.3281337918336078e-07,2.9870581228941262e-05,0.0008299262621882519,0.0013068313523039166,5.3569348956727936e-08,4.730387057616525e-07
8.726,-1.3253696984349972e-07,2.980650429096343e-05,0.0008289862956365468,0.0013059277231124433,5.3392232413074225e-08,4.71716728567273e-07
8.728,-1.3226112427489056e-07,2.9742564397139404e-05,0.0008280473934483279,0.0013050247189232422,5.321570162308831e-08,4.703984459730748e-07
8.73,-1.3198584136731029e-07,2.9678761254592345e-05,0.0008271095544187812,0.0013041223393039925,5.303975458836874e-08,4.690838475429615e-07
8.732,-1.3171112001053586e-07,2.9615094571111555e-05,0.000826172777344425,0.0013032205838225952,5.286438931051407e-08,4.677729228408367e-07
8.734,-1.3143695931638888e-07,2.9551564054930424e-05,0.0008252370610231097,0.0013023194520471737,5.268960401316747e-08,4.664656618746932e-07
8.736,-1.311633581746463e-07,2.9488169414948473e-05,0.0008243024042540181,0.0013014189435460732,5.251539647588288e-08,4.651620542084345e-07
8.738,-1.308903152530405e-07,2.9424910360953405e-05,0.0008233688058376654,0.0013005190578878612,5.2341765144348074e-08,4.638620896280088e-07
8.74,-1.3061782966339308e-07,2.9361786602954965e-05,0.0008224362645761207,0.001299619794641771,5.2168707798117e-08,4.6256575791936427e-07
8.742,-1.30345900295481e-07,2.9298797851851077e-05,0.0008215047792725638,0.001298721153377036,5.199622288287742e-08,4.612730490904937e-07
8.744,-1.300745262611258e-07,2.92359438192058e-05,0.0008205743487317285,0.0012978231336631119,5.182430817818329e-08,4.599839529273453e-07
8.746,-1.2980370622805992e-07,2.9173224216805238e-05,0.0008196449717594589,0.0012969257350701202,5.1652961907677764e-08,4.5869845921586716e-07
8.748,-1.295334393081049e-07,2.9110638757545715e-05,0.0008187166471631535,0.0012960289571681827,5.148218229500401e-08,4.574165579640521e-07
8.75,-1.2926372439103773e-07,2.90481871545456e-05,0.000817789373751765,0.001295132799527865,5.131196734176058e-08,4.5613823917989293e-07
8.752,-1.2899456036663537e-07,2.8985869121811447e-05,0.0008168631503351342,0.001294237261719955,5.114231527159063e-08,4.548634928713824e-07
8.754,-1.287259461246748e-07,2.892368437379389e-05,0.0008159379757246565,0.0012933423433154623,5.097322408609273e-08,4.5359230904651326e-07
8.756,-1.28457880554933e-07,2.88616326256097e-05,0.0008150138487330594,0.001292448043885841,5.0804692008910024e-08,4.5232467771327833e-07
8.758000000000001,-1.2819036276923157e-07,2.8799713593041787e-05,0.0008140907681744025,0.001291554363002989,5.063671726368568e-08,4.51060589101715e-07
8.76,-1.2792339165734745e-07,2.8737926992539187e-05,0.000813168732864078,0.0012906613002385825,5.046929807406286e-08,4.49800033219816e-07
8.762,-1.2765696610905763e-07,2.8676272540772985e-05,0.0008122477416188101,0.0012897688551649633,5.030243244164012e-08,4.4854300007557413e-07
8.764,-1.273910852361837e-07,2.8614749955524488e-05,0.0008113277932568774,0.0012888770273549177,5.013611859006062e-08,4.472894798990268e-07
8.766,-1.2712574770645801e-07,2.8553358954797048e-05,0.0008104088865976689,0.0012879858163810098,4.997035452092291e-08,4.4603946292021135e-07
8.768,-1.2686095263170216e-07,2.8492099257482195e-05,0.0008094910204619055,0.001287095221816692,4.980513867991476e-08,4.447929391471206e-07
8.77,-1.2659669912373772e-07,2.843097058291555e-05,0.0008085741936716406,0.0012862052432354165,4.964046906863473e-08,4.435498990318365e-07
8.772,-1.2633298585029706e-07,2.8369972650876818e-05,0.000807658405050482,0.0012853158802108577,4.947634391072597e-08,4.4231033280439647e-07
8.774000000000001,-1.2606981192320177e-07,2.830910518203389e-05,0.0008067436534231476,0.001284427132316912,4.931276142983165e-08,4.4107423069483787e-07
8.776,-1.258071762322288e-07,2.824836789749874e-05,0.0008058299376156874,0.001283538999128142,4.9149720071639535e-08,4.398415831552427e-07
8.778,-1.2554507766715517e-07,2.8187760519049476e-05,0.0008049172564554841,0.0012826514802191102,4.898721761570357e-08,4.386123804156483e-07
8.78,-1.2528351533980242e-07,2.8127282769130346e-05,0.0008040056087714742,0.0012817645751648232,4.8825252507711525e-08,4.3738661270609214e-07
8.782,-1.2502248813994754e-07,2.806693437062968e-05,0.0008030949933934828,0.0012808782835405097,4.866382297130656e-08,4.3616427070070074e-07
8.784,-1.247619949573675e-07,2.8006715046879904e-05,0.0008021854091531111,0.0012799926049216204,4.850292723013183e-08,4.349453446295115e-07
8.786,-1.245020349038839e-07,2.7946624522101615e-05,0.0008012768548830707,0.00127910753888405,4.8342563507830505e-08,4.3372982516665104e-07
8.788,-1.2424260686927369e-07,2.788666252118155e-05,0.0008003693294171832,0.0012782230850039156,4.818273002804574e-08,4.325177025421567e-07
8.790000000000001,-1.2398370996535846e-07,2.7826828769228484e-05,0.0007994628315910468,0.0012773392428577779,4.80234252364653e-08,4.313089674301551e-07
8.792,-1.2372534285987058e-07,2.776712299223938e-05,0.0007985573602413698,0.001276456012022198,4.7864647134687743e-08,4.3010361028272825e-07
8.794,-1.2346750466463163e-07,2.770754491665528e-05,0.0007976529142059707,0.0012755733920741807,4.770639394635623e-08,4.289016217740027e-07
8.796,-1.232101944914632e-07,2.7648094269361323e-05,0.0007967494923242224,0.0012746913825909534,4.7548664117158523e-08,4.2770299235606046e-07
8.798,-1.2295341123014225e-07,2.7588770778130822e-05,0.00079584709343683,0.001273809983150187,4.7391455870737786e-08,4.265077127030281e-07
8.8,-1.2269715377044577e-07,2.752957417118118e-05,0.0007949457163858309,0.0012729291933297748,4.723476743073718e-08,4.2531577326698766e-07
8.802,-1.2244142122419532e-07,2.7470504177395938e-05,0.0007940453600143726,0.001272049012707832,4.707859702079986e-08,4.241271649441103e-07
8.804,-1.221862124811679e-07,2.7411560525880674e-05,0.0007931460231669352,0.0012711694408626961,4.69229430866136e-08,4.229418784085226e-07
8.806000000000001,-1.2193152643114047e-07,2.7352742946851194e-05,0.0007922477046893306,0.0012702904773733703,4.6767803851821554e-08,4.217599043343512e-07
8.808,-1.216773621859346e-07,2.7294051170745348e-05,0.0007913504034289254,0.001269412121818858,4.6613177540066886e-08,4.205812333957226e-07
8.81,-1.214237186353273e-07,2.723548492866712e-05,0.0007904541182341962,0.001268534373778385,4.645906259703736e-08,4.194058564888081e-07
8.812,-1.2117059489114013e-07,2.7177043952386626e-05,0.00078955884795473,0.0012676572328316205,4.6305457246376136e-08,4.182337642877343e-07
8.814,-1.2091798984315005e-07,2.7118727974118073e-05,0.0007886645914416679,0.0012667806985584562,4.6152359711726376e-08,4.170649476886723e-07
8.816,-1.2066590260317867e-07,2.7060536726741802e-05,0.0007877713475474835,0.001265904770539228,4.5999768438775845e-08,4.158993975877934e-07
8.818,-1.2041433206100294e-07,2.700246994358224e-05,0.0007868791151259824,0.0012650294483542712,4.5847681651167704e-08,4.147371046592241e-07
8.82,-1.2016327732844445e-07,2.6944527358629955e-05,0.0007859878930318587,0.001264154731584366,4.569609779458972e-08,4.1357806002118025e-07
8.822000000000001,-1.1991273729528018e-07,2.6886708706319595e-05,0.0007850976801215825,0.001263280619810736,4.554501531472965e-08,4.1242225456983306e-07
8.824,-1.196627108512871e-07,2.6829013721973993e-05,0.0007842084752525125,0.0012624071126146053,4.5394432213186064e-08,4.112696792013537e-07
8.826,-1.194131971082868e-07,2.6771442141138024e-05,0.0007833202772837833,0.0012615342095778637,4.524434715769132e-08,4.101203248119134e-07
8.828,-1.1916419517810084e-07,2.6713993700022698e-05,0.000782433085075418,0.0012606619102824013,4.509475837188859e-08,4.0897418251972795e-07
8.83,-1.1891570395050621e-07,2.6656668135505157e-05,0.0007815468974887718,0.0012597902143103301,4.4945664301465627e-08,4.0783124322096853e-07
8.832,-1.1866772231527989e-07,2.6599465184906634e-05,0.0007806617133867544,0.0012589191212442064,4.47970631700656e-08,4.0669149803385096e-07
8.834,-1.1842024938424345e-07,2.654238458599245e-05,0.0007797775316331634,0.0012580486306668082,4.464895342337627e-08,4.0555493807659104e-07
8.836,-1.1817328426921847e-07,2.6485426077416108e-05,0.000778894351093351,0.0012571787421613578,4.45013332850408e-08,4.044215544674046e-07
8.838000000000001,-1.1792682585998193e-07,2.6428589398275193e-05,0.0007780121706340015,0.0012563094553112997,4.435420142279156e-08,4.0329133810246276e-07
8.84,-1.1768087304631081e-07,2.6371874288111385e-05,0.0007771309891229095,0.001255440769700078,4.420755606027171e-08,4.02164280322026e-07
8.842,-1.1743542516207128e-07,2.6315280487132497e-05,0.0007762508054294237,0.0012545726849118033,4.4061395421124416e-08,4.010403722443101e-07
8.844,-1.1719048087499573e-07,2.625880773599043e-05,0.0007753716184237813,0.001253705200530808,4.391571817308204e-08,3.999196052095755e-07
8.846,-1.1694603951895033e-07,2.620245577600322e-05,0.0007744934269775516,0.0012528383161416468,4.377052253978775e-08,3.988019703360379e-07
8.848,-1.1670209998371206e-07,2.614622434893299e-05,0.0007736162299640803,0.001251972031329096,4.3625806966929304e-08,3.9768745874191325e-07
8.85,-1.164586611590579e-07,2.6090113197207998e-05,0.0007727400262573791,0.0012511063456781546,4.348156990019447e-08,3.9657606198950646e-07
8.852,-1.1621572215680942e-07,2.6034122063700593e-05,0.0007718648147330143,0.001250241258774487,4.333780978527102e-08,3.9546777119703336e-07
8.854000000000001,-1.1597328208878821e-07,2.5978250691949256e-05,0.000770990594267662,0.0012493767702035363,4.319452506784671e-08,3.9436257748270975e-07
8.856,-1.1573133984477124e-07,2.5922498825936557e-05,0.0007701173637395531,0.001248512879551411,4.3051714193609314e-08,3.9326047240884066e-07
8.858,-1.154898945365801e-07,2.5866866210089157e-05,0.0007692451220280283,0.0012476495864044423,4.290937560824659e-08,3.9216144731568647e-07
8.86,-1.1524894505399175e-07,2.5811352589721892e-05,0.0007683738680137608,0.001246786890349183,4.2767507535401705e-08,3.910654937655522e-07
8.862,-1.1500849050882778e-07,2.5755957710371646e-05,0.0007675036005785341,0.001245924790972408,4.2626108642807026e-08,3.899726028766537e-07
8.864,-1.1476853001290976e-07,2.570068131846348e-05,0.0007666343186054636,0.0012450632878613366,4.248517737615032e-08,3.888827664333405e-07
8.866,-1.1452906245601469e-07,2.5645523160422456e-05,0.0007657660209789974,0.0012442023806031877,4.2344711959074743e-08,3.877959755538285e-07
8.868,-1.1429008694996412e-07,2.5590482983783858e-05,0.0007648987065849155,0.0012433420687858465,4.220471105931267e-08,3.8671222202246724e-07
8.870000000000001,-1.1405160260657965e-07,2.5535560536305013e-05,0.0007640323743101085,0.0012424823519971984,4.206517312255187e-08,3.8563149717951717e-07
8.872,-1.1381360831563825e-07,2.548075556618734e-05,0.0007631670230425769,0.0012416232298255725,4.19260965944801e-08,3.845537925872833e-07
8.874,-1.135761031889615e-07,2.5426067822520437e-05,0.0007623026516718756,0.0012407647018595203,4.178747992078513e-08,3.834790998080706e-07
8.876,-1.1333908633837098e-07,2.5371497054837988e-05,0.0007614392590888919,0.001239906767687815,4.164932154715473e-08,3.8240741040418413e-07
8.878,-1.1310255665364366e-07,2.5317043012895724e-05,0.0007605768441854011,0.0012390494268996743,4.1511619919276654e-08,3.813387159379289e-07
8.88,-1.1286651324660113e-07,2.5262705447337552e-05,0.0007597154058547329,0.0012381926790845377,4.137437370488328e-08,3.802730079716099e-07
8.882,-1.1263095522906497e-07,2.5208484109029428e-05,0.0007588549429911051,0.0012373365238320666,4.123758134966238e-08,3.7921027828957676e-07
8.884,-1.1239588171285675e-07,2.515437874972548e-05,0.0007579954544905121,0.0012364809607323668,4.1101241299301705e-08,3.781505186761791e-07
8.886000000000001,-1.1216129158775345e-07,2.510038912140189e-05,0.0007571369392498362,0.001235625989375544,4.096535199948903e-08,3.7709372069372193e-07
8.888,-1.1192718396557666e-07,2.5046514976923007e-05,0.000756279396167292,0.0012347716093521477,4.0829912117956724e-08,3.7603987612655487e-07
8.89,-1.1169355773610334e-07,2.4992756069153188e-05,0.0007554228241422045,0.00123391782025295,4.069492010039255e-08,3.7498897653698293e-07
8.892,-1.1146041201115509e-07,2.493911215206701e-05,0.0007545672220754529,0.0012330646216691665,4.056037439248428e-08,3.7394101393140033e-07
8.894,-1.1122774612459807e-07,2.4885582979639054e-05,0.0007537125888688045,0.0012322120131922354,4.042627343991967e-08,3.728959800941567e-07
8.896,-1.1099555874416467e-07,2.4832168306732072e-05,0.0007528589234255811,0.0012313599944138165,4.0292615910431095e-08,3.7185386658755704e-07
8.898,-1.1076384920372107e-07,2.477886788865291e-05,0.0007520062246502146,0.0012305085649257919,4.015940047175093e-08,3.708146656400402e-07
8.9,-1.1053261639304424e-07,2.4725681481152506e-05,0.0007511544914484691,0.0012296577243204876,4.0026625347522327e-08,3.6977836881391113e-07
8.902000000000001,-1.1030185942395576e-07,2.467260884042588e-05,0.0007503037227272191,0.0012288074721904518,3.989428942752227e-08,3.687449681155641e-07
8.904,-1.1007157740827722e-07,2.461964972333419e-05,0.0007494539173944492,0.0012279578081284548,3.976239093539391e-08,3.6771445532934877e-07
8.906,-1.098417694578302e-07,2.456680388740473e-05,0.0007486050743596984,0.0012271087317274887,3.9630928538869625e-08,3.666868224616593e-07
8.908,-1.0961243468443627e-07,2.4514071090386835e-05,0.0007477571925336157,0.0012262602425809899,3.9499900905681784e-08,3.656620615188899e-07
8.91,-1.0938357197787241e-07,2.4461451090695974e-05,0.0007469102708279607,0.0012254123402828387,3.936930648151815e-08,3.6464016428539026e-07
8.912,-1.091551804499602e-07,2.4408943647191705e-05,0.0007460643081558249,0.0012245650244266937,3.92391439341111e-08,3.6362112298959914e-07
8.914,-1.0892725921252122e-07,2.4356548519399723e-05,0.0007452193034316323,0.0012237182946068792,3.910941170914839e-08,3.626049296379108e-07
8.916,-1.0869980737737706e-07,2.4304265467067765e-05,0.0007443752555706951,0.0012228721504179418,3.8980108474362396e-08,3.6159157601467484e-07
8.918000000000001,-1.0847282383430468e-07,2.4252094250831746e-05,0.0007435321634898795,0.0012220265914544282,3.885123289748549e-08,3.605810543483301e-07
8.92,-1.0824630791717027e-07,2.4200034631549627e-05,0.0007426900261073843,0.0012211816173117729,3.872278342420543e-08,3.595733568673154e-07
8.922,-1.0802025851575081e-07,2.4148086370745503e-05,0.0007418488423422964,0.0012203372275849667,3.8594758722254596e-08,3.5856847557802496e-07
8.924,-1.0779467474186788e-07,2.4096249230387556e-05,0.0007410086111150349,0.0012194934218698883,3.846715723732075e-08,3.57566402486853e-07
8.926,-1.0756955570734306e-07,2.4044522973110105e-05,0.0007401693313471291,0.0012186501997621946,3.833997763713626e-08,3.5656712982223837e-07
8.928,-1.0734490052399792e-07,2.399290736176951e-05,0.0007393310019616628,0.0012178075608582084,3.8213218589433495e-08,3.555706498126199e-07
8.93,-1.0712070808160945e-07,2.3941402159666225e-05,0.0007384936218826077,0.0012169655047544747,3.808687876194483e-08,3.5457695468643635e-07
8.932,-1.0689697771404383e-07,2.3890007130988877e-05,0.000737657190035268,0.0012161240310477606,3.796095660035803e-08,3.53586036450082e-07
8.934000000000001,-1.0667370831107803e-07,2.3838722040370186e-05,0.00073682170534628,0.001215283139334833,3.7835450772405466e-08,3.525978875540403e-07
8.936,-1.0645089920657824e-07,2.3787546652664915e-05,0.0007359871667433904,0.0012144428292131249,3.7710359945819505e-08,3.5161250022675006e-07
8.938,-1.0622854929032144e-07,2.373648073339396e-05,0.0007351535731554559,0.0012136031002802916,3.758568278833252e-08,3.506298666966501e-07
8.94,-1.060066576741292e-07,2.3685524048744355e-05,0.0007343209235128878,0.0012127639521342104,3.746141796767688e-08,3.496499791921792e-07
8.942,-1.0578522346982311e-07,2.3634676365125173e-05,0.0007334892167467633,0.0012119253843727584,3.733756392954035e-08,3.486728301638209e-07
8.944,-1.0556424578922474e-07,2.3583937449611625e-05,0.0007326584517899359,0.001211087396594701,3.7214119341655305e-08,3.4769841206205854e-07
8.946,-1.0534372374415568e-07,2.3533307069500964e-05,0.0007318286275761476,0.0012102499883983597,3.7091083093798716e-08,3.46726717115331e-07
8.948,-1.0512365644643751e-07,2.3482784992978623e-05,0.0007309997430402504,0.0012094131593829438,3.696845363165835e-08,3.4575773755207706e-07
8.950000000000001,-1.049040430078918e-07,2.3432370988674123e-05,0.0007301717971186505,0.0012085769091476628,3.6846229622966575e-08,3.447914660448248e-07
8.952,-1.0468488254034014e-07,2.338206482543903e-05,0.0007293447887486426,0.0012077412372919483,3.6724409735455765e-08,3.4382789482201304e-07
8.954,-1.0446617415560411e-07,2.3331866272791046e-05,0.0007285187168688534,0.0012069061434158979,3.660299263685829e-08,3.428670165561698e-07
8.956,-1.0424791674346068e-07,2.328177510069196e-05,0.0007276935804192419,0.0012060716271191652,3.648197699490652e-08,3.419088234757339e-07
8.958,-1.0403010963777604e-07,2.3231791079547648e-05,0.0007268693783406555,0.001205237688002514,3.636136147733282e-08,3.4095330825323344e-07
8.96,-1.0381275195037176e-07,2.3181913980430124e-05,0.0007260461095754955,0.001204404325666264,3.624114475186957e-08,3.400004633391518e-07
8.962,-1.0359584257102483e-07,2.313214357485549e-05,0.0007252237730670519,0.001203571539711401,3.612132570829374e-08,3.39050281406017e-07
8.964,-1.0337938083360143e-07,2.3082479634783937e-05,0.0007244023677599465,0.0012027393297391331,3.6001902792293095e-08,3.381027549043125e-07
8.966,-1.0316336584992314e-07,2.3032921932619743e-05,0.0007235818925999116,0.00120190769535089,3.588287467160001e-08,3.3715787628452176e-07
8.968,-1.0294779650976693e-07,2.298347024121128e-05,0.0007227623465340116,0.0012010766361485459,3.576424023599145e-08,3.362156384412174e-07
8.97,-1.02732672146999e-07,2.2934124334073047e-05,0.0007219437285106434,0.0012002461517339746,3.5645997931155193e-08,3.352760336028382e-07
8.972,-1.025179918734409e-07,2.2884883984941595e-05,0.0007211260374788697,0.0011994162417094945,3.552814664686821e-08,3.3433905466395686e-07
8.974,-1.0230375457886964e-07,2.283574896844165e-05,0.0007203092723895299,0.0011985869056778675,3.541068505086287e-08,3.334046942971014e-07
8.976,-1.0208995959715139e-07,2.2786719059197935e-05,0.0007194934321941293,0.001197758143241634,3.529361181087154e-08,3.3247294517479986e-07
8.978,-1.0187660604010773e-07,2.2737794032723357e-05,0.0007186785158457276,0.0011969299540040002,3.51769258166712e-08,3.315437999695803e-07
8.98,-1.0166369301956024e-07,2.2688973664752865e-05,0.0007178645222984947,0.0011961023375683943,3.506062551394962e-08,3.306172513539707e-07
8.982,-1.014512196473305e-07,2.2640257731465496e-05,0.0007170514505077108,0.001195275293538467,3.4944709792483764e-08,3.2969329222254373e-07
8.984,-1.012391850352401e-07,2.2591646009706423e-05,0.0007162392994297662,0.0011944488215180904,3.482917732000601e-08,3.2877191524782745e-07
8.986,-1.010275882951106e-07,2.2543138276764907e-05,0.0007154280680226055,0.0011936229211115812,3.4714026986293334e-08,3.278531131023499e-07
8.988,-1.008164285387636e-07,2.2494734310374298e-05,0.0007146177552448396,0.001192797591923478,3.45992572370335e-08,3.2693687868068366e-07
8.99,-1.0060570487802067e-07,2.244643388893408e-05,0.0007138083600566336,0.001191972833558319,3.448486696200348e-08,3.2602320487740144e-07
8.992,-1.00395416646748e-07,2.239823679084374e-05,0.0007129998814190408,0.0011911486456213094,3.4370855050980254e-08,3.2511208436503125e-07
8.994,-1.0018556273472257e-07,2.2350142795390937e-05,0.0007121923182946688,0.0011903250277178756,3.425722017169619e-08,3.2420351026019034e-07
8.996,-9.997614247581055e-08,2.230215168208538e-05,0.0007113856696467913,0.0011895019794534445,3.414396099188366e-08,3.2329747523540675e-07
8.998,-9.976715475978892e-08,2.225426323110291e-05,0.0007105799344404584,0.0011886795004336648,3.403107617927503e-08,3.223939721852531e-07
9.0,-9.955859892052388e-08,2.220647722306346e-05,0.0007097751116413864,0.0011878575902650734,3.3918564623647285e-08,3.214929942263467e-07
9.002,-9.935047406983699e-08,2.2158793439031044e-05,0.0007089712002166237,0.0011870362485537633,3.380642521477739e-08,3.205945340312155e-07
9.004,-9.914277931954985e-08,2.211121166029173e-05,0.0007081681991345512,0.0011862154749064935,3.369465662039772e-08,3.1969858471647683e-07
9.006,-9.893551378148402e-08,2.206373166901976e-05,0.0007073661073644377,0.001185395268930245,3.358325750824065e-08,3.188051393987479e-07
9.008000000000001,-9.87286767895057e-08,2.201635324761142e-05,0.0007065649238768845,0.0011845756302322208,3.3472226768083146e-08,3.179141909726013e-07
9.01,-9.852226723339186e-08,2.1969076178907088e-05,0.000705764647643603,0.0011837565584198462,3.3361563067657585e-08,3.170257323326098e-07
9.012,-9.831628444700868e-08,2.1921900246191228e-05,0.0007049652776376369,0.0011829380531009903,3.325126529674094e-08,3.161397565953905e-07
9.014,-9.811072754217776e-08,2.187482523341444e-05,0.0007041668128329182,0.0011821201138835224,3.3141332345110186e-08,3.1525625687756076e-07
9.016,-9.790559563072065e-08,2.1827850924971415e-05,0.0007033692522047108,0.001181302740375978,3.3031762880497695e-08,3.143752262957378e-07
9.018,-9.770088782445896e-08,2.1780977105478883e-05,0.0007025725947296113,0.00118048593218667,3.2922555570635836e-08,3.134966577444942e-07
9.02,-9.749660323521425e-08,2.173420356021971e-05,0.0007017768393848822,0.0011796696889245784,3.2813709305301586e-08,3.126205445624919e-07
9.022,-9.729274119685272e-08,2.1687530074698813e-05,0.0007009819851493404,0.0011788540101989042,3.270522297427192e-08,3.117468798663481e-07
9.024000000000001,-9.708930082119593e-08,2.1640956435087233e-05,0.0007001880310029129,0.0011780388956188492,3.259709546732381e-08,3.1087565677268003e-07
9.026,-9.688628122006548e-08,2.159448242822215e-05,0.0006993949759264151,0.001177224344794281,3.248932545218963e-08,3.10006868398105e-07
9.028,-9.668368150528295e-08,2.1548107840940744e-05,0.0006986028189022164,0.001176410357334845,3.238191181864636e-08,3.091405080812848e-07
9.03,-9.64815007886699e-08,2.150183246074633e-05,0.0006978115589135747,0.0011755969328510751,3.227485323442636e-08,3.082765689388367e-07
9.032,-9.627973840409254e-08,2.1455656075586305e-05,0.0006970211949448579,0.001174784070953061,3.2168148811351216e-08,3.0741504408737796e-07
9.034,-9.607839346337244e-08,2.1409578473852164e-05,0.0006962317259817663,0.0011739717712517805,3.2061796995108693e-08,3.0655592686557043e-07
9.036,-9.587746507833117e-08,2.136359944437949e-05,0.0006954431510111103,0.0011731600333582115,3.195579689752037e-08,3.0569921061207594e-07
9.038,-9.567695258283493e-08,2.1317718776447947e-05,0.0006946554690205886,0.0011723488568837759,3.185014740836323e-08,3.0484488866555637e-07
9.040000000000001,-9.547685486666069e-08,2.1271936260003343e-05,0.0006938686789994541,0.0011715382414396736,3.174484719536963e-08,3.0399295414262895e-07
9.042,-9.527717126367463e-08,2.1226251684991482e-05,0.0006930827799378481,0.0011707281866379926,3.1639895148316555e-08,3.0314340060400013e-07
9.044,-9.507790088569834e-08,2.1180664842246344e-05,0.0006922977708272438,0.0011699186920908211,3.153529015698098e-08,3.022962211662872e-07
9.046,-9.4879043066598e-08,2.1135175522823957e-05,0.0006915136506600028,0.0011691097574102471,3.143103088909527e-08,3.0145140939019655e-07
9.048,-9.468059691819519e-08,2.1089783518224436e-05,0.0006907304184298191,0.001168301382209247,3.132711645648101e-08,3.0060895839234547e-07
9.05,-9.44825615523115e-08,2.1044488620614032e-05,0.0006899480731312746,0.0011674935661003527,3.1223545526870566e-08,2.997688617334404e-07
9.052,-9.428493608076849e-08,2.099929062238104e-05,0.0006891666137605057,0.0011666863086969848,3.1120317212085524e-08,2.9893111297418784e-07
9.054,-9.408771983743236e-08,2.095418931635784e-05,0.0006883860393145369,0.0011658796096125634,3.101743017985825e-08,2.980957054532496e-07
9.056000000000001,-9.389091193412469e-08,2.090918449582091e-05,0.0006876063487912809,0.0011650734684607311,3.0914883319965725e-08,2.9726263250928753e-07
9.058,-9.369451148266705e-08,2.0864275954490807e-05,0.0006868275411902047,0.0011642678848553523,3.081267552218492e-08,2.964318877030081e-07
9.06,-9.349851781692564e-08,2.081946348675423e-05,0.0006860496155118856,0.0011634628584107354,3.071080567629281e-08,2.9560346459511777e-07
9.062,-9.330293004872203e-08,2.0774746886997875e-05,0.0006852725707577889,0.001162658388741189,3.060927267206637e-08,2.947773565242784e-07
9.064,-9.310774728987781e-08,2.0730125950496614e-05,0.0006844964059304903,0.0011618544754616877,3.0508075399282575e-08,2.93953557273241e-07
9.066,-9.291296887425915e-08,2.0685600472747367e-05,0.0006837211200338977,0.0011610511181872063,3.0407212747718404e-08,2.931320601806675e-07
9.068,-9.271859391368764e-08,2.0641170249691143e-05,0.0006829467120730293,0.0011602483165331634,3.030668360715083e-08,2.923128588072643e-07
9.07,-9.252462151998486e-08,2.0596835077713038e-05,0.0006821731810540133,0.0011594460701149778,3.020648686735683e-08,2.914959469357825e-07
9.072000000000001,-9.2331051027017e-08,2.0552594753864284e-05,0.0006814005259838662,0.0011586443785485123,3.010662141811338e-08,2.9068131812692855e-07
9.074,-9.213788154660563e-08,2.050844907519611e-05,0.0006806287458711591,0.0011578432414496298,3.000708614919745e-08,2.8986896571936427e-07
9.076,-9.194511219057233e-08,2.0464397839425885e-05,0.0006798578397251287,0.0011570426584350813,2.990787995038602e-08,2.8905888371788535e-07
9.078,-9.17527422927833e-08,2.042044084471506e-05,0.0006790878065565664,0.0011562426291211736,2.980900171145606e-08,2.8825106546115364e-07
9.08,-9.15607711871047e-08,2.0376577889447134e-05,0.0006783186453769297,0.0011554431531248799,2.971045054422916e-08,2.874455049539648e-07
9.082,-9.136919776331354e-08,2.0332808772893785e-05,0.0006775503551992301,0.0011546442300633952,2.9612225116437685e-08,2.866421955349807e-07
9.084,-9.117802135527597e-08,2.028913329432669e-05,0.0006767829350371457,0.0011538458595541368,2.9514324539903214e-08,2.85841131208997e-07
9.086,-9.09872412968582e-08,2.0245551253683658e-05,0.0006760163839059086,0.0011530480412149657,2.9416747704402724e-08,2.8504230553672016e-07
9.088000000000001,-9.07968566998818e-08,2.0202062451124547e-05,0.0006752507008216391,0.0011522507746635213,2.931949349971319e-08,2.8424571230090123e-07
9.09,-9.060686667616835e-08,2.0158666687475346e-05,0.0006744858848015678,0.001151454059518331,2.9222560815611587e-08,2.834513452842913e-07
9.092,-9.041727055958404e-08,2.011536376378409e-05,0.0006737219348642576,0.0011506578953976998,2.9125948763919496e-08,2.8265919826964137e-07
9.094,-9.022806746195045e-08,2.0072153481542898e-05,0.0006729588500289374,0.0011498622819203774,2.9029656012369287e-08,2.8186926503970255e-07
9.096,-9.003925671713375e-08,2.002903564291003e-05,0.0006721966293163906,0.0011490672187053352,2.893368167278254e-08,2.810815393772259e-07
9.098,-8.985083743695554e-08,1.998601005026579e-05,0.0006714352717482885,0.0011482727053717667,2.8838024634936232e-08,2.802960150649625e-07
9.1,-8.96628087332374e-08,1.9943076506434565e-05,0.000670674776347413,0.0011474787415393095,2.8742684010651942e-08,2.7951268610770796e-07
9.102,-8.94751701618901e-08,1.990023481446279e-05,0.000669915142137878,0.0011466853268278232,2.864765846766204e-08,2.787315462882134e-07
9.104000000000001,-8.928792061269064e-08,1.9857484778285084e-05,0.0006691563681444634,0.0011458924608571674,2.8552947117788108e-08,2.7795258938922984e-07
9.106,-8.910105941950519e-08,1.9814826201836055e-05,0.0006683984533935039,0.001145100143247868,2.8458549072851724e-08,2.77175809415553e-07
9.108,-8.891458569415533e-08,1.9772258889716454e-05,0.0006676413969119999,0.0011443083736204507,2.836446300058526e-08,2.7640120014993386e-07
9.11,-8.872849877050726e-08,1.9729782646749072e-05,0.0006668851977285062,0.0011435171515956633,2.8270688012810297e-08,2.7562875581921276e-07
9.112,-8.854279798242715e-08,1.968739727820079e-05,0.0006661298548724659,0.0011427264767946976,2.8177223221348413e-08,2.7485847020614074e-07
9.114,-8.835748244173658e-08,1.9645102590004626e-05,0.0006653753673742102,0.0011419363488389678,2.8084067515976585e-08,2.7409033709346886e-07
9.116,-8.817255126025714e-08,1.9602898388315637e-05,0.0006646217342654026,0.0011411467673501097,2.7991219786471788e-08,2.733243507080374e-07
9.118,-8.7988003771855e-08,1.9560784479732973e-05,0.0006638689545790388,0.0011403577319499814,2.7898678922610998e-08,2.72560505054642e-07
9.120000000000001,-8.780383931039637e-08,1.9518760671299873e-05,0.0006631170273487808,0.001139569242260885,2.7806444036215794e-08,2.717987941380784e-07
9.122,-8.762005698770281e-08,1.947682677028162e-05,0.0006623659516094005,0.0011387812979051226,2.7714514239107757e-08,2.710392117410976e-07
9.124,-8.743665591559591e-08,1.9434982584609628e-05,0.0006616157263970024,0.0011379938985052185,2.7622888421063863e-08,2.7028175231258444e-07
9.126,-8.725363564998645e-08,1.939322792243736e-05,0.0006608663507488011,0.0011372070436843629,2.7531565471861086e-08,2.6952640963529007e-07
9.128,-8.707099508065141e-08,1.935156259236237e-05,0.0006601178237028993,0.001136420733065524,2.7440544503321007e-08,2.687731779360547e-07
9.13,-8.688873376350159e-08,1.9309986403648338e-05,0.00065937014429851,0.0011356349662723364,2.7349824627265207e-08,2.6802205121967404e-07
9.132,-8.670685058831396e-08,1.926849916555895e-05,0.0006586233115761786,0.0011348497429284343,2.7259404511426055e-08,2.6727302349094373e-07
9.134,-8.65253451109993e-08,1.9227100688024024e-05,0.0006578773245771163,0.0011340650626578963,2.7169283489669738e-08,2.6652608919874865e-07
9.136000000000001,-8.63442164433792e-08,1.9185790781417467e-05,0.000657132182344089,0.0011332809250850229,2.707946045177323e-08,2.6578124234788447e-07
9.138,-8.616346369727523e-08,1.914456925633523e-05,0.0006563878839205284,0.0011324973298341146,2.6989934287513506e-08,2.6503847694314686e-07
9.14,-8.59830862065536e-08,1.9103435923817358e-05,0.0006556444283511986,0.001131714276530138,2.6900704330756753e-08,2.642977874334207e-07
9.142,-8.580308330508046e-08,1.9062390595347978e-05,0.0006549018146819741,0.00113093176479806,2.681176924923534e-08,2.6355916782350164e-07
9.144,-8.562345410467742e-08,1.902143308285531e-05,0.0006541600419596172,0.001130149794263069,2.6723128376815453e-08,2.6282261234022997e-07
9.146,-8.544419793921065e-08,1.8980563198711664e-05,0.0006534191092320007,0.001129368364550798,2.6634780603274066e-08,2.6208811543249055e-07
9.148,-8.526531414254634e-08,1.8939780755511393e-05,0.0006526790155481077,0.0011285874752871017,2.6546724818388157e-08,2.6135567110507907e-07
9.15,-8.508680182650608e-08,1.8899085566514984e-05,0.0006519397599582533,0.001127807126097835,2.6458960133979303e-08,2.606252735848358e-07
9.152000000000001,-8.490866032495603e-08,1.8858477444982924e-05,0.0006512013415134188,0.001127027316609519,2.6371485661869087e-08,2.5989691732064557e-07
9.154,-8.473088874971779e-08,1.881795620506388e-05,0.0006504637592659179,0.0011262480464486746,2.628430051387909e-08,2.591705965393487e-07
9.156,-8.455348643465754e-08,1.8777521660906515e-05,0.0006497270122691745,0.0011254693152422668,2.6197403579786283e-08,2.5844630568983007e-07
9.158,-8.437645271364147e-08,1.8737173627103587e-05,0.0006489910995775006,0.0011246911226172607,2.611079397141225e-08,2.5772403899892993e-07
9.16,-8.419978669849115e-08,1.8696911918913983e-05,0.0006482560202463183,0.0011239134682010654,2.602447080057857e-08,2.5700379069348855e-07
9.162,-8.402348772307278e-08,1.8656736351818637e-05,0.0006475217733321603,0.0011231363516210902,2.593843295706222e-08,2.562855552223908e-07
9.164,-8.384755512125253e-08,1.8616646741520526e-05,0.0006467883578926692,0.0011223597725054102,2.5852679552684776e-08,2.555693270345216e-07
9.166,-8.367198800485198e-08,1.8576642904388763e-05,0.0006460557729863758,0.0011215837304821008,2.5767209699267823e-08,2.548551003567212e-07
9.168000000000001,-8.349678570773733e-08,1.8536724657236547e-05,0.0006453240176731434,0.0011208082251796814,2.568202250863294e-08,2.5414286963787447e-07
9.17,-8.332194756377476e-08,1.849689181687708e-05,0.0006445930910137232,0.0011200332562266713,2.5597116870557102e-08,2.534326295489109e-07
9.172,-8.314747268478584e-08,1.84571442007897e-05,0.0006438629920699768,0.001119258823252034,2.5512492118906493e-08,2.527243743166707e-07
9.174,-8.297336040463676e-08,1.8417481626897825e-05,0.0006431337199048759,0.001118484925884733,2.542814714345809e-08,2.5201809839003886e-07
9.176,-8.279961005719372e-08,1.8377903913346927e-05,0.0006424052735822805,0.0011177115637543977,2.5344081056033474e-08,2.513137962179002e-07
9.178,-8.262622075427828e-08,1.8338410878948608e-05,0.0006416776521671608,0.001116938736490658,2.5260292968454223e-08,2.5061146224913955e-07
9.18,-8.245319182975663e-08,1.829900234251447e-05,0.0006409508547258191,0.0011161664437233654,2.5176781770497314e-08,2.4991109115468646e-07
9.182,-8.228052261749497e-08,1.8259678123300205e-05,0.0006402248803252242,0.0011153946850828156,2.509354679602893e-08,2.492126773834258e-07
9.184000000000001,-8.210821245135946e-08,1.8220438041227638e-05,0.0006394997280336767,0.0011146234601995264,2.501058693482605e-08,2.485162153842424e-07
9.186,-8.19362604431717e-08,1.8181281916662684e-05,0.0006387753969203658,0.0011138527687040156,2.4927901520754858e-08,2.478216998280658e-07
9.188,-8.176466592679787e-08,1.8142209569749213e-05,0.0006380518860555906,0.001113082610227245,2.4845489443592328e-08,2.4712912516378083e-07
9.19,-8.159342823610416e-08,1.8103220821741317e-05,0.0006373291945107606,0.0011123129844003987,2.476334981516004e-08,2.464384858402724e-07
9.192,-8.142254670495674e-08,1.806431549389309e-05,0.0006366073213583956,0.0011115438908551045,2.4681481747279577e-08,2.4574977675051457e-07
9.194,-8.125202044517721e-08,1.802549340768067e-05,0.0006358862656719033,0.0011107753292229905,2.4599884351772516e-08,2.4506299234339224e-07
9.196,-8.108184879063174e-08,1.7986754385468373e-05,0.0006351660265258019,0.0011100072991359067,2.451855674046044e-08,2.443781272898349e-07
9.198,-8.091203107518652e-08,1.794809824939847e-05,0.0006344466029954976,0.0011092398002261472,2.4437498025164928e-08,2.4369517603872737e-07
9.200000000000001,-8.074256663270774e-08,1.790952482250141e-05,0.000633727994157729,0.0011084728321264503,2.435670731770756e-08,2.430141334830438e-07
9.202,-8.057345457501697e-08,1.787103392802969e-05,0.0006330101990901227,0.0011077063944693322,2.4276183951954522e-08,2.4233499429371363e-07
9.204,-8.04046942359804e-08,1.7832625389457846e-05,0.0006322932168714157,0.001106940486887753,2.419592681768279e-08,2.4165775291962177e-07
9.206,-8.023628494946422e-08,1.7794299030704508e-05,0.0006315770465812331,0.0011061751090148952,2.411593502671394e-08,2.409824042537423e-07
9.208,-8.006822604933461e-08,1.7756054676132393e-05,0.0006308616873005324,0.0011054102604843852,2.403620769086956e-08,2.4030894296700467e-07
9.21,-7.990051686945776e-08,1.771789215054831e-05,0.0006301471381109369,0.0011046459409300713,2.3956743921971224e-08,2.396373637303384e-07
9.212,-7.973315652165525e-08,1.7679811278981106e-05,0.0006294333980954026,0.001103882149985802,2.3877542831840515e-08,2.3896766143671755e-07
9.214,-7.956614433979325e-08,1.7641811886903724e-05,0.0006287204663377732,0.00110311888728587,2.3798603754343617e-08,2.38299830535027e-07
9.216000000000001,-7.939947965773797e-08,1.7603893800233195e-05,0.0006280083419230031,0.0011023561524647896,2.3719925579257506e-08,2.3763386614028548e-07
9.218,-7.923316180935558e-08,1.756605684510859e-05,0.0006272970239371567,0.0011015939451572976,2.3641507640448367e-08,2.3696976292342242e-07
9.22,-7.906719012851227e-08,1.7528300848113076e-05,0.0006265865114671865,0.0011008322649985747,2.3563348827693176e-08,2.3630751555536733e-07
9.222,-7.890156372702961e-08,1.7490625636273904e-05,0.0006258768036011553,0.0011000711116238016,2.3485448474858117e-08,2.356471189290943e-07
9.224,-7.87362821608184e-08,1.7453031036840372e-05,0.0006251678994280141,0.001099310484668381,2.340780569376477e-08,2.3498856793757739e-07
9.226,-7.857134454170023e-08,1.7415516877505866e-05,0.0006244597980380462,0.0010985503837681598,2.333041959623472e-08,2.343318572517461e-07
9.228,-7.840675020354126e-08,1.7378082986185817e-05,0.0006237524985222009,0.001097790808559207,2.3253289516134146e-08,2.3367698198661913e-07
9.23,-7.82424984802077e-08,1.734072919146179e-05,0.00062304599997276,0.0010970317586778133,2.3176414343240026e-08,2.3302393681312594e-07
9.232,-7.807858870556572e-08,1.7303455322137395e-05,0.0006223403014828932,0.001096273233760492,2.3099793411418545e-08,2.3237271662424064e-07
9.234,-7.791502021348151e-08,1.726626120746033e-05,0.0006216354021466586,0.0010955152334439777,2.3023425832491284e-08,2.317233163129373e-07
9.236,-7.775179211577665e-08,1.7229146676678297e-05,0.0006209313010594464,0.0010947577573654499,2.2947310718279823e-08,2.3107573099423462e-07
9.238,-7.758890396836193e-08,1.719211155992717e-05,0.0006202279973175351,0.0010940008051620875,2.2871447402650347e-08,2.3042995533906208e-07
9.24,-7.742635488305893e-08,1.7155155687342827e-05,0.0006195254900180913,0.0010932443764712918,2.279583477537983e-08,2.2978598446243836e-07
9.242,-7.726414419373384e-08,1.7118278889505234e-05,0.000618823778259614,0.00109248847093113,2.272047217033446e-08,2.2914381325733757e-07
9.244,-7.710227123425284e-08,1.7081480997438447e-05,0.0006181228611412681,0.0010917330881794474,2.2645358699335816e-08,2.2850343661673378e-07
9.246,-7.694073533848211e-08,1.7044761842610612e-05,0.000617422737763329,0.0010909782278547553,2.2570493696250082e-08,2.2786484965564568e-07
9.248,-7.677953584028785e-08,1.7008121256489872e-05,0.0006167234072274042,0.0010902238895953431,2.249587627289884e-08,2.2722804726704737e-07
9.25,-7.661867207353623e-08,1.697155907143255e-05,0.0006160248686357672,0.0010894700730401663,2.242150554110367e-08,2.2659302456595753e-07
9.252,-7.645814337209345e-08,1.693507511957293e-05,0.0006153271210918021,0.0010887167778281803,2.2347380612686152e-08,2.2595977644535026e-07
9.254,-7.629794906982568e-08,1.6898669233711416e-05,0.0006146301636997809,0.0010879640035985627,2.227350082151247e-08,2.2532829802024423e-07
9.256,-7.613808850059911e-08,1.6862341247092516e-05,0.0006139339955653078,0.001087211749991157,2.2199865279404207e-08,2.2469858440565815e-07
9.258000000000001,-7.597856077623533e-08,1.6826090993182774e-05,0.0006132386157946534,0.0010864600166455851,2.212647309818294e-08,2.240706307166107e-07
9.26,-7.581936545264512e-08,1.6789918305892826e-05,0.0006125440234954205,0.0010857088032016904,2.205332361171486e-08,2.2344443184607599e-07
9.262,-7.566050186369466e-08,1.675382301935535e-05,0.0006118502177760998,0.0010849581092999827,2.1980416153866145e-08,2.2281998290907268e-07
9.264,-7.550196912120555e-08,1.671780496814712e-05,0.0006111571977460706,0.0010842079345809719,2.1907749614413774e-08,2.2219727924266408e-07
9.266,-7.534376678108856e-08,1.6681863987066947e-05,0.000610464962515822,0.0010834582786856117,2.1835323327223932e-08,2.2157631573982428e-07
9.268,-7.518589395516528e-08,1.6645999911357734e-05,0.0006097735111967317,0.0010827091412546341,2.1763136626162805e-08,2.2095708773761658e-07
9.27,-7.50283499773019e-08,1.6610212576706473e-05,0.0006090828429015094,0.001081960521929437,2.169118862305197e-08,2.2033959012901505e-07
9.272,-7.48711344034092e-08,1.6574501819244247e-05,0.0006083929567435309,0.0010812124203516404,2.1619478429713013e-08,2.19723818251083e-07
9.274000000000001,-7.471424634530877e-08,1.6538867475102137e-05,0.0006077038518372824,0.0010804648361630864,2.1548005380012114e-08,2.1910976721883912e-07
9.276,-7.455768535891139e-08,1.6503309380855313e-05,0.0006070155272981381,0.001079717769005617,2.1476768585770856e-08,2.184974321473021e-07
9.278,-7.440145055603864e-08,1.646782737374508e-05,0.0006063279822428047,0.0010789712185215183,2.1405767380855423e-08,2.1788680837353525e-07
9.28,-7.424554149260132e-08,1.6432421291012744e-05,0.0006056412157886548,0.0010782251843535207,2.1335000877087396e-08,2.1727789123460184e-07
9.282,-7.4089957280421e-08,1.6397090970343697e-05,0.0006049552270541714,0.0010774796661441322,2.126446840833296e-08,2.1667067562347597e-07
9.284,-7.393469747540848e-08,1.6361836249867423e-05,0.0006042700151589475,0.0010767346635365271,2.1194169086413694e-08,2.1606515709926555e-07
9.286,-7.377976118938534e-08,1.632665696793545e-05,0.0006035855792234646,0.00107599017617388,2.1124102245195786e-08,2.1546133077698926e-07
9.288,-7.362514797826236e-08,1.6291552963343392e-05,0.000602901918369092,0.001075246203699809,2.1054266996500814e-08,2.148591919937104e-07
9.290000000000001,-7.347085695386113e-08,1.6256524075108914e-05,0.0006022190317185316,0.0010745027457579326,2.0984662674194965e-08,2.1425873586444766e-07
9.292,-7.331688767209243e-08,1.6221570142693764e-05,0.0006015369183951513,0.0010737598019925354,2.0915288612144423e-08,2.1365995772626434e-07
9.294,-7.316323946682246e-08,1.6186691006003784e-05,0.0006008555775232072,0.0010730173720476799,2.0846143922170768e-08,2.1306285313826834e-07
9.296,-7.300991144987279e-08,1.6151886505166857e-05,0.0006001750082285096,0.0010722754555678726,2.077722771609558e-08,2.1246741721547835e-07
9.298,-7.285690317715421e-08,1.6117156480532913e-05,0.000599495209637313,0.0010715340521978423,2.0708539327785047e-08,2.1187364529495767e-07
9.3,-7.27042139825329e-08,1.608250077289597e-05,0.0005988161808769821,0.0010707931615825395,2.064007809110535e-08,2.112815327137696e-07
9.302,-7.255184319987507e-08,1.604791922327209e-05,0.0005981379210759918,0.001070052783367137,2.057184333992268e-08,2.1069107480897742e-07
9.304,-7.239979016304687e-08,1.601341167334347e-05,0.0005974604293637054,0.0010693129171972515,2.050383418605861e-08,2.1010226713968905e-07
9.306000000000001,-7.224805420591451e-08,1.5978977964792307e-05,0.000596783704870596,0.001068573562718722,2.0436049741334728e-08,2.0951510504296778e-07
9.308,-7.209663466234417e-08,1.5944617939966932e-05,0.0005961077467282472,0.0010678347195773874,2.0368489561661818e-08,2.089295838558769e-07
9.31,-7.194553086620203e-08,1.5910331441215675e-05,0.0005954325540686867,0.0010670963874195305,2.0301152758861463e-08,2.0834569891547972e-07
9.312,-7.179474237339889e-08,1.5876118311553e-05,0.0005947581260254964,0.0010663585658914343,2.0234038444755242e-08,2.0776344578088413e-07
9.314,-7.164426829575632e-08,1.5841978393993372e-05,0.0005940844617327024,0.0010656212546400479,2.0167146175253947e-08,2.0718281978915343e-07
9.316,-7.149410818918511e-08,1.5807911531995344e-05,0.0005934115603258849,0.0010648844533120982,2.0100475062179157e-08,2.0660381649939552e-07
9.318,-7.134426116550685e-08,1.577391756946156e-05,0.0005927394209412906,0.0010641481615549786,2.0034024439397058e-08,2.060264312486737e-07
9.32,-7.119472678063232e-08,1.573999635073875e-05,0.0005920680427160541,0.001063412379016082,1.996779341872923e-08,2.0545065959609587e-07
9.322000000000001,-7.104550436842771e-08,1.5706147720173647e-05,0.0005913974247884202,0.001062677105343024,1.9901781334041857e-08,2.0487649710076994e-07
9.324,-7.089659326275921e-08,1.567237152255707e-05,0.000590727566297744,0.0010619423401836414,1.9835987519201126e-08,2.043039390997592e-07
9.326,-7.0747992797493e-08,1.5638667603123935e-05,0.0005900584663840469,0.0010612080831864379,1.977041130807322e-08,2.0373298115217153e-07
9.328,-7.059970252853986e-08,1.560503580733119e-05,0.0005893901241886823,0.0010604743339994727,1.9705051812479724e-08,2.0316361881711487e-07
9.33,-7.045172156772139e-08,1.5571475981079885e-05,0.0005887225388536699,0.0010597410922716932,1.9639908588331423e-08,2.025958476536971e-07
9.332,-7.030404947094837e-08,1.5537987970493106e-05,0.0005880557095221395,0.001059008357651825,1.95749807474499e-08,2.020296632210261e-07
9.334,-7.015668557208699e-08,1.550457162213803e-05,0.0005873896353381092,0.0010582761297890375,1.9510267401656733e-08,2.0146506107820983e-07
9.336,-7.000962920500342e-08,1.5471226782581837e-05,0.0005867243154467072,0.0010575444083327223,1.9445768106862715e-08,2.0090203678435614e-07
9.338000000000001,-6.986287970356386e-08,1.5437953299279883e-05,0.000586059748993728,0.001056813192932493,1.938148219693403e-08,2.0034058612061756e-07
9.34,-6.97164364016345e-08,1.540475101946548e-05,0.0005853959351262983,0.0010560824832384075,1.9317408783692258e-08,1.9978070442405738e-07
9.342,-6.957029885512611e-08,1.537161979103807e-05,0.0005847328729924328,0.0010553522789003011,1.9253547201003585e-08,1.992223874758281e-07
9.344,-6.94244663979049e-08,1.533855946211915e-05,0.0005840705617410347,0.0010546225795686759,1.9189896782734195e-08,1.9866563083503763e-07
9.346,-6.927893814179242e-08,1.5305569881274295e-05,0.000583409000521895,0.0010538933848942555,1.9126456862750274e-08,1.9811043006079387e-07
9.348,-6.91337138647441e-08,1.5272650897069084e-05,0.0005827481884856933,0.001053164694527764,1.9063226552873402e-08,1.9755678093424933e-07
9.35,-6.898879267858149e-08,1.5239802358735233e-05,0.0005820881247844412,0.001052436508120147,1.900020540901437e-08,1.970046790145119e-07
9.352,-6.884417391717079e-08,1.5207024115726497e-05,0.0005814288085708164,0.0010517088253230167,1.8937392542994758e-08,1.964541200827341e-07
9.354000000000001,-6.869985713642279e-08,1.5174316017718681e-05,0.0005807702389986069,0.001050981645787763,1.887478728868075e-08,1.9590509969802383e-07
9.356,-6.855584167020368e-08,1.5141677914831675e-05,0.000580112415222267,0.00105025496916622,1.8812389201983137e-08,1.953576136415336e-07
9.358,-6.841212685237963e-08,1.5109109657407416e-05,0.000579455336397583,0.0010495287951104437,1.87501973947235e-08,1.9481165769441589e-07
9.36,-6.826871223886144e-08,1.5076611096009884e-05,0.0005787990016810074,0.0010488031232727124,1.8688211200768023e-08,1.9426722741577862e-07
9.362,-6.812559694147069e-08,1.5044182081869195e-05,0.0005781434102303251,0.0010480779533055262,1.8626429953982893e-08,1.937243185867743e-07
9.364,-6.798278051611817e-08,1.5011822466215463e-05,0.000577488561203765,0.0010473532848618294,1.8564852988234293e-08,1.9318292698855544e-07
9.366,-6.784026229667006e-08,1.4979532100722892e-05,0.0005768344537608883,0.0010466291175943443,1.850347963738841e-08,1.9264304840227453e-07
9.368,-6.769804183903716e-08,1.494731083728773e-05,0.0005761810870621442,0.0010459054511564592,1.8442309235311427e-08,1.921046786090841e-07
9.370000000000001,-6.755611825504104e-08,1.4915158528472361e-05,0.0005755284602688704,0.0010451822852017845,1.8381340893824927e-08,1.9156781339013662e-07
9.372,-6.74144911005925e-08,1.488307502661712e-05,0.0005748765725432925,0.0010444596193839306,1.83205741688397e-08,1.9103244852658463e-07
9.374,-6.727315970955772e-08,1.4851060184728482e-05,0.0005742254230485244,0.0010437374533569521,1.8260008394221927e-08,1.9049857979958063e-07
9.376,-6.713212363784749e-08,1.481911385603496e-05,0.0005735750109490123,0.0010430157867751255,1.8199642903837798e-08,1.899662029902771e-07
9.378,-6.699138199728338e-08,1.4787235893987116e-05,0.0005729253354096464,0.0010422946192927274,1.8139477031553497e-08,1.894353141018712e-07
9.38,-6.68509343437762e-08,1.47554261524796e-05,0.0005722763955966492,0.0010415739505644783,1.807951011123521e-08,1.889059089155154e-07
9.382,-6.671078023323673e-08,1.4723684485851152e-05,0.0005716281906769094,0.001040853780245321,1.8019741476749118e-08,1.883779832123622e-07
9.384,-6.657091877748655e-08,1.469201074844051e-05,0.0005709807198184258,0.0010401341079904203,1.796017046196141e-08,1.8785153277356414e-07
9.386000000000001,-6.643134953243646e-08,1.4660404795252546e-05,0.0005703339821903075,0.0010394149334551628,1.7900796400738272e-08,1.873265536023183e-07
9.388,-6.629207183195263e-08,1.462886648107009e-05,0.0005696879769621077,0.0010386962562953794,1.7841618626945888e-08,1.8680304147977722e-07
9.39,-6.615308523194585e-08,1.459739566156415e-05,0.0005690427033049339,0.001037978076166901,1.7782636474450442e-08,1.8628099240913798e-07
9.392,-6.601438884423771e-08,1.456599219240573e-05,0.0005683981603903376,0.0010372603927255586,1.772384927711812e-08,1.857604023935977e-07
9.394,-6.587598244678361e-08,1.4534655929487883e-05,0.0005677543473909807,0.001036543205628071,1.7665256590859713e-08,1.852412672143089e-07
9.396,-6.573786515140512e-08,1.4503386729369794e-05,0.0005671112634804132,0.0010358265145309353,1.76068575274968e-08,1.8472358287446866e-07
9.398,-6.560003651401303e-08,1.4472184448610648e-05,0.0005664689078330731,0.0010351103190908706,1.7548651642940172e-08,1.8420734515522952e-07
9.4,-6.546249586847352e-08,1.4441048943991674e-05,0.000565827279624731,0.00103439461896504,1.749063804901141e-08,1.8369255028183318e-07
9.402000000000001,-6.53252425486528e-08,1.4409980072960238e-05,0.0005651863780316013,0.0010336794138106065,1.74328163016213e-08,1.8317919403543215e-07
9.404,-6.518827611046163e-08,1.4378977692963701e-05,0.0005645462022310088,0.0010329647032853995,1.7375185734636034e-08,1.8266727241922354e-07
9.406,-6.505159588776621e-08,1.4348041662115563e-05,0.0005639067514011664,0.0010322504870470262,1.7317745681921792e-08,1.8215678143640446e-07
9.408,-6.491520143647733e-08,1.4317171838307274e-05,0.0005632680247213973,0.0010315367647535378,1.7260495699389367e-08,1.8164771709017202e-07
9.41,-6.477909209046118e-08,1.4286368080096423e-05,0.0005626300213716906,0.0010308235360632079,1.7203434898860337e-08,1.8114007538372334e-07
9.412,-6.464326718358393e-08,1.4255630246484685e-05,0.000561992740533146,0.0010301108006345316,1.7146562836245494e-08,1.8063385232025553e-07
9.414,-6.450772627175638e-08,1.4224958196251691e-05,0.000561356181387751,0.0010293985581262266,1.7089878845411022e-08,1.801290441250103e-07
9.416,-6.437246868884472e-08,1.4194351788843207e-05,0.0005607203431186036,0.0010286868081972322,1.7033382260223107e-08,1.7962564657914015e-07
9.418000000000001,-6.423749376871513e-08,1.4163810884149086e-05,0.0005600852249092458,0.00102797555050671,1.6977072414547933e-08,1.7912365590788681e-07
9.42,-6.410280106727839e-08,1.4133335342059183e-05,0.0005594508259445519,0.0010272647847142657,1.6920948642251687e-08,1.786230681144474e-07
9.422,-6.39683899184007e-08,1.4102925022685397e-05,0.0005588171454102842,0.0010265545104795049,1.686501049924516e-08,1.78123879202019e-07
9.424,-6.383425965594824e-08,1.4072579786805761e-05,0.0005581841824928713,0.001025844727462255,1.6809257319394533e-08,1.7762608539584335e-07
9.426,-6.37004098358318e-08,1.4042299495198307e-05,0.000557551936379852,0.0010251354353227882,1.6753688436565994e-08,1.7712968269911755e-07
9.428,-6.356684001396218e-08,1.4012084009085157e-05,0.0005569204062596533,0.0010244266337213759,1.6698303406670334e-08,1.7663466733708333e-07
9.43,-6.343354930216094e-08,1.3981933189910478e-05,0.0005562895913218124,0.001023718322318734,1.6643101341529132e-08,1.761410353129378e-07
9.432,-6.330053747838349e-08,1.3951846899340481e-05,0.0005556594907563106,0.0010230105007755785,1.6588081797053178e-08,1.7564878285192265e-07
9.434000000000001,-6.31678036544514e-08,1.392182499970751e-05,0.0005550301037544614,0.0010223031687530693,1.6533244107108658e-08,1.7515790617927962e-07
9.436,-6.303534738627548e-08,1.3891867353121867e-05,0.0005544014295084665,0.0010215963259125882,1.647858782760636e-08,1.7466840129820582e-07
9.438,-6.290316822976649e-08,1.3861973822359985e-05,0.0005537734672114158,0.0010208899719157394,1.6424112292412474e-08,1.7418026443394297e-07
9.44,-6.277126551879064e-08,1.3832144270198299e-05,0.0005531462160570655,0.0010201841064241268,1.636981683539318e-08,1.7369349158968816e-07
9.442,-6.263963858721411e-08,1.3802378560079376e-05,0.0005525196752402817,0.0010194787291000207,1.6315700790414667e-08,1.7320807921272774e-07
9.444,-6.250828699094768e-08,1.3772676555445784e-05,0.0005518938439568188,0.001018773839605469,1.6261763713387722e-08,1.727240233062588e-07
9.446,-6.237721006385755e-08,1.3743038120184181e-05,0.0005512687214033196,0.0010180694376029642,1.6208004938178533e-08,1.7224132031756767e-07
9.448,-6.22464073618545e-08,1.3713463118403268e-05,0.0005506443067773148,0.0010173655227554423,1.615442402069789e-08,1.7175996624985146e-07
9.450000000000001,-6.211587821880471e-08,1.3683951414433793e-05,0.0005500205992774454,0.0010166620947256177,1.6101020294811974e-08,1.7127995732835188e-07
9.452,-6.198562219061898e-08,1.3654502873050589e-05,0.0005493975981030186,0.0010159591531768708,1.6047793094386975e-08,1.7080129000035527e-07
9.454,-6.18556386111635e-08,1.3625117359250538e-05,0.0005487753024544517,0.0010152566977725819,1.5994741753289077e-08,1.7032396026905872e-07
9.456,-6.172592681430444e-08,1.3595794738252565e-05,0.0005481537115328283,0.0010145547281763534,1.594186582742907e-08,1.6984796458174856e-07
9.458,-6.15964863559526e-08,1.3566534875497638e-05,0.0005475328245401201,0.0010138532440520098,1.5889164872717743e-08,1.693732991636665e-07
9.46,-6.146731679201878e-08,1.3537337637092861e-05,0.000546912640679631,0.0010131522450638197,1.5836638000976677e-08,1.6889996024005427e-07
9.462,-6.133841745636914e-08,1.3508202888923293e-05,0.000546293159155109,0.0010124517308760517,1.5784284990161268e-08,1.6842794403615358e-07
9.464,-6.120978768286989e-08,1.3479130497540126e-05,0.0005456743791711904,0.0010117517011534183,1.5732104952093096e-08,1.6795724699925074e-07
9.466000000000001,-6.10814270274318e-08,1.3450120329716597e-05,0.0005450562999338437,0.0010110521555606322,1.568009744268295e-08,1.6748786535458748e-07
9.468,-6.095333504596567e-08,1.3421172252447988e-05,0.0005444389206497036,0.0010103530937626282,1.562826201784162e-08,1.6701979554945012e-07
9.47,-6.082551107233769e-08,1.3392286132951625e-05,0.0005438222405260706,0.001009654515425007,1.557659778939069e-08,1.6655303380908038e-07
9.472,-6.069795466245864e-08,1.3363461838666879e-05,0.000543206258771578,0.0010089564202129253,1.552510453528555e-08,1.6608757635871996e-07
9.474,-6.057066515019471e-08,1.333469923747721e-05,0.0005425909745953028,0.0010082588077924282,1.5473781367347783e-08,1.656234198676998e-07
9.476,-6.044364186941209e-08,1.3305998197710167e-05,0.0005419763872074324,0.0010075616778293384,1.5422628063532784e-08,1.651605605612616e-07
9.478,-6.031688459806617e-08,1.3277358587471255e-05,0.0005413624958192642,0.0010068650299899229,1.5371643735662133e-08,1.646989946646471e-07
9.48,-6.019039244797852e-08,1.3248780275754157e-05,0.0005407492996427621,0.0010061688639406707,1.532082793964662e-08,1.642387186251426e-07
9.482,-6.006416497505995e-08,1.3220263131330512e-05,0.0005401367978905558,0.001005473179348293,1.5270180231397035e-08,1.6377972889003445e-07
9.484,-5.993820173522124e-08,1.3191807023416047e-05,0.0005395249897766075,0.0010047779758795006,1.5219699944779563e-08,1.6332202190660894e-07
9.486,-5.981250228437318e-08,1.3163411821670579e-05,0.0005389138745155453,0.0010040832532014488,1.5169386635704996e-08,1.628655941221524e-07
9.488,-5.968706573433735e-08,1.3135077395753925e-05,0.0005383034513228857,0.0010033890109817367,1.5119239638039517e-08,1.6241044176190655e-07
9.49,-5.956189186306915e-08,1.3106803615992035e-05,0.0005376937194152553,0.0010026952488877416,1.5069258507693917e-08,1.6195656149520232e-07
9.492,-5.943698000443476e-08,1.3078590352488817e-05,0.0005370846780097249,0.0010020019665875068,1.501944257853438e-08,1.6150394976932603e-07
9.494,-5.931232971434497e-08,1.305043747601431e-05,0.0005364763263244754,0.0010013091637488536,1.49697914064717e-08,1.6105260280951939e-07
9.496,-5.9187940326665966e-08,1.3022344857560597e-05,0.0005358686635787979,0.0010006168400400473,1.4920304325372058e-08,1.6060251728511332e-07
9.498,-5.9063811175263936e-08,1.2994312368119765e-05,0.0005352616889926498,0.0009999249951297973,1.4870980891146246e-08,1.6015368964339416e-07
9.5,-5.893994203809427e-08,1.296633987935003e-05,0.0005346554017866545,0.000999233628686813,1.4821820437660449e-08,1.597061161096036e-07
9.502,-5.881633224902316e-08,1.2938427262909613e-05,0.0005340498011827677,0.0009985427403800262,1.4772822520825457e-08,1.5925979357511721e-07
9.504,-5.869298114191679e-08,1.2910574390678775e-05,0.0005334448864036112,0.0009978523298785902,1.472398669655206e-08,1.5881471826517668e-07
9.506,-5.8569888272685944e-08,1.2882781135203913e-05,0.000532840656672473,0.0009971623968521026,1.4675312298706444e-08,1.5837088684911294e-07
9.508000000000001,-5.8447053197241416e-08,1.285504736880938e-05,0.0005322371112139734,0.000996472940969939,1.4626798883199399e-08,1.579282957742123e-07
9.51,-5.832447524944939e-08,1.2827372964485662e-05,0.0005316342492531767,0.0009957839619021414,1.457844578389711e-08,1.574869414877611e-07
9.512,-5.820215398522066e-08,1.2799757795223243e-05,0.0005310320700164795,0.0009950954593189731,1.4530252556710366e-08,1.5704682065909026e-07
9.514,-5.8080088960466014e-08,1.2772201734678745e-05,0.0005304305727307224,0.0009944074328906982,1.4482218757549958e-08,1.566079297354861e-07
9.516,-5.7958279509051636e-08,1.2744704656286743e-05,0.0005298297566236343,0.0009937198822878024,1.4434343720282072e-08,1.5617026538627954e-07
9.518,-5.7836725186888316e-08,1.27172664339259e-05,0.0005292296209242764,0.0009930328071809935,1.4386627000817498e-08,1.5573382428080151e-07
9.52,-5.771542532784224e-08,1.268988694191897e-05,0.0005286301648621539,0.0009923462072416456,1.4339068155067025e-08,1.5529860286633834e-07
9.522,-5.75943794878242e-08,1.2662566054588709e-05,0.0005280313876676601,0.0009916600821406885,1.429166651689684e-08,1.5486459759017634e-07
9.524000000000001,-5.747358722274498e-08,1.2635303646701956e-05,0.0005274332885722988,0.0009909744315497182,1.4244421420173126e-08,1.5443180534369105e-07
9.526,-5.7353047866470774e-08,1.2608099593247601e-05,0.0005268358668082396,0.0009902892551405529,1.4197332642851279e-08,1.540002225741688e-07
9.528,-5.723276097491237e-08,1.2580953769436576e-05,0.0005262391216085405,0.0009896045525850106,1.4150399518797485e-08,1.5356984595094048e-07
9.53,-5.711272610398055e-08,1.25538660509239e-05,0.0005256430522073696,0.0009889203235553534,1.4103621603922534e-08,1.5314067214333704e-07
9.532,-5.6992942587541506e-08,1.2526836313364598e-05,0.0005250476578393393,0.0009882365677238436,1.405699823209261e-08,1.527126975986448e-07
9.534,-5.687340998150603e-08,1.2499864432857777e-05,0.0005244529377403939,0.0009875532847631874,1.401052918126311e-08,1.522859192082393e-07
9.536,-5.675412784178491e-08,1.2472950285946638e-05,0.0005238588911469222,0.000986870474346313,1.3964213785300217e-08,1.5186033341940686e-07
9.538,-5.6635095502244326e-08,1.2446093748952336e-05,0.0005232655172964229,0.0009861881361461489,1.3918051378070118e-08,1.5143593690147839e-07
9.540000000000001,-5.6516312518795075e-08,1.241929469886216e-05,0.0005226728154272831,0.0009855062698360673,1.3872041737528207e-08,1.5101272654582942e-07
9.542,-5.6397778447347946e-08,1.2392553012663399e-05,0.0005220807847785558,0.0009848248750896627,1.382618419754067e-08,1.505906987997463e-07
9.544,-5.627949262176912e-08,1.236586856778743e-05,0.0005214894245904045,0.0009841439515805295,1.3780478314018296e-08,1.5016985055460452e-07
9.546,-5.6161454597969396e-08,1.2339241241887677e-05,0.0005208987341036586,0.0009834634989827062,1.3734923420827272e-08,1.4975017847973504e-07
9.548,-5.6043663931859555e-08,1.2312670912839607e-05,0.0005203087125600359,0.0009827835169704535,1.3689519073878387e-08,1.4933167924446877e-07
9.55,-5.592612017935039e-08,1.2286157458962776e-05,0.0005197193592021421,0.0009821040052180319,1.3644264829082431e-08,1.4891434951813665e-07
9.552,-5.580882267430809e-08,1.2259700758576741e-05,0.0005191306732734713,0.000981424963400368,1.3599160242350194e-08,1.484981861921142e-07
9.554,-5.569177097264344e-08,1.2233300690223103e-05,0.0005185426540181837,0.0009807463911921666,1.3554204869592468e-08,1.4808318571368773e-07
9.556000000000001,-5.557496440822263e-08,1.2206957133109597e-05,0.0005179553006817716,0.0009800682882685763,1.3509398044675436e-08,1.476693451962774e-07
9.558,-5.5458402759001046e-08,1.2180669966221913e-05,0.0005173686125099497,0.000979390654304968,1.3464739323509889e-08,1.472566610871695e-07
9.56,-5.5342085358844884e-08,1.215443906898983e-05,0.0005167825887497646,0.0009787134889767124,1.3420228262006617e-08,1.468451302777396e-07
9.562,-5.5226011541620323e-08,1.2128264321287219e-05,0.0005161972286489291,0.0009780367919598465,1.337586441607641e-08,1.464347496593632e-07
9.564,-5.511018108528276e-08,1.2102145602987946e-05,0.0005156125314560445,0.0009773605629301851,1.333164734163006e-08,1.4602551590137125e-07
9.566,-5.499459332369838e-08,1.207608279440997e-05,0.0005150284964205998,0.0009766848015642093,1.328757637253375e-08,1.4561742567309466e-07
9.568,-5.4879247812777976e-08,1.205007577587125e-05,0.0005144451227927505,0.0009760095075381781,1.324365106469827e-08,1.4521047608795357e-07
9.57,-5.476414410843233e-08,1.2024124428355876e-05,0.0005138624098237621,0.0009753346805287944,1.3199870974034411e-08,1.448046635932343e-07
9.572000000000001,-5.464928154452764e-08,1.1998228632625896e-05,0.0005132803567655664,0.0009746603202127613,1.3156235656452964e-08,1.4439998530235698e-07
9.574,-5.4534659676974684e-08,1.197238827010949e-05,0.0005126989628709833,0.000973986426267448,1.3112744667864717e-08,1.4399643788465255e-07
9.576,-5.442027806168426e-08,1.1946603222234842e-05,0.0005121182273937208,0.0009733129983702238,1.3069397564180463e-08,1.4359401823149653e-07
9.578,-5.430613625456715e-08,1.1920873370652174e-05,0.0005115381495881532,0.0009726400361986798,1.3026193679266385e-08,1.4319272323426446e-07
9.58,-5.419223381153415e-08,1.1895198597677847e-05,0.000510958728709765,0.0009719675394304073,1.2983132569033273e-08,1.4279254978433187e-07
9.582,-5.407857006645145e-08,1.1869578785184132e-05,0.0005103799640147066,0.0009712955077436636,1.2940214011436524e-08,1.4239349455102968e-07
9.584,-5.396514457522983e-08,1.1844013815931476e-05,0.0005098018547600169,0.0009706239408164841,1.2897437340342321e-08,1.4199555464777802e-07
9.586,-5.3851956893780084e-08,1.1818503572680328e-05,0.0005092244002036228,0.0009699528383273481,1.2854802111661456e-08,1.4159872674390783e-07
9.588000000000001,-5.37390063559684e-08,1.1793047938413181e-05,0.0005086475996043394,0.0009692821999549572,1.2812307659260114e-08,1.4120300795283924e-07
9.59,-5.362629273975017e-08,1.1767646796334574e-05,0.0005080714522216478,0.0009686120253784569,1.2769953761093689e-08,1.4080839494390318e-07
9.592,-5.351381537899158e-08,1.1742300030093134e-05,0.0005074959573159177,0.0009679423142767707,1.2727739973072971e-08,1.4041488483051978e-07
9.594,-5.340157382960342e-08,1.1717007523337486e-05,0.0005069211141486285,0.0009672730663292661,1.2685665629064147e-08,1.4002247450406458e-07
9.596,-5.328956764749648e-08,1.1691769160160348e-05,0.000506346921981482,0.0009666042812155329,1.264373050702261e-08,1.396311608559131e-07
9.598,-5.317779616653695e-08,1.1666584824654436e-05,0.0005057733800777342,0.0009659359586151606,1.2601933940814547e-08,1.3924094077744087e-07
9.6,-5.306625916468022e-08,1.1641454401356555e-05,0.0005052004877008631,0.000965268098208405,1.2560275708395352e-08,1.3885181116002343e-07
9.602,-5.295495597579247e-08,1.16163777752476e-05,0.0005046282441156791,0.0009646006996755219,1.251875514363121e-08,1.3846376911708091e-07
9.604000000000001,-5.28438861557845e-08,1.159135483108642e-05,0.0005040566485874365,0.000963933762696989,1.2477371802432913e-08,1.3807681131794425e-07
9.606,-5.27330492605671e-08,1.1566385454298e-05,0.0005034857003825,0.0009632672869532843,1.2436125240711249e-08,1.3769093509807817e-07
9.608,-5.262244484605105e-08,1.1541469530307324e-05,0.0005029153987679003,0.0009626012721255517,1.2395015014377009e-08,1.373061371268136e-07
9.61,-5.251207224610255e-08,1.151660694476142e-05,0.0005023457430115563,0.000961935717894713,1.2354040679340983e-08,1.369224145175707e-07
9.612,-5.240193123867698e-08,1.1491797583751406e-05,0.0005017767323820532,0.0009612706239423563,1.2313202013558566e-08,1.3653976438376958e-07
9.614,-5.2292021157640534e-08,1.14670413333684e-05,0.0005012083661490863,0.0009606059899498476,1.2272498350895944e-08,1.3615818361678578e-07
9.616,-5.2182341558904e-08,1.1442338080147607e-05,0.0005006406435830169,0.0009599418155989969,1.2231929247263906e-08,1.3577766910799483e-07
9.618,-5.207289199837817e-08,1.141768771084628e-05,0.0005000735639550946,0.0009592781005718365,1.2191494258573243e-08,1.3539821819286146e-07
9.620000000000001,-5.196367203197383e-08,1.1393090112443716e-05,0.0004995071265374573,0.0009586148445506204,1.2151192940734745e-08,1.3501982754071662e-07
9.622,-5.185468121560177e-08,1.1368545172141253e-05,0.0004989413306026869,0.0009579520472178249,1.2111024849659202e-08,1.3464249448702503e-07
9.624,-5.1745918883128184e-08,1.1344052777362279e-05,0.0004983761754246974,0.0009572897082559262,1.2070989541257404e-08,1.3426621592316224e-07
9.626,-5.163738459046385e-08,1.1319612815752222e-05,0.0004978116602778471,0.0009566278273480666,1.2031086571440142e-08,1.3389098896254836e-07
9.628,-5.1529078115564175e-08,1.1295225175178558e-05,0.0004972477844376044,0.0009559664041771665,1.1991315496118204e-08,1.3351681049655895e-07
9.63,-5.1420998792295336e-08,1.1270889743730805e-05,0.000496684547180104,0.0009553054384265902,1.1951675871202383e-08,1.3314367786065873e-07
9.632,-5.1313146176568125e-08,1.1246606409942572e-05,0.0004961219477823686,0.0009546449297799242,1.1912167474648072e-08,1.3277158794622324e-07
9.634,-5.120551982429333e-08,1.1222375062347467e-05,0.0004955599855220871,0.000953984877920977,1.1872789640321457e-08,1.324005378666726e-07
9.636000000000001,-5.109811929138175e-08,1.1198195589923188e-05,0.0004949986596778366,0.000953325282533557,1.1833541924133328e-08,1.3203052473542698e-07
9.638,-5.099094391169956e-08,1.1174067881869476e-05,0.0004944379695290824,0.0009526661433021388,1.179442410403908e-08,1.316615456659065e-07
9.64,-5.088399346320216e-08,1.1149991827386074e-05,0.0004938779143559557,0.0009520074599109751,1.17554355139049e-08,1.3129359777153127e-07
9.642,-5.0777267279755733e-08,1.112596731589477e-05,0.0004933184934396984,0.0009513492320445405,1.171657593168618e-08,1.3092667816572146e-07
9.644,-5.0670765139315677e-08,1.1101994237483481e-05,0.0004927597060619959,0.0009506914593879756,1.1677844691249106e-08,1.3056078396189719e-07
9.646,-5.0564486375748174e-08,1.1078072482018086e-05,0.0004922015515056444,0.0009500341416261993,1.1639241570549075e-08,1.301959122734786e-07
9.648,-5.045843054496402e-08,1.105420193980855e-05,0.0004916440290541058,0.0009493772784445742,1.1600766125496875e-08,1.2983206043593043e-07
9.65,-5.0352597202873994e-08,1.1030382501608926e-05,0.0004910871379917303,0.0009487208695284632,1.1562417912003298e-08,1.2946922534062821e-07
9.652000000000001,-5.02469859053889e-08,1.1006614057951225e-05,0.0004905308776035344,0.0009480649145638953,1.1524196485979132e-08,1.291074043230367e-07
9.654,-5.0141596208419514e-08,1.0982896499811545e-05,0.0004899752471756447,0.0009474094132364552,1.148610140333517e-08,1.287465942745314e-07
9.656,-5.003642766787664e-08,1.0959229718610075e-05,0.0004894202459946317,0.000946754365232616,1.1448132219982199e-08,1.2838679275262166e-07
9.658,-4.9931479839671056e-08,1.0935613605544958e-05,0.0004888658733479545,0.0009460997702386287,1.1410288491831011e-08,1.2802799664868303e-07
9.66,-4.982675227971356e-08,1.0912048052480472e-05,0.000488312128524182,0.0009454456279409662,1.1372569996837001e-08,1.2767020329818024e-07
9.662,-4.972224454391494e-08,1.0888532951280894e-05,0.00048775901081232753,0.0009447919380265457,1.1334976068866354e-08,1.2731340981453343e-07
9.664,-4.961795596614138e-08,1.0865068194032546e-05,0.0004872065195022923,0.0009441387001825063,1.1297506485874464e-08,1.2695761353320734e-07
9.666,-4.951388632434828e-08,1.0841653673265839e-05,0.00048665465388486595,0.0009434859140959873,1.1260160803772123e-08,1.266028115676221e-07
9.668000000000001,-4.941003517444642e-08,1.0818289281511184e-05,0.0004861034132515041,0.0009428335794545717,1.122293857847012e-08,1.2624900103119785e-07
9.67,-4.9306401850301995e-08,1.0794974911521038e-05,0.0004855527968947726,0.0009421816959458429,1.1185839365879247e-08,1.2589617925939933e-07
9.672,-4.9202986129870396e-08,1.0771710456491945e-05,0.0004850028041076815,0.0009415302632576061,1.1148862943954896e-08,1.255443435876913e-07
9.674,-4.909978734701781e-08,1.074849580962045e-05,0.00048445343418435094,0.0009408792810781108,1.1112008646563254e-08,1.2519349112949385e-07
9.676,-4.899680527969963e-08,1.0725330864547189e-05,0.00048390468641934525,0.0009402287490956063,1.1075276251659716e-08,1.2484361922027176e-07
9.678,-4.889403926178204e-08,1.0702215514912794e-05,0.00048335656010833894,0.000939578666998564,1.1038665315155072e-08,1.2449472497344516e-07
9.68,-4.8791488849175835e-08,1.067914965480199e-05,0.00048280905454767264,0.0009389290344758994,1.1002175392960112e-08,1.2414680594652339e-07
9.682,-4.8689153819836406e-08,1.0656133178521543e-05,0.0004822621690345752,0.000938279851216528,1.0965806040985626e-08,1.2379985903088198e-07
9.684000000000001,-4.858703350762994e-08,1.0633165980378223e-05,0.00048171590286694155,0.0009376311169098095,1.092955703718701e-08,1.2345388178403027e-07
9.686,-4.848512769051183e-08,1.0610247954900842e-05,0.00048117025534355484,0.0009369828312448814,1.0893427937475053e-08,1.2310887154143302e-07
9.688,-4.8383435702348265e-08,1.0587378997062302e-05,0.00048062522576386435,0.0009363349939115473,1.0857418297760546e-08,1.2276482541651035e-07
9.69,-4.828195709905003e-08,1.056455900205755e-05,0.0004800808134282075,0.000935687604599611,1.0821527673954279e-08,1.22421740744727e-07
9.692,-4.818069165857253e-08,1.0541787865081531e-05,0.00047953701763781,0.0009350406629990982,1.0785755621967041e-08,1.2207961486154773e-07
9.694,-4.8079638714781936e-08,1.0519065481773282e-05,0.0004789938376945635,0.0009343941688002566,1.0750101919754229e-08,1.2173844510243725e-07
9.696,-4.797879782358905e-08,1.0496391747993883e-05,0.00047845127290102596,0.0009337481216935561,1.0714566123226632e-08,1.2139822880286033e-07
9.698,-4.787816876294926e-08,1.0473766559604414e-05,0.0004779093225608655,0.0009331025213696886,1.067914778829504e-08,1.210589632982817e-07
9.700000000000001,-4.777775086672875e-08,1.0451189812910044e-05,0.0004773679859781943,0.000932457367519568,1.0643846470870244e-08,1.207206459241661e-07
9.702,-4.7677543912882925e-08,1.0428661404215944e-05,0.0004768272624582348,0.0009318126598343301,1.0608661948907638e-08,1.2038327401597826e-07
9.704,-4.757754723527796e-08,1.0406181230271372e-05,0.0004762871513068756,0.0009311683980051111,1.0573593778318013e-08,1.2004684490918294e-07
9.706,-4.747776061186926e-08,1.038374918804763e-05,0.00047574765183067136,0.0009305245817237129,1.053864151501216e-08,1.1971135593924487e-07
9.708,-4.7378183376523e-08,1.0361365174516024e-05,0.00047520876333706497,0.0009298812106819376,1.0503804714900866e-08,1.193768046636734e-07
9.71,-4.727881530719458e-08,1.0339029087091944e-05,0.00047467048513416543,0.0009292382845715874,1.046908315593953e-08,1.1904318841793327e-07
9.712,-4.7179655959794786e-08,1.0316740823412829e-05,0.00047413281653096995,0.0009285958030849084,1.0434476394038938e-08,1.1871050431544461e-07
9.714,-4.708070466818981e-08,1.0294500281116115e-05,0.0004735957568373639,0.0009279537659143688,1.0399983985109884e-08,1.1837875013576138e-07
9.716000000000001,-4.6981961210335044e-08,1.0272307358283328e-05,0.00047305930536389873,0.0009273121727524369,1.0365605707107761e-08,1.1804792299230371e-07
9.718,-4.688342514214128e-08,1.0250161952995995e-05,0.00047252346142179213,0.000926671023292025,1.033134111594336e-08,1.1771802044258095e-07
9.72,-4.67850960195193e-08,1.0228063963779732e-05,0.00047198822432337195,0.0009260303172262674,1.029718976752747e-08,1.1738903982205784e-07
9.722,-4.6686973398379905e-08,1.0206013289160154e-05,0.00047145359338141013,0.0009253900542482985,1.0263151217770883e-08,1.1706097868824372e-07
9.724,-4.658905683463388e-08,1.0184009828106966e-05,0.0004709195679095668,0.0009247502340516967,1.0229225244628992e-08,1.1673383437660334e-07
9.726,-4.6491345884192015e-08,1.0162053479589872e-05,0.0004703861472221682,0.0009241108563300404,1.0195411404012589e-08,1.1640760422260144e-07
9.728,-4.63938401029651e-08,1.0140144143022667e-05,0.00046985333063465085,0.0009234719207773523,1.0161709473877067e-08,1.1608228578374735e-07
9.73,-4.629653904686393e-08,1.0118281717819144e-05,0.0004693211174628953,0.0009228334270876548,1.0128119010133219e-08,1.1575787639550583e-07
9.732,-4.6199442271799285e-08,1.0096466103615143e-05,0.0004687895070238923,0.0009221953749551925,1.0094639568691832e-08,1.1543437361538622e-07
9.734,-4.610254955572657e-08,1.007469720049059e-05,0.0004682584986348548,0.0009215577640744321,1.0061270705463699e-08,1.1511177500089786e-07
9.736,-4.6005860232511964e-08,1.0052974908525414e-05,0.0004677280916143278,0.0009209205941402843,1.0028012198404213e-08,1.147900778875055e-07
9.738,-4.5909374080110865e-08,1.0031299128021587e-05,0.0004671982852813006,0.0009202838648476597,9.994863603424164e-09,1.1446927983271848e-07
9.74,-4.581309043238946e-08,1.000966975972517e-05,0.00046666907895565046,0.0009196475758916911,9.96182469847895e-09,1.1414937839404615e-07
9.742,-4.571700906730314e-08,9.988086704160182e-06,0.000466140471958143,0.0009190117269677334,9.928895039479357e-09,1.1383037090695325e-07
9.744,-4.5621129540762695e-08,9.966549862516771e-06,0.00046561246360998787,0.0009183763177713633,9.896074182336179e-09,1.1351225492894912e-07
9.746,-4.552545140867892e-08,9.94505913598509e-06,0.0004650850532335049,0.0009177413479983798,9.863361905004808e-09,1.1319502801754311e-07
9.748,-4.54299742269626e-08,9.923614425977334e-06,0.0004645582401516801,0.0009171068173448038,9.830757763396036e-09,1.1287868750819996e-07
9.75,-4.533469755152453e-08,9.902215634127742e-06,0.0004640320236879436,0.0009164727255066563,9.798261313420653e-09,1.1256323118047362e-07
9.752,-4.52396211603201e-08,9.8808626622926e-06,0.0004635064031670577,0.0009158390721806242,9.765872333034054e-09,1.1224865636982884e-07
9.754,-4.5144744387215496e-08,9.859555412328191e-06,0.00046298137791400684,0.0009152058570631727,9.733590378147028e-09,1.1193496063377495e-07
9.756,-4.505006701016612e-08,9.838293786756935e-06,0.0004624569472548856,0.0009145730798514329,9.701415226714971e-09,1.116221415298213e-07
9.758000000000001,-4.495558858508275e-08,9.817077687879205e-06,0.0004619331105164548,0.0009139407402420918,9.669346434648673e-09,1.1131019683752186e-07
9.76,-4.486130844583158e-08,9.795907018439465e-06,0.00046140986702636333,0.0009133088379327248,9.63738377990353e-09,1.1099912389234134e-07
9.762,-4.476722637036801e-08,9.774781681404221e-06,0.0004608872161127042,0.0009126773726204629,9.605526596345726e-09,1.1068892025178911e-07
9.764,-4.467334213664742e-08,9.753701579739982e-06,0.00046036515710468073,0.0009120463440033255,9.573774883975261e-09,1.1037958347337451e-07
9.766,-4.457965507853601e-08,9.7326666166353e-06,0.0004598436893319402,0.0009114157517788879,9.542128198702926e-09,1.1007111111460688e-07
9.768,-4.448616475194456e-08,9.711676695722815e-06,0.0004593228121252402,0.0009107855956456135,9.51058609643951e-09,1.0976350095504017e-07
9.77,-4.4392870934828466e-08,9.690731720857215e-06,0.0004588025248157823,0.0009101558753015215,9.479148133095805e-09,1.0945675033013913e-07
9.772,-4.429977318309852e-08,9.669831595893186e-06,0.00045828282673565646,0.0009095265904452976,9.447814308671809e-09,1.091508570194577e-07
9.774000000000001,-4.420687105266552e-08,9.648976224685413e-06,0.00045776371721761855,0.0009088977407754051,9.416583957033708e-09,1.0884581858050524e-07
9.776,-4.4114164099440245e-08,9.628165511754716e-06,0.00045724519559531274,0.0009082693259909735,9.385456856136898e-09,1.0854163257079108e-07
9.778,-4.402165187933349e-08,9.60739936184396e-06,0.00045672726120327134,0.0009076413457911325,9.354432783936772e-09,1.0823829676986918e-07
9.78,-4.3929333948256044e-08,9.586677679473965e-06,0.0004562099133762487,0.0009070137998752337,9.323511074299518e-09,1.0793580873524888e-07
9.782,-4.38372100841633e-08,9.566000369387595e-06,0.0004556931514503315,0.0009063866879428506,9.292691727225133e-09,1.0763416602443954e-07
9.784,-4.3745279842966056e-08,9.545367336993849e-06,0.00045517697476205043,0.000905760009693779,9.261974298624409e-09,1.0733336619495049e-07
9.786,-4.3653542780575094e-08,9.524778487701724e-06,0.0004546613826488244,0.0009051337648280366,9.231358344408136e-09,1.0703340702633568e-07
9.788,-4.356199845290121e-08,9.50423372692022e-06,0.00045414637444851635,0.0009045079530456412,9.200843642531709e-09,1.0673428607610447e-07
9.790000000000001,-4.3470646415855185e-08,9.483732960280378e-06,0.0004536319495003216,0.0009038825740470546,9.170429748905917e-09,1.064360011238108e-07
9.792,-4.3379486447392424e-08,9.463276093857331e-06,0.0004531181071436574,0.0009032576275329607,9.140116441486157e-09,1.0613854972696402e-07
9.794,-4.328851810342371e-08,9.442863033948257e-06,0.0004526048467188293,0.0009026331132040433,9.109903276183218e-09,1.0584192966511807e-07
9.796,-4.319774093985984e-08,9.422493686628286e-06,0.00045209216756703086,0.0009020090307614304,9.079790030952495e-09,1.0554613849578232e-07
9.798,-4.31071545126116e-08,9.402167958638685e-06,0.0004515800690298999,0.0009013853799062499,9.049776483749383e-09,1.052511739985107e-07
9.8,-4.301675837758978e-08,9.38188575672072e-06,0.00045106855045018435,0.000900762160340074,9.019862190484673e-09,1.0495703373081255e-07
9.802,-4.292655231274978e-08,9.361646987837702e-06,0.00045055761117129833,0.0009001393717642525,8.990046707069155e-09,1.0466371569428645e-07
9.804,-4.283653587400238e-08,9.34145155895294e-06,0.00045004725053710004,0.0008995170138808017,8.960329811458223e-09,1.0437121722439713e-07
9.806000000000001,-4.274670861725838e-08,9.32129937769588e-06,0.0004495374678925579,0.0008988950863917378,8.930711059562668e-09,1.0407953632274314e-07
9.808,-4.265707009842856e-08,9.30119035147392e-06,0.0004490282625833064,0.0008982735889995208,8.901190229337885e-09,1.0378867054683383e-07
9.81,-4.256761987342372e-08,9.281124387916506e-06,0.00044851963395542427,0.0008976525214063891,8.87176709873927e-09,1.0349861767622315e-07
9.812,-4.2478357720199256e-08,9.261101395097171e-06,0.0004480115813561003,0.0008970318833150248,8.84244122367761e-09,1.0320937526842044e-07
9.814,-4.238928319466595e-08,9.241121281089448e-06,0.0004475041041329675,0.0008964116744283324,8.813212382108304e-09,1.0292094132502427e-07
9.816,-4.2300395852734596e-08,9.22118395441096e-06,0.0004469972016345469,0.000895791894449216,8.78408012994214e-09,1.0263331340354398e-07
9.818,-4.221169547236059e-08,9.201289323357287e-06,0.00044649087321024794,0.0008951725430812463,8.755044245134513e-09,1.0234648928353351e-07
9.82,-4.2123181387410114e-08,9.181437296890138e-06,0.0004459851182099239,0.0008945536200277715,8.726104283596214e-09,1.0206046674454683e-07
9.822000000000001,-4.2034853375838566e-08,9.161627783749182e-06,0.00044547993598431646,0.0008939351249923622,8.697260023282638e-09,1.0177524356613787e-07
9.824,-4.194671121560134e-08,9.141860693118176e-06,0.0004449753258850553,0.0008933170576790328,8.668511020104575e-09,1.01490817305816e-07
9.826,-4.185875424056462e-08,9.122135934180875e-06,0.00044447128726421425,0.00089269941779202,8.639857052017419e-09,1.0120718596517975e-07
9.828,-4.1770982228683806e-08,9.102453416565126e-06,0.00044396781947453334,0.0008920822050353383,8.611297896976566e-09,1.0092434732378308e-07
9.83,-4.168339473586968e-08,9.082813049898775e-06,0.00044346492186986275,0.0008914654191136684,8.582833110892807e-09,1.0064229916117995e-07
9.832,-4.159599131803304e-08,9.063214744253756e-06,0.0004429625938047188,0.0008908490597316909,8.554462471721536e-09,1.003610392569243e-07
9.834,-4.150877175312928e-08,9.04365840947996e-06,0.00044246083463406194,0.0008902331265945307,8.526185535373543e-09,1.0008056539057009e-07
9.836,-4.142173537502458e-08,9.024143956093411e-06,0.00044195964371374075,0.0008896176194070904,8.498002079804223e-09,9.980087534167126e-08
9.838000000000001,-4.133488196167434e-08,9.004671294388089e-06,0.00044145902040026996,0.0008890025378747168,8.469911882968972e-09,9.952196688978177e-08
9.84,-4.1248211291033954e-08,8.985240335102063e-06,0.0004409589640510525,0.0008883878817029789,8.44191450077858e-09,9.924383781445556e-08
9.842,-4.1161722696969605e-08,8.9658509889734e-06,0.0004404594740241574,0.0008877736505976674,8.414009711188442e-09,9.89664861172912e-08
9.844,-4.107541595743669e-08,8.946503167184261e-06,0.0004399605496783199,0.0008871598442645734,8.386197292153952e-09,9.868990935579802e-08
9.846,-4.09892908503906e-08,8.927196780916802e-06,0.0004394621903729412,0.0008865464624099317,8.358476799585901e-09,9.841410553157459e-08
9.848,-4.090334670969753e-08,8.907931741353181e-06,0.0004389643954683109,0.0008859335047401995,8.330848011439684e-09,9.813907264621946e-08
9.85,-4.0817583313312866e-08,8.88870796034169e-06,0.0004384671643253846,0.0008853209709616117,8.303310483626092e-09,9.786480825724198e-08
9.852,-4.07320002171474e-08,8.869525349730623e-06,0.000437970496305784,0.0008847088607812914,8.275863994100519e-09,9.759131036624069e-08
9.854000000000001,-4.0646596977111926e-08,8.850383821368268e-06,0.00043747439077179706,0.0008840971739059178,8.24850832081836e-09,9.731857675276956e-08
9.856,-4.0561373371161835e-08,8.83128328754701e-06,0.00043697884708659984,0.000883485910042836,8.221243019690405e-09,9.704660541842713e-08
9.858,-4.047632895520792e-08,8.812223660559226e-06,0.00043648386461403454,0.0008828750688991693,8.19406786867205e-09,9.677539414276737e-08
9.86,-4.039146350720557e-08,8.793204852919345e-06,0.00043598944271883155,0.0008822646501827069,8.166982423674085e-09,9.650494070534421e-08
9.862,-4.030677636102098e-08,8.774226777363836e-06,0.0004354955807659433,0.0008816546536012382,8.13998668469651e-09,9.623524310775622e-08
9.864,-4.022226729460954e-08,8.755289347073258e-06,0.0004350022781216545,0.0008810450788625523,8.113080207650114e-09,9.596629935160195e-08
9.866,-4.013793608592664e-08,8.736392474784083e-06,0.00043450953415247184,0.0008804359256748828,8.086262548445688e-09,9.569810721643535e-08
9.868,-4.005378206883847e-08,8.717536073898913e-06,0.0004340173482257903,0.0008798271937466851,8.059533707083233e-09,9.543066448181037e-08
9.870000000000001,-3.996980502130043e-08,8.698720058042397e-06,0.00043352571970989295,0.0008792188827864145,8.032893239473538e-09,9.516396914932557e-08
9.872,-3.988600472126791e-08,8.679944340839185e-06,0.000433034647973507,0.0008786109925029706,8.006340701527392e-09,9.48980192205795e-08
9.874,-3.980238050260709e-08,8.66120883613597e-06,0.0004325441323862478,0.0008780035226052529,7.979876093244798e-09,9.463281247512612e-08
9.876,-3.971893214327338e-08,8.642513457779444e-06,0.0004320541723181748,0.0008773964728026051,7.953498970536543e-09,9.436834691456397e-08
9.878,-3.963565942122216e-08,8.623858120282435e-06,0.0004315647671406797,0.0008767898428041487,7.92720888931342e-09,9.410462054049162e-08
9.88,-3.955256167031962e-08,8.605242737713681e-06,0.0004310759162251543,0.0008761836323196714,7.901005849575427e-09,9.384163113246302e-08
9.882,-3.9469638668521156e-08,8.586667224808053e-06,0.00043058761894410047,0.000875577841058961,7.874889407233354e-09,9.357937669207672e-08
9.884,-3.9386890193782165e-08,8.568131496522469e-06,0.00043009987467068633,0.000874972468731805,7.848859340242598e-09,9.331785499888667e-08
9.886000000000001,-3.9304315802013434e-08,8.549635467591798e-06,0.0004296126827787461,0.0008743675150484354,7.822915204513947e-09,9.305706427653604e-08
9.888,-3.9221915049125755e-08,8.531179053195004e-06,0.0004291260426427801,0.0008737629797193058,7.797057000047403e-09,9.279700230457877e-08
9.89,-3.913968749102992e-08,8.51276216873309e-06,0.0004286399536379548,0.0008731588624550923,7.771284282753754e-09,9.253766708461342e-08
9.892,-3.9057632905681317e-08,8.494384729607063e-06,0.000428154415140547,0.0008725551629664707,7.745596608543792e-09,9.227905661823854e-08
9.894,-3.897575084899074e-08,8.476046651439972e-06,0.00042766942652683326,0.000871951880964339,7.719993977417516e-09,9.20211689070527e-08
9.896,-3.889404109891359e-08,8.457747850076913e-06,0.00042718498717442266,0.000871349016160039,7.694475945285717e-09,9.176400195265444e-08
9.898,-3.881250321136065e-08,8.439488241585025e-06,0.0004267010964613682,0.0008707465682649129,7.669042290103789e-09,9.150755375664232e-08
9.9,-3.873113674224271e-08,8.421267742253491e-06,0.00042621775376638915,0.0008701445369905247,7.643692789827128e-09,9.12518220985703e-08
9.902000000000001,-3.864994146951517e-08,8.403086268371496e-06,0.00042573495846887077,0.0008695429220486606,7.618427000366523e-09,9.099680520208153e-08
9.904,-3.8568916949088816e-08,8.384943736672312e-06,0.0004252527099490866,0.0008689417231513286,7.59324469967737e-09,9.074250106877457e-08
9.906,-3.8488062958919045e-08,8.366840063667169e-06,0.00042477100758797626,0.0008683409400107589,7.568145665715065e-09,9.048890747820337e-08
9.908,-3.8407379054916646e-08,8.348775166533429e-06,0.00042428985076714554,0.0008677405723394038,7.543129676435001e-09,9.02360226540111e-08
9.91,-3.832686479299241e-08,8.330748962226409e-06,0.00042380923886886634,0.0008671406198497156,7.518196287747969e-09,8.998384459779629e-08
9.912,-3.824651995110173e-08,8.312761367923471e-06,0.0004233291712760767,0.0008665410822543684,7.493345277609365e-09,8.973237131115752e-08
9.914,-3.81663440851554e-08,8.294812301246068e-06,0.00042284964737238084,0.0008659419592664808,7.468576423974582e-09,8.948160079569334e-08
9.916,-3.8086336973108814e-08,8.276901679815651e-06,0.00042237066654227107,0.0008653432505991709,7.443889504799017e-09,8.92315310530023e-08
9.918000000000001,-3.800649817087276e-08,8.259029421475717e-06,0.0004218922281709059,0.0008647449559660014,7.419284298038065e-09,8.898216008468296e-08
9.92,-3.792682723435803e-08,8.24119544406976e-06,0.00042141433164388786,0.0008641470750803126,7.394760359602515e-09,8.873348611437848e-08
9.922,-3.784732394152002e-08,8.223399665885367e-06,0.00042093697634770777,0.0008635496076561111,7.370317467447762e-09,8.848550714368741e-08
9.924,-3.776798784826951e-08,8.205642005210123e-06,0.00042046016166974454,0.0008629525534071814,7.345955399529203e-09,8.823822117420832e-08
9.926,-3.768881873256191e-08,8.187922380553658e-06,0.00041998388699759914,0.000862355912047752,7.321673933802231e-09,8.799162620753975e-08
9.928,-3.7609816150308006e-08,8.170240710647647e-06,0.0004195081517199828,0.0008617596832920515,7.297472626177637e-09,8.774572046732487e-08
9.93,-3.753097987946319e-08,8.152596914223764e-06,0.0004190329552260508,0.0008611638668549748,7.273351476655421e-09,8.750050195516224e-08
9.932,-3.745230947593825e-08,8.134990910457773e-06,0.0004185582969056245,0.0008605684624509724,7.249310041146373e-09,8.72559686726504e-08
9.934000000000001,-3.737380449564398e-08,8.117422618525438e-06,0.00041808417614963567,0.0008599734697951611,7.225348097605888e-09,8.701211884343252e-08
9.936,-3.7295464716535776e-08,8.099891957824568e-06,0.0004176105923492379,0.0008593788886026577,7.201465423989362e-09,8.676895046910715e-08
9.938,-3.7217289694524425e-08,8.08239884775297e-06,0.0004171375448962511,0.0008587847185888009,7.1776615762075835e-09,8.652646155127286e-08
9.94,-3.713927920756532e-08,8.064943208152542e-06,0.00041666503318360526,0.0008581909594691517,7.153936554260554e-09,8.62846503135728e-08
9.942,-3.706143281156926e-08,8.047524959087227e-06,0.00041619305660467454,0.0008575976109594929,7.1302899140590625e-09,8.604351497965013e-08
9.944,-3.6983750284491634e-08,8.030144020398922e-06,0.0004157216145534992,0.0008570046727758296,7.106721433558505e-09,8.58030535511034e-08
9.946,-3.690623118224323e-08,8.012800312373614e-06,0.0004152507064247857,0.0008564121446341666,7.083230890714276e-09,8.556326402953118e-08
9.948,-3.682887528277945e-08,7.99549375529729e-06,0.0004147803316139065,0.000855820026250953,7.059818063481771e-09,8.532414463857663e-08
9.950000000000001,-3.675168214201108e-08,7.978224269900025e-06,0.00041431048951712235,0.0008552283173426378,7.03648250777178e-09,8.50856936018829e-08
9.952,-3.6674651315848905e-08,7.960991776911897e-06,0.0004138411795311381,0.0008546370176261142,7.013224223584302e-09,8.484790892104854e-08
9.954,-3.659778258224833e-08,7.943796197285025e-06,0.00041337240105354667,0.0008540461268180533,6.990042766830129e-09,8.461078881971673e-08
9.956,-3.652107571916474e-08,7.92663745197153e-06,0.0004129041534823852,0.0008534556446357922,6.966937915464655e-09,8.437433129948602e-08
9.958,-3.6444530282508936e-08,7.909515462367622e-06,0.0004124364362165789,0.0008528655707964461,6.943909447443275e-09,8.413853458399956e-08
9.96,-3.63681458281917e-08,7.892430149647467e-06,0.00041196924865571916,0.0008522759050177964,6.920957140721384e-09,8.390339689690052e-08
9.962,-3.629192213416843e-08,7.875381435651363e-06,0.0004115025901998415,0.0008516866470174023,6.898080773254378e-09,8.366891623978745e-08
9.964,-3.621585875634992e-08,7.858369241997565e-06,0.00041103646025009155,0.0008510977965132671,6.875279900953046e-09,8.343509083630352e-08
9.966000000000001,-3.6139955472691554e-08,7.841393490748416e-06,0.0004105708582078371,0.0008505093532233943,6.852554523817389e-09,8.320191891009188e-08
9.968,-3.606421206114874e-08,7.82445410396626e-06,0.0004101057834753341,0.0008499213168660091,6.8299041977581965e-09,8.296939868479569e-08
9.97,-3.598862785558765e-08,7.807551003935487e-06,0.0004096412354557266,0.0008493336871597812,6.807328700730864e-09,8.273752838405812e-08
9.972,-3.59132028560083e-08,7.790684112940482e-06,0.0004091772135523808,0.0008487464638231579,6.7848280327353905e-09,8.250630600947773e-08
9.974,-3.5837936618321464e-08,7.773853353709725e-06,0.00040871371716955096,0.0008481596465752528,6.762401749682567e-09,8.227572978469766e-08
9.976,-3.576282869843794e-08,7.757058648749648e-06,0.0004082507457123796,0.0008475732351351795,6.740049407483184e-09,8.204579793336109e-08
9.978,-3.568787887431313e-08,7.740299921232818e-06,0.00040778829858623133,0.0008469872292220515,6.717771006137241e-09,8.181650867911117e-08
9.98,-3.561308670185781e-08,7.723577094109757e-06,0.00040732637519758086,0.0008464016285552045,6.695566323600133e-09,8.158786024559106e-08
9.982000000000001,-3.5538451959027384e-08,7.706890090775076e-06,0.00040686497495334706,0.0008458164328546403,6.673435137827255e-09,8.135985085644393e-08
9.984,-3.5463974423777245e-08,7.690238834623386e-06,0.00040640409726133697,0.0008452316418399164,6.651377004729397e-09,8.113247851326832e-08
9.986,-3.538965365201818e-08,7.6736232490493e-06,0.0004059437415295797,0.0008446472552312567,6.629391702261955e-09,8.090574166175202e-08
9.988,-3.531548919966099e-08,7.657043257891516e-06,0.0004054839071672145,0.000844063272748885,6.6074792304249286e-09,8.067963852553817e-08
9.99,-3.5241480844661055e-08,7.640498785210781e-06,0.0004050245935838248,0.0008434796941132472,6.5856391451291074e-09,8.045416710622533e-08
9.992,-3.5167628142929175e-08,7.623989754845795e-06,0.0004045658001898822,0.000842896519044789,6.563871224329887e-09,8.022932584950127e-08
9.994,-3.509393109446535e-08,7.607516091079347e-06,0.0004041075263960803,0.0008423137472646225,6.542175245982662e-09,8.000511297900914e-08
9.996,-3.502038903313576e-08,7.5910777184162725e-06,0.0004036497716142229,0.0008417313784934155,6.520550988042828e-09,7.978152671839212e-08
9.998,-3.49470017368958e-08,7.574674561361405e-06,0.00040319253525678,0.0008411494124527241,6.49899822846578e-09,7.955856529129335e-08
